<SessionReport version="2" startTime="0" startTimestamp="Sep 13, 2026 13:46:33.162" key="/library/metadata/1094" session="p1h3f000ahx76hhf3xhin1e7" transcode="pzef108x5wfgfoh9v2q9wq48">
<User id="1" thumb="https://plex.tv/users/bf5b5881cf0193e4/avatar?c=1789218997" title="lcorream" />
<Player address="192.168.50.150" device="Xbox" machineIdentifier="p1h3f000ahx76hhf3xhin1e7" model="Xbox Series S" platform="Xbox" platformVersion="10.0.26100.9426" playbackId="6bbfe792-91b9-440b-8149-534e094911f0" playbackSessionId="ad86eceb-7a95-49ad-9ed0-5eff88461dfe" product="Plex for Xbox" remotePublicAddress="83.29.212.5" title="XBOX" vendor="Microsoft" version="5.94.1" local="1" relayed="0" secure="1" userID="1" />
<Variants>
<Variant id="4f4dd1bf-8121-4dea-9b1e-661334aa6384" targetBitrate="9267" context="streaming" subtitleDecision="copy" protocol="http" container="srt" transcodeHwRequested="0" transcodeHwFullPipeline="0">
<Media audioProfile="lc" id="2274" videoProfile="main 10" container="srt" duration="5322302" selected="1">
<Part audioProfile="lc" deepAnalysisVersion="6" id="2274" requiredBandwidths="30145,15338,10240,8825,8202,7857,6644,6417" videoProfile="main 10" container="srt" duration="5322302" decision="transcode" selected="1">
<Stream bitrate="0" codec="srt" default="1" displayTitle="English" extendedDisplayTitle="English (SRT)" format="srt" id="5485" language="English" languageCode="eng" languageTag="en" requiredBandwidths="1,1,1,1,1,1,1,1" selected="1" streamType="3" decision="copy" location="embedded" />
</Part>
</Media>
</Variant>
</Variants>
<SegmentList>
<Segment duration="1565" startOffset="628829" endOffset="630394">
<File name="chunk-00000" type="av">
<FileVariant size="37" variant="4f4dd1bf-8121-4dea-9b1e-661334aa6384" />
</File>
<Timelines>
<Transcode startTime="36" endTime="39" complete="1" fileType="av" variant="4f4dd1bf-8121-4dea-9b1e-661334aa6384" />
</Timelines>
</Segment>
<Segment duration="1567" startOffset="630395" endOffset="631962">
<File name="chunk-00001" type="av">
<FileVariant size="44" variant="4f4dd1bf-8121-4dea-9b1e-661334aa6384" />
</File>
<Timelines>
<Transcode startTime="39" endTime="41" complete="1" fileType="av" variant="4f4dd1bf-8121-4dea-9b1e-661334aa6384" />
</Timelines>
</Segment>
<Segment duration="2174" startOffset="633268" endOffset="635443">
<File name="chunk-00002" type="av">
<FileVariant size="73" variant="4f4dd1bf-8121-4dea-9b1e-661334aa6384" />
</File>
<Timelines>
<Transcode startTime="41" endTime="44" complete="1" fileType="av" variant="4f4dd1bf-8121-4dea-9b1e-661334aa6384" />
</Timelines>
</Segment>
<Segment duration="1522" startOffset="635444" endOffset="636966">
<File name="chunk-00003" type="av">
<FileVariant size="67" variant="4f4dd1bf-8121-4dea-9b1e-661334aa6384" />
</File>
<Timelines>
<Transcode startTime="44" endTime="46" complete="1" fileType="av" variant="4f4dd1bf-8121-4dea-9b1e-661334aa6384" />
</Timelines>
</Segment>
<Segment duration="1826" startOffset="636967" endOffset="638794">
<File name="chunk-00004" type="av">
<FileVariant size="66" variant="4f4dd1bf-8121-4dea-9b1e-661334aa6384" />
</File>
<Timelines>
<Transcode startTime="46" endTime="46" complete="1" fileType="av" variant="4f4dd1bf-8121-4dea-9b1e-661334aa6384" />
</Timelines>
</Segment>
<Segment duration="1392" startOffset="638795" endOffset="640187">
<File name="chunk-00005" type="av">
<FileVariant size="62" variant="4f4dd1bf-8121-4dea-9b1e-661334aa6384" />
</File>
<Timelines>
<Transcode startTime="46" endTime="47" complete="1" fileType="av" variant="4f4dd1bf-8121-4dea-9b1e-661334aa6384" />
</Timelines>
</Segment>
<Segment duration="2653" startOffset="640188" endOffset="642842">
<File name="chunk-00006" type="av">
<FileVariant size="89" variant="4f4dd1bf-8121-4dea-9b1e-661334aa6384" />
</File>
<Timelines>
<Transcode startTime="47" endTime="48" complete="1" fileType="av" variant="4f4dd1bf-8121-4dea-9b1e-661334aa6384" />
</Timelines>
</Segment>
<Segment duration="1391" startOffset="642843" endOffset="644234">
<File name="chunk-00007" type="av">
<FileVariant size="45" variant="4f4dd1bf-8121-4dea-9b1e-661334aa6384" />
</File>
<Timelines>
<Transcode startTime="48" endTime="49" complete="1" fileType="av" variant="4f4dd1bf-8121-4dea-9b1e-661334aa6384" />
</Timelines>
</Segment>
<Segment duration="2131" startOffset="644235" endOffset="646367">
<File name="chunk-00008" type="av">
<FileVariant size="64" variant="4f4dd1bf-8121-4dea-9b1e-661334aa6384" />
</File>
<Timelines>
<Transcode startTime="49" endTime="50" complete="1" fileType="av" variant="4f4dd1bf-8121-4dea-9b1e-661334aa6384" />
</Timelines>
</Segment>
<Segment duration="1260" startOffset="646368" endOffset="647629">
<File name="chunk-00009" type="av">
<FileVariant size="59" variant="4f4dd1bf-8121-4dea-9b1e-661334aa6384" />
</File>
<Timelines>
<Transcode startTime="50" endTime="54" complete="1" fileType="av" variant="4f4dd1bf-8121-4dea-9b1e-661334aa6384" />
</Timelines>
</Segment>
<Segment duration="2262" startOffset="647630" endOffset="649892">
<File name="chunk-00010" type="av">
<FileVariant size="52" variant="4f4dd1bf-8121-4dea-9b1e-661334aa6384" />
</File>
<Timelines>
<Transcode startTime="54" endTime="54" complete="1" fileType="av" variant="4f4dd1bf-8121-4dea-9b1e-661334aa6384" />
</Timelines>
</Segment>
<Segment duration="1740" startOffset="649893" endOffset="651633">
<File name="chunk-00011" type="av">
<FileVariant size="67" variant="4f4dd1bf-8121-4dea-9b1e-661334aa6384" />
</File>
<Timelines>
<Transcode startTime="54" endTime="55" complete="1" fileType="av" variant="4f4dd1bf-8121-4dea-9b1e-661334aa6384" />
</Timelines>
</Segment>
<Segment duration="1783" startOffset="651634" endOffset="653417">
<File name="chunk-00012" type="av">
<FileVariant size="67" variant="4f4dd1bf-8121-4dea-9b1e-661334aa6384" />
</File>
<Timelines>
<Transcode startTime="55" endTime="55" complete="1" fileType="av" variant="4f4dd1bf-8121-4dea-9b1e-661334aa6384" />
</Timelines>
</Segment>
<Segment duration="1479" startOffset="653418" endOffset="654897">
<File name="chunk-00013" type="av">
<FileVariant size="55" variant="4f4dd1bf-8121-4dea-9b1e-661334aa6384" />
</File>
<Timelines>
<Transcode startTime="55" endTime="56" complete="1" fileType="av" variant="4f4dd1bf-8121-4dea-9b1e-661334aa6384" />
</Timelines>
</Segment>
<Segment duration="2218" startOffset="654898" endOffset="657117">
<File name="chunk-00014" type="av">
<FileVariant size="84" variant="4f4dd1bf-8121-4dea-9b1e-661334aa6384" />
</File>
<Timelines>
<Transcode startTime="56" endTime="56" complete="1" fileType="av" variant="4f4dd1bf-8121-4dea-9b1e-661334aa6384" />
</Timelines>
</Segment>
<Segment duration="1042" startOffset="657118" endOffset="658161">
<File name="chunk-00015" type="av">
<FileVariant size="56" variant="4f4dd1bf-8121-4dea-9b1e-661334aa6384" />
</File>
<Timelines>
<Transcode startTime="56" endTime="56" complete="1" fileType="av" variant="4f4dd1bf-8121-4dea-9b1e-661334aa6384" />
</Timelines>
</Segment>
<Segment duration="1697" startOffset="658162" endOffset="659859">
<File name="chunk-00016" type="av">
<FileVariant size="60" variant="4f4dd1bf-8121-4dea-9b1e-661334aa6384" />
</File>
<Timelines>
<Transcode startTime="56" endTime="56" complete="1" fileType="av" variant="4f4dd1bf-8121-4dea-9b1e-661334aa6384" />
</Timelines>
</Segment>
<Segment duration="2697" startOffset="659860" endOffset="662557">
<File name="chunk-00017" type="av">
<FileVariant size="104" variant="4f4dd1bf-8121-4dea-9b1e-661334aa6384" />
</File>
<Timelines>
<Transcode startTime="56" endTime="57" complete="1" fileType="av" variant="4f4dd1bf-8121-4dea-9b1e-661334aa6384" />
</Timelines>
</Segment>
<Segment duration="1260" startOffset="662558" endOffset="663819">
<File name="chunk-00018" type="av">
<FileVariant size="48" variant="4f4dd1bf-8121-4dea-9b1e-661334aa6384" />
</File>
<Timelines>
<Transcode startTime="57" endTime="58" complete="1" fileType="av" variant="4f4dd1bf-8121-4dea-9b1e-661334aa6384" />
</Timelines>
</Segment>
<Segment duration="2305" startOffset="663820" endOffset="666126">
<File name="chunk-00019" type="av">
<FileVariant size="78" variant="4f4dd1bf-8121-4dea-9b1e-661334aa6384" />
</File>
<Timelines>
<Transcode startTime="58" endTime="58" complete="1" fileType="av" variant="4f4dd1bf-8121-4dea-9b1e-661334aa6384" />
</Timelines>
</Segment>
<Segment duration="1391" startOffset="666127" endOffset="667518">
<File name="chunk-00020" type="av">
<FileVariant size="60" variant="4f4dd1bf-8121-4dea-9b1e-661334aa6384" />
</File>
<Timelines>
<Transcode startTime="58" endTime="60" complete="1" fileType="av" variant="4f4dd1bf-8121-4dea-9b1e-661334aa6384" />
</Timelines>
</Segment>
<Segment duration="2393" startOffset="667519" endOffset="669912">
<File name="chunk-00021" type="av">
<FileVariant size="78" variant="4f4dd1bf-8121-4dea-9b1e-661334aa6384" />
</File>
<Timelines>
<Transcode startTime="60" endTime="61" complete="1" fileType="av" variant="4f4dd1bf-8121-4dea-9b1e-661334aa6384" />
</Timelines>
</Segment>
<Segment duration="1260" startOffset="669913" endOffset="671174">
<File name="chunk-00022" type="av">
<FileVariant size="46" variant="4f4dd1bf-8121-4dea-9b1e-661334aa6384" />
</File>
<Timelines>
<Transcode startTime="61" endTime="61" complete="1" fileType="av" variant="4f4dd1bf-8121-4dea-9b1e-661334aa6384" />
</Timelines>
</Segment>
<Segment duration="2436" startOffset="671175" endOffset="673611">
<File name="chunk-00023" type="av">
<FileVariant size="84" variant="4f4dd1bf-8121-4dea-9b1e-661334aa6384" />
</File>
<Timelines>
<Transcode startTime="61" endTime="63" complete="1" fileType="av" variant="4f4dd1bf-8121-4dea-9b1e-661334aa6384" />
</Timelines>
</Segment>
<Segment duration="3307" startOffset="673612" endOffset="676919">
<File name="chunk-00024" type="av">
<FileVariant size="92" variant="4f4dd1bf-8121-4dea-9b1e-661334aa6384" />
</File>
<Timelines>
<Transcode startTime="63" endTime="63" complete="1" fileType="av" variant="4f4dd1bf-8121-4dea-9b1e-661334aa6384" />
</Timelines>
</Segment>
<Segment duration="3002" startOffset="676920" endOffset="679922">
<File name="chunk-00025" type="av">
<FileVariant size="102" variant="4f4dd1bf-8121-4dea-9b1e-661334aa6384" />
</File>
<Timelines>
<Transcode startTime="63" endTime="66" complete="1" fileType="av" variant="4f4dd1bf-8121-4dea-9b1e-661334aa6384" />
</Timelines>
</Segment>
<Segment duration="2174" startOffset="679923" endOffset="682098">
<File name="chunk-00026" type="av">
<FileVariant size="53" variant="4f4dd1bf-8121-4dea-9b1e-661334aa6384" />
</File>
<Timelines>
<Transcode startTime="66" endTime="66" complete="1" fileType="av" variant="4f4dd1bf-8121-4dea-9b1e-661334aa6384" />
</Timelines>
</Segment>
<Segment duration="3828" startOffset="682099" endOffset="685928">
<File name="chunk-00027" type="av">
<FileVariant size="92" variant="4f4dd1bf-8121-4dea-9b1e-661334aa6384" />
</File>
<Timelines>
<Transcode startTime="66" endTime="72" complete="1" fileType="av" variant="4f4dd1bf-8121-4dea-9b1e-661334aa6384" />
</Timelines>
</Segment>
<Segment duration="1305" startOffset="685929" endOffset="687234">
<File name="chunk-00028" type="av">
<FileVariant size="56" variant="4f4dd1bf-8121-4dea-9b1e-661334aa6384" />
</File>
<Timelines>
<Transcode startTime="72" endTime="72" complete="1" fileType="av" variant="4f4dd1bf-8121-4dea-9b1e-661334aa6384" />
</Timelines>
</Segment>
<Segment duration="1913" startOffset="687235" endOffset="689149">
<File name="chunk-00029" type="av">
<FileVariant size="52" variant="4f4dd1bf-8121-4dea-9b1e-661334aa6384" />
</File>
<Timelines>
<Transcode startTime="72" endTime="73" complete="1" fileType="av" variant="4f4dd1bf-8121-4dea-9b1e-661334aa6384" />
</Timelines>
</Segment>
<Segment duration="2872" startOffset="691021" endOffset="693893">
<File name="chunk-00030" type="av">
<FileVariant size="81" variant="4f4dd1bf-8121-4dea-9b1e-661334aa6384" />
</File>
<Timelines>
<Transcode startTime="73" endTime="74" complete="1" fileType="av" variant="4f4dd1bf-8121-4dea-9b1e-661334aa6384" />
</Timelines>
</Segment>
<Segment duration="2000" startOffset="693894" endOffset="695895">
<File name="chunk-00031" type="av">
<FileVariant size="61" variant="4f4dd1bf-8121-4dea-9b1e-661334aa6384" />
</File>
<Timelines>
<Transcode startTime="74" endTime="77" complete="1" fileType="av" variant="4f4dd1bf-8121-4dea-9b1e-661334aa6384" />
</Timelines>
</Segment>
<Segment duration="1826" startOffset="695896" endOffset="697723">
<File name="chunk-00032" type="av">
<FileVariant size="58" variant="4f4dd1bf-8121-4dea-9b1e-661334aa6384" />
</File>
<Timelines>
<Transcode startTime="77" endTime="78" complete="1" fileType="av" variant="4f4dd1bf-8121-4dea-9b1e-661334aa6384" />
</Timelines>
</Segment>
<Segment duration="1434" startOffset="697724" endOffset="699159">
<File name="chunk-00033" type="av">
<FileVariant size="48" variant="4f4dd1bf-8121-4dea-9b1e-661334aa6384" />
</File>
<Timelines>
<Transcode startTime="78" endTime="79" complete="1" fileType="av" variant="4f4dd1bf-8121-4dea-9b1e-661334aa6384" />
</Timelines>
</Segment>
<Segment duration="2653" startOffset="699160" endOffset="701814">
<File name="chunk-00034" type="av">
<FileVariant size="70" variant="4f4dd1bf-8121-4dea-9b1e-661334aa6384" />
</File>
<Timelines>
<Transcode startTime="79" endTime="83" complete="1" fileType="av" variant="4f4dd1bf-8121-4dea-9b1e-661334aa6384" />
</Timelines>
</Segment>
<Segment duration="3479" startOffset="701815" endOffset="705295">
<File name="chunk-00035" type="av">
<FileVariant size="69" variant="4f4dd1bf-8121-4dea-9b1e-661334aa6384" />
</File>
<Timelines>
<Transcode startTime="83" endTime="88" complete="1" fileType="av" variant="4f4dd1bf-8121-4dea-9b1e-661334aa6384" />
</Timelines>
</Segment>
<Segment duration="2261" startOffset="705296" endOffset="707558">
<File name="chunk-00036" type="av">
<FileVariant size="74" variant="4f4dd1bf-8121-4dea-9b1e-661334aa6384" />
</File>
<Timelines>
<Transcode startTime="88" endTime="90" complete="1" fileType="av" variant="4f4dd1bf-8121-4dea-9b1e-661334aa6384" />
</Timelines>
</Segment>
<Segment duration="1392" startOffset="707559" endOffset="708951">
<File name="chunk-00037" type="av">
<FileVariant size="53" variant="4f4dd1bf-8121-4dea-9b1e-661334aa6384" />
</File>
<Timelines>
<Transcode startTime="90" endTime="91" complete="1" fileType="av" variant="4f4dd1bf-8121-4dea-9b1e-661334aa6384" />
</Timelines>
</Segment>
<Segment duration="3697" startOffset="708952" endOffset="712650">
<File name="chunk-00038" type="av">
<FileVariant size="78" variant="4f4dd1bf-8121-4dea-9b1e-661334aa6384" />
</File>
<Timelines>
<Transcode startTime="91" endTime="93" complete="1" fileType="av" variant="4f4dd1bf-8121-4dea-9b1e-661334aa6384" />
</Timelines>
</Segment>
<Segment duration="1697" startOffset="712651" endOffset="714348">
<File name="chunk-00039" type="av">
<FileVariant size="55" variant="4f4dd1bf-8121-4dea-9b1e-661334aa6384" />
</File>
<Timelines>
<Transcode startTime="93" endTime="94" complete="1" fileType="av" variant="4f4dd1bf-8121-4dea-9b1e-661334aa6384" />
</Timelines>
</Segment>
<Segment duration="2653" startOffset="714349" endOffset="717003">
<File name="chunk-00040" type="av">
<FileVariant size="75" variant="4f4dd1bf-8121-4dea-9b1e-661334aa6384" />
</File>
<Timelines>
<Transcode startTime="94" endTime="96" complete="1" fileType="av" variant="4f4dd1bf-8121-4dea-9b1e-661334aa6384" />
</Timelines>
</Segment>
<Segment duration="2044" startOffset="717004" endOffset="719049">
<File name="chunk-00041" type="av">
<FileVariant size="62" variant="4f4dd1bf-8121-4dea-9b1e-661334aa6384" />
</File>
<Timelines>
<Transcode startTime="96" endTime="97" complete="1" fileType="av" variant="4f4dd1bf-8121-4dea-9b1e-661334aa6384" />
</Timelines>
</Segment>
<Segment duration="1696" startOffset="719876" endOffset="721572">
<File name="chunk-00042" type="av">
<FileVariant size="54" variant="4f4dd1bf-8121-4dea-9b1e-661334aa6384" />
</File>
<Timelines>
<Transcode startTime="97" endTime="98" complete="1" fileType="av" variant="4f4dd1bf-8121-4dea-9b1e-661334aa6384" />
</Timelines>
</Segment>
<Segment duration="1826" startOffset="721573" endOffset="723400">
<File name="chunk-00043" type="av">
<FileVariant size="39" variant="4f4dd1bf-8121-4dea-9b1e-661334aa6384" />
</File>
<Timelines>
<Transcode startTime="98" endTime="100" complete="1" fileType="av" variant="4f4dd1bf-8121-4dea-9b1e-661334aa6384" />
</Timelines>
</Segment>
<Segment duration="3786" startOffset="723401" endOffset="727187">
<File name="chunk-00044" type="av">
<FileVariant size="96" variant="4f4dd1bf-8121-4dea-9b1e-661334aa6384" />
</File>
<Timelines>
<Transcode startTime="100" endTime="113" complete="1" fileType="av" variant="4f4dd1bf-8121-4dea-9b1e-661334aa6384" />
</Timelines>
</Segment>
<Segment duration="3655" startOffset="731192" endOffset="734848">
<File name="chunk-00045" type="av">
<FileVariant size="86" variant="4f4dd1bf-8121-4dea-9b1e-661334aa6384" />
</File>
<Timelines>
<Transcode startTime="113" endTime="117" complete="1" fileType="av" variant="4f4dd1bf-8121-4dea-9b1e-661334aa6384" />
</Timelines>
</Segment>
<Segment duration="2000" startOffset="737720" endOffset="739721">
<File name="chunk-00046" type="av">
<FileVariant size="65" variant="4f4dd1bf-8121-4dea-9b1e-661334aa6384" />
</File>
<Timelines>
<Transcode startTime="117" endTime="119" complete="1" fileType="av" variant="4f4dd1bf-8121-4dea-9b1e-661334aa6384" />
</Timelines>
</Segment>
<Segment duration="3524" startOffset="739722" endOffset="743246">
<File name="chunk-00047" type="av">
<FileVariant size="91" variant="4f4dd1bf-8121-4dea-9b1e-661334aa6384" />
</File>
<Timelines>
<Transcode startTime="119" endTime="124" complete="1" fileType="av" variant="4f4dd1bf-8121-4dea-9b1e-661334aa6384" />
</Timelines>
</Segment>
<Segment duration="4350" startOffset="743247" endOffset="747598">
<File name="chunk-00048" type="av">
<FileVariant size="76" variant="4f4dd1bf-8121-4dea-9b1e-661334aa6384" />
</File>
<Timelines>
<Transcode startTime="124" endTime="131" complete="1" fileType="av" variant="4f4dd1bf-8121-4dea-9b1e-661334aa6384" />
</Timelines>
</Segment>
<Segment duration="2435" startOffset="749123" endOffset="751559">
<File name="chunk-00049" type="av">
<FileVariant size="71" variant="4f4dd1bf-8121-4dea-9b1e-661334aa6384" />
</File>
<Timelines>
<Transcode startTime="131" endTime="132" complete="1" fileType="av" variant="4f4dd1bf-8121-4dea-9b1e-661334aa6384" />
</Timelines>
</Segment>
<Segment duration="2175" startOffset="751560" endOffset="753735">
<File name="chunk-00050" type="av">
<FileVariant size="54" variant="4f4dd1bf-8121-4dea-9b1e-661334aa6384" />
</File>
<Timelines>
<Transcode startTime="132" endTime="134" complete="1" fileType="av" variant="4f4dd1bf-8121-4dea-9b1e-661334aa6384" />
</Timelines>
</Segment>
<Segment duration="2523" startOffset="753736" endOffset="756259">
<File name="chunk-00051" type="av">
<FileVariant size="55" variant="4f4dd1bf-8121-4dea-9b1e-661334aa6384" />
</File>
<Timelines>
<Transcode startTime="134" endTime="138" complete="1" fileType="av" variant="4f4dd1bf-8121-4dea-9b1e-661334aa6384" />
</Timelines>
</Segment>
<Segment duration="1130" startOffset="757609" endOffset="758740">
<File name="chunk-00052" type="av">
<FileVariant size="40" variant="4f4dd1bf-8121-4dea-9b1e-661334aa6384" />
</File>
<Timelines>
<Transcode startTime="138" endTime="140" complete="1" fileType="av" variant="4f4dd1bf-8121-4dea-9b1e-661334aa6384" />
</Timelines>
</Segment>
<Segment duration="1740" startOffset="758741" endOffset="760481">
<File name="chunk-00053" type="av">
<FileVariant size="40" variant="4f4dd1bf-8121-4dea-9b1e-661334aa6384" />
</File>
<Timelines>
<Transcode startTime="140" endTime="141" complete="1" fileType="av" variant="4f4dd1bf-8121-4dea-9b1e-661334aa6384" />
</Timelines>
</Segment>
<Segment duration="4482" startOffset="760482" endOffset="764964">
<File name="chunk-00054" type="av">
<FileVariant size="104" variant="4f4dd1bf-8121-4dea-9b1e-661334aa6384" />
</File>
<Timelines>
<Transcode startTime="141" endTime="148" complete="1" fileType="av" variant="4f4dd1bf-8121-4dea-9b1e-661334aa6384" />
</Timelines>
</Segment>
<Segment duration="1564" startOffset="764965" endOffset="766530">
<File name="chunk-00055" type="av">
<FileVariant size="40" variant="4f4dd1bf-8121-4dea-9b1e-661334aa6384" />
</File>
<Timelines>
<Transcode startTime="148" endTime="151" complete="1" fileType="av" variant="4f4dd1bf-8121-4dea-9b1e-661334aa6384" />
</Timelines>
</Segment>
<Segment duration="1131" startOffset="766531" endOffset="767662">
<File name="chunk-00056" type="av">
<FileVariant size="43" variant="4f4dd1bf-8121-4dea-9b1e-661334aa6384" />
</File>
<Timelines>
<Transcode startTime="151" endTime="153" complete="1" fileType="av" variant="4f4dd1bf-8121-4dea-9b1e-661334aa6384" />
</Timelines>
</Segment>
<Segment duration="1480" startOffset="767663" endOffset="769143">
<File name="chunk-00057" type="av">
<FileVariant size="40" variant="4f4dd1bf-8121-4dea-9b1e-661334aa6384" />
</File>
<Timelines>
<Transcode startTime="153" endTime="155" complete="1" fileType="av" variant="4f4dd1bf-8121-4dea-9b1e-661334aa6384" />
</Timelines>
</Segment>
<Segment duration="2393" startOffset="770709" endOffset="773102">
<File name="chunk-00058" type="av">
<FileVariant size="64" variant="4f4dd1bf-8121-4dea-9b1e-661334aa6384" />
</File>
<Timelines>
<Transcode startTime="155" endTime="156" complete="1" fileType="av" variant="4f4dd1bf-8121-4dea-9b1e-661334aa6384" />
</Timelines>
</Segment>
<Segment duration="1653" startOffset="773103" endOffset="774757">
<File name="chunk-00059" type="av">
<FileVariant size="46" variant="4f4dd1bf-8121-4dea-9b1e-661334aa6384" />
</File>
<Timelines>
<Transcode startTime="156" endTime="157" complete="1" fileType="av" variant="4f4dd1bf-8121-4dea-9b1e-661334aa6384" />
</Timelines>
</Segment>
<Segment duration="2000" startOffset="775105" endOffset="777106">
<File name="chunk-00060" type="av">
<FileVariant size="39" variant="4f4dd1bf-8121-4dea-9b1e-661334aa6384" />
</File>
<Timelines>
<Transcode startTime="157" endTime="159" complete="1" fileType="av" variant="4f4dd1bf-8121-4dea-9b1e-661334aa6384" />
</Timelines>
</Segment>
<Segment duration="2697" startOffset="777107" endOffset="779805">
<File name="chunk-00061" type="av">
<FileVariant size="75" variant="4f4dd1bf-8121-4dea-9b1e-661334aa6384" />
</File>
<Timelines>
<Transcode startTime="159" endTime="161" complete="1" fileType="av" variant="4f4dd1bf-8121-4dea-9b1e-661334aa6384" />
</Timelines>
</Segment>
<Segment duration="911" startOffset="779806" endOffset="780718">
<File name="chunk-00062" type="av">
<FileVariant size="42" variant="4f4dd1bf-8121-4dea-9b1e-661334aa6384" />
</File>
<Timelines>
<Transcode startTime="161" endTime="162" complete="1" fileType="av" variant="4f4dd1bf-8121-4dea-9b1e-661334aa6384" />
</Timelines>
</Segment>
<Segment duration="2653" startOffset="780719" endOffset="783373">
<File name="chunk-00063" type="av">
<FileVariant size="60" variant="4f4dd1bf-8121-4dea-9b1e-661334aa6384" />
</File>
<Timelines>
<Transcode startTime="162" endTime="163" complete="1" fileType="av" variant="4f4dd1bf-8121-4dea-9b1e-661334aa6384" />
</Timelines>
</Segment>
<Segment duration="2131" startOffset="783374" endOffset="785506">
<File name="chunk-00064" type="av">
<FileVariant size="72" variant="4f4dd1bf-8121-4dea-9b1e-661334aa6384" />
</File>
<Timelines>
<Transcode startTime="163" endTime="164" complete="1" fileType="av" variant="4f4dd1bf-8121-4dea-9b1e-661334aa6384" />
</Timelines>
</Segment>
<Segment duration="1479" startOffset="785507" endOffset="786986">
<File name="chunk-00065" type="av">
<FileVariant size="48" variant="4f4dd1bf-8121-4dea-9b1e-661334aa6384" />
</File>
<Timelines>
<Transcode startTime="164" endTime="165" complete="1" fileType="av" variant="4f4dd1bf-8121-4dea-9b1e-661334aa6384" />
</Timelines>
</Segment>
<Segment duration="2610" startOffset="786987" endOffset="789597">
<File name="chunk-00066" type="av">
<FileVariant size="68" variant="4f4dd1bf-8121-4dea-9b1e-661334aa6384" />
</File>
<Timelines>
<Transcode startTime="165" endTime="168" complete="1" fileType="av" variant="4f4dd1bf-8121-4dea-9b1e-661334aa6384" />
</Timelines>
</Segment>
<Segment duration="2001" startOffset="789598" endOffset="791599">
<File name="chunk-00067" type="av">
<FileVariant size="64" variant="4f4dd1bf-8121-4dea-9b1e-661334aa6384" />
</File>
<Timelines>
<Transcode startTime="168" endTime="170" complete="1" fileType="av" variant="4f4dd1bf-8121-4dea-9b1e-661334aa6384" />
</Timelines>
</Segment>
<Segment duration="2610" startOffset="791600" endOffset="794210">
<File name="chunk-00068" type="av">
<FileVariant size="68" variant="4f4dd1bf-8121-4dea-9b1e-661334aa6384" />
</File>
<Timelines>
<Transcode startTime="170" endTime="172" complete="1" fileType="av" variant="4f4dd1bf-8121-4dea-9b1e-661334aa6384" />
</Timelines>
</Segment>
<Segment duration="1653" startOffset="794211" endOffset="795864">
<File name="chunk-00069" type="av">
<FileVariant size="46" variant="4f4dd1bf-8121-4dea-9b1e-661334aa6384" />
</File>
<Timelines>
<Transcode startTime="172" endTime="173" complete="1" fileType="av" variant="4f4dd1bf-8121-4dea-9b1e-661334aa6384" />
</Timelines>
</Segment>
<Segment duration="1347" startOffset="795865" endOffset="797213">
<File name="chunk-00070" type="av">
<FileVariant size="41" variant="4f4dd1bf-8121-4dea-9b1e-661334aa6384" />
</File>
<Timelines>
<Transcode startTime="173" endTime="175" complete="1" fileType="av" variant="4f4dd1bf-8121-4dea-9b1e-661334aa6384" />
</Timelines>
</Segment>
<Segment duration="2827" startOffset="797214" endOffset="800042">
<File name="chunk-00071" type="av">
<FileVariant size="60" variant="4f4dd1bf-8121-4dea-9b1e-661334aa6384" />
</File>
<Timelines>
<Transcode startTime="175" endTime="176" complete="1" fileType="av" variant="4f4dd1bf-8121-4dea-9b1e-661334aa6384" />
</Timelines>
</Segment>
<Segment duration="1347" startOffset="800043" endOffset="801391">
<File name="chunk-00072" type="av">
<FileVariant size="51" variant="4f4dd1bf-8121-4dea-9b1e-661334aa6384" />
</File>
<Timelines>
<Transcode startTime="176" endTime="177" complete="1" fileType="av" variant="4f4dd1bf-8121-4dea-9b1e-661334aa6384" />
</Timelines>
</Segment>
<Segment duration="1697" startOffset="801392" endOffset="803089">
<File name="chunk-00073" type="av">
<FileVariant size="68" variant="4f4dd1bf-8121-4dea-9b1e-661334aa6384" />
</File>
<Timelines>
<Transcode startTime="177" endTime="178" complete="1" fileType="av" variant="4f4dd1bf-8121-4dea-9b1e-661334aa6384" />
</Timelines>
</Segment>
<Segment duration="1913" startOffset="803090" endOffset="805004">
<File name="chunk-00074" type="av">
<FileVariant size="63" variant="4f4dd1bf-8121-4dea-9b1e-661334aa6384" />
</File>
<Timelines>
<Transcode startTime="178" endTime="179" complete="1" fileType="av" variant="4f4dd1bf-8121-4dea-9b1e-661334aa6384" />
</Timelines>
</Segment>
<Segment duration="2566" startOffset="805005" endOffset="807571">
<File name="chunk-00075" type="av">
<FileVariant size="59" variant="4f4dd1bf-8121-4dea-9b1e-661334aa6384" />
</File>
<Timelines>
<Transcode startTime="179" endTime="180" complete="1" fileType="av" variant="4f4dd1bf-8121-4dea-9b1e-661334aa6384" />
</Timelines>
</Segment>
<Segment duration="2610" startOffset="807572" endOffset="810183">
<File name="chunk-00076" type="av">
<FileVariant size="68" variant="4f4dd1bf-8121-4dea-9b1e-661334aa6384" />
</File>
<Timelines>
<Transcode startTime="180" endTime="181" complete="1" fileType="av" variant="4f4dd1bf-8121-4dea-9b1e-661334aa6384" />
</Timelines>
</Segment>
<Segment duration="1956" startOffset="810184" endOffset="812141">
<File name="chunk-00077" type="av">
<FileVariant size="78" variant="4f4dd1bf-8121-4dea-9b1e-661334aa6384" />
</File>
<Timelines>
<Transcode startTime="181" endTime="183" complete="1" fileType="av" variant="4f4dd1bf-8121-4dea-9b1e-661334aa6384" />
</Timelines>
</Segment>
<Segment duration="2783" startOffset="815929" endOffset="818713">
<File name="chunk-00078" type="av">
<FileVariant size="84" variant="4f4dd1bf-8121-4dea-9b1e-661334aa6384" />
</File>
<Timelines>
<Transcode startTime="183" endTime="185" complete="1" fileType="av" variant="4f4dd1bf-8121-4dea-9b1e-661334aa6384" />
</Timelines>
</Segment>
<Segment duration="1260" startOffset="818714" endOffset="819975">
<File name="chunk-00079" type="av">
<FileVariant size="47" variant="4f4dd1bf-8121-4dea-9b1e-661334aa6384" />
</File>
<Timelines>
<Transcode startTime="185" endTime="187" complete="1" fileType="av" variant="4f4dd1bf-8121-4dea-9b1e-661334aa6384" />
</Timelines>
</Segment>
<Segment duration="3263" startOffset="819976" endOffset="823239">
<File name="chunk-00080" type="av">
<FileVariant size="79" variant="4f4dd1bf-8121-4dea-9b1e-661334aa6384" />
</File>
<Timelines>
<Transcode startTime="187" endTime="188" complete="1" fileType="av" variant="4f4dd1bf-8121-4dea-9b1e-661334aa6384" />
</Timelines>
</Segment>
<Segment duration="1783" startOffset="823240" endOffset="825024">
<File name="chunk-00081" type="av">
<FileVariant size="45" variant="4f4dd1bf-8121-4dea-9b1e-661334aa6384" />
</File>
<Timelines>
<Transcode startTime="188" endTime="192" complete="1" fileType="av" variant="4f4dd1bf-8121-4dea-9b1e-661334aa6384" />
</Timelines>
</Segment>
<Segment duration="4742" startOffset="825025" endOffset="829767">
<File name="chunk-00082" type="av">
<FileVariant size="102" variant="4f4dd1bf-8121-4dea-9b1e-661334aa6384" />
</File>
<Timelines>
<Transcode startTime="192" endTime="192" complete="1" fileType="av" variant="4f4dd1bf-8121-4dea-9b1e-661334aa6384" />
</Timelines>
</Segment>
<Segment duration="2218" startOffset="829768" endOffset="831987">
<File name="chunk-00083" type="av">
<FileVariant size="64" variant="4f4dd1bf-8121-4dea-9b1e-661334aa6384" />
</File>
<Timelines>
<Transcode startTime="192" endTime="193" complete="1" fileType="av" variant="4f4dd1bf-8121-4dea-9b1e-661334aa6384" />
</Timelines>
</Segment>
<Segment duration="2827" startOffset="831988" endOffset="834816">
<File name="chunk-00084" type="av">
<FileVariant size="87" variant="4f4dd1bf-8121-4dea-9b1e-661334aa6384" />
</File>
<Timelines>
<Transcode startTime="193" endTime="194" complete="1" fileType="av" variant="4f4dd1bf-8121-4dea-9b1e-661334aa6384" />
</Timelines>
</Segment>
<Segment duration="3220" startOffset="834817" endOffset="838037">
<File name="chunk-00085" type="av">
<FileVariant size="80" variant="4f4dd1bf-8121-4dea-9b1e-661334aa6384" />
</File>
<Timelines>
<Transcode startTime="194" endTime="196" complete="1" fileType="av" variant="4f4dd1bf-8121-4dea-9b1e-661334aa6384" />
</Timelines>
</Segment>
<Segment duration="1130" startOffset="838038" endOffset="839169">
<File name="chunk-00086" type="av">
<FileVariant size="39" variant="4f4dd1bf-8121-4dea-9b1e-661334aa6384" />
</File>
<Timelines>
<Transcode startTime="196" endTime="196" complete="1" fileType="av" variant="4f4dd1bf-8121-4dea-9b1e-661334aa6384" />
</Timelines>
</Segment>
<Segment duration="2566" startOffset="840867" endOffset="843433">
<File name="chunk-00087" type="av">
<FileVariant size="81" variant="4f4dd1bf-8121-4dea-9b1e-661334aa6384" />
</File>
<Timelines>
<Transcode startTime="196" endTime="197" complete="1" fileType="av" variant="4f4dd1bf-8121-4dea-9b1e-661334aa6384" />
</Timelines>
</Segment>
<Segment duration="2960" startOffset="843434" endOffset="846394">
<File name="chunk-00088" type="av">
<FileVariant size="85" variant="4f4dd1bf-8121-4dea-9b1e-661334aa6384" />
</File>
<Timelines>
<Transcode startTime="197" endTime="206" complete="1" fileType="av" variant="4f4dd1bf-8121-4dea-9b1e-661334aa6384" />
</Timelines>
</Segment>
<Segment duration="1826" startOffset="853401" endOffset="855228">
<File name="chunk-00089" type="av">
<FileVariant size="52" variant="4f4dd1bf-8121-4dea-9b1e-661334aa6384" />
</File>
<Timelines>
<Transcode startTime="206" endTime="207" complete="1" fileType="av" variant="4f4dd1bf-8121-4dea-9b1e-661334aa6384" />
</Timelines>
</Segment>
<Segment duration="3349" startOffset="855229" endOffset="858579">
<File name="chunk-00090" type="av">
<FileVariant size="102" variant="4f4dd1bf-8121-4dea-9b1e-661334aa6384" />
</File>
<Timelines>
<Transcode startTime="207" endTime="208" complete="1" fileType="av" variant="4f4dd1bf-8121-4dea-9b1e-661334aa6384" />
</Timelines>
</Segment>
<Segment duration="2827" startOffset="858580" endOffset="861408">
<File name="chunk-00091" type="av">
<FileVariant size="59" variant="4f4dd1bf-8121-4dea-9b1e-661334aa6384" />
</File>
<Timelines>
<Transcode startTime="208" endTime="210" complete="1" fileType="av" variant="4f4dd1bf-8121-4dea-9b1e-661334aa6384" />
</Timelines>
</Segment>
<Segment duration="1522" startOffset="861409" endOffset="862931">
<File name="chunk-00092" type="av">
<FileVariant size="41" variant="4f4dd1bf-8121-4dea-9b1e-661334aa6384" />
</File>
<Timelines>
<Transcode startTime="210" endTime="211" complete="1" fileType="av" variant="4f4dd1bf-8121-4dea-9b1e-661334aa6384" />
</Timelines>
</Segment>
<Segment duration="2000" startOffset="862932" endOffset="864933">
<File name="chunk-00093" type="av">
<FileVariant size="70" variant="4f4dd1bf-8121-4dea-9b1e-661334aa6384" />
</File>
<Timelines>
<Transcode startTime="211" endTime="213" complete="1" fileType="av" variant="4f4dd1bf-8121-4dea-9b1e-661334aa6384" />
</Timelines>
</Segment>
<Segment duration="1696" startOffset="864934" endOffset="866630">
<File name="chunk-00094" type="av">
<FileVariant size="62" variant="4f4dd1bf-8121-4dea-9b1e-661334aa6384" />
</File>
<Timelines>
<Transcode startTime="213" endTime="214" complete="1" fileType="av" variant="4f4dd1bf-8121-4dea-9b1e-661334aa6384" />
</Timelines>
</Segment>
<Segment duration="1697" startOffset="866631" endOffset="868328">
<File name="chunk-00095" type="av">
<FileVariant size="64" variant="4f4dd1bf-8121-4dea-9b1e-661334aa6384" />
</File>
<Timelines>
<Transcode startTime="214" endTime="215" complete="1" fileType="av" variant="4f4dd1bf-8121-4dea-9b1e-661334aa6384" />
</Timelines>
</Segment>
<Segment duration="3002" startOffset="868329" endOffset="871331">
<File name="chunk-00096" type="av">
<FileVariant size="73" variant="4f4dd1bf-8121-4dea-9b1e-661334aa6384" />
</File>
<Timelines>
<Transcode startTime="215" endTime="216" complete="1" fileType="av" variant="4f4dd1bf-8121-4dea-9b1e-661334aa6384" />
</Timelines>
</Segment>
<Segment duration="2567" startOffset="871332" endOffset="873899">
<File name="chunk-00097" type="av">
<FileVariant size="89" variant="4f4dd1bf-8121-4dea-9b1e-661334aa6384" />
</File>
<Timelines>
<Transcode startTime="216" endTime="217" complete="1" fileType="av" variant="4f4dd1bf-8121-4dea-9b1e-661334aa6384" />
</Timelines>
</Segment>
<Segment duration="2957" startOffset="873900" endOffset="876858">
<File name="chunk-00098" type="av">
<FileVariant size="58" variant="4f4dd1bf-8121-4dea-9b1e-661334aa6384" />
</File>
<Timelines>
<Transcode startTime="217" endTime="222" complete="1" fileType="av" variant="4f4dd1bf-8121-4dea-9b1e-661334aa6384" />
</Timelines>
</Segment>
<Segment duration="1956" startOffset="876859" endOffset="878816">
<File name="chunk-00099" type="av">
<FileVariant size="60" variant="4f4dd1bf-8121-4dea-9b1e-661334aa6384" />
</File>
<Timelines>
<Transcode startTime="222" endTime="223" complete="1" fileType="av" variant="4f4dd1bf-8121-4dea-9b1e-661334aa6384" />
</Timelines>
</Segment>
<Segment duration="3785" startOffset="878817" endOffset="882603">
<File name="chunk-00100" type="av">
<FileVariant size="90" variant="4f4dd1bf-8121-4dea-9b1e-661334aa6384" />
</File>
<Timelines>
<Transcode startTime="223" endTime="223" complete="1" fileType="av" variant="4f4dd1bf-8121-4dea-9b1e-661334aa6384" />
</Timelines>
</Segment>
<Segment duration="2827" startOffset="882604" endOffset="885432">
<File name="chunk-00101" type="av">
<FileVariant size="57" variant="4f4dd1bf-8121-4dea-9b1e-661334aa6384" />
</File>
<Timelines>
<Transcode startTime="223" endTime="224" complete="1" fileType="av" variant="4f4dd1bf-8121-4dea-9b1e-661334aa6384" />
</Timelines>
</Segment>
<Segment duration="1870" startOffset="885433" endOffset="887303">
<File name="chunk-00102" type="av">
<FileVariant size="70" variant="4f4dd1bf-8121-4dea-9b1e-661334aa6384" />
</File>
<Timelines>
<Transcode startTime="224" endTime="227" complete="1" fileType="av" variant="4f4dd1bf-8121-4dea-9b1e-661334aa6384" />
</Timelines>
</Segment>
<Segment duration="2088" startOffset="887304" endOffset="889392">
<File name="chunk-00103" type="av">
<FileVariant size="45" variant="4f4dd1bf-8121-4dea-9b1e-661334aa6384" />
</File>
<Timelines>
<Transcode startTime="227" endTime="232" complete="1" fileType="av" variant="4f4dd1bf-8121-4dea-9b1e-661334aa6384" />
</Timelines>
</Segment>
<Segment duration="2130" startOffset="899447" endOffset="901578">
<File name="chunk-00104" type="av">
<FileVariant size="55" variant="4f4dd1bf-8121-4dea-9b1e-661334aa6384" />
</File>
<Timelines>
<Transcode startTime="232" endTime="235" complete="1" fileType="av" variant="4f4dd1bf-8121-4dea-9b1e-661334aa6384" />
</Timelines>
</Segment>
<Segment duration="2827" startOffset="904452" endOffset="907280">
<File name="chunk-00105" type="av">
<FileVariant size="65" variant="4f4dd1bf-8121-4dea-9b1e-661334aa6384" />
</File>
<Timelines>
<Transcode startTime="235" endTime="239" complete="1" fileType="av" variant="4f4dd1bf-8121-4dea-9b1e-661334aa6384" />
</Timelines>
</Segment>
<Segment duration="2479" startOffset="907281" endOffset="909760">
<File name="chunk-00106" type="av">
<FileVariant size="63" variant="4f4dd1bf-8121-4dea-9b1e-661334aa6384" />
</File>
<Timelines>
<Transcode startTime="239" endTime="243" complete="1" fileType="av" variant="4f4dd1bf-8121-4dea-9b1e-661334aa6384" />
</Timelines>
</Segment>
<Segment duration="1479" startOffset="909761" endOffset="911240">
<File name="chunk-00107" type="av">
<FileVariant size="66" variant="4f4dd1bf-8121-4dea-9b1e-661334aa6384" />
</File>
<Timelines>
<Transcode startTime="243" endTime="246" complete="1" fileType="av" variant="4f4dd1bf-8121-4dea-9b1e-661334aa6384" />
</Timelines>
</Segment>
<Segment duration="2000" startOffset="911241" endOffset="913242">
<File name="chunk-00108" type="av">
<FileVariant size="65" variant="4f4dd1bf-8121-4dea-9b1e-661334aa6384" />
</File>
<Timelines>
<Transcode startTime="246" endTime="247" complete="1" fileType="av" variant="4f4dd1bf-8121-4dea-9b1e-661334aa6384" />
</Timelines>
</Segment>
<Segment duration="2827" startOffset="913243" endOffset="916071">
<File name="chunk-00109" type="av">
<FileVariant size="89" variant="4f4dd1bf-8121-4dea-9b1e-661334aa6384" />
</File>
<Timelines>
<Transcode startTime="247" endTime="248" complete="1" fileType="av" variant="4f4dd1bf-8121-4dea-9b1e-661334aa6384" />
</Timelines>
</Segment>
<Segment duration="1566" startOffset="916072" endOffset="917638">
<File name="chunk-00110" type="av">
<FileVariant size="55" variant="4f4dd1bf-8121-4dea-9b1e-661334aa6384" />
</File>
<Timelines>
<Transcode startTime="248" endTime="249" complete="1" fileType="av" variant="4f4dd1bf-8121-4dea-9b1e-661334aa6384" />
</Timelines>
</Segment>
<Segment duration="2393" startOffset="917639" endOffset="920032">
<File name="chunk-00111" type="av">
<FileVariant size="64" variant="4f4dd1bf-8121-4dea-9b1e-661334aa6384" />
</File>
<Timelines>
<Transcode startTime="249" endTime="252" complete="1" fileType="av" variant="4f4dd1bf-8121-4dea-9b1e-661334aa6384" />
</Timelines>
</Segment>
<Segment duration="2566" startOffset="920033" endOffset="922599">
<File name="chunk-00112" type="av">
<FileVariant size="66" variant="4f4dd1bf-8121-4dea-9b1e-661334aa6384" />
</File>
<Timelines>
<Transcode startTime="252" endTime="252" complete="1" fileType="av" variant="4f4dd1bf-8121-4dea-9b1e-661334aa6384" />
</Timelines>
</Segment>
<Segment duration="1304" startOffset="923514" endOffset="924819">
<File name="chunk-00113" type="av">
<FileVariant size="51" variant="4f4dd1bf-8121-4dea-9b1e-661334aa6384" />
</File>
<Timelines>
<Transcode startTime="252" endTime="253" complete="1" fileType="av" variant="4f4dd1bf-8121-4dea-9b1e-661334aa6384" />
</Timelines>
</Segment>
<Segment duration="2087" startOffset="924820" endOffset="926908">
<File name="chunk-00114" type="av">
<FileVariant size="41" variant="4f4dd1bf-8121-4dea-9b1e-661334aa6384" />
</File>
<Timelines>
<Transcode startTime="253" endTime="253" complete="1" fileType="av" variant="4f4dd1bf-8121-4dea-9b1e-661334aa6384" />
</Timelines>
</Segment>
<Segment duration="1956" startOffset="926909" endOffset="928866">
<File name="chunk-00115" type="av">
<FileVariant size="66" variant="4f4dd1bf-8121-4dea-9b1e-661334aa6384" />
</File>
<Timelines>
<Transcode startTime="253" endTime="255" complete="1" fileType="av" variant="4f4dd1bf-8121-4dea-9b1e-661334aa6384" />
</Timelines>
</Segment>
<Segment duration="2524" startOffset="928867" endOffset="931391">
<File name="chunk-00116" type="av">
<FileVariant size="82" variant="4f4dd1bf-8121-4dea-9b1e-661334aa6384" />
</File>
<Timelines>
<Transcode startTime="255" endTime="255" complete="1" fileType="av" variant="4f4dd1bf-8121-4dea-9b1e-661334aa6384" />
</Timelines>
</Segment>
<Segment duration="1565" startOffset="931392" endOffset="932958">
<File name="chunk-00117" type="av">
<FileVariant size="61" variant="4f4dd1bf-8121-4dea-9b1e-661334aa6384" />
</File>
<Timelines>
<Transcode startTime="255" endTime="256" complete="1" fileType="av" variant="4f4dd1bf-8121-4dea-9b1e-661334aa6384" />
</Timelines>
</Segment>
<Segment duration="2740" startOffset="932959" endOffset="935699">
<File name="chunk-00118" type="av">
<FileVariant size="89" variant="4f4dd1bf-8121-4dea-9b1e-661334aa6384" />
</File>
<Timelines>
<Transcode startTime="256" endTime="258" complete="1" fileType="av" variant="4f4dd1bf-8121-4dea-9b1e-661334aa6384" />
</Timelines>
</Segment>
<Segment duration="1697" startOffset="935700" endOffset="937398">
<File name="chunk-00119" type="av">
<FileVariant size="68" variant="4f4dd1bf-8121-4dea-9b1e-661334aa6384" />
</File>
<Timelines>
<Transcode startTime="258" endTime="259" complete="1" fileType="av" variant="4f4dd1bf-8121-4dea-9b1e-661334aa6384" />
</Timelines>
</Segment>
<Segment duration="3656" startOffset="938573" endOffset="942229">
<File name="chunk-00120" type="av">
<FileVariant size="79" variant="4f4dd1bf-8121-4dea-9b1e-661334aa6384" />
</File>
<Timelines>
<Transcode startTime="259" endTime="260" complete="1" fileType="av" variant="4f4dd1bf-8121-4dea-9b1e-661334aa6384" />
</Timelines>
</Segment>
<Segment duration="1437" startOffset="945884" endOffset="947321">
<File name="chunk-00121" type="av">
<FileVariant size="53" variant="4f4dd1bf-8121-4dea-9b1e-661334aa6384" />
</File>
<Timelines>
<Transcode startTime="260" endTime="262" complete="1" fileType="av" variant="4f4dd1bf-8121-4dea-9b1e-661334aa6384" />
</Timelines>
</Segment>
<Segment duration="1305" startOffset="950237" endOffset="951542">
<File name="chunk-00122" type="av">
<FileVariant size="50" variant="4f4dd1bf-8121-4dea-9b1e-661334aa6384" />
</File>
<Timelines>
<Transcode startTime="262" endTime="265" complete="1" fileType="av" variant="4f4dd1bf-8121-4dea-9b1e-661334aa6384" />
</Timelines>
</Segment>
<Segment duration="2263" startOffset="954110" endOffset="956373">
<File name="chunk-00123" type="av">
<FileVariant size="56" variant="4f4dd1bf-8121-4dea-9b1e-661334aa6384" />
</File>
<Timelines>
<Transcode startTime="265" endTime="270" complete="1" fileType="av" variant="4f4dd1bf-8121-4dea-9b1e-661334aa6384" />
</Timelines>
</Segment>
<Segment duration="3567" startOffset="958985" endOffset="962552">
<File name="chunk-00124" type="av">
<FileVariant size="55" variant="4f4dd1bf-8121-4dea-9b1e-661334aa6384" />
</File>
<Timelines>
<Transcode startTime="270" endTime="271" complete="1" fileType="av" variant="4f4dd1bf-8121-4dea-9b1e-661334aa6384" />
</Timelines>
</Segment>
<Segment duration="1043" startOffset="962553" endOffset="963597">
<File name="chunk-00125" type="av">
<FileVariant size="40" variant="4f4dd1bf-8121-4dea-9b1e-661334aa6384" />
</File>
<Timelines>
<Transcode startTime="271" endTime="273" complete="1" fileType="av" variant="4f4dd1bf-8121-4dea-9b1e-661334aa6384" />
</Timelines>
</Segment>
<Segment duration="1956" startOffset="963598" endOffset="965555">
<File name="chunk-00126" type="av">
<FileVariant size="59" variant="4f4dd1bf-8121-4dea-9b1e-661334aa6384" />
</File>
<Timelines>
<Transcode startTime="273" endTime="273" complete="1" fileType="av" variant="4f4dd1bf-8121-4dea-9b1e-661334aa6384" />
</Timelines>
</Segment>
<Segment duration="1741" startOffset="969430" endOffset="971171">
<File name="chunk-00127" type="av">
<FileVariant size="39" variant="4f4dd1bf-8121-4dea-9b1e-661334aa6384" />
</File>
<Timelines>
<Transcode startTime="273" endTime="278" complete="1" fileType="av" variant="4f4dd1bf-8121-4dea-9b1e-661334aa6384" />
</Timelines>
</Segment>
<Segment duration="2393" startOffset="976132" endOffset="978525">
<File name="chunk-00128" type="av">
<FileVariant size="68" variant="4f4dd1bf-8121-4dea-9b1e-661334aa6384" />
</File>
<Timelines>
<Transcode startTime="278" endTime="279" complete="1" fileType="av" variant="4f4dd1bf-8121-4dea-9b1e-661334aa6384" />
</Timelines>
</Segment>
<Segment duration="2132" startOffset="978526" endOffset="980658">
<File name="chunk-00129" type="av">
<FileVariant size="75" variant="4f4dd1bf-8121-4dea-9b1e-661334aa6384" />
</File>
<Timelines>
<Transcode startTime="279" endTime="279" complete="1" fileType="av" variant="4f4dd1bf-8121-4dea-9b1e-661334aa6384" />
</Timelines>
</Segment>
<Segment duration="1000" startOffset="983879" endOffset="984880">
<File name="chunk-00130" type="av">
<FileVariant size="41" variant="4f4dd1bf-8121-4dea-9b1e-661334aa6384" />
</File>
<Timelines>
<Transcode startTime="279" endTime="279" complete="1" fileType="av" variant="4f4dd1bf-8121-4dea-9b1e-661334aa6384" />
</Timelines>
</Segment>
<Segment duration="2044" startOffset="986142" endOffset="988187">
<File name="chunk-00131" type="av">
<FileVariant size="47" variant="4f4dd1bf-8121-4dea-9b1e-661334aa6384" />
</File>
<Timelines>
<Transcode startTime="279" endTime="280" complete="1" fileType="av" variant="4f4dd1bf-8121-4dea-9b1e-661334aa6384" />
</Timelines>
</Segment>
<Segment duration="3264" startOffset="996761" endOffset="1000025">
<File name="chunk-00132" type="av">
<FileVariant size="40" variant="4f4dd1bf-8121-4dea-9b1e-661334aa6384" />
</File>
<Timelines>
<Transcode startTime="280" endTime="281" complete="1" fileType="av" variant="4f4dd1bf-8121-4dea-9b1e-661334aa6384" />
</Timelines>
</Segment>
<Segment duration="4568" startOffset="1000026" endOffset="1004594">
<File name="chunk-00133" type="av">
<FileVariant size="83" variant="4f4dd1bf-8121-4dea-9b1e-661334aa6384" />
</File>
<Timelines>
<Transcode startTime="281" endTime="284" complete="1" fileType="av" variant="4f4dd1bf-8121-4dea-9b1e-661334aa6384" />
</Timelines>
</Segment>
<Segment duration="2610" startOffset="1004595" endOffset="1007206">
<File name="chunk-00134" type="av">
<FileVariant size="54" variant="4f4dd1bf-8121-4dea-9b1e-661334aa6384" />
</File>
<Timelines>
<Transcode startTime="284" endTime="288" complete="1" fileType="av" variant="4f4dd1bf-8121-4dea-9b1e-661334aa6384" />
</Timelines>
</Segment>
<Segment duration="1696" startOffset="1007207" endOffset="1008903">
<File name="chunk-00135" type="av">
<FileVariant size="55" variant="4f4dd1bf-8121-4dea-9b1e-661334aa6384" />
</File>
<Timelines>
<Transcode startTime="288" endTime="288" complete="1" fileType="av" variant="4f4dd1bf-8121-4dea-9b1e-661334aa6384" />
</Timelines>
</Segment>
<Segment duration="3828" startOffset="1008904" endOffset="1012733">
<File name="chunk-00136" type="av">
<FileVariant size="96" variant="4f4dd1bf-8121-4dea-9b1e-661334aa6384" />
</File>
<Timelines>
<Transcode startTime="288" endTime="292" complete="1" fileType="av" variant="4f4dd1bf-8121-4dea-9b1e-661334aa6384" />
</Timelines>
</Segment>
<Segment duration="1390" startOffset="1015215" endOffset="1016606">
<File name="chunk-00137" type="av">
<FileVariant size="39" variant="4f4dd1bf-8121-4dea-9b1e-661334aa6384" />
</File>
<Timelines>
<Transcode startTime="292" endTime="293" complete="1" fileType="av" variant="4f4dd1bf-8121-4dea-9b1e-661334aa6384" />
</Timelines>
</Segment>
<Segment duration="2610" startOffset="1019088" endOffset="1021699">
<File name="chunk-00138" type="av">
<FileVariant size="48" variant="4f4dd1bf-8121-4dea-9b1e-661334aa6384" />
</File>
<Timelines>
<Transcode startTime="293" endTime="302" complete="1" fileType="av" variant="4f4dd1bf-8121-4dea-9b1e-661334aa6384" />
</Timelines>
</Segment>
<Segment duration="4264" startOffset="1029185" endOffset="1033449">
<File name="chunk-00139" type="av">
<FileVariant size="82" variant="4f4dd1bf-8121-4dea-9b1e-661334aa6384" />
</File>
<Timelines>
<Transcode startTime="302" endTime="310" complete="1" fileType="av" variant="4f4dd1bf-8121-4dea-9b1e-661334aa6384" />
</Timelines>
</Segment>
<Segment duration="1218" startOffset="1040848" endOffset="1042067">
<File name="chunk-00140" type="av">
<FileVariant size="41" variant="4f4dd1bf-8121-4dea-9b1e-661334aa6384" />
</File>
<Timelines>
<Transcode startTime="310" endTime="316" complete="1" fileType="av" variant="4f4dd1bf-8121-4dea-9b1e-661334aa6384" />
</Timelines>
</Segment>
<Segment duration="1913" startOffset="1050685" endOffset="1052599">
<File name="chunk-00141" type="av">
<FileVariant size="57" variant="4f4dd1bf-8121-4dea-9b1e-661334aa6384" />
</File>
<Timelines>
<Transcode startTime="316" endTime="318" complete="1" fileType="av" variant="4f4dd1bf-8121-4dea-9b1e-661334aa6384" />
</Timelines>
</Segment>
<Segment duration="2567" startOffset="1052600" endOffset="1055168">
<File name="chunk-00142" type="av">
<FileVariant size="66" variant="4f4dd1bf-8121-4dea-9b1e-661334aa6384" />
</File>
<Timelines>
<Transcode startTime="318" endTime="325" complete="1" fileType="av" variant="4f4dd1bf-8121-4dea-9b1e-661334aa6384" />
</Timelines>
</Segment>
<Segment duration="1044" startOffset="1058475" endOffset="1059519">
<File name="chunk-00143" type="av">
<FileVariant size="40" variant="4f4dd1bf-8121-4dea-9b1e-661334aa6384" />
</File>
<Timelines>
<Transcode startTime="325" endTime="327" complete="1" fileType="av" variant="4f4dd1bf-8121-4dea-9b1e-661334aa6384" />
</Timelines>
</Segment>
<Segment duration="2958" startOffset="1063132" endOffset="1066091">
<File name="chunk-00144" type="av">
<FileVariant size="54" variant="4f4dd1bf-8121-4dea-9b1e-661334aa6384" />
</File>
<Timelines>
<Transcode startTime="327" endTime="329" complete="1" fileType="av" variant="4f4dd1bf-8121-4dea-9b1e-661334aa6384" />
</Timelines>
</Segment>
<Segment duration="1304" startOffset="1066092" endOffset="1067397">
<File name="chunk-00145" type="av">
<FileVariant size="45" variant="4f4dd1bf-8121-4dea-9b1e-661334aa6384" />
</File>
<Timelines>
<Transcode startTime="329" endTime="331" complete="1" fileType="av" variant="4f4dd1bf-8121-4dea-9b1e-661334aa6384" />
</Timelines>
</Segment>
<Segment duration="1740" startOffset="1070444" endOffset="1072184">
<File name="chunk-00146" type="av">
<FileVariant size="41" variant="4f4dd1bf-8121-4dea-9b1e-661334aa6384" />
</File>
<Timelines>
<Transcode startTime="331" endTime="332" complete="1" fileType="av" variant="4f4dd1bf-8121-4dea-9b1e-661334aa6384" />
</Timelines>
</Segment>
<Segment duration="2914" startOffset="1072185" endOffset="1075100">
<File name="chunk-00147" type="av">
<FileVariant size="77" variant="4f4dd1bf-8121-4dea-9b1e-661334aa6384" />
</File>
<Timelines>
<Transcode startTime="332" endTime="334" complete="1" fileType="av" variant="4f4dd1bf-8121-4dea-9b1e-661334aa6384" />
</Timelines>
</Segment>
<Segment duration="1565" startOffset="1075101" endOffset="1076667">
<File name="chunk-00148" type="av">
<FileVariant size="61" variant="4f4dd1bf-8121-4dea-9b1e-661334aa6384" />
</File>
<Timelines>
<Transcode startTime="334" endTime="335" complete="1" fileType="av" variant="4f4dd1bf-8121-4dea-9b1e-661334aa6384" />
</Timelines>
</Segment>
<Segment duration="3437" startOffset="1077973" endOffset="1081410">
<File name="chunk-00149" type="av">
<FileVariant size="70" variant="4f4dd1bf-8121-4dea-9b1e-661334aa6384" />
</File>
<Timelines>
<Transcode startTime="335" endTime="337" complete="1" fileType="av" variant="4f4dd1bf-8121-4dea-9b1e-661334aa6384" />
</Timelines>
</Segment>
<Segment duration="3001" startOffset="1081411" endOffset="1084413">
<File name="chunk-00150" type="av">
<FileVariant size="70" variant="4f4dd1bf-8121-4dea-9b1e-661334aa6384" />
</File>
<Timelines>
<Transcode startTime="337" endTime="338" complete="1" fileType="av" variant="4f4dd1bf-8121-4dea-9b1e-661334aa6384" />
</Timelines>
</Segment>
<Segment duration="3351" startOffset="1084414" endOffset="1087765">
<File name="chunk-00151" type="av">
<FileVariant size="72" variant="4f4dd1bf-8121-4dea-9b1e-661334aa6384" />
</File>
<Timelines>
<Transcode startTime="338" endTime="339" complete="1" fileType="av" variant="4f4dd1bf-8121-4dea-9b1e-661334aa6384" />
</Timelines>
</Segment>
<Segment duration="3046" startOffset="1089680" endOffset="1092726">
<File name="chunk-00152" type="av">
<FileVariant size="83" variant="4f4dd1bf-8121-4dea-9b1e-661334aa6384" />
</File>
<Timelines>
<Transcode startTime="339" endTime="352" complete="1" fileType="av" variant="4f4dd1bf-8121-4dea-9b1e-661334aa6384" />
</Timelines>
</Segment>
<Segment duration="3175" startOffset="1114009" endOffset="1117185">
<File name="chunk-00153" type="av">
<FileVariant size="69" variant="4f4dd1bf-8121-4dea-9b1e-661334aa6384" />
</File>
<Timelines>
<Transcode startTime="352" endTime="355" complete="1" fileType="av" variant="4f4dd1bf-8121-4dea-9b1e-661334aa6384" />
</Timelines>
</Segment>
<Segment duration="1521" startOffset="1119101" endOffset="1120623">
<File name="chunk-00154" type="av">
<FileVariant size="40" variant="4f4dd1bf-8121-4dea-9b1e-661334aa6384" />
</File>
<Timelines>
<Transcode startTime="355" endTime="356" complete="1" fileType="av" variant="4f4dd1bf-8121-4dea-9b1e-661334aa6384" />
</Timelines>
</Segment>
<Segment duration="3176" startOffset="1120624" endOffset="1123801">
<File name="chunk-00155" type="av">
<FileVariant size="64" variant="4f4dd1bf-8121-4dea-9b1e-661334aa6384" />
</File>
<Timelines>
<Transcode startTime="356" endTime="362" complete="1" fileType="av" variant="4f4dd1bf-8121-4dea-9b1e-661334aa6384" />
</Timelines>
</Segment>
<Segment duration="913" startOffset="1124324" endOffset="1125237">
<File name="chunk-00156" type="av">
<FileVariant size="45" variant="4f4dd1bf-8121-4dea-9b1e-661334aa6384" />
</File>
<Timelines>
<Transcode startTime="362" endTime="381" complete="1" fileType="av" variant="4f4dd1bf-8121-4dea-9b1e-661334aa6384" />
</Timelines>
</Segment>
<Segment duration="1130" startOffset="1150219" endOffset="1151350">
<File name="chunk-00157" type="av">
<FileVariant size="44" variant="4f4dd1bf-8121-4dea-9b1e-661334aa6384" />
</File>
<Timelines>
<Transcode startTime="381" endTime="390" complete="1" fileType="av" variant="4f4dd1bf-8121-4dea-9b1e-661334aa6384" />
</Timelines>
</Segment>
<Segment duration="1826" startOffset="1164277" endOffset="1166103">
<File name="chunk-00158" type="av">
<FileVariant size="70" variant="4f4dd1bf-8121-4dea-9b1e-661334aa6384" />
</File>
<Timelines>
<Transcode startTime="390" endTime="391" complete="1" fileType="av" variant="4f4dd1bf-8121-4dea-9b1e-661334aa6384" />
</Timelines>
</Segment>
<Segment duration="1783" startOffset="1166104" endOffset="1167888">
<File name="chunk-00159" type="av">
<FileVariant size="64" variant="4f4dd1bf-8121-4dea-9b1e-661334aa6384" />
</File>
<Timelines>
<Transcode startTime="391" endTime="393" complete="1" fileType="av" variant="4f4dd1bf-8121-4dea-9b1e-661334aa6384" />
</Timelines>
</Segment>
<Segment duration="3001" startOffset="1172546" endOffset="1175548">
<File name="chunk-00160" type="av">
<FileVariant size="76" variant="4f4dd1bf-8121-4dea-9b1e-661334aa6384" />
</File>
<Timelines>
<Transcode startTime="393" endTime="395" complete="1" fileType="av" variant="4f4dd1bf-8121-4dea-9b1e-661334aa6384" />
</Timelines>
</Segment>
<Segment duration="2697" startOffset="1175549" endOffset="1178246">
<File name="chunk-00161" type="av">
<FileVariant size="57" variant="4f4dd1bf-8121-4dea-9b1e-661334aa6384" />
</File>
<Timelines>
<Transcode startTime="395" endTime="396" complete="1" fileType="av" variant="4f4dd1bf-8121-4dea-9b1e-661334aa6384" />
</Timelines>
</Segment>
<Segment duration="2435" startOffset="1178247" endOffset="1180683">
<File name="chunk-00162" type="av">
<FileVariant size="59" variant="4f4dd1bf-8121-4dea-9b1e-661334aa6384" />
</File>
<Timelines>
<Transcode startTime="396" endTime="405" complete="1" fileType="av" variant="4f4dd1bf-8121-4dea-9b1e-661334aa6384" />
</Timelines>
</Segment>
<Segment duration="1696" startOffset="1186168" endOffset="1187864">
<File name="chunk-00163" type="av">
<FileVariant size="40" variant="4f4dd1bf-8121-4dea-9b1e-661334aa6384" />
</File>
<Timelines>
<Transcode startTime="405" endTime="406" complete="1" fileType="av" variant="4f4dd1bf-8121-4dea-9b1e-661334aa6384" />
</Timelines>
</Segment>
<Segment duration="3438" startOffset="1189606" endOffset="1193044">
<File name="chunk-00164" type="av">
<FileVariant size="57" variant="4f4dd1bf-8121-4dea-9b1e-661334aa6384" />
</File>
<Timelines>
<Transcode startTime="406" endTime="409" complete="1" fileType="av" variant="4f4dd1bf-8121-4dea-9b1e-661334aa6384" />
</Timelines>
</Segment>
<Segment duration="1216" startOffset="1194220" endOffset="1195437">
<File name="chunk-00165" type="av">
<FileVariant size="41" variant="4f4dd1bf-8121-4dea-9b1e-661334aa6384" />
</File>
<Timelines>
<Transcode startTime="409" endTime="410" complete="1" fileType="av" variant="4f4dd1bf-8121-4dea-9b1e-661334aa6384" />
</Timelines>
</Segment>
<Segment duration="1478" startOffset="1195438" endOffset="1196917">
<File name="chunk-00166" type="av">
<FileVariant size="42" variant="4f4dd1bf-8121-4dea-9b1e-661334aa6384" />
</File>
<Timelines>
<Transcode startTime="410" endTime="410" complete="1" fileType="av" variant="4f4dd1bf-8121-4dea-9b1e-661334aa6384" />
</Timelines>
</Segment>
<Segment duration="1826" startOffset="1196918" endOffset="1198745">
<File name="chunk-00167" type="av">
<FileVariant size="40" variant="4f4dd1bf-8121-4dea-9b1e-661334aa6384" />
</File>
<Timelines>
<Transcode startTime="410" endTime="412" complete="1" fileType="av" variant="4f4dd1bf-8121-4dea-9b1e-661334aa6384" />
</Timelines>
</Segment>
<Segment duration="3305" startOffset="1198746" endOffset="1202052">
<File name="chunk-00168" type="av">
<FileVariant size="92" variant="4f4dd1bf-8121-4dea-9b1e-661334aa6384" />
</File>
<Timelines>
<Transcode startTime="412" endTime="413" complete="1" fileType="av" variant="4f4dd1bf-8121-4dea-9b1e-661334aa6384" />
</Timelines>
</Segment>
<Segment duration="1784" startOffset="1202053" endOffset="1203838">
<File name="chunk-00169" type="av">
<FileVariant size="56" variant="4f4dd1bf-8121-4dea-9b1e-661334aa6384" />
</File>
<Timelines>
<Transcode startTime="413" endTime="414" complete="1" fileType="av" variant="4f4dd1bf-8121-4dea-9b1e-661334aa6384" />
</Timelines>
</Segment>
<Segment duration="1609" startOffset="1204708" endOffset="1206318">
<File name="chunk-00170" type="av">
<FileVariant size="63" variant="4f4dd1bf-8121-4dea-9b1e-661334aa6384" />
</File>
<Timelines>
<Transcode startTime="414" endTime="415" complete="1" fileType="av" variant="4f4dd1bf-8121-4dea-9b1e-661334aa6384" />
</Timelines>
</Segment>
<Segment duration="1304" startOffset="1206319" endOffset="1207623">
<File name="chunk-00171" type="av">
<FileVariant size="55" variant="4f4dd1bf-8121-4dea-9b1e-661334aa6384" />
</File>
<Timelines>
<Transcode startTime="415" endTime="416" complete="1" fileType="av" variant="4f4dd1bf-8121-4dea-9b1e-661334aa6384" />
</Timelines>
</Segment>
<Segment duration="1696" startOffset="1207624" endOffset="1209321">
<File name="chunk-00172" type="av">
<FileVariant size="71" variant="4f4dd1bf-8121-4dea-9b1e-661334aa6384" />
</File>
<Timelines>
<Transcode startTime="416" endTime="417" complete="1" fileType="av" variant="4f4dd1bf-8121-4dea-9b1e-661334aa6384" />
</Timelines>
</Segment>
<Segment duration="3132" startOffset="1209322" endOffset="1212454">
<File name="chunk-00173" type="av">
<FileVariant size="66" variant="4f4dd1bf-8121-4dea-9b1e-661334aa6384" />
</File>
<Timelines>
<Transcode startTime="417" endTime="418" complete="1" fileType="av" variant="4f4dd1bf-8121-4dea-9b1e-661334aa6384" />
</Timelines>
</Segment>
<Segment duration="5004" startOffset="1212455" endOffset="1217459">
<File name="chunk-00174" type="av">
<FileVariant size="79" variant="4f4dd1bf-8121-4dea-9b1e-661334aa6384" />
</File>
<Timelines>
<Transcode startTime="418" endTime="419" complete="1" fileType="av" variant="4f4dd1bf-8121-4dea-9b1e-661334aa6384" />
</Timelines>
</Segment>
<Segment duration="2740" startOffset="1217460" endOffset="1220201">
<File name="chunk-00175" type="av">
<FileVariant size="63" variant="4f4dd1bf-8121-4dea-9b1e-661334aa6384" />
</File>
<Timelines>
<Transcode startTime="419" endTime="420" complete="1" fileType="av" variant="4f4dd1bf-8121-4dea-9b1e-661334aa6384" />
</Timelines>
</Segment>
<Segment duration="3394" startOffset="1220202" endOffset="1223597">
<File name="chunk-00176" type="av">
<FileVariant size="75" variant="4f4dd1bf-8121-4dea-9b1e-661334aa6384" />
</File>
<Timelines>
<Transcode startTime="420" endTime="427" complete="1" fileType="av" variant="4f4dd1bf-8121-4dea-9b1e-661334aa6384" />
</Timelines>
</Segment>
<Segment duration="1740" startOffset="1226948" endOffset="1228688">
<File name="chunk-00177" type="av">
<FileVariant size="42" variant="4f4dd1bf-8121-4dea-9b1e-661334aa6384" />
</File>
<Timelines>
<Transcode startTime="427" endTime="427" complete="1" fileType="av" variant="4f4dd1bf-8121-4dea-9b1e-661334aa6384" />
</Timelines>
</Segment>
<Segment duration="1608" startOffset="1228689" endOffset="1230298">
<File name="chunk-00178" type="av">
<FileVariant size="56" variant="4f4dd1bf-8121-4dea-9b1e-661334aa6384" />
</File>
<Timelines>
<Transcode startTime="427" endTime="428" complete="1" fileType="av" variant="4f4dd1bf-8121-4dea-9b1e-661334aa6384" />
</Timelines>
</Segment>
<Segment duration="1434" startOffset="1230299" endOffset="1231734">
<File name="chunk-00179" type="av">
<FileVariant size="58" variant="4f4dd1bf-8121-4dea-9b1e-661334aa6384" />
</File>
<Timelines>
<Transcode startTime="428" endTime="430" complete="1" fileType="av" variant="4f4dd1bf-8121-4dea-9b1e-661334aa6384" />
</Timelines>
</Segment>
<Segment duration="1347" startOffset="1233259" endOffset="1234607">
<File name="chunk-00180" type="av">
<FileVariant size="43" variant="4f4dd1bf-8121-4dea-9b1e-661334aa6384" />
</File>
<Timelines>
<Transcode startTime="430" endTime="431" complete="1" fileType="av" variant="4f4dd1bf-8121-4dea-9b1e-661334aa6384" />
</Timelines>
</Segment>
<Segment duration="1522" startOffset="1234608" endOffset="1236130">
<File name="chunk-00181" type="av">
<FileVariant size="61" variant="4f4dd1bf-8121-4dea-9b1e-661334aa6384" />
</File>
<Timelines>
<Transcode startTime="431" endTime="431" complete="1" fileType="av" variant="4f4dd1bf-8121-4dea-9b1e-661334aa6384" />
</Timelines>
</Segment>
<Segment duration="2870" startOffset="1236131" endOffset="1239002">
<File name="chunk-00182" type="av">
<FileVariant size="84" variant="4f4dd1bf-8121-4dea-9b1e-661334aa6384" />
</File>
<Timelines>
<Transcode startTime="431" endTime="433" complete="1" fileType="av" variant="4f4dd1bf-8121-4dea-9b1e-661334aa6384" />
</Timelines>
</Segment>
<Segment duration="4134" startOffset="1239003" endOffset="1243137">
<File name="chunk-00183" type="av">
<FileVariant size="77" variant="4f4dd1bf-8121-4dea-9b1e-661334aa6384" />
</File>
<Timelines>
<Transcode startTime="433" endTime="437" complete="1" fileType="av" variant="4f4dd1bf-8121-4dea-9b1e-661334aa6384" />
</Timelines>
</Segment>
<Segment duration="3524" startOffset="1243138" endOffset="1246662">
<File name="chunk-00184" type="av">
<FileVariant size="78" variant="4f4dd1bf-8121-4dea-9b1e-661334aa6384" />
</File>
<Timelines>
<Transcode startTime="437" endTime="439" complete="1" fileType="av" variant="4f4dd1bf-8121-4dea-9b1e-661334aa6384" />
</Timelines>
</Segment>
<Segment duration="1305" startOffset="1246663" endOffset="1247968">
<File name="chunk-00185" type="av">
<FileVariant size="60" variant="4f4dd1bf-8121-4dea-9b1e-661334aa6384" />
</File>
<Timelines>
<Transcode startTime="439" endTime="441" complete="1" fileType="av" variant="4f4dd1bf-8121-4dea-9b1e-661334aa6384" />
</Timelines>
</Segment>
<Segment duration="1347" startOffset="1247969" endOffset="1249317">
<File name="chunk-00186" type="av">
<FileVariant size="46" variant="4f4dd1bf-8121-4dea-9b1e-661334aa6384" />
</File>
<Timelines>
<Transcode startTime="441" endTime="442" complete="1" fileType="av" variant="4f4dd1bf-8121-4dea-9b1e-661334aa6384" />
</Timelines>
</Segment>
<Segment duration="2087" startOffset="1249318" endOffset="1251406">
<File name="chunk-00187" type="av">
<FileVariant size="83" variant="4f4dd1bf-8121-4dea-9b1e-661334aa6384" />
</File>
<Timelines>
<Transcode startTime="442" endTime="443" complete="1" fileType="av" variant="4f4dd1bf-8121-4dea-9b1e-661334aa6384" />
</Timelines>
</Segment>
<Segment duration="3741" startOffset="1251407" endOffset="1255149">
<File name="chunk-00188" type="av">
<FileVariant size="107" variant="4f4dd1bf-8121-4dea-9b1e-661334aa6384" />
</File>
<Timelines>
<Transcode startTime="443" endTime="444" complete="1" fileType="av" variant="4f4dd1bf-8121-4dea-9b1e-661334aa6384" />
</Timelines>
</Segment>
<Segment duration="2740" startOffset="1255150" endOffset="1257891">
<File name="chunk-00189" type="av">
<FileVariant size="64" variant="4f4dd1bf-8121-4dea-9b1e-661334aa6384" />
</File>
<Timelines>
<Transcode startTime="444" endTime="444" complete="1" fileType="av" variant="4f4dd1bf-8121-4dea-9b1e-661334aa6384" />
</Timelines>
</Segment>
<Segment duration="3088" startOffset="1257892" endOffset="1260981">
<File name="chunk-00190" type="av">
<FileVariant size="69" variant="4f4dd1bf-8121-4dea-9b1e-661334aa6384" />
</File>
<Timelines>
<Transcode startTime="444" endTime="446" complete="1" fileType="av" variant="4f4dd1bf-8121-4dea-9b1e-661334aa6384" />
</Timelines>
</Segment>
<Segment duration="3741" startOffset="1260982" endOffset="1264724">
<File name="chunk-00191" type="av">
<FileVariant size="75" variant="4f4dd1bf-8121-4dea-9b1e-661334aa6384" />
</File>
<Timelines>
<Transcode startTime="446" endTime="450" complete="1" fileType="av" variant="4f4dd1bf-8121-4dea-9b1e-661334aa6384" />
</Timelines>
</Segment>
<Segment duration="2392" startOffset="1264725" endOffset="1267117">
<File name="chunk-00192" type="av">
<FileVariant size="56" variant="4f4dd1bf-8121-4dea-9b1e-661334aa6384" />
</File>
<Timelines>
<Transcode startTime="450" endTime="451" complete="1" fileType="av" variant="4f4dd1bf-8121-4dea-9b1e-661334aa6384" />
</Timelines>
</Segment>
<Segment duration="1784" startOffset="1267118" endOffset="1268902">
<File name="chunk-00193" type="av">
<FileVariant size="71" variant="4f4dd1bf-8121-4dea-9b1e-661334aa6384" />
</File>
<Timelines>
<Transcode startTime="451" endTime="452" complete="1" fileType="av" variant="4f4dd1bf-8121-4dea-9b1e-661334aa6384" />
</Timelines>
</Segment>
<Segment duration="1479" startOffset="1268903" endOffset="1270382">
<File name="chunk-00194" type="av">
<FileVariant size="59" variant="4f4dd1bf-8121-4dea-9b1e-661334aa6384" />
</File>
<Timelines>
<Transcode startTime="452" endTime="454" complete="1" fileType="av" variant="4f4dd1bf-8121-4dea-9b1e-661334aa6384" />
</Timelines>
</Segment>
<Segment duration="2609" startOffset="1270383" endOffset="1272993">
<File name="chunk-00195" type="av">
<FileVariant size="59" variant="4f4dd1bf-8121-4dea-9b1e-661334aa6384" />
</File>
<Timelines>
<Transcode startTime="454" endTime="455" complete="1" fileType="av" variant="4f4dd1bf-8121-4dea-9b1e-661334aa6384" />
</Timelines>
</Segment>
<Segment duration="2306" startOffset="1272994" endOffset="1275300">
<File name="chunk-00196" type="av">
<FileVariant size="63" variant="4f4dd1bf-8121-4dea-9b1e-661334aa6384" />
</File>
<Timelines>
<Transcode startTime="455" endTime="457" complete="1" fileType="av" variant="4f4dd1bf-8121-4dea-9b1e-661334aa6384" />
</Timelines>
</Segment>
<Segment duration="2087" startOffset="1275301" endOffset="1277389">
<File name="chunk-00197" type="av">
<FileVariant size="50" variant="4f4dd1bf-8121-4dea-9b1e-661334aa6384" />
</File>
<Timelines>
<Transcode startTime="457" endTime="459" complete="1" fileType="av" variant="4f4dd1bf-8121-4dea-9b1e-661334aa6384" />
</Timelines>
</Segment>
<Segment duration="2348" startOffset="1277390" endOffset="1279739">
<File name="chunk-00198" type="av">
<FileVariant size="50" variant="4f4dd1bf-8121-4dea-9b1e-661334aa6384" />
</File>
<Timelines>
<Transcode startTime="459" endTime="461" complete="1" fileType="av" variant="4f4dd1bf-8121-4dea-9b1e-661334aa6384" />
</Timelines>
</Segment>
<Segment duration="2479" startOffset="1279740" endOffset="1282219">
<File name="chunk-00199" type="av">
<FileVariant size="50" variant="4f4dd1bf-8121-4dea-9b1e-661334aa6384" />
</File>
<Timelines>
<Transcode startTime="461" endTime="471" complete="1" fileType="av" variant="4f4dd1bf-8121-4dea-9b1e-661334aa6384" />
</Timelines>
</Segment>
<Segment duration="2261" startOffset="1292448" endOffset="1294710">
<File name="chunk-00200" type="av">
<FileVariant size="50" variant="4f4dd1bf-8121-4dea-9b1e-661334aa6384" />
</File>
<Timelines>
<Transcode startTime="471" endTime="476" complete="1" fileType="av" variant="4f4dd1bf-8121-4dea-9b1e-661334aa6384" />
</Timelines>
</Segment>
<Segment duration="1479" startOffset="1299412" endOffset="1300891">
<File name="chunk-00201" type="av">
<FileVariant size="39" variant="4f4dd1bf-8121-4dea-9b1e-661334aa6384" />
</File>
<Timelines>
<Transcode startTime="476" endTime="614" complete="1" fileType="av" variant="4f4dd1bf-8121-4dea-9b1e-661334aa6384" />
</Timelines>
</Segment>
<Segment duration="1217" startOffset="1312686" endOffset="1313903">
<File name="chunk-00202" type="av">
<FileVariant size="40" variant="4f4dd1bf-8121-4dea-9b1e-661334aa6384" />
</File>
<Timelines>
<Transcode startTime="614" endTime="736" complete="1" fileType="av" variant="4f4dd1bf-8121-4dea-9b1e-661334aa6384" />
</Timelines>
</Segment>
<Segment duration="1131" startOffset="1317386" endOffset="1318517">
<File name="chunk-00203" type="av">
<FileVariant size="41" variant="4f4dd1bf-8121-4dea-9b1e-661334aa6384" />
</File>
<Timelines>
<Transcode startTime="736" endTime="1050" complete="1" fileType="av" variant="4f4dd1bf-8121-4dea-9b1e-661334aa6384" />
</Timelines>
</Segment>
<Segment duration="2522" startOffset="1325307" endOffset="1327830">
<File name="chunk-00204" type="av">
<FileVariant size="46" variant="4f4dd1bf-8121-4dea-9b1e-661334aa6384" />
</File>
<Timelines>
<Transcode startTime="1050" endTime="1088" complete="1" fileType="av" variant="4f4dd1bf-8121-4dea-9b1e-661334aa6384" />
</Timelines>
</Segment>
<Segment duration="2219" startOffset="1327831" endOffset="1330050">
<File name="chunk-00205" type="av">
<FileVariant size="53" variant="4f4dd1bf-8121-4dea-9b1e-661334aa6384" />
</File>
<Timelines>
<Transcode startTime="1088" endTime="1105" complete="1" fileType="av" variant="4f4dd1bf-8121-4dea-9b1e-661334aa6384" />
</Timelines>
</Segment>
<Segment duration="2349" startOffset="1330051" endOffset="1332400">
<File name="chunk-00206" type="av">
<FileVariant size="56" variant="4f4dd1bf-8121-4dea-9b1e-661334aa6384" />
</File>
<Timelines>
<Transcode startTime="1105" endTime="1492" complete="1" fileType="av" variant="4f4dd1bf-8121-4dea-9b1e-661334aa6384" />
</Timelines>
</Segment>
<Segment duration="1826" startOffset="1349244" endOffset="1351071">
<File name="chunk-00207" type="av">
<FileVariant size="52" variant="4f4dd1bf-8121-4dea-9b1e-661334aa6384" />
</File>
<Timelines>
<Transcode startTime="1492" endTime="1497" complete="1" fileType="av" variant="4f4dd1bf-8121-4dea-9b1e-661334aa6384" />
</Timelines>
</Segment>
<Segment duration="2654" startOffset="1351072" endOffset="1353726">
<File name="chunk-00208" type="av">
<FileVariant size="61" variant="4f4dd1bf-8121-4dea-9b1e-661334aa6384" />
</File>
<Timelines>
<Transcode startTime="1497" endTime="1548" complete="1" fileType="av" variant="4f4dd1bf-8121-4dea-9b1e-661334aa6384" />
</Timelines>
</Segment>
<Segment duration="1956" startOffset="1355555" endOffset="1357512">
<File name="chunk-00209" type="av">
<FileVariant size="68" variant="4f4dd1bf-8121-4dea-9b1e-661334aa6384" />
</File>
<Timelines>
<Transcode startTime="1548" endTime="1553" complete="1" fileType="av" variant="4f4dd1bf-8121-4dea-9b1e-661334aa6384" />
</Timelines>
</Segment>
<Segment duration="1958" startOffset="1357513" endOffset="1359471">
<File name="chunk-00210" type="av">
<FileVariant size="54" variant="4f4dd1bf-8121-4dea-9b1e-661334aa6384" />
</File>
<Timelines>
<Transcode startTime="1553" endTime="1584" complete="1" fileType="av" variant="4f4dd1bf-8121-4dea-9b1e-661334aa6384" />
</Timelines>
</Segment>
<Segment duration="3351" startOffset="1359472" endOffset="1362823">
<File name="chunk-00211" type="av">
<FileVariant size="76" variant="4f4dd1bf-8121-4dea-9b1e-661334aa6384" />
</File>
<Timelines>
<Transcode startTime="1584" endTime="1596" complete="1" fileType="av" variant="4f4dd1bf-8121-4dea-9b1e-661334aa6384" />
</Timelines>
</Segment>
<Segment duration="1826" startOffset="1363389" endOffset="1365215">
<File name="chunk-00212" type="av">
<FileVariant size="44" variant="4f4dd1bf-8121-4dea-9b1e-661334aa6384" />
</File>
<Timelines>
<Transcode startTime="1596" endTime="1635" complete="1" fileType="av" variant="4f4dd1bf-8121-4dea-9b1e-661334aa6384" />
</Timelines>
</Segment>
<Segment duration="1696" startOffset="1366304" endOffset="1368001">
<File name="chunk-00213" type="av">
<FileVariant size="47" variant="4f4dd1bf-8121-4dea-9b1e-661334aa6384" />
</File>
<Timelines>
<Transcode startTime="1635" endTime="1645" complete="1" fileType="av" variant="4f4dd1bf-8121-4dea-9b1e-661334aa6384" />
</Timelines>
</Segment>
<Segment duration="1260" startOffset="1370396" endOffset="1371657">
<File name="chunk-00214" type="av">
<FileVariant size="47" variant="4f4dd1bf-8121-4dea-9b1e-661334aa6384" />
</File>
<Timelines>
<Transcode startTime="1645" endTime="1685" complete="1" fileType="av" variant="4f4dd1bf-8121-4dea-9b1e-661334aa6384" />
</Timelines>
</Segment>
<Segment duration="2088" startOffset="1371658" endOffset="1373746">
<File name="chunk-00215" type="av">
<FileVariant size="51" variant="4f4dd1bf-8121-4dea-9b1e-661334aa6384" />
</File>
<Timelines>
<Transcode startTime="1685" endTime="1741" complete="1" fileType="av" variant="4f4dd1bf-8121-4dea-9b1e-661334aa6384" />
</Timelines>
</Segment>
<Segment duration="2480" startOffset="1376358" endOffset="1378838">
<File name="chunk-00216" type="av">
<FileVariant size="58" variant="4f4dd1bf-8121-4dea-9b1e-661334aa6384" />
</File>
<Timelines>
<Transcode startTime="1741" endTime="1747" complete="1" fileType="av" variant="4f4dd1bf-8121-4dea-9b1e-661334aa6384" />
</Timelines>
</Segment>
<Segment duration="3567" startOffset="1378839" endOffset="1382407">
<File name="chunk-00217" type="av">
<FileVariant size="78" variant="4f4dd1bf-8121-4dea-9b1e-661334aa6384" />
</File>
<Timelines>
<Transcode startTime="1747" endTime="1851" complete="1" fileType="av" variant="4f4dd1bf-8121-4dea-9b1e-661334aa6384" />
</Timelines>
</Segment>
<Segment duration="3828" startOffset="1382408" endOffset="1386236">
<File name="chunk-00218" type="av">
<FileVariant size="71" variant="4f4dd1bf-8121-4dea-9b1e-661334aa6384" />
</File>
<Timelines>
<Transcode startTime="1851" endTime="1910" complete="1" fileType="av" variant="4f4dd1bf-8121-4dea-9b1e-661334aa6384" />
</Timelines>
</Segment>
<Segment duration="1609" startOffset="1386237" endOffset="1387847">
<File name="chunk-00219" type="av">
<FileVariant size="63" variant="4f4dd1bf-8121-4dea-9b1e-661334aa6384" />
</File>
<Timelines>
<Transcode startTime="1910" endTime="1913" complete="1" fileType="av" variant="4f4dd1bf-8121-4dea-9b1e-661334aa6384" />
</Timelines>
</Segment>
<Segment duration="3263" startOffset="1387848" endOffset="1391111">
<File name="chunk-00220" type="av">
<FileVariant size="62" variant="4f4dd1bf-8121-4dea-9b1e-661334aa6384" />
</File>
<Timelines>
<Transcode startTime="1913" endTime="1923" complete="1" fileType="av" variant="4f4dd1bf-8121-4dea-9b1e-661334aa6384" />
</Timelines>
</Segment>
<Segment duration="2522" startOffset="1391112" endOffset="1393635">
<File name="chunk-00221" type="av">
<FileVariant size="62" variant="4f4dd1bf-8121-4dea-9b1e-661334aa6384" />
</File>
<Timelines>
<Transcode startTime="1923" endTime="1930" complete="1" fileType="av" variant="4f4dd1bf-8121-4dea-9b1e-661334aa6384" />
</Timelines>
</Segment>
<Segment duration="1740" startOffset="1393636" endOffset="1395376">
<File name="chunk-00222" type="av">
<FileVariant size="49" variant="4f4dd1bf-8121-4dea-9b1e-661334aa6384" />
</File>
<Timelines>
<Transcode startTime="1930" endTime="1988" complete="1" fileType="av" variant="4f4dd1bf-8121-4dea-9b1e-661334aa6384" />
</Timelines>
</Segment>
<Segment duration="2392" startOffset="1397640" endOffset="1400033">
<File name="chunk-00223" type="av">
<FileVariant size="48" variant="4f4dd1bf-8121-4dea-9b1e-661334aa6384" />
</File>
<Timelines>
<Transcode startTime="1988" endTime="2007" complete="1" fileType="av" variant="4f4dd1bf-8121-4dea-9b1e-661334aa6384" />
</Timelines>
</Segment>
<Segment duration="2783" startOffset="1400034" endOffset="1402818">
<File name="chunk-00224" type="av">
<FileVariant size="53" variant="4f4dd1bf-8121-4dea-9b1e-661334aa6384" />
</File>
<Timelines>
<Transcode startTime="2007" endTime="2051" complete="1" fileType="av" variant="4f4dd1bf-8121-4dea-9b1e-661334aa6384" />
</Timelines>
</Segment>
<Segment duration="2785" startOffset="1402819" endOffset="1405604">
<File name="chunk-00225" type="av">
<FileVariant size="65" variant="4f4dd1bf-8121-4dea-9b1e-661334aa6384" />
</File>
<Timelines>
<Transcode startTime="2051" endTime="2089" complete="1" fileType="av" variant="4f4dd1bf-8121-4dea-9b1e-661334aa6384" />
</Timelines>
</Segment>
<Segment duration="3523" startOffset="1405605" endOffset="1409129">
<File name="chunk-00226" type="av">
<FileVariant size="64" variant="4f4dd1bf-8121-4dea-9b1e-661334aa6384" />
</File>
<Timelines>
<Transcode startTime="2089" endTime="2131" complete="1" fileType="av" variant="4f4dd1bf-8121-4dea-9b1e-661334aa6384" />
</Timelines>
</Segment>
<Segment duration="3218" startOffset="1409130" endOffset="1412349">
<File name="chunk-00227" type="av">
<FileVariant size="72" variant="4f4dd1bf-8121-4dea-9b1e-661334aa6384" />
</File>
<Timelines>
<Transcode startTime="2131" endTime="2188" complete="1" fileType="av" variant="4f4dd1bf-8121-4dea-9b1e-661334aa6384" />
</Timelines>
</Segment>
<Segment duration="4700" startOffset="1412350" endOffset="1417050">
<File name="chunk-00228" type="av">
<FileVariant size="46" variant="4f4dd1bf-8121-4dea-9b1e-661334aa6384" />
</File>
<Timelines>
<Transcode startTime="2188" endTime="2466" complete="1" fileType="av" variant="4f4dd1bf-8121-4dea-9b1e-661334aa6384" />
</Timelines>
</Segment>
<Segment duration="2480" startOffset="1425973" endOffset="1428453">
<File name="chunk-00229" type="av">
<FileVariant size="73" variant="4f4dd1bf-8121-4dea-9b1e-661334aa6384" />
</File>
<Timelines>
<Transcode startTime="2466" endTime="2491" complete="1" fileType="av" variant="4f4dd1bf-8121-4dea-9b1e-661334aa6384" />
</Timelines>
</Segment>
<Segment duration="4438" startOffset="1428454" endOffset="1432892">
<File name="chunk-00230" type="av">
<FileVariant size="92" variant="4f4dd1bf-8121-4dea-9b1e-661334aa6384" />
</File>
<Timelines>
<Transcode startTime="2491" endTime="2985" complete="1" fileType="av" variant="4f4dd1bf-8121-4dea-9b1e-661334aa6384" />
</Timelines>
</Segment>
<Segment duration="3610" startOffset="1447690" endOffset="1451301">
<File name="chunk-00231" type="av">
<FileVariant size="73" variant="4f4dd1bf-8121-4dea-9b1e-661334aa6384" />
</File>
<Timelines>
<Transcode startTime="2985" endTime="2994" complete="1" fileType="av" variant="4f4dd1bf-8121-4dea-9b1e-661334aa6384" />
</Timelines>
</Segment>
<Segment duration="2350" startOffset="1451302" endOffset="1453652">
<File name="chunk-00232" type="av">
<FileVariant size="63" variant="4f4dd1bf-8121-4dea-9b1e-661334aa6384" />
</File>
<Timelines>
<Transcode startTime="2994" endTime="3000" complete="1" fileType="av" variant="4f4dd1bf-8121-4dea-9b1e-661334aa6384" />
</Timelines>
</Segment>
<Segment duration="2131" startOffset="1453653" endOffset="1455784">
<File name="chunk-00233" type="av">
<FileVariant size="68" variant="4f4dd1bf-8121-4dea-9b1e-661334aa6384" />
</File>
<Timelines>
<Transcode startTime="3000" endTime="3035" complete="1" fileType="av" variant="4f4dd1bf-8121-4dea-9b1e-661334aa6384" />
</Timelines>
</Segment>
<Segment duration="2087" startOffset="1455785" endOffset="1457873">
<File name="chunk-00234" type="av">
<FileVariant size="76" variant="4f4dd1bf-8121-4dea-9b1e-661334aa6384" />
</File>
<Timelines>
<Transcode startTime="3035" endTime="3035" complete="1" fileType="av" variant="4f4dd1bf-8121-4dea-9b1e-661334aa6384" />
</Timelines>
</Segment>
<Segment duration="2435" startOffset="1457874" endOffset="1460310">
<File name="chunk-00235" type="av">
<FileVariant size="78" variant="4f4dd1bf-8121-4dea-9b1e-661334aa6384" />
</File>
<Timelines>
<Transcode startTime="3035" endTime="3041" complete="1" fileType="av" variant="4f4dd1bf-8121-4dea-9b1e-661334aa6384" />
</Timelines>
</Segment>
<Segment duration="1566" startOffset="1460311" endOffset="1461877">
<File name="chunk-00236" type="av">
<FileVariant size="52" variant="4f4dd1bf-8121-4dea-9b1e-661334aa6384" />
</File>
<Timelines>
<Transcode startTime="3041" endTime="3047" complete="1" fileType="av" variant="4f4dd1bf-8121-4dea-9b1e-661334aa6384" />
</Timelines>
</Segment>
<Segment duration="2045" startOffset="1461878" endOffset="1463923">
<File name="chunk-00237" type="av">
<FileVariant size="56" variant="4f4dd1bf-8121-4dea-9b1e-661334aa6384" />
</File>
<Timelines>
<Transcode startTime="3047" endTime="3048" complete="1" fileType="av" variant="4f4dd1bf-8121-4dea-9b1e-661334aa6384" />
</Timelines>
</Segment>
<Segment duration="3959" startOffset="1463924" endOffset="1467883">
<File name="chunk-00238" type="av">
<FileVariant size="88" variant="4f4dd1bf-8121-4dea-9b1e-661334aa6384" />
</File>
<Timelines>
<Transcode startTime="3048" endTime="3081" complete="1" fileType="av" variant="4f4dd1bf-8121-4dea-9b1e-661334aa6384" />
</Timelines>
</Segment>
<Segment duration="2306" startOffset="1467884" endOffset="1470190">
<File name="chunk-00239" type="av">
<FileVariant size="65" variant="4f4dd1bf-8121-4dea-9b1e-661334aa6384" />
</File>
<Timelines>
<Transcode startTime="3081" endTime="3081" complete="1" fileType="av" variant="4f4dd1bf-8121-4dea-9b1e-661334aa6384" />
</Timelines>
</Segment>
<Segment duration="1566" startOffset="1470191" endOffset="1471757">
<File name="chunk-00240" type="av">
<FileVariant size="41" variant="4f4dd1bf-8121-4dea-9b1e-661334aa6384" />
</File>
<Timelines>
<Transcode startTime="3081" endTime="3081" complete="1" fileType="av" variant="4f4dd1bf-8121-4dea-9b1e-661334aa6384" />
</Timelines>
</Segment>
<Segment duration="3306" startOffset="1471758" endOffset="1475064">
<File name="chunk-00241" type="av">
<FileVariant size="70" variant="4f4dd1bf-8121-4dea-9b1e-661334aa6384" />
</File>
<Timelines>
<Transcode startTime="3081" endTime="3091" complete="1" fileType="av" variant="4f4dd1bf-8121-4dea-9b1e-661334aa6384" />
</Timelines>
</Segment>
<Segment duration="2131" startOffset="1475065" endOffset="1477197">
<File name="chunk-00242" type="av">
<FileVariant size="69" variant="4f4dd1bf-8121-4dea-9b1e-661334aa6384" />
</File>
<Timelines>
<Transcode startTime="3091" endTime="3092" complete="1" fileType="av" variant="4f4dd1bf-8121-4dea-9b1e-661334aa6384" />
</Timelines>
</Segment>
<Segment duration="1129" startOffset="1477198" endOffset="1478328">
<File name="chunk-00243" type="av">
<FileVariant size="61" variant="4f4dd1bf-8121-4dea-9b1e-661334aa6384" />
</File>
<Timelines>
<Transcode startTime="3092" endTime="3093" complete="1" fileType="av" variant="4f4dd1bf-8121-4dea-9b1e-661334aa6384" />
</Timelines>
</Segment>
<Segment duration="2263" startOffset="1478329" endOffset="1480592">
<File name="chunk-00244" type="av">
<FileVariant size="72" variant="4f4dd1bf-8121-4dea-9b1e-661334aa6384" />
</File>
<Timelines>
<Transcode startTime="3093" endTime="3128" complete="1" fileType="av" variant="4f4dd1bf-8121-4dea-9b1e-661334aa6384" />
</Timelines>
</Segment>
<Segment duration="1216" startOffset="1480593" endOffset="1481810">
<File name="chunk-00245" type="av">
<FileVariant size="44" variant="4f4dd1bf-8121-4dea-9b1e-661334aa6384" />
</File>
<Timelines>
<Transcode startTime="3128" endTime="3133" complete="1" fileType="av" variant="4f4dd1bf-8121-4dea-9b1e-661334aa6384" />
</Timelines>
</Segment>
<Segment duration="2436" startOffset="1481811" endOffset="1484247">
<File name="chunk-00246" type="av">
<FileVariant size="79" variant="4f4dd1bf-8121-4dea-9b1e-661334aa6384" />
</File>
<Timelines>
<Transcode startTime="3133" endTime="3134" complete="1" fileType="av" variant="4f4dd1bf-8121-4dea-9b1e-661334aa6384" />
</Timelines>
</Segment>
<Segment duration="1783" startOffset="1484248" endOffset="1486032">
<File name="chunk-00247" type="av">
<FileVariant size="67" variant="4f4dd1bf-8121-4dea-9b1e-661334aa6384" />
</File>
<Timelines>
<Transcode startTime="3134" endTime="3222" complete="1" fileType="av" variant="4f4dd1bf-8121-4dea-9b1e-661334aa6384" />
</Timelines>
</Segment>
<Segment duration="1783" startOffset="1486033" endOffset="1487816">
<File name="chunk-00248" type="av">
<FileVariant size="51" variant="4f4dd1bf-8121-4dea-9b1e-661334aa6384" />
</File>
<Timelines>
<Transcode startTime="3222" endTime="3223" complete="1" fileType="av" variant="4f4dd1bf-8121-4dea-9b1e-661334aa6384" />
</Timelines>
</Segment>
<Segment duration="1392" startOffset="1487817" endOffset="1489209">
<File name="chunk-00249" type="av">
<FileVariant size="57" variant="4f4dd1bf-8121-4dea-9b1e-661334aa6384" />
</File>
<Timelines>
<Transcode startTime="3223" endTime="3224" complete="1" fileType="av" variant="4f4dd1bf-8121-4dea-9b1e-661334aa6384" />
</Timelines>
</Segment>
<Segment duration="2087" startOffset="1489210" endOffset="1491298">
<File name="chunk-00250" type="av">
<FileVariant size="64" variant="4f4dd1bf-8121-4dea-9b1e-661334aa6384" />
</File>
<Timelines>
<Transcode startTime="3224" endTime="3228" complete="1" fileType="av" variant="4f4dd1bf-8121-4dea-9b1e-661334aa6384" />
</Timelines>
</Segment>
<Segment duration="1086" startOffset="1491299" endOffset="1492386">
<File name="chunk-00251" type="av">
<FileVariant size="48" variant="4f4dd1bf-8121-4dea-9b1e-661334aa6384" />
</File>
<Timelines>
<Transcode startTime="3228" endTime="3229" complete="1" fileType="av" variant="4f4dd1bf-8121-4dea-9b1e-661334aa6384" />
</Timelines>
</Segment>
<Segment duration="1131" startOffset="1492387" endOffset="1493518">
<File name="chunk-00252" type="av">
<FileVariant size="50" variant="4f4dd1bf-8121-4dea-9b1e-661334aa6384" />
</File>
<Timelines>
<Transcode startTime="3229" endTime="3267" complete="1" fileType="av" variant="4f4dd1bf-8121-4dea-9b1e-661334aa6384" />
</Timelines>
</Segment>
<Segment duration="2566" startOffset="1493519" endOffset="1496085">
<File name="chunk-00253" type="av">
<FileVariant size="53" variant="4f4dd1bf-8121-4dea-9b1e-661334aa6384" />
</File>
<Timelines>
<Transcode startTime="3267" endTime="3495" complete="1" fileType="av" variant="4f4dd1bf-8121-4dea-9b1e-661334aa6384" />
</Timelines>
</Segment>
<Segment duration="3785" startOffset="1510797" endOffset="1514582">
<File name="chunk-00254" type="av">
<FileVariant size="86" variant="4f4dd1bf-8121-4dea-9b1e-661334aa6384" />
</File>
<Timelines>
<Transcode startTime="3495" endTime="3496" complete="1" fileType="av" variant="4f4dd1bf-8121-4dea-9b1e-661334aa6384" />
</Timelines>
</Segment>
<Segment duration="2567" startOffset="1514583" endOffset="1517150">
<File name="chunk-00255" type="av">
<FileVariant size="79" variant="4f4dd1bf-8121-4dea-9b1e-661334aa6384" />
</File>
<Timelines>
<Transcode startTime="3496" endTime="3503" complete="1" fileType="av" variant="4f4dd1bf-8121-4dea-9b1e-661334aa6384" />
</Timelines>
</Segment>
<Segment duration="2304" startOffset="1518544" endOffset="1520849">
<File name="chunk-00256" type="av">
<FileVariant size="61" variant="4f4dd1bf-8121-4dea-9b1e-661334aa6384" />
</File>
<Timelines>
<Transcode startTime="3503" endTime="3505" complete="1" fileType="av" variant="4f4dd1bf-8121-4dea-9b1e-661334aa6384" />
</Timelines>
</Segment>
<Segment duration="3046" startOffset="1520850" endOffset="1523896">
<File name="chunk-00257" type="av">
<FileVariant size="76" variant="4f4dd1bf-8121-4dea-9b1e-661334aa6384" />
</File>
<Timelines>
<Transcode startTime="3505" endTime="3620" complete="1" fileType="av" variant="4f4dd1bf-8121-4dea-9b1e-661334aa6384" />
</Timelines>
</Segment>
<Segment duration="869" startOffset="1527640" endOffset="1528510">
<File name="chunk-00258" type="av">
<FileVariant size="43" variant="4f4dd1bf-8121-4dea-9b1e-661334aa6384" />
</File>
<Timelines>
<Transcode startTime="3620" endTime="3626" complete="1" fileType="av" variant="4f4dd1bf-8121-4dea-9b1e-661334aa6384" />
</Timelines>
</Segment>
<Segment duration="1348" startOffset="1529076" endOffset="1530425">
<File name="chunk-00259" type="av">
<FileVariant size="51" variant="4f4dd1bf-8121-4dea-9b1e-661334aa6384" />
</File>
<Timelines>
<Transcode startTime="3626" endTime="3667" complete="1" fileType="av" variant="4f4dd1bf-8121-4dea-9b1e-661334aa6384" />
</Timelines>
</Segment>
<Segment duration="2827" startOffset="1531469" endOffset="1534297">
<File name="chunk-00260" type="av">
<FileVariant size="49" variant="4f4dd1bf-8121-4dea-9b1e-661334aa6384" />
</File>
<Timelines>
<Transcode startTime="3667" endTime="3671" complete="1" fileType="av" variant="4f4dd1bf-8121-4dea-9b1e-661334aa6384" />
</Timelines>
</Segment>
<Segment duration="3828" startOffset="1535865" endOffset="1539694">
<File name="chunk-00261" type="av">
<FileVariant size="97" variant="4f4dd1bf-8121-4dea-9b1e-661334aa6384" />
</File>
<Timelines>
<Transcode startTime="3671" endTime="3716" complete="1" fileType="av" variant="4f4dd1bf-8121-4dea-9b1e-661334aa6384" />
</Timelines>
</Segment>
<Segment duration="2697" startOffset="1539695" endOffset="1542392">
<File name="chunk-00262" type="av">
<FileVariant size="54" variant="4f4dd1bf-8121-4dea-9b1e-661334aa6384" />
</File>
<Timelines>
<Transcode startTime="3716" endTime="3720" complete="1" fileType="av" variant="4f4dd1bf-8121-4dea-9b1e-661334aa6384" />
</Timelines>
</Segment>
<Segment duration="2914" startOffset="1542393" endOffset="1545308">
<File name="chunk-00263" type="av">
<FileVariant size="86" variant="4f4dd1bf-8121-4dea-9b1e-661334aa6384" />
</File>
<Timelines>
<Transcode startTime="3720" endTime="3727" complete="1" fileType="av" variant="4f4dd1bf-8121-4dea-9b1e-661334aa6384" />
</Timelines>
</Segment>
<Segment duration="1697" startOffset="1545309" endOffset="1547006">
<File name="chunk-00264" type="av">
<FileVariant size="48" variant="4f4dd1bf-8121-4dea-9b1e-661334aa6384" />
</File>
<Timelines>
<Transcode startTime="3727" endTime="3732" complete="1" fileType="av" variant="4f4dd1bf-8121-4dea-9b1e-661334aa6384" />
</Timelines>
</Segment>
<Segment duration="1826" startOffset="1548791" endOffset="1550618">
<File name="chunk-00265" type="av">
<FileVariant size="46" variant="4f4dd1bf-8121-4dea-9b1e-661334aa6384" />
</File>
<Timelines>
<Transcode startTime="3732" endTime="3738" complete="1" fileType="av" variant="4f4dd1bf-8121-4dea-9b1e-661334aa6384" />
</Timelines>
</Segment>
<Segment duration="4090" startOffset="1550619" endOffset="1554709">
<File name="chunk-00266" type="av">
<FileVariant size="85" variant="4f4dd1bf-8121-4dea-9b1e-661334aa6384" />
</File>
<Timelines>
<Transcode startTime="3738" endTime="3784" complete="1" fileType="av" variant="4f4dd1bf-8121-4dea-9b1e-661334aa6384" />
</Timelines>
</Segment>
<Segment duration="1216" startOffset="1555929" endOffset="1557146">
<File name="chunk-00267" type="av">
<FileVariant size="46" variant="4f4dd1bf-8121-4dea-9b1e-661334aa6384" />
</File>
<Timelines>
<Transcode startTime="3784" endTime="3785" complete="1" fileType="av" variant="4f4dd1bf-8121-4dea-9b1e-661334aa6384" />
</Timelines>
</Segment>
<Segment duration="1566" startOffset="1557147" endOffset="1558713">
<File name="chunk-00268" type="av">
<FileVariant size="55" variant="4f4dd1bf-8121-4dea-9b1e-661334aa6384" />
</File>
<Timelines>
<Transcode startTime="3785" endTime="3786" complete="1" fileType="av" variant="4f4dd1bf-8121-4dea-9b1e-661334aa6384" />
</Timelines>
</Segment>
<Segment duration="2959" startOffset="1558714" endOffset="1561673">
<File name="chunk-00269" type="av">
<FileVariant size="76" variant="4f4dd1bf-8121-4dea-9b1e-661334aa6384" />
</File>
<Timelines>
<Transcode startTime="3786" endTime="3796" complete="1" fileType="av" variant="4f4dd1bf-8121-4dea-9b1e-661334aa6384" />
</Timelines>
</Segment>
<Segment duration="2218" startOffset="1561674" endOffset="1563892">
<File name="chunk-00270" type="av">
<FileVariant size="74" variant="4f4dd1bf-8121-4dea-9b1e-661334aa6384" />
</File>
<Timelines>
<Transcode startTime="3796" endTime="3834" complete="1" fileType="av" variant="4f4dd1bf-8121-4dea-9b1e-661334aa6384" />
</Timelines>
</Segment>
<Segment duration="2087" startOffset="1563893" endOffset="1565981">
<File name="chunk-00271" type="av">
<FileVariant size="83" variant="4f4dd1bf-8121-4dea-9b1e-661334aa6384" />
</File>
<Timelines>
<Transcode startTime="3834" endTime="3839" complete="1" fileType="av" variant="4f4dd1bf-8121-4dea-9b1e-661334aa6384" />
</Timelines>
</Segment>
<Segment duration="3175" startOffset="1565982" endOffset="1569158">
<File name="chunk-00272" type="av">
<FileVariant size="68" variant="4f4dd1bf-8121-4dea-9b1e-661334aa6384" />
</File>
<Timelines>
<Transcode startTime="3839" endTime="3931" complete="1" fileType="av" variant="4f4dd1bf-8121-4dea-9b1e-661334aa6384" />
</Timelines>
</Segment>
<Segment duration="4133" startOffset="1569159" endOffset="1573293">
<File name="chunk-00273" type="av">
<FileVariant size="81" variant="4f4dd1bf-8121-4dea-9b1e-661334aa6384" />
</File>
<Timelines>
<Transcode startTime="3931" endTime="3944" complete="1" fileType="av" variant="4f4dd1bf-8121-4dea-9b1e-661334aa6384" />
</Timelines>
</Segment>
<Segment duration="1740" startOffset="1573294" endOffset="1575034">
<File name="chunk-00274" type="av">
<FileVariant size="48" variant="4f4dd1bf-8121-4dea-9b1e-661334aa6384" />
</File>
<Timelines>
<Transcode startTime="3944" endTime="3944" complete="1" fileType="av" variant="4f4dd1bf-8121-4dea-9b1e-661334aa6384" />
</Timelines>
</Segment>
<Segment duration="2740" startOffset="1575035" endOffset="1577776">
<File name="chunk-00275" type="av">
<FileVariant size="46" variant="4f4dd1bf-8121-4dea-9b1e-661334aa6384" />
</File>
<Timelines>
<Transcode startTime="3944" endTime="3990" complete="1" fileType="av" variant="4f4dd1bf-8121-4dea-9b1e-661334aa6384" />
</Timelines>
</Segment>
<Segment duration="2174" startOffset="1577777" endOffset="1579952">
<File name="chunk-00276" type="av">
<FileVariant size="63" variant="4f4dd1bf-8121-4dea-9b1e-661334aa6384" />
</File>
<Timelines>
<Transcode startTime="3990" endTime="3992" complete="1" fileType="av" variant="4f4dd1bf-8121-4dea-9b1e-661334aa6384" />
</Timelines>
</Segment>
<Segment duration="2914" startOffset="1579953" endOffset="1582868">
<File name="chunk-00277" type="av">
<FileVariant size="80" variant="4f4dd1bf-8121-4dea-9b1e-661334aa6384" />
</File>
<Timelines>
<Transcode startTime="3992" endTime="4049" complete="1" fileType="av" variant="4f4dd1bf-8121-4dea-9b1e-661334aa6384" />
</Timelines>
</Segment>
<Segment duration="2392" startOffset="1582869" endOffset="1585261">
<File name="chunk-00278" type="av">
<FileVariant size="65" variant="4f4dd1bf-8121-4dea-9b1e-661334aa6384" />
</File>
<Timelines>
<Transcode startTime="4049" endTime="4099" complete="1" fileType="av" variant="4f4dd1bf-8121-4dea-9b1e-661334aa6384" />
</Timelines>
</Segment>
<Segment duration="2174" startOffset="1585262" endOffset="1587437">
<File name="chunk-00279" type="av">
<FileVariant size="65" variant="4f4dd1bf-8121-4dea-9b1e-661334aa6384" />
</File>
<Timelines>
<Transcode startTime="4099" endTime="4105" complete="1" fileType="av" variant="4f4dd1bf-8121-4dea-9b1e-661334aa6384" />
</Timelines>
</Segment>
<Segment duration="1957" startOffset="1587438" endOffset="1589396">
<File name="chunk-00280" type="av">
<FileVariant size="54" variant="4f4dd1bf-8121-4dea-9b1e-661334aa6384" />
</File>
<Timelines>
<Transcode startTime="4105" endTime="4113" complete="1" fileType="av" variant="4f4dd1bf-8121-4dea-9b1e-661334aa6384" />
</Timelines>
</Segment>
<Segment duration="1957" startOffset="1589397" endOffset="1591354">
<File name="chunk-00281" type="av">
<FileVariant size="69" variant="4f4dd1bf-8121-4dea-9b1e-661334aa6384" />
</File>
<Timelines>
<Transcode startTime="4113" endTime="4153" complete="1" fileType="av" variant="4f4dd1bf-8121-4dea-9b1e-661334aa6384" />
</Timelines>
</Segment>
<Segment duration="957" startOffset="1592269" endOffset="1593226">
<File name="chunk-00282" type="av">
<FileVariant size="41" variant="4f4dd1bf-8121-4dea-9b1e-661334aa6384" />
</File>
<Timelines>
<Transcode startTime="4153" endTime="4192" complete="1" fileType="av" variant="4f4dd1bf-8121-4dea-9b1e-661334aa6384" />
</Timelines>
</Segment>
<Segment duration="1869" startOffset="1593227" endOffset="1595097">
<File name="chunk-00283" type="av">
<FileVariant size="51" variant="4f4dd1bf-8121-4dea-9b1e-661334aa6384" />
</File>
<Timelines>
<Transcode startTime="4192" endTime="4195" complete="1" fileType="av" variant="4f4dd1bf-8121-4dea-9b1e-661334aa6384" />
</Timelines>
</Segment>
<Segment duration="2348" startOffset="1595098" endOffset="1597447">
<File name="chunk-00284" type="av">
<FileVariant size="90" variant="4f4dd1bf-8121-4dea-9b1e-661334aa6384" />
</File>
<Timelines>
<Transcode startTime="4195" endTime="4195" complete="1" fileType="av" variant="4f4dd1bf-8121-4dea-9b1e-661334aa6384" />
</Timelines>
</Segment>
<Segment duration="1435" startOffset="1597448" endOffset="1598884">
<File name="chunk-00285" type="av">
<FileVariant size="55" variant="4f4dd1bf-8121-4dea-9b1e-661334aa6384" />
</File>
<Timelines>
<Transcode startTime="4195" endTime="4198" complete="1" fileType="av" variant="4f4dd1bf-8121-4dea-9b1e-661334aa6384" />
</Timelines>
</Segment>
<Segment duration="2827" startOffset="1598885" endOffset="1601713">
<File name="chunk-00286" type="av">
<FileVariant size="88" variant="4f4dd1bf-8121-4dea-9b1e-661334aa6384" />
</File>
<Timelines>
<Transcode startTime="4198" endTime="4206" complete="1" fileType="av" variant="4f4dd1bf-8121-4dea-9b1e-661334aa6384" />
</Timelines>
</Segment>
<Segment duration="3176" startOffset="1601714" endOffset="1604890">
<File name="chunk-00287" type="av">
<FileVariant size="69" variant="4f4dd1bf-8121-4dea-9b1e-661334aa6384" />
</File>
<Timelines>
<Transcode startTime="4206" endTime="4225" complete="1" fileType="av" variant="4f4dd1bf-8121-4dea-9b1e-661334aa6384" />
</Timelines>
</Segment>
<Segment duration="4960" startOffset="1604891" endOffset="1609851">
<File name="chunk-00288" type="av">
<FileVariant size="76" variant="4f4dd1bf-8121-4dea-9b1e-661334aa6384" />
</File>
<Timelines>
<Transcode startTime="4225" endTime="4445" complete="1" fileType="av" variant="4f4dd1bf-8121-4dea-9b1e-661334aa6384" />
</Timelines>
</Segment>
<Segment duration="1173" startOffset="1619645" endOffset="1620819">
<File name="chunk-00289" type="av">
<FileVariant size="52" variant="4f4dd1bf-8121-4dea-9b1e-661334aa6384" />
</File>
<Timelines>
<Transcode startTime="4445" endTime="4447" complete="1" fileType="av" variant="4f4dd1bf-8121-4dea-9b1e-661334aa6384" />
</Timelines>
</Segment>
<Segment duration="1739" startOffset="1620820" endOffset="1622559">
<File name="chunk-00290" type="av">
<FileVariant size="76" variant="4f4dd1bf-8121-4dea-9b1e-661334aa6384" />
</File>
<Timelines>
<Transcode startTime="4447" endTime="4463" complete="1" fileType="av" variant="4f4dd1bf-8121-4dea-9b1e-661334aa6384" />
</Timelines>
</Segment>
<Segment duration="1608" startOffset="1623910" endOffset="1625519">
<File name="chunk-00291" type="av">
<FileVariant size="57" variant="4f4dd1bf-8121-4dea-9b1e-661334aa6384" />
</File>
<Timelines>
<Transcode startTime="4463" endTime="4464" complete="1" fileType="av" variant="4f4dd1bf-8121-4dea-9b1e-661334aa6384" />
</Timelines>
</Segment>
<Segment duration="2000" startOffset="1627565" endOffset="1629566">
<File name="chunk-00292" type="av">
<FileVariant size="45" variant="4f4dd1bf-8121-4dea-9b1e-661334aa6384" />
</File>
<Timelines>
<Transcode startTime="4464" endTime="4773" complete="1" fileType="av" variant="4f4dd1bf-8121-4dea-9b1e-661334aa6384" />
</Timelines>
</Segment>
<Segment duration="4089" startOffset="1643364" endOffset="1647454">
<File name="chunk-00293" type="av">
<FileVariant size="62" variant="4f4dd1bf-8121-4dea-9b1e-661334aa6384" />
</File>
<Timelines>
<Transcode startTime="4773" endTime="4931" complete="1" fileType="av" variant="4f4dd1bf-8121-4dea-9b1e-661334aa6384" />
</Timelines>
</Segment>
<Segment duration="1566" startOffset="1651589" endOffset="1653155">
<File name="chunk-00294" type="av">
<FileVariant size="40" variant="4f4dd1bf-8121-4dea-9b1e-661334aa6384" />
</File>
<Timelines>
<Transcode startTime="4931" endTime="4998" complete="1" fileType="av" variant="4f4dd1bf-8121-4dea-9b1e-661334aa6384" />
</Timelines>
</Segment>
<Segment duration="2610" startOffset="1657639" endOffset="1660249">
<File name="chunk-00295" type="av">
<FileVariant size="72" variant="4f4dd1bf-8121-4dea-9b1e-661334aa6384" />
</File>
<Timelines>
<Transcode startTime="4998" endTime="5001" complete="1" fileType="av" variant="4f4dd1bf-8121-4dea-9b1e-661334aa6384" />
</Timelines>
</Segment>
<Segment duration="1958" startOffset="1660250" endOffset="1662208">
<File name="chunk-00296" type="av">
<FileVariant size="60" variant="4f4dd1bf-8121-4dea-9b1e-661334aa6384" />
</File>
<Timelines>
<Transcode startTime="5001" endTime="5053" complete="1" fileType="av" variant="4f4dd1bf-8121-4dea-9b1e-661334aa6384" />
</Timelines>
</Segment>
<Segment duration="2653" startOffset="1662209" endOffset="1664863">
<File name="chunk-00297" type="av">
<FileVariant size="63" variant="4f4dd1bf-8121-4dea-9b1e-661334aa6384" />
</File>
<Timelines>
<Transcode startTime="5053" endTime="5104" complete="1" fileType="av" variant="4f4dd1bf-8121-4dea-9b1e-661334aa6384" />
</Timelines>
</Segment>
<Segment duration="3828" startOffset="1664864" endOffset="1668693">
<File name="chunk-00298" type="av">
<FileVariant size="79" variant="4f4dd1bf-8121-4dea-9b1e-661334aa6384" />
</File>
<Timelines>
<Transcode startTime="5104" endTime="5162" complete="1" fileType="av" variant="4f4dd1bf-8121-4dea-9b1e-661334aa6384" />
</Timelines>
</Segment>
<Segment duration="2261" startOffset="1668694" endOffset="1670956">
<File name="chunk-00299" type="av">
<FileVariant size="57" variant="4f4dd1bf-8121-4dea-9b1e-661334aa6384" />
</File>
<Timelines>
<Transcode startTime="5162" endTime="5273" complete="1" fileType="av" variant="4f4dd1bf-8121-4dea-9b1e-661334aa6384" />
</Timelines>
</Segment>
<Segment duration="2174" startOffset="1670957" endOffset="1673132">
<File name="chunk-00300" type="av">
<FileVariant size="62" variant="4f4dd1bf-8121-4dea-9b1e-661334aa6384" />
</File>
<Timelines>
<Transcode startTime="5273" endTime="5351" complete="1" fileType="av" variant="4f4dd1bf-8121-4dea-9b1e-661334aa6384" />
</Timelines>
</Segment>
<Segment duration="1479" startOffset="1678225" endOffset="1679704">
<File name="chunk-00301" type="av">
<FileVariant size="45" variant="4f4dd1bf-8121-4dea-9b1e-661334aa6384" />
</File>
<Timelines>
<Transcode startTime="5351" endTime="5398" complete="1" fileType="av" variant="4f4dd1bf-8121-4dea-9b1e-661334aa6384" />
</Timelines>
</Segment>
<Segment duration="2219" startOffset="1680923" endOffset="1683142">
<File name="chunk-00302" type="av">
<FileVariant size="65" variant="4f4dd1bf-8121-4dea-9b1e-661334aa6384" />
</File>
<Timelines>
<Transcode startTime="5398" endTime="5438" complete="1" fileType="av" variant="4f4dd1bf-8121-4dea-9b1e-661334aa6384" />
</Timelines>
</Segment>
<Segment duration="2218" startOffset="1684710" endOffset="1686928">
<File name="chunk-00303" type="av">
<FileVariant size="53" variant="4f4dd1bf-8121-4dea-9b1e-661334aa6384" />
</File>
<Timelines>
<Transcode startTime="5438" endTime="5544" complete="1" fileType="av" variant="4f4dd1bf-8121-4dea-9b1e-661334aa6384" />
</Timelines>
</Segment>
<Segment duration="3567" startOffset="1692587" endOffset="1696155">
<File name="chunk-00304" type="av">
<FileVariant size="78" variant="4f4dd1bf-8121-4dea-9b1e-661334aa6384" />
</File>
<Timelines>
<Transcode startTime="5544" endTime="5604" complete="1" fileType="av" variant="4f4dd1bf-8121-4dea-9b1e-661334aa6384" />
</Timelines>
</Segment>
<Segment duration="2958" startOffset="1697723" endOffset="1700681">
<File name="chunk-00305" type="av">
<FileVariant size="45" variant="4f4dd1bf-8121-4dea-9b1e-661334aa6384" />
</File>
<Timelines>
<Transcode startTime="5604" endTime="5705" complete="1" fileType="av" variant="4f4dd1bf-8121-4dea-9b1e-661334aa6384" />
</Timelines>
</Segment>
<Segment duration="826" startOffset="1702945" endOffset="1703772">
<File name="chunk-00306" type="av">
<FileVariant size="40" variant="4f4dd1bf-8121-4dea-9b1e-661334aa6384" />
</File>
<Timelines>
<Transcode startTime="5705" endTime="5755" complete="1" fileType="av" variant="4f4dd1bf-8121-4dea-9b1e-661334aa6384" />
</Timelines>
</Segment>
<Segment duration="1826" startOffset="1705382" endOffset="1707209">
<File name="chunk-00307" type="av">
<FileVariant size="45" variant="4f4dd1bf-8121-4dea-9b1e-661334aa6384" />
</File>
<Timelines>
<Transcode startTime="5755" endTime="5805" complete="1" fileType="av" variant="4f4dd1bf-8121-4dea-9b1e-661334aa6384" />
</Timelines>
</Segment>
<Segment duration="1609" startOffset="1708168" endOffset="1709777">
<File name="chunk-00308" type="av">
<FileVariant size="45" variant="4f4dd1bf-8121-4dea-9b1e-661334aa6384" />
</File>
<Timelines>
<Transcode startTime="5805" endTime="6395" complete="1" fileType="av" variant="4f4dd1bf-8121-4dea-9b1e-661334aa6384" />
</Timelines>
</Segment>
<Segment duration="1347" startOffset="1721877" endOffset="1723225">
<File name="chunk-00309" type="av">
<FileVariant size="41" variant="4f4dd1bf-8121-4dea-9b1e-661334aa6384" />
</File>
<Timelines>
<Transcode startTime="6395" endTime="6455" complete="1" fileType="av" variant="4f4dd1bf-8121-4dea-9b1e-661334aa6384" />
</Timelines>
</Segment>
<Segment duration="1957" startOffset="1727187" endOffset="1729144">
<File name="chunk-00310" type="av">
<FileVariant size="46" variant="4f4dd1bf-8121-4dea-9b1e-661334aa6384" />
</File>
<Timelines>
<Transcode startTime="6455" endTime="6520" complete="1" fileType="av" variant="4f4dd1bf-8121-4dea-9b1e-661334aa6384" />
</Timelines>
</Segment>
<Segment duration="1217" startOffset="1734411" endOffset="1735629">
<File name="chunk-00311" type="av">
<FileVariant size="46" variant="4f4dd1bf-8121-4dea-9b1e-661334aa6384" />
</File>
<Timelines>
<Transcode startTime="6520" endTime="6757" complete="1" fileType="av" variant="4f4dd1bf-8121-4dea-9b1e-661334aa6384" />
</Timelines>
</Segment>
<Segment duration="1392" startOffset="1748077" endOffset="1749469">
<File name="chunk-00312" type="av">
<FileVariant size="61" variant="4f4dd1bf-8121-4dea-9b1e-661334aa6384" />
</File>
<Timelines>
<Transcode startTime="6757" endTime="6799" complete="1" fileType="av" variant="4f4dd1bf-8121-4dea-9b1e-661334aa6384" />
</Timelines>
</Segment>
<Segment duration="1826" startOffset="1749470" endOffset="1751297">
<File name="chunk-00313" type="av">
<FileVariant size="70" variant="4f4dd1bf-8121-4dea-9b1e-661334aa6384" />
</File>
<Timelines>
<Transcode startTime="6799" endTime="6802" complete="1" fileType="av" variant="4f4dd1bf-8121-4dea-9b1e-661334aa6384" />
</Timelines>
</Segment>
<Segment duration="2174" startOffset="1752255" endOffset="1754430">
<File name="chunk-00314" type="av">
<FileVariant size="57" variant="4f4dd1bf-8121-4dea-9b1e-661334aa6384" />
</File>
<Timelines>
<Transcode startTime="6802" endTime="6852" complete="1" fileType="av" variant="4f4dd1bf-8121-4dea-9b1e-661334aa6384" />
</Timelines>
</Segment>
<Segment duration="1957" startOffset="1754431" endOffset="1756389">
<File name="chunk-00315" type="av">
<FileVariant size="59" variant="4f4dd1bf-8121-4dea-9b1e-661334aa6384" />
</File>
<Timelines>
<Transcode startTime="6852" endTime="6858" complete="1" fileType="av" variant="4f4dd1bf-8121-4dea-9b1e-661334aa6384" />
</Timelines>
</Segment>
<Segment duration="1129" startOffset="1756390" endOffset="1757520">
<File name="chunk-00316" type="av">
<FileVariant size="46" variant="4f4dd1bf-8121-4dea-9b1e-661334aa6384" />
</File>
<Timelines>
<Transcode startTime="6858" endTime="6863" complete="1" fileType="av" variant="4f4dd1bf-8121-4dea-9b1e-661334aa6384" />
</Timelines>
</Segment>
<Segment duration="1131" startOffset="1757521" endOffset="1758652">
<File name="chunk-00317" type="av">
<FileVariant size="46" variant="4f4dd1bf-8121-4dea-9b1e-661334aa6384" />
</File>
<Timelines>
<Transcode startTime="6863" endTime="6903" complete="1" fileType="av" variant="4f4dd1bf-8121-4dea-9b1e-661334aa6384" />
</Timelines>
</Segment>
<Segment duration="1913" startOffset="1758653" endOffset="1760567">
<File name="chunk-00318" type="av">
<FileVariant size="62" variant="4f4dd1bf-8121-4dea-9b1e-661334aa6384" />
</File>
<Timelines>
<Transcode startTime="6903" endTime="6956" complete="1" fileType="av" variant="4f4dd1bf-8121-4dea-9b1e-661334aa6384" />
</Timelines>
</Segment>
<Segment duration="2348" startOffset="1760568" endOffset="1762917">
<File name="chunk-00319" type="av">
<FileVariant size="64" variant="4f4dd1bf-8121-4dea-9b1e-661334aa6384" />
</File>
<Timelines>
<Transcode startTime="6956" endTime="6969" complete="1" fileType="av" variant="4f4dd1bf-8121-4dea-9b1e-661334aa6384" />
</Timelines>
</Segment>
<Segment duration="2915" startOffset="1762918" endOffset="1765833">
<File name="chunk-00320" type="av">
<FileVariant size="52" variant="4f4dd1bf-8121-4dea-9b1e-661334aa6384" />
</File>
<Timelines>
<Transcode startTime="6969" endTime="7018" complete="1" fileType="av" variant="4f4dd1bf-8121-4dea-9b1e-661334aa6384" />
</Timelines>
</Segment>
<Segment duration="1043" startOffset="1765834" endOffset="1766878">
<File name="chunk-00321" type="av">
<FileVariant size="39" variant="4f4dd1bf-8121-4dea-9b1e-661334aa6384" />
</File>
<Timelines>
<Transcode startTime="7018" endTime="7024" complete="1" fileType="av" variant="4f4dd1bf-8121-4dea-9b1e-661334aa6384" />
</Timelines>
</Segment>
<Segment duration="1957" startOffset="1766879" endOffset="1768836">
<File name="chunk-00322" type="av">
<FileVariant size="55" variant="4f4dd1bf-8121-4dea-9b1e-661334aa6384" />
</File>
<Timelines>
<Transcode startTime="7024" endTime="7066" complete="1" fileType="av" variant="4f4dd1bf-8121-4dea-9b1e-661334aa6384" />
</Timelines>
</Segment>
<Segment duration="1086" startOffset="1769751" endOffset="1770838">
<File name="chunk-00323" type="av">
<FileVariant size="55" variant="4f4dd1bf-8121-4dea-9b1e-661334aa6384" />
</File>
<Timelines>
<Transcode startTime="7066" endTime="7075" complete="1" fileType="av" variant="4f4dd1bf-8121-4dea-9b1e-661334aa6384" />
</Timelines>
</Segment>
<Segment duration="957" startOffset="1770839" endOffset="1771796">
<File name="chunk-00324" type="av">
<FileVariant size="44" variant="4f4dd1bf-8121-4dea-9b1e-661334aa6384" />
</File>
<Timelines>
<Transcode startTime="7075" endTime="7223" complete="1" fileType="av" variant="4f4dd1bf-8121-4dea-9b1e-661334aa6384" />
</Timelines>
</Segment>
<Segment duration="1522" startOffset="1780109" endOffset="1781631">
<File name="chunk-00325" type="av">
<FileVariant size="57" variant="4f4dd1bf-8121-4dea-9b1e-661334aa6384" />
</File>
<Timelines>
<Transcode startTime="7223" endTime="7229" complete="1" fileType="av" variant="4f4dd1bf-8121-4dea-9b1e-661334aa6384" />
</Timelines>
</Segment>
<Segment duration="1957" startOffset="1781632" endOffset="1783590">
<File name="chunk-00326" type="av">
<FileVariant size="66" variant="4f4dd1bf-8121-4dea-9b1e-661334aa6384" />
</File>
<Timelines>
<Transcode startTime="7229" endTime="7237" complete="1" fileType="av" variant="4f4dd1bf-8121-4dea-9b1e-661334aa6384" />
</Timelines>
</Segment>
<Segment duration="2131" startOffset="1783591" endOffset="1785722">
<File name="chunk-00327" type="av">
<FileVariant size="63" variant="4f4dd1bf-8121-4dea-9b1e-661334aa6384" />
</File>
<Timelines>
<Transcode startTime="7237" endTime="7242" complete="1" fileType="av" variant="4f4dd1bf-8121-4dea-9b1e-661334aa6384" />
</Timelines>
</Segment>
<Segment duration="2350" startOffset="1785723" endOffset="1788073">
<File name="chunk-00328" type="av">
<FileVariant size="73" variant="4f4dd1bf-8121-4dea-9b1e-661334aa6384" />
</File>
<Timelines>
<Transcode startTime="7242" endTime="7251" complete="1" fileType="av" variant="4f4dd1bf-8121-4dea-9b1e-661334aa6384" />
</Timelines>
</Segment>
<Segment duration="2174" startOffset="1788074" endOffset="1790249">
<File name="chunk-00329" type="av">
<FileVariant size="56" variant="4f4dd1bf-8121-4dea-9b1e-661334aa6384" />
</File>
<Timelines>
<Transcode startTime="7251" endTime="7301" complete="1" fileType="av" variant="4f4dd1bf-8121-4dea-9b1e-661334aa6384" />
</Timelines>
</Segment>
<Segment duration="2915" startOffset="1790250" endOffset="1793166">
<File name="chunk-00330" type="av">
<FileVariant size="80" variant="4f4dd1bf-8121-4dea-9b1e-661334aa6384" />
</File>
<Timelines>
<Transcode startTime="7301" endTime="7312" complete="1" fileType="av" variant="4f4dd1bf-8121-4dea-9b1e-661334aa6384" />
</Timelines>
</Segment>
<Segment duration="2479" startOffset="1795081" endOffset="1797560">
<File name="chunk-00331" type="av">
<FileVariant size="57" variant="4f4dd1bf-8121-4dea-9b1e-661334aa6384" />
</File>
<Timelines>
<Transcode startTime="7312" endTime="7356" complete="1" fileType="av" variant="4f4dd1bf-8121-4dea-9b1e-661334aa6384" />
</Timelines>
</Segment>
<Segment duration="1697" startOffset="1797561" endOffset="1799258">
<File name="chunk-00332" type="av">
<FileVariant size="66" variant="4f4dd1bf-8121-4dea-9b1e-661334aa6384" />
</File>
<Timelines>
<Transcode startTime="7356" endTime="7362" complete="1" fileType="av" variant="4f4dd1bf-8121-4dea-9b1e-661334aa6384" />
</Timelines>
</Segment>
<Segment duration="2218" startOffset="1799259" endOffset="1801477">
<File name="chunk-00333" type="av">
<FileVariant size="61" variant="4f4dd1bf-8121-4dea-9b1e-661334aa6384" />
</File>
<Timelines>
<Transcode startTime="7362" endTime="7407" complete="1" fileType="av" variant="4f4dd1bf-8121-4dea-9b1e-661334aa6384" />
</Timelines>
</Segment>
<Segment duration="2958" startOffset="1801478" endOffset="1804437">
<File name="chunk-00334" type="av">
<FileVariant size="68" variant="4f4dd1bf-8121-4dea-9b1e-661334aa6384" />
</File>
<Timelines>
<Transcode startTime="7407" endTime="7503" complete="1" fileType="av" variant="4f4dd1bf-8121-4dea-9b1e-661334aa6384" />
</Timelines>
</Segment>
<Segment duration="2783" startOffset="1805787" endOffset="1808571">
<File name="chunk-00335" type="av">
<FileVariant size="53" variant="4f4dd1bf-8121-4dea-9b1e-661334aa6384" />
</File>
<Timelines>
<Transcode startTime="7503" endTime="7598" complete="1" fileType="av" variant="4f4dd1bf-8121-4dea-9b1e-661334aa6384" />
</Timelines>
</Segment>
<Segment duration="2001" startOffset="1808572" endOffset="1810573">
<File name="chunk-00336" type="av">
<FileVariant size="45" variant="4f4dd1bf-8121-4dea-9b1e-661334aa6384" />
</File>
<Timelines>
<Transcode startTime="7598" endTime="7609" complete="1" fileType="av" variant="4f4dd1bf-8121-4dea-9b1e-661334aa6384" />
</Timelines>
</Segment>
<Segment duration="2262" startOffset="1810574" endOffset="1812837">
<File name="chunk-00337" type="av">
<FileVariant size="47" variant="4f4dd1bf-8121-4dea-9b1e-661334aa6384" />
</File>
<Timelines>
<Transcode startTime="7609" endTime="7752" complete="1" fileType="av" variant="4f4dd1bf-8121-4dea-9b1e-661334aa6384" />
</Timelines>
</Segment>
<Segment duration="1086" startOffset="1816667" endOffset="1817754">
<File name="chunk-00338" type="av">
<FileVariant size="64" variant="4f4dd1bf-8121-4dea-9b1e-661334aa6384" />
</File>
<Timelines>
<Transcode startTime="7752" endTime="7795" complete="1" fileType="av" variant="4f4dd1bf-8121-4dea-9b1e-661334aa6384" />
</Timelines>
</Segment>
<Segment duration="2220" startOffset="1819583" endOffset="1821803">
<File name="chunk-00339" type="av">
<FileVariant size="57" variant="4f4dd1bf-8121-4dea-9b1e-661334aa6384" />
</File>
<Timelines>
<Transcode startTime="7795" endTime="7960" complete="1" fileType="av" variant="4f4dd1bf-8121-4dea-9b1e-661334aa6384" />
</Timelines>
</Segment>
<Segment duration="1260" startOffset="1828027" endOffset="1829288">
<File name="chunk-00340" type="av">
<FileVariant size="57" variant="4f4dd1bf-8121-4dea-9b1e-661334aa6384" />
</File>
<Timelines>
<Transcode startTime="7960" endTime="8003" complete="1" fileType="av" variant="4f4dd1bf-8121-4dea-9b1e-661334aa6384" />
</Timelines>
</Segment>
<Segment duration="2000" startOffset="1829289" endOffset="1831290">
<File name="chunk-00341" type="av">
<FileVariant size="64" variant="4f4dd1bf-8121-4dea-9b1e-661334aa6384" />
</File>
<Timelines>
<Transcode startTime="8003" endTime="8012" complete="1" fileType="av" variant="4f4dd1bf-8121-4dea-9b1e-661334aa6384" />
</Timelines>
</Segment>
<Segment duration="3741" startOffset="1831291" endOffset="1835033">
<File name="chunk-00342" type="av">
<FileVariant size="79" variant="4f4dd1bf-8121-4dea-9b1e-661334aa6384" />
</File>
<Timelines>
<Transcode startTime="8012" endTime="8184" complete="1" fileType="av" variant="4f4dd1bf-8121-4dea-9b1e-661334aa6384" />
</Timelines>
</Segment>
<Segment duration="2219" startOffset="1839777" endOffset="1841996">
<File name="chunk-00343" type="av">
<FileVariant size="55" variant="4f4dd1bf-8121-4dea-9b1e-661334aa6384" />
</File>
<Timelines>
<Transcode startTime="8184" endTime="8196" complete="1" fileType="av" variant="4f4dd1bf-8121-4dea-9b1e-661334aa6384" />
</Timelines>
</Segment>
<Segment duration="3175" startOffset="1841997" endOffset="1845173">
<File name="chunk-00344" type="av">
<FileVariant size="75" variant="4f4dd1bf-8121-4dea-9b1e-661334aa6384" />
</File>
<Timelines>
<Transcode startTime="8196" endTime="8201" complete="1" fileType="av" variant="4f4dd1bf-8121-4dea-9b1e-661334aa6384" />
</Timelines>
</Segment>
<Segment duration="3133" startOffset="1845174" endOffset="1848307">
<File name="chunk-00345" type="av">
<FileVariant size="55" variant="4f4dd1bf-8121-4dea-9b1e-661334aa6384" />
</File>
<Timelines>
<Transcode startTime="8201" endTime="8246" complete="1" fileType="av" variant="4f4dd1bf-8121-4dea-9b1e-661334aa6384" />
</Timelines>
</Segment>
<Segment duration="1434" startOffset="1848308" endOffset="1849743">
<File name="chunk-00346" type="av">
<FileVariant size="52" variant="4f4dd1bf-8121-4dea-9b1e-661334aa6384" />
</File>
<Timelines>
<Transcode startTime="8246" endTime="8304" complete="1" fileType="av" variant="4f4dd1bf-8121-4dea-9b1e-661334aa6384" />
</Timelines>
</Segment>
<Segment duration="1393" startOffset="1851485" endOffset="1852878">
<File name="chunk-00347" type="av">
<FileVariant size="40" variant="4f4dd1bf-8121-4dea-9b1e-661334aa6384" />
</File>
<Timelines>
<Transcode startTime="8304" endTime="8511" complete="1" fileType="av" variant="4f4dd1bf-8121-4dea-9b1e-661334aa6384" />
</Timelines>
</Segment>
<Segment duration="2175" startOffset="1859797" endOffset="1861973">
<File name="chunk-00348" type="av">
<FileVariant size="53" variant="4f4dd1bf-8121-4dea-9b1e-661334aa6384" />
</File>
<Timelines>
<Transcode startTime="8511" endTime="8564" complete="1" fileType="av" variant="4f4dd1bf-8121-4dea-9b1e-661334aa6384" />
</Timelines>
</Segment>
<Segment duration="1826" startOffset="1861974" endOffset="1863800">
<File name="chunk-00349" type="av">
<FileVariant size="47" variant="4f4dd1bf-8121-4dea-9b1e-661334aa6384" />
</File>
<Timelines>
<Transcode startTime="8564" endTime="8694" complete="1" fileType="av" variant="4f4dd1bf-8121-4dea-9b1e-661334aa6384" />
</Timelines>
</Segment>
<Segment duration="1826" startOffset="1866717" endOffset="1868544">
<File name="chunk-00350" type="av">
<FileVariant size="56" variant="4f4dd1bf-8121-4dea-9b1e-661334aa6384" />
</File>
<Timelines>
<Transcode startTime="8694" endTime="8849" complete="1" fileType="av" variant="4f4dd1bf-8121-4dea-9b1e-661334aa6384" />
</Timelines>
</Segment>
<Segment duration="957" startOffset="1872375" endOffset="1873332">
<File name="chunk-00351" type="av">
<FileVariant size="41" variant="4f4dd1bf-8121-4dea-9b1e-661334aa6384" />
</File>
<Timelines>
<Transcode startTime="8849" endTime="8851" complete="1" fileType="av" variant="4f4dd1bf-8121-4dea-9b1e-661334aa6384" />
</Timelines>
</Segment>
<Segment duration="2480" startOffset="1873333" endOffset="1875813">
<File name="chunk-00352" type="av">
<FileVariant size="65" variant="4f4dd1bf-8121-4dea-9b1e-661334aa6384" />
</File>
<Timelines>
<Transcode startTime="8851" endTime="8888" complete="1" fileType="av" variant="4f4dd1bf-8121-4dea-9b1e-661334aa6384" />
</Timelines>
</Segment>
<Segment duration="1653" startOffset="1876336" endOffset="1877989">
<File name="chunk-00353" type="av">
<FileVariant size="47" variant="4f4dd1bf-8121-4dea-9b1e-661334aa6384" />
</File>
<Timelines>
<Transcode startTime="8888" endTime="8896" complete="1" fileType="av" variant="4f4dd1bf-8121-4dea-9b1e-661334aa6384" />
</Timelines>
</Segment>
<Segment duration="2653" startOffset="1877990" endOffset="1880643">
<File name="chunk-00354" type="av">
<FileVariant size="58" variant="4f4dd1bf-8121-4dea-9b1e-661334aa6384" />
</File>
<Timelines>
<Transcode startTime="8896" endTime="8898" complete="1" fileType="av" variant="4f4dd1bf-8121-4dea-9b1e-661334aa6384" />
</Timelines>
</Segment>
<Segment duration="1784" startOffset="1880644" endOffset="1882428">
<File name="chunk-00355" type="av">
<FileVariant size="50" variant="4f4dd1bf-8121-4dea-9b1e-661334aa6384" />
</File>
<Timelines>
<Transcode startTime="8898" endTime="9045" complete="1" fileType="av" variant="4f4dd1bf-8121-4dea-9b1e-661334aa6384" />
</Timelines>
</Segment>
<Segment duration="1696" startOffset="1886650" endOffset="1888347">
<File name="chunk-00356" type="av">
<FileVariant size="48" variant="4f4dd1bf-8121-4dea-9b1e-661334aa6384" />
</File>
<Timelines>
<Transcode startTime="9045" endTime="9052" complete="1" fileType="av" variant="4f4dd1bf-8121-4dea-9b1e-661334aa6384" />
</Timelines>
</Segment>
<Segment duration="1479" startOffset="1888348" endOffset="1889827">
<File name="chunk-00357" type="av">
<FileVariant size="40" variant="4f4dd1bf-8121-4dea-9b1e-661334aa6384" />
</File>
<Timelines>
<Transcode startTime="9052" endTime="9232" complete="1" fileType="av" variant="4f4dd1bf-8121-4dea-9b1e-661334aa6384" />
</Timelines>
</Segment>
<Segment duration="2088" startOffset="1892004" endOffset="1894092">
<File name="chunk-00358" type="av">
<FileVariant size="40" variant="4f4dd1bf-8121-4dea-9b1e-661334aa6384" />
</File>
<Timelines>
<Transcode startTime="9232" endTime="9279" complete="1" fileType="av" variant="4f4dd1bf-8121-4dea-9b1e-661334aa6384" />
</Timelines>
</Segment>
<Segment duration="913" startOffset="1895268" endOffset="1896181">
<File name="chunk-00359" type="av">
<FileVariant size="40" variant="4f4dd1bf-8121-4dea-9b1e-661334aa6384" />
</File>
<Timelines>
<Transcode startTime="9279" endTime="9318" complete="1" fileType="av" variant="4f4dd1bf-8121-4dea-9b1e-661334aa6384" />
</Timelines>
</Segment>
<Segment duration="1000" startOffset="1896182" endOffset="1897182">
<File name="chunk-00360" type="av">
<FileVariant size="39" variant="4f4dd1bf-8121-4dea-9b1e-661334aa6384" />
</File>
<Timelines>
<Transcode startTime="9318" endTime="9388" complete="1" fileType="av" variant="4f4dd1bf-8121-4dea-9b1e-661334aa6384" />
</Timelines>
</Segment>
<Segment duration="1565" startOffset="1897183" endOffset="1898748">
<File name="chunk-00361" type="av">
<FileVariant size="53" variant="4f4dd1bf-8121-4dea-9b1e-661334aa6384" />
</File>
<Timelines>
<Transcode startTime="9388" endTime="9479" complete="1" fileType="av" variant="4f4dd1bf-8121-4dea-9b1e-661334aa6384" />
</Timelines>
</Segment>
<Segment duration="870" startOffset="1899925" endOffset="1900795">
<File name="chunk-00362" type="av">
<FileVariant size="40" variant="4f4dd1bf-8121-4dea-9b1e-661334aa6384" />
</File>
<Timelines>
<Transcode startTime="9479" endTime="9562" complete="1" fileType="av" variant="4f4dd1bf-8121-4dea-9b1e-661334aa6384" />
</Timelines>
</Segment>
<Segment duration="2131" startOffset="1905452" endOffset="1907583">
<File name="chunk-00363" type="av">
<FileVariant size="48" variant="4f4dd1bf-8121-4dea-9b1e-661334aa6384" />
</File>
<Timelines>
<Transcode startTime="9562" endTime="9568" complete="1" fileType="av" variant="4f4dd1bf-8121-4dea-9b1e-661334aa6384" />
</Timelines>
</Segment>
<Segment duration="4568" startOffset="1907584" endOffset="1912153">
<File name="chunk-00364" type="av">
<FileVariant size="61" variant="4f4dd1bf-8121-4dea-9b1e-661334aa6384" />
</File>
<Timelines>
<Transcode startTime="9568" endTime="9655" complete="1" fileType="av" variant="4f4dd1bf-8121-4dea-9b1e-661334aa6384" />
</Timelines>
</Segment>
<Segment duration="2219" startOffset="1916811" endOffset="1919030">
<File name="chunk-00365" type="av">
<FileVariant size="49" variant="4f4dd1bf-8121-4dea-9b1e-661334aa6384" />
</File>
<Timelines>
<Transcode startTime="9655" endTime="9659" complete="1" fileType="av" variant="4f4dd1bf-8121-4dea-9b1e-661334aa6384" />
</Timelines>
</Segment>
<Segment duration="3785" startOffset="1919031" endOffset="1922816">
<File name="chunk-00366" type="av">
<FileVariant size="74" variant="4f4dd1bf-8121-4dea-9b1e-661334aa6384" />
</File>
<Timelines>
<Transcode startTime="9659" endTime="9683" complete="1" fileType="av" variant="4f4dd1bf-8121-4dea-9b1e-661334aa6384" />
</Timelines>
</Segment>
<Segment duration="1869" startOffset="1922817" endOffset="1924687">
<File name="chunk-00367" type="av">
<FileVariant size="51" variant="4f4dd1bf-8121-4dea-9b1e-661334aa6384" />
</File>
<Timelines>
<Transcode startTime="9683" endTime="9684" complete="1" fileType="av" variant="4f4dd1bf-8121-4dea-9b1e-661334aa6384" />
</Timelines>
</Segment>
<Segment duration="2349" startOffset="1924688" endOffset="1927038">
<File name="chunk-00368" type="av">
<FileVariant size="55" variant="4f4dd1bf-8121-4dea-9b1e-661334aa6384" />
</File>
<Timelines>
<Transcode startTime="9684" endTime="9708" complete="1" fileType="av" variant="4f4dd1bf-8121-4dea-9b1e-661334aa6384" />
</Timelines>
</Segment>
<Segment duration="2697" startOffset="1927039" endOffset="1929736">
<File name="chunk-00369" type="av">
<FileVariant size="68" variant="4f4dd1bf-8121-4dea-9b1e-661334aa6384" />
</File>
<Timelines>
<Transcode startTime="9708" endTime="9954" complete="1" fileType="av" variant="4f4dd1bf-8121-4dea-9b1e-661334aa6384" />
</Timelines>
</Segment>
<Segment duration="2480" startOffset="1948364" endOffset="1950844">
<File name="chunk-00370" type="av">
<FileVariant size="71" variant="4f4dd1bf-8121-4dea-9b1e-661334aa6384" />
</File>
<Timelines>
<Transcode startTime="9954" endTime="9969" complete="1" fileType="av" variant="4f4dd1bf-8121-4dea-9b1e-661334aa6384" />
</Timelines>
</Segment>
<Segment duration="3220" startOffset="1950845" endOffset="1954065">
<File name="chunk-00371" type="av">
<FileVariant size="63" variant="4f4dd1bf-8121-4dea-9b1e-661334aa6384" />
</File>
<Timelines>
<Transcode startTime="9969" endTime="10012" complete="1" fileType="av" variant="4f4dd1bf-8121-4dea-9b1e-661334aa6384" />
</Timelines>
</Segment>
<Segment duration="3437" startOffset="1955197" endOffset="1958634">
<File name="chunk-00372" type="av">
<FileVariant size="79" variant="4f4dd1bf-8121-4dea-9b1e-661334aa6384" />
</File>
<Timelines>
<Transcode startTime="10012" endTime="10087" complete="1" fileType="av" variant="4f4dd1bf-8121-4dea-9b1e-661334aa6384" />
</Timelines>
</Segment>
<Segment duration="3220" startOffset="1960898" endOffset="1964118">
<File name="chunk-00373" type="av">
<FileVariant size="80" variant="4f4dd1bf-8121-4dea-9b1e-661334aa6384" />
</File>
<Timelines>
<Transcode startTime="10087" endTime="10093" complete="1" fileType="av" variant="4f4dd1bf-8121-4dea-9b1e-661334aa6384" />
</Timelines>
</Segment>
<Segment duration="2567" startOffset="1964119" endOffset="1966686">
<File name="chunk-00374" type="av">
<FileVariant size="64" variant="4f4dd1bf-8121-4dea-9b1e-661334aa6384" />
</File>
<Timelines>
<Transcode startTime="10093" endTime="10168" complete="1" fileType="av" variant="4f4dd1bf-8121-4dea-9b1e-661334aa6384" />
</Timelines>
</Segment>
<Segment duration="2480" startOffset="1966687" endOffset="1969167">
<File name="chunk-00375" type="av">
<FileVariant size="54" variant="4f4dd1bf-8121-4dea-9b1e-661334aa6384" />
</File>
<Timelines>
<Transcode startTime="10168" endTime="10208" complete="1" fileType="av" variant="4f4dd1bf-8121-4dea-9b1e-661334aa6384" />
</Timelines>
</Segment>
<Segment duration="3567" startOffset="1969168" endOffset="1972735">
<File name="chunk-00376" type="av">
<FileVariant size="88" variant="4f4dd1bf-8121-4dea-9b1e-661334aa6384" />
</File>
<Timelines>
<Transcode startTime="10208" endTime="10309" complete="1" fileType="av" variant="4f4dd1bf-8121-4dea-9b1e-661334aa6384" />
</Timelines>
</Segment>
<Segment duration="1913" startOffset="1972736" endOffset="1974650">
<File name="chunk-00377" type="av">
<FileVariant size="54" variant="4f4dd1bf-8121-4dea-9b1e-661334aa6384" />
</File>
<Timelines>
<Transcode startTime="10309" endTime="10350" complete="1" fileType="av" variant="4f4dd1bf-8121-4dea-9b1e-661334aa6384" />
</Timelines>
</Segment>
<Segment duration="2349" startOffset="1974651" endOffset="1977001">
<File name="chunk-00378" type="av">
<FileVariant size="47" variant="4f4dd1bf-8121-4dea-9b1e-661334aa6384" />
</File>
<Timelines>
<Transcode startTime="10350" endTime="10404" complete="1" fileType="av" variant="4f4dd1bf-8121-4dea-9b1e-661334aa6384" />
</Timelines>
</Segment>
<Segment duration="2436" startOffset="1977002" endOffset="1979438">
<File name="chunk-00379" type="av">
<FileVariant size="68" variant="4f4dd1bf-8121-4dea-9b1e-661334aa6384" />
</File>
<Timelines>
<Transcode startTime="10404" endTime="10503" complete="1" fileType="av" variant="4f4dd1bf-8121-4dea-9b1e-661334aa6384" />
</Timelines>
</Segment>
<Segment duration="1695" startOffset="1979439" endOffset="1981135">
<File name="chunk-00380" type="av">
<FileVariant size="44" variant="4f4dd1bf-8121-4dea-9b1e-661334aa6384" />
</File>
<Timelines>
<Transcode startTime="10503" endTime="10595" complete="1" fileType="av" variant="4f4dd1bf-8121-4dea-9b1e-661334aa6384" />
</Timelines>
</Segment>
<Segment duration="2914" startOffset="1981136" endOffset="1984051">
<File name="chunk-00381" type="av">
<FileVariant size="76" variant="4f4dd1bf-8121-4dea-9b1e-661334aa6384" />
</File>
<Timelines>
<Transcode startTime="10595" endTime="10673" complete="1" fileType="av" variant="4f4dd1bf-8121-4dea-9b1e-661334aa6384" />
</Timelines>
</Segment>
<Segment duration="3307" startOffset="1984052" endOffset="1987359">
<File name="chunk-00382" type="av">
<FileVariant size="82" variant="4f4dd1bf-8121-4dea-9b1e-661334aa6384" />
</File>
<Timelines>
<Transcode startTime="10673" endTime="10724" complete="1" fileType="av" variant="4f4dd1bf-8121-4dea-9b1e-661334aa6384" />
</Timelines>
</Segment>
<Segment duration="2045" startOffset="1987360" endOffset="1989405">
<File name="chunk-00383" type="av">
<FileVariant size="62" variant="4f4dd1bf-8121-4dea-9b1e-661334aa6384" />
</File>
<Timelines>
<Transcode startTime="10724" endTime="10780" complete="1" fileType="av" variant="4f4dd1bf-8121-4dea-9b1e-661334aa6384" />
</Timelines>
</Segment>
<Segment duration="3307" startOffset="1993583" endOffset="1996890">
<File name="chunk-00384" type="av">
<FileVariant size="74" variant="4f4dd1bf-8121-4dea-9b1e-661334aa6384" />
</File>
<Timelines>
<Transcode startTime="10780" endTime="10785" complete="1" fileType="av" variant="4f4dd1bf-8121-4dea-9b1e-661334aa6384" />
</Timelines>
</Segment>
<Segment duration="2914" startOffset="1996891" endOffset="1999806">
<File name="chunk-00385" type="av">
<FileVariant size="75" variant="4f4dd1bf-8121-4dea-9b1e-661334aa6384" />
</File>
<Timelines>
<Transcode startTime="10785" endTime="10797" complete="1" fileType="av" variant="4f4dd1bf-8121-4dea-9b1e-661334aa6384" />
</Timelines>
</Segment>
<Segment duration="1434" startOffset="1999807" endOffset="2001242">
<File name="chunk-00386" type="av">
<FileVariant size="53" variant="4f4dd1bf-8121-4dea-9b1e-661334aa6384" />
</File>
<Timelines>
<Transcode startTime="10797" endTime="10828" complete="1" fileType="av" variant="4f4dd1bf-8121-4dea-9b1e-661334aa6384" />
</Timelines>
</Segment>
<Segment duration="2437" startOffset="2001243" endOffset="2003680">
<File name="chunk-00387" type="av">
<FileVariant size="59" variant="4f4dd1bf-8121-4dea-9b1e-661334aa6384" />
</File>
<Timelines>
<Transcode startTime="10828" endTime="10879" complete="1" fileType="av" variant="4f4dd1bf-8121-4dea-9b1e-661334aa6384" />
</Timelines>
</Segment>
<Segment duration="1696" startOffset="2007206" endOffset="2008902">
<File name="chunk-00388" type="av">
<FileVariant size="42" variant="4f4dd1bf-8121-4dea-9b1e-661334aa6384" />
</File>
<Timelines>
<Transcode startTime="10879" endTime="10962" complete="1" fileType="av" variant="4f4dd1bf-8121-4dea-9b1e-661334aa6384" />
</Timelines>
</Segment>
<Segment duration="2393" startOffset="2010426" endOffset="2012819">
<File name="chunk-00389" type="av">
<FileVariant size="64" variant="4f4dd1bf-8121-4dea-9b1e-661334aa6384" />
</File>
<Timelines>
<Transcode startTime="10962" endTime="10979" complete="1" fileType="av" variant="4f4dd1bf-8121-4dea-9b1e-661334aa6384" />
</Timelines>
</Segment>
<Segment duration="2000" startOffset="2012820" endOffset="2014821">
<File name="chunk-00390" type="av">
<FileVariant size="63" variant="4f4dd1bf-8121-4dea-9b1e-661334aa6384" />
</File>
<Timelines>
<Transcode startTime="10979" endTime="10986" complete="1" fileType="av" variant="4f4dd1bf-8121-4dea-9b1e-661334aa6384" />
</Timelines>
</Segment>
<Segment duration="1914" startOffset="2014822" endOffset="2016736">
<File name="chunk-00391" type="av">
<FileVariant size="67" variant="4f4dd1bf-8121-4dea-9b1e-661334aa6384" />
</File>
<Timelines>
<Transcode startTime="10986" endTime="11031" complete="1" fileType="av" variant="4f4dd1bf-8121-4dea-9b1e-661334aa6384" />
</Timelines>
</Segment>
<Segment duration="3436" startOffset="2016737" endOffset="2020174">
<File name="chunk-00392" type="av">
<FileVariant size="79" variant="4f4dd1bf-8121-4dea-9b1e-661334aa6384" />
</File>
<Timelines>
<Transcode startTime="11031" endTime="11087" complete="1" fileType="av" variant="4f4dd1bf-8121-4dea-9b1e-661334aa6384" />
</Timelines>
</Segment>
<Segment duration="1913" startOffset="2020175" endOffset="2022089">
<File name="chunk-00393" type="av">
<FileVariant size="62" variant="4f4dd1bf-8121-4dea-9b1e-661334aa6384" />
</File>
<Timelines>
<Transcode startTime="11087" endTime="11100" complete="1" fileType="av" variant="4f4dd1bf-8121-4dea-9b1e-661334aa6384" />
</Timelines>
</Segment>
<Segment duration="2523" startOffset="2022090" endOffset="2024613">
<File name="chunk-00394" type="av">
<FileVariant size="60" variant="4f4dd1bf-8121-4dea-9b1e-661334aa6384" />
</File>
<Timelines>
<Transcode startTime="11100" endTime="11151" complete="1" fileType="av" variant="4f4dd1bf-8121-4dea-9b1e-661334aa6384" />
</Timelines>
</Segment>
<Segment duration="4002" startOffset="2024614" endOffset="2028617">
<File name="chunk-00395" type="av">
<FileVariant size="79" variant="4f4dd1bf-8121-4dea-9b1e-661334aa6384" />
</File>
<Timelines>
<Transcode startTime="11151" endTime="11212" complete="1" fileType="av" variant="4f4dd1bf-8121-4dea-9b1e-661334aa6384" />
</Timelines>
</Segment>
<Segment duration="956" startOffset="2030142" endOffset="2031099">
<File name="chunk-00396" type="av">
<FileVariant size="44" variant="4f4dd1bf-8121-4dea-9b1e-661334aa6384" />
</File>
<Timelines>
<Transcode startTime="11212" endTime="11238" complete="1" fileType="av" variant="4f4dd1bf-8121-4dea-9b1e-661334aa6384" />
</Timelines>
</Segment>
<Segment duration="2829" startOffset="2032013" endOffset="2034842">
<File name="chunk-00397" type="av">
<FileVariant size="41" variant="4f4dd1bf-8121-4dea-9b1e-661334aa6384" />
</File>
<Timelines>
<Transcode startTime="11238" endTime="11295" complete="1" fileType="av" variant="4f4dd1bf-8121-4dea-9b1e-661334aa6384" />
</Timelines>
</Segment>
<Segment duration="2130" startOffset="2035582" endOffset="2037713">
<File name="chunk-00398" type="av">
<FileVariant size="48" variant="4f4dd1bf-8121-4dea-9b1e-661334aa6384" />
</File>
<Timelines>
<Transcode startTime="11295" endTime="11301" complete="1" fileType="av" variant="4f4dd1bf-8121-4dea-9b1e-661334aa6384" />
</Timelines>
</Segment>
<Segment duration="3654" startOffset="2037714" endOffset="2041369">
<File name="chunk-00399" type="av">
<FileVariant size="69" variant="4f4dd1bf-8121-4dea-9b1e-661334aa6384" />
</File>
<Timelines>
<Transcode startTime="11301" endTime="11390" complete="1" fileType="av" variant="4f4dd1bf-8121-4dea-9b1e-661334aa6384" />
</Timelines>
</Segment>
<Segment duration="4003" startOffset="2041370" endOffset="2045373">
<File name="chunk-00400" type="av">
<FileVariant size="90" variant="4f4dd1bf-8121-4dea-9b1e-661334aa6384" />
</File>
<Timelines>
<Transcode startTime="11390" endTime="11440" complete="1" fileType="av" variant="4f4dd1bf-8121-4dea-9b1e-661334aa6384" />
</Timelines>
</Segment>
<Segment duration="4046" startOffset="2045374" endOffset="2049420">
<File name="chunk-00401" type="av">
<FileVariant size="45" variant="4f4dd1bf-8121-4dea-9b1e-661334aa6384" />
</File>
<Timelines>
<Transcode startTime="11440" endTime="11801" complete="1" fileType="av" variant="4f4dd1bf-8121-4dea-9b1e-661334aa6384" />
</Timelines>
</Segment>
<Segment duration="1434" startOffset="2063304" endOffset="2064739">
<File name="chunk-00402" type="av">
<FileVariant size="41" variant="4f4dd1bf-8121-4dea-9b1e-661334aa6384" />
</File>
<Timelines>
<Transcode startTime="11801" endTime="11804" complete="1" fileType="av" variant="4f4dd1bf-8121-4dea-9b1e-661334aa6384" />
</Timelines>
</Segment>
<Segment duration="1958" startOffset="2064741" endOffset="2066699">
<File name="chunk-00403" type="av">
<FileVariant size="61" variant="4f4dd1bf-8121-4dea-9b1e-661334aa6384" />
</File>
<Timelines>
<Transcode startTime="11804" endTime="11857" complete="1" fileType="av" variant="4f4dd1bf-8121-4dea-9b1e-661334aa6384" />
</Timelines>
</Segment>
<Segment duration="1347" startOffset="2066699" endOffset="2068047">
<File name="chunk-00404" type="av">
<FileVariant size="64" variant="4f4dd1bf-8121-4dea-9b1e-661334aa6384" />
</File>
<Timelines>
<Transcode startTime="11857" endTime="11858" complete="1" fileType="av" variant="4f4dd1bf-8121-4dea-9b1e-661334aa6384" />
</Timelines>
</Segment>
<Segment duration="2088" startOffset="2068049" endOffset="2070137">
<File name="chunk-00405" type="av">
<FileVariant size="71" variant="4f4dd1bf-8121-4dea-9b1e-661334aa6384" />
</File>
<Timelines>
<Transcode startTime="11858" endTime="11907" complete="1" fileType="av" variant="4f4dd1bf-8121-4dea-9b1e-661334aa6384" />
</Timelines>
</Segment>
<Segment duration="3219" startOffset="2073359" endOffset="2076578">
<File name="chunk-00406" type="av">
<FileVariant size="79" variant="4f4dd1bf-8121-4dea-9b1e-661334aa6384" />
</File>
<Timelines>
<Transcode startTime="11907" endTime="12166" complete="1" fileType="av" variant="4f4dd1bf-8121-4dea-9b1e-661334aa6384" />
</Timelines>
</Segment>
<Segment duration="3525" startOffset="2080931" endOffset="2084456">
<File name="chunk-00407" type="av">
<FileVariant size="76" variant="4f4dd1bf-8121-4dea-9b1e-661334aa6384" />
</File>
<Timelines>
<Transcode startTime="12166" endTime="12236" complete="1" fileType="av" variant="4f4dd1bf-8121-4dea-9b1e-661334aa6384" />
</Timelines>
</Segment>
<Segment duration="1521" startOffset="2084456" endOffset="2085978">
<File name="chunk-00408" type="av">
<FileVariant size="52" variant="4f4dd1bf-8121-4dea-9b1e-661334aa6384" />
</File>
<Timelines>
<Transcode startTime="12236" endTime="12514" complete="1" fileType="av" variant="4f4dd1bf-8121-4dea-9b1e-661334aa6384" />
</Timelines>
</Segment>
<Segment duration="1173" startOffset="2097774" endOffset="2098948">
<File name="chunk-00409" type="av">
<FileVariant size="46" variant="4f4dd1bf-8121-4dea-9b1e-661334aa6384" />
</File>
<Timelines>
<Transcode startTime="12514" endTime="12652" complete="1" fileType="av" variant="4f4dd1bf-8121-4dea-9b1e-661334aa6384" />
</Timelines>
</Segment>
<Segment duration="2175" startOffset="2103519" endOffset="2105694">
<File name="chunk-00410" type="av">
<FileVariant size="41" variant="4f4dd1bf-8121-4dea-9b1e-661334aa6384" />
</File>
<Timelines>
<Transcode startTime="12652" endTime="12701" complete="1" fileType="av" variant="4f4dd1bf-8121-4dea-9b1e-661334aa6384" />
</Timelines>
</Segment>
<Segment duration="5569" startOffset="2105695" endOffset="2111265">
<File name="chunk-00411" type="av">
<FileVariant size="92" variant="4f4dd1bf-8121-4dea-9b1e-661334aa6384" />
</File>
<Timelines>
<Transcode startTime="12701" endTime="12705" complete="1" fileType="av" variant="4f4dd1bf-8121-4dea-9b1e-661334aa6384" />
</Timelines>
</Segment>
<Segment duration="2958" startOffset="2111266" endOffset="2114225">
<File name="chunk-00412" type="av">
<FileVariant size="61" variant="4f4dd1bf-8121-4dea-9b1e-661334aa6384" />
</File>
<Timelines>
<Transcode startTime="12705" endTime="12791" complete="1" fileType="av" variant="4f4dd1bf-8121-4dea-9b1e-661334aa6384" />
</Timelines>
</Segment>
<Segment duration="1391" startOffset="2118360" endOffset="2119752">
<File name="chunk-00413" type="av">
<FileVariant size="53" variant="4f4dd1bf-8121-4dea-9b1e-661334aa6384" />
</File>
<Timelines>
<Transcode startTime="12791" endTime="12791" complete="1" fileType="av" variant="4f4dd1bf-8121-4dea-9b1e-661334aa6384" />
</Timelines>
</Segment>
<Segment duration="1869" startOffset="2119753" endOffset="2121623">
<File name="chunk-00414" type="av">
<FileVariant size="56" variant="4f4dd1bf-8121-4dea-9b1e-661334aa6384" />
</File>
<Timelines>
<Transcode startTime="12791" endTime="12800" complete="1" fileType="av" variant="4f4dd1bf-8121-4dea-9b1e-661334aa6384" />
</Timelines>
</Segment>
<Segment duration="1260" startOffset="2122582" endOffset="2123843">
<File name="chunk-00415" type="av">
<FileVariant size="48" variant="4f4dd1bf-8121-4dea-9b1e-661334aa6384" />
</File>
<Timelines>
<Transcode startTime="12800" endTime="12802" complete="1" fileType="av" variant="4f4dd1bf-8121-4dea-9b1e-661334aa6384" />
</Timelines>
</Segment>
<Segment duration="2306" startOffset="2123844" endOffset="2126150">
<File name="chunk-00416" type="av">
<FileVariant size="49" variant="4f4dd1bf-8121-4dea-9b1e-661334aa6384" />
</File>
<Timelines>
<Transcode startTime="12802" endTime="12804" complete="1" fileType="av" variant="4f4dd1bf-8121-4dea-9b1e-661334aa6384" />
</Timelines>
</Segment>
<Segment duration="1696" startOffset="2126151" endOffset="2127847">
<File name="chunk-00417" type="av">
<FileVariant size="54" variant="4f4dd1bf-8121-4dea-9b1e-661334aa6384" />
</File>
<Timelines>
<Transcode startTime="12804" endTime="12931" complete="1" fileType="av" variant="4f4dd1bf-8121-4dea-9b1e-661334aa6384" />
</Timelines>
</Segment>
<Segment duration="2567" startOffset="2132461" endOffset="2135028">
<File name="chunk-00418" type="av">
<FileVariant size="65" variant="4f4dd1bf-8121-4dea-9b1e-661334aa6384" />
</File>
<Timelines>
<Transcode startTime="12931" endTime="12935" complete="1" fileType="av" variant="4f4dd1bf-8121-4dea-9b1e-661334aa6384" />
</Timelines>
</Segment>
<Segment duration="3916" startOffset="2135029" endOffset="2138945">
<File name="chunk-00419" type="av">
<FileVariant size="76" variant="4f4dd1bf-8121-4dea-9b1e-661334aa6384" />
</File>
<Timelines>
<Transcode startTime="12935" endTime="13044" complete="1" fileType="av" variant="4f4dd1bf-8121-4dea-9b1e-661334aa6384" />
</Timelines>
</Segment>
<Segment duration="2175" startOffset="2138946" endOffset="2141121">
<File name="chunk-00420" type="av">
<FileVariant size="70" variant="4f4dd1bf-8121-4dea-9b1e-661334aa6384" />
</File>
<Timelines>
<Transcode startTime="13044" endTime="13072" complete="1" fileType="av" variant="4f4dd1bf-8121-4dea-9b1e-661334aa6384" />
</Timelines>
</Segment>
<Segment duration="2219" startOffset="2141122" endOffset="2143341">
<File name="chunk-00421" type="av">
<FileVariant size="62" variant="4f4dd1bf-8121-4dea-9b1e-661334aa6384" />
</File>
<Timelines>
<Transcode startTime="13072" endTime="13119" complete="1" fileType="av" variant="4f4dd1bf-8121-4dea-9b1e-661334aa6384" />
</Timelines>
</Segment>
<Segment duration="1521" startOffset="2143342" endOffset="2144864">
<File name="chunk-00422" type="av">
<FileVariant size="50" variant="4f4dd1bf-8121-4dea-9b1e-661334aa6384" />
</File>
<Timelines>
<Transcode startTime="13119" endTime="13206" complete="1" fileType="av" variant="4f4dd1bf-8121-4dea-9b1e-661334aa6384" />
</Timelines>
</Segment>
<Segment duration="3263" startOffset="2144865" endOffset="2148128">
<File name="chunk-00423" type="av">
<FileVariant size="85" variant="4f4dd1bf-8121-4dea-9b1e-661334aa6384" />
</File>
<Timelines>
<Transcode startTime="13206" endTime="13252" complete="1" fileType="av" variant="4f4dd1bf-8121-4dea-9b1e-661334aa6384" />
</Timelines>
</Segment>
<Segment duration="1914" startOffset="2148129" endOffset="2150043">
<File name="chunk-00424" type="av">
<FileVariant size="69" variant="4f4dd1bf-8121-4dea-9b1e-661334aa6384" />
</File>
<Timelines>
<Transcode startTime="13252" endTime="13336" complete="1" fileType="av" variant="4f4dd1bf-8121-4dea-9b1e-661334aa6384" />
</Timelines>
</Segment>
<Segment duration="1521" startOffset="2150044" endOffset="2151566">
<File name="chunk-00425" type="av">
<FileVariant size="61" variant="4f4dd1bf-8121-4dea-9b1e-661334aa6384" />
</File>
<Timelines>
<Transcode startTime="13336" endTime="13337" complete="1" fileType="av" variant="4f4dd1bf-8121-4dea-9b1e-661334aa6384" />
</Timelines>
</Segment>
<Segment duration="1260" startOffset="2151567" endOffset="2152828">
<File name="chunk-00426" type="av">
<FileVariant size="52" variant="4f4dd1bf-8121-4dea-9b1e-661334aa6384" />
</File>
<Timelines>
<Transcode startTime="13337" endTime="13370" complete="1" fileType="av" variant="4f4dd1bf-8121-4dea-9b1e-661334aa6384" />
</Timelines>
</Segment>
<Segment duration="2349" startOffset="2152829" endOffset="2155179">
<File name="chunk-00427" type="av">
<FileVariant size="81" variant="4f4dd1bf-8121-4dea-9b1e-661334aa6384" />
</File>
<Timelines>
<Transcode startTime="13370" endTime="13405" complete="1" fileType="av" variant="4f4dd1bf-8121-4dea-9b1e-661334aa6384" />
</Timelines>
</Segment>
<Segment duration="2914" startOffset="2155180" endOffset="2158094">
<File name="chunk-00428" type="av">
<FileVariant size="70" variant="4f4dd1bf-8121-4dea-9b1e-661334aa6384" />
</File>
<Timelines>
<Transcode startTime="13405" endTime="13423" complete="1" fileType="av" variant="4f4dd1bf-8121-4dea-9b1e-661334aa6384" />
</Timelines>
</Segment>
<Segment duration="3046" startOffset="2158095" endOffset="2161141">
<File name="chunk-00429" type="av">
<FileVariant size="64" variant="4f4dd1bf-8121-4dea-9b1e-661334aa6384" />
</File>
<Timelines>
<Transcode startTime="13423" endTime="13450" complete="1" fileType="av" variant="4f4dd1bf-8121-4dea-9b1e-661334aa6384" />
</Timelines>
</Segment>
<Segment duration="1086" startOffset="2161142" endOffset="2162229">
<File name="chunk-00430" type="av">
<FileVariant size="51" variant="4f4dd1bf-8121-4dea-9b1e-661334aa6384" />
</File>
<Timelines>
<Transcode startTime="13450" endTime="13452" complete="1" fileType="av" variant="4f4dd1bf-8121-4dea-9b1e-661334aa6384" />
</Timelines>
</Segment>
<Segment duration="2958" startOffset="2162230" endOffset="2165189">
<File name="chunk-00431" type="av">
<FileVariant size="54" variant="4f4dd1bf-8121-4dea-9b1e-661334aa6384" />
</File>
<Timelines>
<Transcode startTime="13452" endTime="13522" complete="1" fileType="av" variant="4f4dd1bf-8121-4dea-9b1e-661334aa6384" />
</Timelines>
</Segment>
<Segment duration="3523" startOffset="2165190" endOffset="2168714">
<File name="chunk-00432" type="av">
<FileVariant size="82" variant="4f4dd1bf-8121-4dea-9b1e-661334aa6384" />
</File>
<Timelines>
<Transcode startTime="13522" endTime="13686" complete="1" fileType="av" variant="4f4dd1bf-8121-4dea-9b1e-661334aa6384" />
</Timelines>
</Segment>
<Segment duration="2130" startOffset="2168715" endOffset="2170846">
<File name="chunk-00433" type="av">
<FileVariant size="60" variant="4f4dd1bf-8121-4dea-9b1e-661334aa6384" />
</File>
<Timelines>
<Transcode startTime="13686" endTime="13742" complete="1" fileType="av" variant="4f4dd1bf-8121-4dea-9b1e-661334aa6384" />
</Timelines>
</Segment>
<Segment duration="2653" startOffset="2170847" endOffset="2173501">
<File name="chunk-00434" type="av">
<FileVariant size="57" variant="4f4dd1bf-8121-4dea-9b1e-661334aa6384" />
</File>
<Timelines>
<Transcode startTime="13742" endTime="13745" complete="1" fileType="av" variant="4f4dd1bf-8121-4dea-9b1e-661334aa6384" />
</Timelines>
</Segment>
<Segment duration="3610" startOffset="2173502" endOffset="2177113">
<File name="chunk-00435" type="av">
<FileVariant size="77" variant="4f4dd1bf-8121-4dea-9b1e-661334aa6384" />
</File>
<Timelines>
<Transcode startTime="13745" endTime="13835" complete="1" fileType="av" variant="4f4dd1bf-8121-4dea-9b1e-661334aa6384" />
</Timelines>
</Segment>
<Segment duration="2480" startOffset="2177114" endOffset="2179595">
<File name="chunk-00436" type="av">
<FileVariant size="48" variant="4f4dd1bf-8121-4dea-9b1e-661334aa6384" />
</File>
<Timelines>
<Transcode startTime="13835" endTime="13876" complete="1" fileType="av" variant="4f4dd1bf-8121-4dea-9b1e-661334aa6384" />
</Timelines>
</Segment>
<Segment duration="3393" startOffset="2181858" endOffset="2185252">
<File name="chunk-00437" type="av">
<FileVariant size="72" variant="4f4dd1bf-8121-4dea-9b1e-661334aa6384" />
</File>
<Timelines>
<Transcode startTime="13876" endTime="13934" complete="1" fileType="av" variant="4f4dd1bf-8121-4dea-9b1e-661334aa6384" />
</Timelines>
</Segment>
<Segment duration="4525" startOffset="2185253" endOffset="2189779">
<File name="chunk-00438" type="av">
<FileVariant size="64" variant="4f4dd1bf-8121-4dea-9b1e-661334aa6384" />
</File>
<Timelines>
<Transcode startTime="13934" endTime="13977" complete="1" fileType="av" variant="4f4dd1bf-8121-4dea-9b1e-661334aa6384" />
</Timelines>
</Segment>
<Segment duration="1347" startOffset="2191738" endOffset="2193086">
<File name="chunk-00439" type="av">
<FileVariant size="58" variant="4f4dd1bf-8121-4dea-9b1e-661334aa6384" />
</File>
<Timelines>
<Transcode startTime="13977" endTime="13978" complete="1" fileType="av" variant="4f4dd1bf-8121-4dea-9b1e-661334aa6384" />
</Timelines>
</Segment>
<Segment duration="2306" startOffset="2193087" endOffset="2195393">
<File name="chunk-00440" type="av">
<FileVariant size="62" variant="4f4dd1bf-8121-4dea-9b1e-661334aa6384" />
</File>
<Timelines>
<Transcode startTime="13978" endTime="13982" complete="1" fileType="av" variant="4f4dd1bf-8121-4dea-9b1e-661334aa6384" />
</Timelines>
</Segment>
<Segment duration="2262" startOffset="2195394" endOffset="2197656">
<File name="chunk-00441" type="av">
<FileVariant size="76" variant="4f4dd1bf-8121-4dea-9b1e-661334aa6384" />
</File>
<Timelines>
<Transcode startTime="13982" endTime="14008" complete="1" fileType="av" variant="4f4dd1bf-8121-4dea-9b1e-661334aa6384" />
</Timelines>
</Segment>
<Segment duration="1434" startOffset="2197657" endOffset="2199092">
<File name="chunk-00442" type="av">
<FileVariant size="43" variant="4f4dd1bf-8121-4dea-9b1e-661334aa6384" />
</File>
<Timelines>
<Transcode startTime="14008" endTime="14029" complete="1" fileType="av" variant="4f4dd1bf-8121-4dea-9b1e-661334aa6384" />
</Timelines>
</Segment>
<Segment duration="1305" startOffset="2199093" endOffset="2200398">
<File name="chunk-00443" type="av">
<FileVariant size="65" variant="4f4dd1bf-8121-4dea-9b1e-661334aa6384" />
</File>
<Timelines>
<Transcode startTime="14029" endTime="14031" complete="1" fileType="av" variant="4f4dd1bf-8121-4dea-9b1e-661334aa6384" />
</Timelines>
</Segment>
<Segment duration="2131" startOffset="2200399" endOffset="2202530">
<File name="chunk-00444" type="av">
<FileVariant size="66" variant="4f4dd1bf-8121-4dea-9b1e-661334aa6384" />
</File>
<Timelines>
<Transcode startTime="14031" endTime="14034" complete="1" fileType="av" variant="4f4dd1bf-8121-4dea-9b1e-661334aa6384" />
</Timelines>
</Segment>
<Segment duration="2436" startOffset="2202531" endOffset="2204967">
<File name="chunk-00445" type="av">
<FileVariant size="73" variant="4f4dd1bf-8121-4dea-9b1e-661334aa6384" />
</File>
<Timelines>
<Transcode startTime="14034" endTime="14118" complete="1" fileType="av" variant="4f4dd1bf-8121-4dea-9b1e-661334aa6384" />
</Timelines>
</Segment>
<Segment duration="2567" startOffset="2204968" endOffset="2207535">
<File name="chunk-00446" type="av">
<FileVariant size="72" variant="4f4dd1bf-8121-4dea-9b1e-661334aa6384" />
</File>
<Timelines>
<Transcode startTime="14118" endTime="14119" complete="1" fileType="av" variant="4f4dd1bf-8121-4dea-9b1e-661334aa6384" />
</Timelines>
</Segment>
<Segment duration="913" startOffset="2207536" endOffset="2208449">
<File name="chunk-00447" type="av">
<FileVariant size="40" variant="4f4dd1bf-8121-4dea-9b1e-661334aa6384" />
</File>
<Timelines>
<Transcode startTime="14119" endTime="14195" complete="1" fileType="av" variant="4f4dd1bf-8121-4dea-9b1e-661334aa6384" />
</Timelines>
</Segment>
<Segment duration="3611" startOffset="2208450" endOffset="2212061">
<File name="chunk-00448" type="av">
<FileVariant size="66" variant="4f4dd1bf-8121-4dea-9b1e-661334aa6384" />
</File>
<Timelines>
<Transcode startTime="14195" endTime="14197" complete="1" fileType="av" variant="4f4dd1bf-8121-4dea-9b1e-661334aa6384" />
</Timelines>
</Segment>
<Segment duration="3960" startOffset="2212062" endOffset="2216022">
<File name="chunk-00449" type="av">
<FileVariant size="77" variant="4f4dd1bf-8121-4dea-9b1e-661334aa6384" />
</File>
<Timelines>
<Transcode startTime="14197" endTime="14237" complete="1" fileType="av" variant="4f4dd1bf-8121-4dea-9b1e-661334aa6384" />
</Timelines>
</Segment>
<Segment duration="4612" startOffset="2216023" endOffset="2220635">
<File name="chunk-00450" type="av">
<FileVariant size="86" variant="4f4dd1bf-8121-4dea-9b1e-661334aa6384" />
</File>
<Timelines>
<Transcode startTime="14237" endTime="14245" complete="1" fileType="av" variant="4f4dd1bf-8121-4dea-9b1e-661334aa6384" />
</Timelines>
</Segment>
<Segment duration="2132" startOffset="2220636" endOffset="2222768">
<File name="chunk-00451" type="av">
<FileVariant size="61" variant="4f4dd1bf-8121-4dea-9b1e-661334aa6384" />
</File>
<Timelines>
<Transcode startTime="14245" endTime="14283" complete="1" fileType="av" variant="4f4dd1bf-8121-4dea-9b1e-661334aa6384" />
</Timelines>
</Segment>
<Segment duration="1261" startOffset="2222769" endOffset="2224030">
<File name="chunk-00452" type="av">
<FileVariant size="52" variant="4f4dd1bf-8121-4dea-9b1e-661334aa6384" />
</File>
<Timelines>
<Transcode startTime="14283" endTime="14283" complete="1" fileType="av" variant="4f4dd1bf-8121-4dea-9b1e-661334aa6384" />
</Timelines>
</Segment>
<Segment duration="2610" startOffset="2224031" endOffset="2226641">
<File name="chunk-00453" type="av">
<FileVariant size="77" variant="4f4dd1bf-8121-4dea-9b1e-661334aa6384" />
</File>
<Timelines>
<Transcode startTime="14283" endTime="14373" complete="1" fileType="av" variant="4f4dd1bf-8121-4dea-9b1e-661334aa6384" />
</Timelines>
</Segment>
<Segment duration="2349" startOffset="2226642" endOffset="2228991">
<File name="chunk-00454" type="av">
<FileVariant size="81" variant="4f4dd1bf-8121-4dea-9b1e-661334aa6384" />
</File>
<Timelines>
<Transcode startTime="14373" endTime="14413" complete="1" fileType="av" variant="4f4dd1bf-8121-4dea-9b1e-661334aa6384" />
</Timelines>
</Segment>
<Segment duration="1826" startOffset="2228992" endOffset="2230819">
<File name="chunk-00455" type="av">
<FileVariant size="52" variant="4f4dd1bf-8121-4dea-9b1e-661334aa6384" />
</File>
<Timelines>
<Transcode startTime="14413" endTime="14466" complete="1" fileType="av" variant="4f4dd1bf-8121-4dea-9b1e-661334aa6384" />
</Timelines>
</Segment>
<Segment duration="1391" startOffset="2231952" endOffset="2233344">
<File name="chunk-00456" type="av">
<FileVariant size="41" variant="4f4dd1bf-8121-4dea-9b1e-661334aa6384" />
</File>
<Timelines>
<Transcode startTime="14466" endTime="14476" complete="1" fileType="av" variant="4f4dd1bf-8121-4dea-9b1e-661334aa6384" />
</Timelines>
</Segment>
<Segment duration="2871" startOffset="2234781" endOffset="2237652">
<File name="chunk-00457" type="av">
<FileVariant size="80" variant="4f4dd1bf-8121-4dea-9b1e-661334aa6384" />
</File>
<Timelines>
<Transcode startTime="14476" endTime="14525" complete="1" fileType="av" variant="4f4dd1bf-8121-4dea-9b1e-661334aa6384" />
</Timelines>
</Segment>
<Segment duration="1392" startOffset="2237653" endOffset="2239045">
<File name="chunk-00458" type="av">
<FileVariant size="41" variant="4f4dd1bf-8121-4dea-9b1e-661334aa6384" />
</File>
<Timelines>
<Transcode startTime="14525" endTime="14525" complete="1" fileType="av" variant="4f4dd1bf-8121-4dea-9b1e-661334aa6384" />
</Timelines>
</Segment>
<Segment duration="2436" startOffset="2239046" endOffset="2241482">
<File name="chunk-00459" type="av">
<FileVariant size="65" variant="4f4dd1bf-8121-4dea-9b1e-661334aa6384" />
</File>
<Timelines>
<Transcode startTime="14525" endTime="14608" complete="1" fileType="av" variant="4f4dd1bf-8121-4dea-9b1e-661334aa6384" />
</Timelines>
</Segment>
<Segment duration="2567" startOffset="2241483" endOffset="2244050">
<File name="chunk-00460" type="av">
<FileVariant size="63" variant="4f4dd1bf-8121-4dea-9b1e-661334aa6384" />
</File>
<Timelines>
<Transcode startTime="14608" endTime="14645" complete="1" fileType="av" variant="4f4dd1bf-8121-4dea-9b1e-661334aa6384" />
</Timelines>
</Segment>
<Segment duration="1173" startOffset="2244051" endOffset="2245225">
<File name="chunk-00461" type="av">
<FileVariant size="62" variant="4f4dd1bf-8121-4dea-9b1e-661334aa6384" />
</File>
<Timelines>
<Transcode startTime="14645" endTime="14645" complete="1" fileType="av" variant="4f4dd1bf-8121-4dea-9b1e-661334aa6384" />
</Timelines>
</Segment>
<Segment duration="1695" startOffset="2245226" endOffset="2246922">
<File name="chunk-00462" type="av">
<FileVariant size="60" variant="4f4dd1bf-8121-4dea-9b1e-661334aa6384" />
</File>
<Timelines>
<Transcode startTime="14645" endTime="14650" complete="1" fileType="av" variant="4f4dd1bf-8121-4dea-9b1e-661334aa6384" />
</Timelines>
</Segment>
<Segment duration="3002" startOffset="2246923" endOffset="2249925">
<File name="chunk-00463" type="av">
<FileVariant size="81" variant="4f4dd1bf-8121-4dea-9b1e-661334aa6384" />
</File>
<Timelines>
<Transcode startTime="14650" endTime="14739" complete="1" fileType="av" variant="4f4dd1bf-8121-4dea-9b1e-661334aa6384" />
</Timelines>
</Segment>
<Segment duration="1173" startOffset="2249926" endOffset="2251100">
<File name="chunk-00464" type="av">
<FileVariant size="58" variant="4f4dd1bf-8121-4dea-9b1e-661334aa6384" />
</File>
<Timelines>
<Transcode startTime="14739" endTime="14786" complete="1" fileType="av" variant="4f4dd1bf-8121-4dea-9b1e-661334aa6384" />
</Timelines>
</Segment>
<Segment duration="1435" startOffset="2251101" endOffset="2252537">
<File name="chunk-00465" type="av">
<FileVariant size="70" variant="4f4dd1bf-8121-4dea-9b1e-661334aa6384" />
</File>
<Timelines>
<Transcode startTime="14786" endTime="14921" complete="1" fileType="av" variant="4f4dd1bf-8121-4dea-9b1e-661334aa6384" />
</Timelines>
</Segment>
<Segment duration="3349" startOffset="2255715" endOffset="2259065">
<File name="chunk-00466" type="av">
<FileVariant size="90" variant="4f4dd1bf-8121-4dea-9b1e-661334aa6384" />
</File>
<Timelines>
<Transcode startTime="14921" endTime="14929" complete="1" fileType="av" variant="4f4dd1bf-8121-4dea-9b1e-661334aa6384" />
</Timelines>
</Segment>
<Segment duration="2653" startOffset="2259066" endOffset="2261720">
<File name="chunk-00467" type="av">
<FileVariant size="60" variant="4f4dd1bf-8121-4dea-9b1e-661334aa6384" />
</File>
<Timelines>
<Transcode startTime="14929" endTime="14933" complete="1" fileType="av" variant="4f4dd1bf-8121-4dea-9b1e-661334aa6384" />
</Timelines>
</Segment>
<Segment duration="1347" startOffset="2261721" endOffset="2263069">
<File name="chunk-00468" type="av">
<FileVariant size="40" variant="4f4dd1bf-8121-4dea-9b1e-661334aa6384" />
</File>
<Timelines>
<Transcode startTime="14933" endTime="15064" complete="1" fileType="av" variant="4f4dd1bf-8121-4dea-9b1e-661334aa6384" />
</Timelines>
</Segment>
<Segment duration="2304" startOffset="2264724" endOffset="2267029">
<File name="chunk-00469" type="av">
<FileVariant size="70" variant="4f4dd1bf-8121-4dea-9b1e-661334aa6384" />
</File>
<Timelines>
<Transcode startTime="15064" endTime="15196" complete="1" fileType="av" variant="4f4dd1bf-8121-4dea-9b1e-661334aa6384" />
</Timelines>
</Segment>
<Segment duration="1565" startOffset="2267030" endOffset="2268596">
<File name="chunk-00470" type="av">
<FileVariant size="58" variant="4f4dd1bf-8121-4dea-9b1e-661334aa6384" />
</File>
<Timelines>
<Transcode startTime="15196" endTime="15292" complete="1" fileType="av" variant="4f4dd1bf-8121-4dea-9b1e-661334aa6384" />
</Timelines>
</Segment>
<Segment duration="2522" startOffset="2268597" endOffset="2271120">
<File name="chunk-00471" type="av">
<FileVariant size="60" variant="4f4dd1bf-8121-4dea-9b1e-661334aa6384" />
</File>
<Timelines>
<Transcode startTime="15292" endTime="15604" complete="1" fileType="av" variant="4f4dd1bf-8121-4dea-9b1e-661334aa6384" />
</Timelines>
</Segment>
<Segment duration="3915" startOffset="2271121" endOffset="2275037">
<File name="chunk-00472" type="av">
<FileVariant size="69" variant="4f4dd1bf-8121-4dea-9b1e-661334aa6384" />
</File>
<Timelines>
<Transcode startTime="15604" endTime="15623" complete="1" fileType="av" variant="4f4dd1bf-8121-4dea-9b1e-661334aa6384" />
</Timelines>
</Segment>
<Segment duration="3829" startOffset="2276953" endOffset="2280782">
<File name="chunk-00473" type="av">
<FileVariant size="69" variant="4f4dd1bf-8121-4dea-9b1e-661334aa6384" />
</File>
<Timelines>
<Transcode startTime="15623" endTime="15624" complete="1" fileType="av" variant="4f4dd1bf-8121-4dea-9b1e-661334aa6384" />
</Timelines>
</Segment>
<Segment duration="1305" startOffset="2280783" endOffset="2282088">
<File name="chunk-00474" type="av">
<FileVariant size="51" variant="4f4dd1bf-8121-4dea-9b1e-661334aa6384" />
</File>
<Timelines>
<Transcode startTime="15624" endTime="15652" complete="1" fileType="av" variant="4f4dd1bf-8121-4dea-9b1e-661334aa6384" />
</Timelines>
</Segment>
<Segment duration="2697" startOffset="2282089" endOffset="2284786">
<File name="chunk-00475" type="av">
<FileVariant size="68" variant="4f4dd1bf-8121-4dea-9b1e-661334aa6384" />
</File>
<Timelines>
<Transcode startTime="15652" endTime="15666" complete="1" fileType="av" variant="4f4dd1bf-8121-4dea-9b1e-661334aa6384" />
</Timelines>
</Segment>
<Segment duration="3263" startOffset="2286354" endOffset="2289617">
<File name="chunk-00476" type="av">
<FileVariant size="64" variant="4f4dd1bf-8121-4dea-9b1e-661334aa6384" />
</File>
<Timelines>
<Transcode startTime="15666" endTime="15777" complete="1" fileType="av" variant="4f4dd1bf-8121-4dea-9b1e-661334aa6384" />
</Timelines>
</Segment>
<Segment duration="1217" startOffset="2292578" endOffset="2293795">
<File name="chunk-00477" type="av">
<FileVariant size="44" variant="4f4dd1bf-8121-4dea-9b1e-661334aa6384" />
</File>
<Timelines>
<Transcode startTime="15777" endTime="15940" complete="1" fileType="av" variant="4f4dd1bf-8121-4dea-9b1e-661334aa6384" />
</Timelines>
</Segment>
<Segment duration="1739" startOffset="2301630" endOffset="2303370">
<File name="chunk-00478" type="av">
<FileVariant size="64" variant="4f4dd1bf-8121-4dea-9b1e-661334aa6384" />
</File>
<Timelines>
<Transcode startTime="15940" endTime="15942" complete="1" fileType="av" variant="4f4dd1bf-8121-4dea-9b1e-661334aa6384" />
</Timelines>
</Segment>
<Segment duration="2871" startOffset="2303371" endOffset="2306242">
<File name="chunk-00479" type="av">
<FileVariant size="78" variant="4f4dd1bf-8121-4dea-9b1e-661334aa6384" />
</File>
<Timelines>
<Transcode startTime="15942" endTime="16001" complete="1" fileType="av" variant="4f4dd1bf-8121-4dea-9b1e-661334aa6384" />
</Timelines>
</Segment>
<Segment duration="1653" startOffset="2306243" endOffset="2307896">
<File name="chunk-00480" type="av">
<FileVariant size="59" variant="4f4dd1bf-8121-4dea-9b1e-661334aa6384" />
</File>
<Timelines>
<Transcode startTime="16001" endTime="16002" complete="1" fileType="av" variant="4f4dd1bf-8121-4dea-9b1e-661334aa6384" />
</Timelines>
</Segment>
<Segment duration="2045" startOffset="2307897" endOffset="2309942">
<File name="chunk-00481" type="av">
<FileVariant size="71" variant="4f4dd1bf-8121-4dea-9b1e-661334aa6384" />
</File>
<Timelines>
<Transcode startTime="16002" endTime="16168" complete="1" fileType="av" variant="4f4dd1bf-8121-4dea-9b1e-661334aa6384" />
</Timelines>
</Segment>
<Segment duration="3568" startOffset="2316732" endOffset="2320300">
<File name="chunk-00482" type="av">
<FileVariant size="72" variant="4f4dd1bf-8121-4dea-9b1e-661334aa6384" />
</File>
<Timelines>
<Transcode startTime="16168" endTime="16169" complete="1" fileType="av" variant="4f4dd1bf-8121-4dea-9b1e-661334aa6384" />
</Timelines>
</Segment>
<Segment duration="2653" startOffset="2320301" endOffset="2322955">
<File name="chunk-00483" type="av">
<FileVariant size="46" variant="4f4dd1bf-8121-4dea-9b1e-661334aa6384" />
</File>
<Timelines>
<Transcode startTime="16169" endTime="16176" complete="1" fileType="av" variant="4f4dd1bf-8121-4dea-9b1e-661334aa6384" />
</Timelines>
</Segment>
<Segment duration="2261" startOffset="2322956" endOffset="2325218">
<File name="chunk-00484" type="av">
<FileVariant size="74" variant="4f4dd1bf-8121-4dea-9b1e-661334aa6384" />
</File>
<Timelines>
<Transcode startTime="16176" endTime="16190" complete="1" fileType="av" variant="4f4dd1bf-8121-4dea-9b1e-661334aa6384" />
</Timelines>
</Segment>
<Segment duration="1956" startOffset="2325219" endOffset="2327176">
<File name="chunk-00485" type="av">
<FileVariant size="75" variant="4f4dd1bf-8121-4dea-9b1e-661334aa6384" />
</File>
<Timelines>
<Transcode startTime="16190" endTime="16218" complete="1" fileType="av" variant="4f4dd1bf-8121-4dea-9b1e-661334aa6384" />
</Timelines>
</Segment>
<Segment duration="2871" startOffset="2327177" endOffset="2330049">
<File name="chunk-00486" type="av">
<FileVariant size="69" variant="4f4dd1bf-8121-4dea-9b1e-661334aa6384" />
</File>
<Timelines>
<Transcode startTime="16218" endTime="16229" complete="1" fileType="av" variant="4f4dd1bf-8121-4dea-9b1e-661334aa6384" />
</Timelines>
</Segment>
<Segment duration="1565" startOffset="2330050" endOffset="2331616">
<File name="chunk-00487" type="av">
<FileVariant size="60" variant="4f4dd1bf-8121-4dea-9b1e-661334aa6384" />
</File>
<Timelines>
<Transcode startTime="16229" endTime="16230" complete="1" fileType="av" variant="4f4dd1bf-8121-4dea-9b1e-661334aa6384" />
</Timelines>
</Segment>
<Segment duration="3567" startOffset="2331617" endOffset="2335184">
<File name="chunk-00488" type="av">
<FileVariant size="75" variant="4f4dd1bf-8121-4dea-9b1e-661334aa6384" />
</File>
<Timelines>
<Transcode startTime="16230" endTime="16283" complete="1" fileType="av" variant="4f4dd1bf-8121-4dea-9b1e-661334aa6384" />
</Timelines>
</Segment>
<Segment duration="3046" startOffset="2335185" endOffset="2338231">
<File name="chunk-00489" type="av">
<FileVariant size="70" variant="4f4dd1bf-8121-4dea-9b1e-661334aa6384" />
</File>
<Timelines>
<Transcode startTime="16283" endTime="16312" complete="1" fileType="av" variant="4f4dd1bf-8121-4dea-9b1e-661334aa6384" />
</Timelines>
</Segment>
<Segment duration="2914" startOffset="2338232" endOffset="2341147">
<File name="chunk-00490" type="av">
<FileVariant size="61" variant="4f4dd1bf-8121-4dea-9b1e-661334aa6384" />
</File>
<Timelines>
<Transcode startTime="16312" endTime="16333" complete="1" fileType="av" variant="4f4dd1bf-8121-4dea-9b1e-661334aa6384" />
</Timelines>
</Segment>
<Segment duration="2261" startOffset="2341148" endOffset="2343410">
<File name="chunk-00491" type="av">
<FileVariant size="52" variant="4f4dd1bf-8121-4dea-9b1e-661334aa6384" />
</File>
<Timelines>
<Transcode startTime="16333" endTime="16338" complete="1" fileType="av" variant="4f4dd1bf-8121-4dea-9b1e-661334aa6384" />
</Timelines>
</Segment>
<Segment duration="2000" startOffset="2343411" endOffset="2345412">
<File name="chunk-00492" type="av">
<FileVariant size="56" variant="4f4dd1bf-8121-4dea-9b1e-661334aa6384" />
</File>
<Timelines>
<Transcode startTime="16338" endTime="16349" complete="1" fileType="av" variant="4f4dd1bf-8121-4dea-9b1e-661334aa6384" />
</Timelines>
</Segment>
<Segment duration="1782" startOffset="2345413" endOffset="2347196">
<File name="chunk-00493" type="av">
<FileVariant size="53" variant="4f4dd1bf-8121-4dea-9b1e-661334aa6384" />
</File>
<Timelines>
<Transcode startTime="16349" endTime="16349" complete="1" fileType="av" variant="4f4dd1bf-8121-4dea-9b1e-661334aa6384" />
</Timelines>
</Segment>
<Segment duration="3176" startOffset="2347197" endOffset="2350374">
<File name="chunk-00494" type="av">
<FileVariant size="59" variant="4f4dd1bf-8121-4dea-9b1e-661334aa6384" />
</File>
<Timelines>
<Transcode startTime="16349" endTime="16372" complete="1" fileType="av" variant="4f4dd1bf-8121-4dea-9b1e-661334aa6384" />
</Timelines>
</Segment>
<Segment duration="1913" startOffset="2350375" endOffset="2352288">
<File name="chunk-00495" type="av">
<FileVariant size="52" variant="4f4dd1bf-8121-4dea-9b1e-661334aa6384" />
</File>
<Timelines>
<Transcode startTime="16372" endTime="16388" complete="1" fileType="av" variant="4f4dd1bf-8121-4dea-9b1e-661334aa6384" />
</Timelines>
</Segment>
<Segment duration="2740" startOffset="2352289" endOffset="2355030">
<File name="chunk-00496" type="av">
<FileVariant size="67" variant="4f4dd1bf-8121-4dea-9b1e-661334aa6384" />
</File>
<Timelines>
<Transcode startTime="16388" endTime="16424" complete="1" fileType="av" variant="4f4dd1bf-8121-4dea-9b1e-661334aa6384" />
</Timelines>
</Segment>
<Segment duration="2914" startOffset="2361951" endOffset="2364866">
<File name="chunk-00497" type="av">
<FileVariant size="73" variant="4f4dd1bf-8121-4dea-9b1e-661334aa6384" />
</File>
<Timelines>
<Transcode startTime="16424" endTime="16482" complete="1" fileType="av" variant="4f4dd1bf-8121-4dea-9b1e-661334aa6384" />
</Timelines>
</Segment>
<Segment duration="913" startOffset="2364867" endOffset="2365780">
<File name="chunk-00498" type="av">
<FileVariant size="44" variant="4f4dd1bf-8121-4dea-9b1e-661334aa6384" />
</File>
<Timelines>
<Transcode startTime="16482" endTime="16497" complete="1" fileType="av" variant="4f4dd1bf-8121-4dea-9b1e-661334aa6384" />
</Timelines>
</Segment>
<Segment duration="2391" startOffset="2366913" endOffset="2369305">
<File name="chunk-00499" type="av">
<FileVariant size="77" variant="4f4dd1bf-8121-4dea-9b1e-661334aa6384" />
</File>
<Timelines>
<Transcode startTime="16497" endTime="16500" complete="1" fileType="av" variant="4f4dd1bf-8121-4dea-9b1e-661334aa6384" />
</Timelines>
</Segment>
<Segment duration="1739" startOffset="2369306" endOffset="2371046">
<File name="chunk-00500" type="av">
<FileVariant size="70" variant="4f4dd1bf-8121-4dea-9b1e-661334aa6384" />
</File>
<Timelines>
<Transcode startTime="16500" endTime="16504" complete="1" fileType="av" variant="4f4dd1bf-8121-4dea-9b1e-661334aa6384" />
</Timelines>
</Segment>
<Segment duration="1826" startOffset="2371047" endOffset="2372874">
<File name="chunk-00501" type="av">
<FileVariant size="64" variant="4f4dd1bf-8121-4dea-9b1e-661334aa6384" />
</File>
<Timelines>
<Transcode startTime="16504" endTime="16504" complete="1" fileType="av" variant="4f4dd1bf-8121-4dea-9b1e-661334aa6384" />
</Timelines>
</Segment>
<Segment duration="2480" startOffset="2372875" endOffset="2375355">
<File name="chunk-00502" type="av">
<FileVariant size="82" variant="4f4dd1bf-8121-4dea-9b1e-661334aa6384" />
</File>
<Timelines>
<Transcode startTime="16504" endTime="16513" complete="1" fileType="av" variant="4f4dd1bf-8121-4dea-9b1e-661334aa6384" />
</Timelines>
</Segment>
<Segment duration="2218" startOffset="2375356" endOffset="2377575">
<File name="chunk-00503" type="av">
<FileVariant size="66" variant="4f4dd1bf-8121-4dea-9b1e-661334aa6384" />
</File>
<Timelines>
<Transcode startTime="16513" endTime="16553" complete="1" fileType="av" variant="4f4dd1bf-8121-4dea-9b1e-661334aa6384" />
</Timelines>
</Segment>
<Segment duration="2610" startOffset="2377576" endOffset="2380186">
<File name="chunk-00504" type="av">
<FileVariant size="66" variant="4f4dd1bf-8121-4dea-9b1e-661334aa6384" />
</File>
<Timelines>
<Transcode startTime="16553" endTime="16600" complete="1" fileType="av" variant="4f4dd1bf-8121-4dea-9b1e-661334aa6384" />
</Timelines>
</Segment>
<Segment duration="2827" startOffset="2380187" endOffset="2383015">
<File name="chunk-00505" type="av">
<FileVariant size="64" variant="4f4dd1bf-8121-4dea-9b1e-661334aa6384" />
</File>
<Timelines>
<Transcode startTime="16600" endTime="16689" complete="1" fileType="av" variant="4f4dd1bf-8121-4dea-9b1e-661334aa6384" />
</Timelines>
</Segment>
<Segment duration="2393" startOffset="2383016" endOffset="2385410">
<File name="chunk-00506" type="av">
<FileVariant size="58" variant="4f4dd1bf-8121-4dea-9b1e-661334aa6384" />
</File>
<Timelines>
<Transcode startTime="16689" endTime="16777" complete="1" fileType="av" variant="4f4dd1bf-8121-4dea-9b1e-661334aa6384" />
</Timelines>
</Segment>
<Segment duration="2653" startOffset="2392808" endOffset="2395462">
<File name="chunk-00507" type="av">
<FileVariant size="63" variant="4f4dd1bf-8121-4dea-9b1e-661334aa6384" />
</File>
<Timelines>
<Transcode startTime="16777" endTime="16814" complete="1" fileType="av" variant="4f4dd1bf-8121-4dea-9b1e-661334aa6384" />
</Timelines>
</Segment>
<Segment duration="3001" startOffset="2395463" endOffset="2398465">
<File name="chunk-00508" type="av">
<FileVariant size="73" variant="4f4dd1bf-8121-4dea-9b1e-661334aa6384" />
</File>
<Timelines>
<Transcode startTime="16814" endTime="16850" complete="1" fileType="av" variant="4f4dd1bf-8121-4dea-9b1e-661334aa6384" />
</Timelines>
</Segment>
<Segment duration="2740" startOffset="2398466" endOffset="2401207">
<File name="chunk-00509" type="av">
<FileVariant size="73" variant="4f4dd1bf-8121-4dea-9b1e-661334aa6384" />
</File>
<Timelines>
<Transcode startTime="16850" endTime="16896" complete="1" fileType="av" variant="4f4dd1bf-8121-4dea-9b1e-661334aa6384" />
</Timelines>
</Segment>
<Segment duration="3001" startOffset="2401208" endOffset="2404210">
<File name="chunk-00510" type="av">
<FileVariant size="79" variant="4f4dd1bf-8121-4dea-9b1e-661334aa6384" />
</File>
<Timelines>
<Transcode startTime="16896" endTime="16932" complete="1" fileType="av" variant="4f4dd1bf-8121-4dea-9b1e-661334aa6384" />
</Timelines>
</Segment>
<Segment duration="2480" startOffset="2404211" endOffset="2406691">
<File name="chunk-00511" type="av">
<FileVariant size="67" variant="4f4dd1bf-8121-4dea-9b1e-661334aa6384" />
</File>
<Timelines>
<Transcode startTime="16932" endTime="17064" complete="1" fileType="av" variant="4f4dd1bf-8121-4dea-9b1e-661334aa6384" />
</Timelines>
</Segment>
<Segment duration="2436" startOffset="2414569" endOffset="2417005">
<File name="chunk-00512" type="av">
<FileVariant size="52" variant="4f4dd1bf-8121-4dea-9b1e-661334aa6384" />
</File>
<Timelines>
<Transcode startTime="17064" endTime="17105" complete="1" fileType="av" variant="4f4dd1bf-8121-4dea-9b1e-661334aa6384" />
</Timelines>
</Segment>
<Segment duration="2698" startOffset="2417006" endOffset="2419704">
<File name="chunk-00513" type="av">
<FileVariant size="54" variant="4f4dd1bf-8121-4dea-9b1e-661334aa6384" />
</File>
<Timelines>
<Transcode startTime="17105" endTime="17169" complete="1" fileType="av" variant="4f4dd1bf-8121-4dea-9b1e-661334aa6384" />
</Timelines>
</Segment>
<Segment duration="3481" startOffset="2424144" endOffset="2427625">
<File name="chunk-00514" type="av">
<FileVariant size="66" variant="4f4dd1bf-8121-4dea-9b1e-661334aa6384" />
</File>
<Timelines>
<Transcode startTime="17169" endTime="17207" complete="1" fileType="av" variant="4f4dd1bf-8121-4dea-9b1e-661334aa6384" />
</Timelines>
</Segment>
<Segment duration="2087" startOffset="2427626" endOffset="2429714">
<File name="chunk-00515" type="av">
<FileVariant size="54" variant="4f4dd1bf-8121-4dea-9b1e-661334aa6384" />
</File>
<Timelines>
<Transcode startTime="17207" endTime="17211" complete="1" fileType="av" variant="4f4dd1bf-8121-4dea-9b1e-661334aa6384" />
</Timelines>
</Segment>
<Segment duration="2914" startOffset="2429715" endOffset="2432630">
<File name="chunk-00516" type="av">
<FileVariant size="58" variant="4f4dd1bf-8121-4dea-9b1e-661334aa6384" />
</File>
<Timelines>
<Transcode startTime="17211" endTime="17305" complete="1" fileType="av" variant="4f4dd1bf-8121-4dea-9b1e-661334aa6384" />
</Timelines>
</Segment>
<Segment duration="2784" startOffset="2432631" endOffset="2435415">
<File name="chunk-00517" type="av">
<FileVariant size="77" variant="4f4dd1bf-8121-4dea-9b1e-661334aa6384" />
</File>
<Timelines>
<Transcode startTime="17305" endTime="17391" complete="1" fileType="av" variant="4f4dd1bf-8121-4dea-9b1e-661334aa6384" />
</Timelines>
</Segment>
<Segment duration="1391" startOffset="2435416" endOffset="2436808">
<File name="chunk-00518" type="av">
<FileVariant size="45" variant="4f4dd1bf-8121-4dea-9b1e-661334aa6384" />
</File>
<Timelines>
<Transcode startTime="17391" endTime="17454" complete="1" fileType="av" variant="4f4dd1bf-8121-4dea-9b1e-661334aa6384" />
</Timelines>
</Segment>
<Segment duration="1390" startOffset="2436809" endOffset="2438200">
<File name="chunk-00519" type="av">
<FileVariant size="62" variant="4f4dd1bf-8121-4dea-9b1e-661334aa6384" />
</File>
<Timelines>
<Transcode startTime="17454" endTime="17462" complete="1" fileType="av" variant="4f4dd1bf-8121-4dea-9b1e-661334aa6384" />
</Timelines>
</Segment>
<Segment duration="2351" startOffset="2438201" endOffset="2440552">
<File name="chunk-00520" type="av">
<FileVariant size="66" variant="4f4dd1bf-8121-4dea-9b1e-661334aa6384" />
</File>
<Timelines>
<Transcode startTime="17462" endTime="17507" complete="1" fileType="av" variant="4f4dd1bf-8121-4dea-9b1e-661334aa6384" />
</Timelines>
</Segment>
<Segment duration="1086" startOffset="2441248" endOffset="2442335">
<File name="chunk-00521" type="av">
<FileVariant size="45" variant="4f4dd1bf-8121-4dea-9b1e-661334aa6384" />
</File>
<Timelines>
<Transcode startTime="17507" endTime="17579" complete="1" fileType="av" variant="4f4dd1bf-8121-4dea-9b1e-661334aa6384" />
</Timelines>
</Segment>
<Segment duration="1695" startOffset="2443250" endOffset="2444946">
<File name="chunk-00522" type="av">
<FileVariant size="46" variant="4f4dd1bf-8121-4dea-9b1e-661334aa6384" />
</File>
<Timelines>
<Transcode startTime="17579" endTime="17623" complete="1" fileType="av" variant="4f4dd1bf-8121-4dea-9b1e-661334aa6384" />
</Timelines>
</Segment>
<Segment duration="2480" startOffset="2447384" endOffset="2449864">
<File name="chunk-00523" type="av">
<FileVariant size="65" variant="4f4dd1bf-8121-4dea-9b1e-661334aa6384" />
</File>
<Timelines>
<Transcode startTime="17623" endTime="17722" complete="1" fileType="av" variant="4f4dd1bf-8121-4dea-9b1e-661334aa6384" />
</Timelines>
</Segment>
<Segment duration="2393" startOffset="2454696" endOffset="2457089">
<File name="chunk-00524" type="av">
<FileVariant size="54" variant="4f4dd1bf-8121-4dea-9b1e-661334aa6384" />
</File>
<Timelines>
<Transcode startTime="17722" endTime="18411" complete="1" fileType="av" variant="4f4dd1bf-8121-4dea-9b1e-661334aa6384" />
</Timelines>
</Segment>
<Segment duration="2261" startOffset="2471757" endOffset="2474019">
<File name="chunk-00525" type="av">
<FileVariant size="70" variant="4f4dd1bf-8121-4dea-9b1e-661334aa6384" />
</File>
<Timelines>
<Transcode startTime="18411" endTime="18454" complete="1" fileType="av" variant="4f4dd1bf-8121-4dea-9b1e-661334aa6384" />
</Timelines>
</Segment>
<Segment duration="3045" startOffset="2474020" endOffset="2477065">
<File name="chunk-00526" type="av">
<FileVariant size="70" variant="4f4dd1bf-8121-4dea-9b1e-661334aa6384" />
</File>
<Timelines>
<Transcode startTime="18454" endTime="18460" complete="1" fileType="av" variant="4f4dd1bf-8121-4dea-9b1e-661334aa6384" />
</Timelines>
</Segment>
<Segment duration="2785" startOffset="2477066" endOffset="2479851">
<File name="chunk-00527" type="av">
<FileVariant size="69" variant="4f4dd1bf-8121-4dea-9b1e-661334aa6384" />
</File>
<Timelines>
<Transcode startTime="18460" endTime="18741" complete="1" fileType="av" variant="4f4dd1bf-8121-4dea-9b1e-661334aa6384" />
</Timelines>
</Segment>
<Segment duration="1132" startOffset="2484421" endOffset="2485553">
<File name="chunk-00528" type="av">
<FileVariant size="40" variant="4f4dd1bf-8121-4dea-9b1e-661334aa6384" />
</File>
<Timelines>
<Transcode startTime="18741" endTime="18786" complete="1" fileType="av" variant="4f4dd1bf-8121-4dea-9b1e-661334aa6384" />
</Timelines>
</Segment>
<Segment duration="1086" startOffset="2486554" endOffset="2487641">
<File name="chunk-00529" type="av">
<FileVariant size="41" variant="4f4dd1bf-8121-4dea-9b1e-661334aa6384" />
</File>
<Timelines>
<Transcode startTime="18786" endTime="18795" complete="1" fileType="av" variant="4f4dd1bf-8121-4dea-9b1e-661334aa6384" />
</Timelines>
</Segment>
<Segment duration="1219" startOffset="2487642" endOffset="2488861">
<File name="chunk-00530" type="av">
<FileVariant size="40" variant="4f4dd1bf-8121-4dea-9b1e-661334aa6384" />
</File>
<Timelines>
<Transcode startTime="18795" endTime="18917" complete="1" fileType="av" variant="4f4dd1bf-8121-4dea-9b1e-661334aa6384" />
</Timelines>
</Segment>
<Segment duration="3829" startOffset="2491298" endOffset="2495127">
<File name="chunk-00531" type="av">
<FileVariant size="40" variant="4f4dd1bf-8121-4dea-9b1e-661334aa6384" />
</File>
<Timelines>
<Transcode startTime="18917" endTime="19147" complete="1" fileType="av" variant="4f4dd1bf-8121-4dea-9b1e-661334aa6384" />
</Timelines>
</Segment>
<Segment duration="1130" startOffset="2500220" endOffset="2501350">
<File name="chunk-00532" type="av">
<FileVariant size="40" variant="4f4dd1bf-8121-4dea-9b1e-661334aa6384" />
</File>
<Timelines>
<Transcode startTime="19147" endTime="19152" complete="1" fileType="av" variant="4f4dd1bf-8121-4dea-9b1e-661334aa6384" />
</Timelines>
</Segment>
<Segment duration="1871" startOffset="2501351" endOffset="2503222">
<File name="chunk-00533" type="av">
<FileVariant size="54" variant="4f4dd1bf-8121-4dea-9b1e-661334aa6384" />
</File>
<Timelines>
<Transcode startTime="19152" endTime="19195" complete="1" fileType="av" variant="4f4dd1bf-8121-4dea-9b1e-661334aa6384" />
</Timelines>
</Segment>
<Segment duration="2001" startOffset="2503223" endOffset="2505225">
<File name="chunk-00534" type="av">
<FileVariant size="73" variant="4f4dd1bf-8121-4dea-9b1e-661334aa6384" />
</File>
<Timelines>
<Transcode startTime="19195" endTime="19232" complete="1" fileType="av" variant="4f4dd1bf-8121-4dea-9b1e-661334aa6384" />
</Timelines>
</Segment>
<Segment duration="1697" startOffset="2505834" endOffset="2507531">
<File name="chunk-00535" type="av">
<FileVariant size="55" variant="4f4dd1bf-8121-4dea-9b1e-661334aa6384" />
</File>
<Timelines>
<Transcode startTime="19232" endTime="19270" complete="1" fileType="av" variant="4f4dd1bf-8121-4dea-9b1e-661334aa6384" />
</Timelines>
</Segment>
<Segment duration="2349" startOffset="2508445" endOffset="2510795">
<File name="chunk-00536" type="av">
<FileVariant size="46" variant="4f4dd1bf-8121-4dea-9b1e-661334aa6384" />
</File>
<Timelines>
<Transcode startTime="19270" endTime="19364" complete="1" fileType="av" variant="4f4dd1bf-8121-4dea-9b1e-661334aa6384" />
</Timelines>
</Segment>
<Segment duration="3786" startOffset="2510796" endOffset="2514582">
<File name="chunk-00537" type="av">
<FileVariant size="49" variant="4f4dd1bf-8121-4dea-9b1e-661334aa6384" />
</File>
<Timelines>
<Transcode startTime="19364" endTime="19489" complete="1" fileType="av" variant="4f4dd1bf-8121-4dea-9b1e-661334aa6384" />
</Timelines>
</Segment>
<Segment duration="2000" startOffset="2517585" endOffset="2519586">
<File name="chunk-00538" type="av">
<FileVariant size="45" variant="4f4dd1bf-8121-4dea-9b1e-661334aa6384" />
</File>
<Timelines>
<Transcode startTime="19489" endTime="19558" complete="1" fileType="av" variant="4f4dd1bf-8121-4dea-9b1e-661334aa6384" />
</Timelines>
</Segment>
<Segment duration="2349" startOffset="2519587" endOffset="2521936">
<File name="chunk-00539" type="av">
<FileVariant size="63" variant="4f4dd1bf-8121-4dea-9b1e-661334aa6384" />
</File>
<Timelines>
<Transcode startTime="19558" endTime="19825" complete="1" fileType="av" variant="4f4dd1bf-8121-4dea-9b1e-661334aa6384" />
</Timelines>
</Segment>
<Segment duration="956" startOffset="2525419" endOffset="2526375">
<File name="chunk-00540" type="av">
<FileVariant size="43" variant="4f4dd1bf-8121-4dea-9b1e-661334aa6384" />
</File>
<Timelines>
<Transcode startTime="19825" endTime="19890" complete="1" fileType="av" variant="4f4dd1bf-8121-4dea-9b1e-661334aa6384" />
</Timelines>
</Segment>
<Segment duration="2523" startOffset="2528596" endOffset="2531119">
<File name="chunk-00541" type="av">
<FileVariant size="74" variant="4f4dd1bf-8121-4dea-9b1e-661334aa6384" />
</File>
<Timelines>
<Transcode startTime="19890" endTime="19894" complete="1" fileType="av" variant="4f4dd1bf-8121-4dea-9b1e-661334aa6384" />
</Timelines>
</Segment>
<Segment duration="2914" startOffset="2531120" endOffset="2534035">
<File name="chunk-00542" type="av">
<FileVariant size="54" variant="4f4dd1bf-8121-4dea-9b1e-661334aa6384" />
</File>
<Timelines>
<Transcode startTime="19894" endTime="19990" complete="1" fileType="av" variant="4f4dd1bf-8121-4dea-9b1e-661334aa6384" />
</Timelines>
</Segment>
<Segment duration="2219" startOffset="2534036" endOffset="2536255">
<File name="chunk-00543" type="av">
<FileVariant size="86" variant="4f4dd1bf-8121-4dea-9b1e-661334aa6384" />
</File>
<Timelines>
<Transcode startTime="19990" endTime="20048" complete="1" fileType="av" variant="4f4dd1bf-8121-4dea-9b1e-661334aa6384" />
</Timelines>
</Segment>
<Segment duration="2001" startOffset="2536256" endOffset="2538257">
<File name="chunk-00544" type="av">
<FileVariant size="56" variant="4f4dd1bf-8121-4dea-9b1e-661334aa6384" />
</File>
<Timelines>
<Transcode startTime="20048" endTime="20085" complete="1" fileType="av" variant="4f4dd1bf-8121-4dea-9b1e-661334aa6384" />
</Timelines>
</Segment>
<Segment duration="1435" startOffset="2538258" endOffset="2539693">
<File name="chunk-00545" type="av">
<FileVariant size="45" variant="4f4dd1bf-8121-4dea-9b1e-661334aa6384" />
</File>
<Timelines>
<Transcode startTime="20085" endTime="20123" complete="1" fileType="av" variant="4f4dd1bf-8121-4dea-9b1e-661334aa6384" />
</Timelines>
</Segment>
<Segment duration="4003" startOffset="2539694" endOffset="2543697">
<File name="chunk-00546" type="av">
<FileVariant size="72" variant="4f4dd1bf-8121-4dea-9b1e-661334aa6384" />
</File>
<Timelines>
<Transcode startTime="20123" endTime="20354" complete="1" fileType="av" variant="4f4dd1bf-8121-4dea-9b1e-661334aa6384" />
</Timelines>
</Segment>
<Segment duration="1827" startOffset="2543698" endOffset="2545526">
<File name="chunk-00547" type="av">
<FileVariant size="71" variant="4f4dd1bf-8121-4dea-9b1e-661334aa6384" />
</File>
<Timelines>
<Transcode startTime="20354" endTime="20408" complete="1" fileType="av" variant="4f4dd1bf-8121-4dea-9b1e-661334aa6384" />
</Timelines>
</Segment>
<Segment duration="4090" startOffset="2547136" endOffset="2551226">
<File name="chunk-00548" type="av">
<FileVariant size="80" variant="4f4dd1bf-8121-4dea-9b1e-661334aa6384" />
</File>
<Timelines>
<Transcode startTime="20408" endTime="20607" complete="1" fileType="av" variant="4f4dd1bf-8121-4dea-9b1e-661334aa6384" />
</Timelines>
</Segment>
<Segment duration="3350" startOffset="2558974" endOffset="2562325">
<File name="chunk-00549" type="av">
<FileVariant size="74" variant="4f4dd1bf-8121-4dea-9b1e-661334aa6384" />
</File>
<Timelines>
<Transcode startTime="20607" endTime="20663" complete="1" fileType="av" variant="4f4dd1bf-8121-4dea-9b1e-661334aa6384" />
</Timelines>
</Segment>
<Segment duration="1740" startOffset="2563022" endOffset="2564762">
<File name="chunk-00550" type="av">
<FileVariant size="49" variant="4f4dd1bf-8121-4dea-9b1e-661334aa6384" />
</File>
<Timelines>
<Transcode startTime="20663" endTime="20671" complete="1" fileType="av" variant="4f4dd1bf-8121-4dea-9b1e-661334aa6384" />
</Timelines>
</Segment>
<Segment duration="1913" startOffset="2565677" endOffset="2567591">
<File name="chunk-00551" type="av">
<FileVariant size="40" variant="4f4dd1bf-8121-4dea-9b1e-661334aa6384" />
</File>
<Timelines>
<Transcode startTime="20671" endTime="21214" complete="1" fileType="av" variant="4f4dd1bf-8121-4dea-9b1e-661334aa6384" />
</Timelines>
</Segment>
<Segment duration="1043" startOffset="2579473" endOffset="2580517">
<File name="chunk-00552" type="av">
<FileVariant size="40" variant="4f4dd1bf-8121-4dea-9b1e-661334aa6384" />
</File>
<Timelines>
<Transcode startTime="21214" endTime="21412" complete="1" fileType="av" variant="4f4dd1bf-8121-4dea-9b1e-661334aa6384" />
</Timelines>
</Segment>
<Segment duration="1914" startOffset="2587002" endOffset="2588916">
<File name="chunk-00553" type="av">
<FileVariant size="57" variant="4f4dd1bf-8121-4dea-9b1e-661334aa6384" />
</File>
<Timelines>
<Transcode startTime="21412" endTime="21472" complete="1" fileType="av" variant="4f4dd1bf-8121-4dea-9b1e-661334aa6384" />
</Timelines>
</Segment>
<Segment duration="2133" startOffset="2588917" endOffset="2591050">
<File name="chunk-00554" type="av">
<FileVariant size="54" variant="4f4dd1bf-8121-4dea-9b1e-661334aa6384" />
</File>
<Timelines>
<Transcode startTime="21472" endTime="21556" complete="1" fileType="av" variant="4f4dd1bf-8121-4dea-9b1e-661334aa6384" />
</Timelines>
</Segment>
<Segment duration="1913" startOffset="2591616" endOffset="2593529">
<File name="chunk-00555" type="av">
<FileVariant size="46" variant="4f4dd1bf-8121-4dea-9b1e-661334aa6384" />
</File>
<Timelines>
<Transcode startTime="21556" endTime="21623" complete="1" fileType="av" variant="4f4dd1bf-8121-4dea-9b1e-661334aa6384" />
</Timelines>
</Segment>
<Segment duration="1739" startOffset="2593530" endOffset="2595270">
<File name="chunk-00556" type="av">
<FileVariant size="63" variant="4f4dd1bf-8121-4dea-9b1e-661334aa6384" />
</File>
<Timelines>
<Transcode startTime="21623" endTime="21673" complete="1" fileType="av" variant="4f4dd1bf-8121-4dea-9b1e-661334aa6384" />
</Timelines>
</Segment>
<Segment duration="1870" startOffset="2595271" endOffset="2597142">
<File name="chunk-00557" type="av">
<FileVariant size="65" variant="4f4dd1bf-8121-4dea-9b1e-661334aa6384" />
</File>
<Timelines>
<Transcode startTime="21673" endTime="21681" complete="1" fileType="av" variant="4f4dd1bf-8121-4dea-9b1e-661334aa6384" />
</Timelines>
</Segment>
<Segment duration="2262" startOffset="2597143" endOffset="2599405">
<File name="chunk-00558" type="av">
<FileVariant size="60" variant="4f4dd1bf-8121-4dea-9b1e-661334aa6384" />
</File>
<Timelines>
<Transcode startTime="21681" endTime="21775" complete="1" fileType="av" variant="4f4dd1bf-8121-4dea-9b1e-661334aa6384" />
</Timelines>
</Segment>
<Segment duration="1695" startOffset="2600581" endOffset="2602277">
<File name="chunk-00559" type="av">
<FileVariant size="50" variant="4f4dd1bf-8121-4dea-9b1e-661334aa6384" />
</File>
<Timelines>
<Transcode startTime="21775" endTime="21999" complete="1" fileType="av" variant="4f4dd1bf-8121-4dea-9b1e-661334aa6384" />
</Timelines>
</Segment>
<Segment duration="2264" startOffset="2605455" endOffset="2607719">
<File name="chunk-00560" type="av">
<FileVariant size="73" variant="4f4dd1bf-8121-4dea-9b1e-661334aa6384" />
</File>
<Timelines>
<Transcode startTime="21999" endTime="22078" complete="1" fileType="av" variant="4f4dd1bf-8121-4dea-9b1e-661334aa6384" />
</Timelines>
</Segment>
<Segment duration="2393" startOffset="2611200" endOffset="2613593">
<File name="chunk-00561" type="av">
<FileVariant size="63" variant="4f4dd1bf-8121-4dea-9b1e-661334aa6384" />
</File>
<Timelines>
<Transcode startTime="22078" endTime="22179" complete="1" fileType="av" variant="4f4dd1bf-8121-4dea-9b1e-661334aa6384" />
</Timelines>
</Segment>
<Segment duration="2697" startOffset="2613594" endOffset="2616291">
<File name="chunk-00562" type="av">
<FileVariant size="68" variant="4f4dd1bf-8121-4dea-9b1e-661334aa6384" />
</File>
<Timelines>
<Transcode startTime="22179" endTime="22373" complete="1" fileType="av" variant="4f4dd1bf-8121-4dea-9b1e-661334aa6384" />
</Timelines>
</Segment>
<Segment duration="871" startOffset="2623038" endOffset="2623909">
<File name="chunk-00563" type="av">
<FileVariant size="41" variant="4f4dd1bf-8121-4dea-9b1e-661334aa6384" />
</File>
<Timelines>
<Transcode startTime="22373" endTime="22549" complete="1" fileType="av" variant="4f4dd1bf-8121-4dea-9b1e-661334aa6384" />
</Timelines>
</Segment>
<Segment duration="1782" startOffset="2632004" endOffset="2633787">
<File name="chunk-00564" type="av">
<FileVariant size="55" variant="4f4dd1bf-8121-4dea-9b1e-661334aa6384" />
</File>
<Timelines>
<Transcode startTime="22549" endTime="22593" complete="1" fileType="av" variant="4f4dd1bf-8121-4dea-9b1e-661334aa6384" />
</Timelines>
</Segment>
<Segment duration="1695" startOffset="2633788" endOffset="2635484">
<File name="chunk-00565" type="av">
<FileVariant size="59" variant="4f4dd1bf-8121-4dea-9b1e-661334aa6384" />
</File>
<Timelines>
<Transcode startTime="22593" endTime="22594" complete="1" fileType="av" variant="4f4dd1bf-8121-4dea-9b1e-661334aa6384" />
</Timelines>
</Segment>
<Segment duration="1826" startOffset="2635485" endOffset="2637312">
<File name="chunk-00566" type="av">
<FileVariant size="44" variant="4f4dd1bf-8121-4dea-9b1e-661334aa6384" />
</File>
<Timelines>
<Transcode startTime="22594" endTime="22664" complete="1" fileType="av" variant="4f4dd1bf-8121-4dea-9b1e-661334aa6384" />
</Timelines>
</Segment>
<Segment duration="2523" startOffset="2637313" endOffset="2639837">
<File name="chunk-00567" type="av">
<FileVariant size="82" variant="4f4dd1bf-8121-4dea-9b1e-661334aa6384" />
</File>
<Timelines>
<Transcode startTime="22664" endTime="22665" complete="1" fileType="av" variant="4f4dd1bf-8121-4dea-9b1e-661334aa6384" />
</Timelines>
</Segment>
<Segment duration="1434" startOffset="2639838" endOffset="2641273">
<File name="chunk-00568" type="av">
<FileVariant size="60" variant="4f4dd1bf-8121-4dea-9b1e-661334aa6384" />
</File>
<Timelines>
<Transcode startTime="22665" endTime="22669" complete="1" fileType="av" variant="4f4dd1bf-8121-4dea-9b1e-661334aa6384" />
</Timelines>
</Segment>
<Segment duration="1393" startOffset="2641274" endOffset="2642667">
<File name="chunk-00569" type="av">
<FileVariant size="44" variant="4f4dd1bf-8121-4dea-9b1e-661334aa6384" />
</File>
<Timelines>
<Transcode startTime="22669" endTime="22714" complete="1" fileType="av" variant="4f4dd1bf-8121-4dea-9b1e-661334aa6384" />
</Timelines>
</Segment>
<Segment duration="1957" startOffset="2644233" endOffset="2646191">
<File name="chunk-00570" type="av">
<FileVariant size="54" variant="4f4dd1bf-8121-4dea-9b1e-661334aa6384" />
</File>
<Timelines>
<Transcode startTime="22714" endTime="22807" complete="1" fileType="av" variant="4f4dd1bf-8121-4dea-9b1e-661334aa6384" />
</Timelines>
</Segment>
<Segment duration="2740" startOffset="2648194" endOffset="2650935">
<File name="chunk-00571" type="av">
<FileVariant size="97" variant="4f4dd1bf-8121-4dea-9b1e-661334aa6384" />
</File>
<Timelines>
<Transcode startTime="22807" endTime="22846" complete="1" fileType="av" variant="4f4dd1bf-8121-4dea-9b1e-661334aa6384" />
</Timelines>
</Segment>
<Segment duration="826" startOffset="2650936" endOffset="2651763">
<File name="chunk-00572" type="av">
<FileVariant size="40" variant="4f4dd1bf-8121-4dea-9b1e-661334aa6384" />
</File>
<Timelines>
<Transcode startTime="22846" endTime="22899" complete="1" fileType="av" variant="4f4dd1bf-8121-4dea-9b1e-661334aa6384" />
</Timelines>
</Segment>
<Segment duration="1305" startOffset="2652546" endOffset="2653851">
<File name="chunk-00573" type="av">
<FileVariant size="41" variant="4f4dd1bf-8121-4dea-9b1e-661334aa6384" />
</File>
<Timelines>
<Transcode startTime="22899" endTime="22980" complete="1" fileType="av" variant="4f4dd1bf-8121-4dea-9b1e-661334aa6384" />
</Timelines>
</Segment>
<Segment duration="1783" startOffset="2655331" endOffset="2657115">
<File name="chunk-00574" type="av">
<FileVariant size="58" variant="4f4dd1bf-8121-4dea-9b1e-661334aa6384" />
</File>
<Timelines>
<Transcode startTime="22980" endTime="22984" complete="1" fileType="av" variant="4f4dd1bf-8121-4dea-9b1e-661334aa6384" />
</Timelines>
</Segment>
<Segment duration="2568" startOffset="2657116" endOffset="2659684">
<File name="chunk-00575" type="av">
<FileVariant size="88" variant="4f4dd1bf-8121-4dea-9b1e-661334aa6384" />
</File>
<Timelines>
<Transcode startTime="22984" endTime="23097" complete="1" fileType="av" variant="4f4dd1bf-8121-4dea-9b1e-661334aa6384" />
</Timelines>
</Segment>
<Segment duration="913" startOffset="2663949" endOffset="2664862">
<File name="chunk-00576" type="av">
<FileVariant size="41" variant="4f4dd1bf-8121-4dea-9b1e-661334aa6384" />
</File>
<Timelines>
<Transcode startTime="23097" endTime="23224" complete="1" fileType="av" variant="4f4dd1bf-8121-4dea-9b1e-661334aa6384" />
</Timelines>
</Segment>
<Segment duration="2523" startOffset="2664863" endOffset="2667386">
<File name="chunk-00577" type="av">
<FileVariant size="65" variant="4f4dd1bf-8121-4dea-9b1e-661334aa6384" />
</File>
<Timelines>
<Transcode startTime="23224" endTime="23250" complete="1" fileType="av" variant="4f4dd1bf-8121-4dea-9b1e-661334aa6384" />
</Timelines>
</Segment>
<Segment duration="2000" startOffset="2667387" endOffset="2669388">
<File name="chunk-00578" type="av">
<FileVariant size="69" variant="4f4dd1bf-8121-4dea-9b1e-661334aa6384" />
</File>
<Timelines>
<Transcode startTime="23250" endTime="23308" complete="1" fileType="av" variant="4f4dd1bf-8121-4dea-9b1e-661334aa6384" />
</Timelines>
</Segment>
<Segment duration="1306" startOffset="2669389" endOffset="2670695">
<File name="chunk-00579" type="av">
<FileVariant size="56" variant="4f4dd1bf-8121-4dea-9b1e-661334aa6384" />
</File>
<Timelines>
<Transcode startTime="23308" endTime="23419" complete="1" fileType="av" variant="4f4dd1bf-8121-4dea-9b1e-661334aa6384" />
</Timelines>
</Segment>
<Segment duration="1608" startOffset="2671391" endOffset="2673000">
<File name="chunk-00580" type="av">
<FileVariant size="41" variant="4f4dd1bf-8121-4dea-9b1e-661334aa6384" />
</File>
<Timelines>
<Transcode startTime="23419" endTime="23497" complete="1" fileType="av" variant="4f4dd1bf-8121-4dea-9b1e-661334aa6384" />
</Timelines>
</Segment>
<Segment duration="1697" startOffset="2673001" endOffset="2674699">
<File name="chunk-00581" type="av">
<FileVariant size="63" variant="4f4dd1bf-8121-4dea-9b1e-661334aa6384" />
</File>
<Timelines>
<Transcode startTime="23497" endTime="24052" complete="1" fileType="av" variant="4f4dd1bf-8121-4dea-9b1e-661334aa6384" />
</Timelines>
</Segment>
<Segment duration="958" startOffset="2687015" endOffset="2687973">
<File name="chunk-00582" type="av">
<FileVariant size="42" variant="4f4dd1bf-8121-4dea-9b1e-661334aa6384" />
</File>
<Timelines>
<Transcode startTime="24052" endTime="24169" complete="1" fileType="av" variant="4f4dd1bf-8121-4dea-9b1e-661334aa6384" />
</Timelines>
</Segment>
<Segment duration="2262" startOffset="2692455" endOffset="2694718">
<File name="chunk-00583" type="av">
<FileVariant size="69" variant="4f4dd1bf-8121-4dea-9b1e-661334aa6384" />
</File>
<Timelines>
<Transcode startTime="24169" endTime="24216" complete="1" fileType="av" variant="4f4dd1bf-8121-4dea-9b1e-661334aa6384" />
</Timelines>
</Segment>
<Segment duration="3393" startOffset="2694719" endOffset="2698112">
<File name="chunk-00584" type="av">
<FileVariant size="65" variant="4f4dd1bf-8121-4dea-9b1e-661334aa6384" />
</File>
<Timelines>
<Transcode startTime="24216" endTime="24485" complete="1" fileType="av" variant="4f4dd1bf-8121-4dea-9b1e-661334aa6384" />
</Timelines>
</Segment>
<Segment duration="3001" startOffset="2705599" endOffset="2708601">
<File name="chunk-00585" type="av">
<FileVariant size="95" variant="4f4dd1bf-8121-4dea-9b1e-661334aa6384" />
</File>
<Timelines>
<Transcode startTime="24485" endTime="24497" complete="1" fileType="av" variant="4f4dd1bf-8121-4dea-9b1e-661334aa6384" />
</Timelines>
</Segment>
<Segment duration="2697" startOffset="2708602" endOffset="2711299">
<File name="chunk-00586" type="av">
<FileVariant size="83" variant="4f4dd1bf-8121-4dea-9b1e-661334aa6384" />
</File>
<Timelines>
<Transcode startTime="24497" endTime="24506" complete="1" fileType="av" variant="4f4dd1bf-8121-4dea-9b1e-661334aa6384" />
</Timelines>
</Segment>
<Segment duration="2348" startOffset="2711300" endOffset="2713649">
<File name="chunk-00587" type="av">
<FileVariant size="74" variant="4f4dd1bf-8121-4dea-9b1e-661334aa6384" />
</File>
<Timelines>
<Transcode startTime="24506" endTime="24546" complete="1" fileType="av" variant="4f4dd1bf-8121-4dea-9b1e-661334aa6384" />
</Timelines>
</Segment>
<Segment duration="1913" startOffset="2713650" endOffset="2715564">
<File name="chunk-00588" type="av">
<FileVariant size="49" variant="4f4dd1bf-8121-4dea-9b1e-661334aa6384" />
</File>
<Timelines>
<Transcode startTime="24546" endTime="24552" complete="1" fileType="av" variant="4f4dd1bf-8121-4dea-9b1e-661334aa6384" />
</Timelines>
</Segment>
<Segment duration="1262" startOffset="2715565" endOffset="2716827">
<File name="chunk-00589" type="av">
<FileVariant size="45" variant="4f4dd1bf-8121-4dea-9b1e-661334aa6384" />
</File>
<Timelines>
<Transcode startTime="24552" endTime="24674" complete="1" fileType="av" variant="4f4dd1bf-8121-4dea-9b1e-661334aa6384" />
</Timelines>
</Segment>
<Segment duration="2217" startOffset="2722094" endOffset="2724312">
<File name="chunk-00590" type="av">
<FileVariant size="65" variant="4f4dd1bf-8121-4dea-9b1e-661334aa6384" />
</File>
<Timelines>
<Transcode startTime="24674" endTime="24683" complete="1" fileType="av" variant="4f4dd1bf-8121-4dea-9b1e-661334aa6384" />
</Timelines>
</Segment>
<Segment duration="3132" startOffset="2724313" endOffset="2727446">
<File name="chunk-00591" type="av">
<FileVariant size="76" variant="4f4dd1bf-8121-4dea-9b1e-661334aa6384" />
</File>
<Timelines>
<Transcode startTime="24683" endTime="24689" complete="1" fileType="av" variant="4f4dd1bf-8121-4dea-9b1e-661334aa6384" />
</Timelines>
</Segment>
<Segment duration="2914" startOffset="2727447" endOffset="2730362">
<File name="chunk-00592" type="av">
<FileVariant size="70" variant="4f4dd1bf-8121-4dea-9b1e-661334aa6384" />
</File>
<Timelines>
<Transcode startTime="24689" endTime="24745" complete="1" fileType="av" variant="4f4dd1bf-8121-4dea-9b1e-661334aa6384" />
</Timelines>
</Segment>
<Segment duration="1347" startOffset="2732321" endOffset="2733669">
<File name="chunk-00593" type="av">
<FileVariant size="46" variant="4f4dd1bf-8121-4dea-9b1e-661334aa6384" />
</File>
<Timelines>
<Transcode startTime="24745" endTime="24756" complete="1" fileType="av" variant="4f4dd1bf-8121-4dea-9b1e-661334aa6384" />
</Timelines>
</Segment>
<Segment duration="1217" startOffset="2735150" endOffset="2736368">
<File name="chunk-00594" type="av">
<FileVariant size="41" variant="4f4dd1bf-8121-4dea-9b1e-661334aa6384" />
</File>
<Timelines>
<Transcode startTime="24756" endTime="24762" complete="1" fileType="av" variant="4f4dd1bf-8121-4dea-9b1e-661334aa6384" />
</Timelines>
</Segment>
<Segment duration="3871" startOffset="2736369" endOffset="2740241">
<File name="chunk-00595" type="av">
<FileVariant size="72" variant="4f4dd1bf-8121-4dea-9b1e-661334aa6384" />
</File>
<Timelines>
<Transcode startTime="24762" endTime="24833" complete="1" fileType="av" variant="4f4dd1bf-8121-4dea-9b1e-661334aa6384" />
</Timelines>
</Segment>
<Segment duration="2610" startOffset="2740242" endOffset="2742853">
<File name="chunk-00596" type="av">
<FileVariant size="81" variant="4f4dd1bf-8121-4dea-9b1e-661334aa6384" />
</File>
<Timelines>
<Transcode startTime="24833" endTime="24838" complete="1" fileType="av" variant="4f4dd1bf-8121-4dea-9b1e-661334aa6384" />
</Timelines>
</Segment>
<Segment duration="4307" startOffset="2742854" endOffset="2747161">
<File name="chunk-00597" type="av">
<FileVariant size="79" variant="4f4dd1bf-8121-4dea-9b1e-661334aa6384" />
</File>
<Timelines>
<Transcode startTime="24838" endTime="24929" complete="1" fileType="av" variant="4f4dd1bf-8121-4dea-9b1e-661334aa6384" />
</Timelines>
</Segment>
<Segment duration="2306" startOffset="2748511" endOffset="2750817">
<File name="chunk-00598" type="av">
<FileVariant size="59" variant="4f4dd1bf-8121-4dea-9b1e-661334aa6384" />
</File>
<Timelines>
<Transcode startTime="24929" endTime="24934" complete="1" fileType="av" variant="4f4dd1bf-8121-4dea-9b1e-661334aa6384" />
</Timelines>
</Segment>
<Segment duration="2653" startOffset="2750818" endOffset="2753472">
<File name="chunk-00599" type="av">
<FileVariant size="57" variant="4f4dd1bf-8121-4dea-9b1e-661334aa6384" />
</File>
<Timelines>
<Transcode startTime="24934" endTime="24995" complete="1" fileType="av" variant="4f4dd1bf-8121-4dea-9b1e-661334aa6384" />
</Timelines>
</Segment>
<Segment duration="1521" startOffset="2755736" endOffset="2757258">
<File name="chunk-00600" type="av">
<FileVariant size="46" variant="4f4dd1bf-8121-4dea-9b1e-661334aa6384" />
</File>
<Timelines>
<Transcode startTime="24995" endTime="24999" complete="1" fileType="av" variant="4f4dd1bf-8121-4dea-9b1e-661334aa6384" />
</Timelines>
</Segment>
<Segment duration="1565" startOffset="2757259" endOffset="2758825">
<File name="chunk-00601" type="av">
<FileVariant size="61" variant="4f4dd1bf-8121-4dea-9b1e-661334aa6384" />
</File>
<Timelines>
<Transcode startTime="24999" endTime="25003" complete="1" fileType="av" variant="4f4dd1bf-8121-4dea-9b1e-661334aa6384" />
</Timelines>
</Segment>
<Segment duration="1958" startOffset="2758826" endOffset="2760784">
<File name="chunk-00602" type="av">
<FileVariant size="65" variant="4f4dd1bf-8121-4dea-9b1e-661334aa6384" />
</File>
<Timelines>
<Transcode startTime="25003" endTime="25041" complete="1" fileType="av" variant="4f4dd1bf-8121-4dea-9b1e-661334aa6384" />
</Timelines>
</Segment>
<Segment duration="1304" startOffset="2760785" endOffset="2762089">
<File name="chunk-00603" type="av">
<FileVariant size="43" variant="4f4dd1bf-8121-4dea-9b1e-661334aa6384" />
</File>
<Timelines>
<Transcode startTime="25041" endTime="25042" complete="1" fileType="av" variant="4f4dd1bf-8121-4dea-9b1e-661334aa6384" />
</Timelines>
</Segment>
<Segment duration="2348" startOffset="2762090" endOffset="2764439">
<File name="chunk-00604" type="av">
<FileVariant size="81" variant="4f4dd1bf-8121-4dea-9b1e-661334aa6384" />
</File>
<Timelines>
<Transcode startTime="25042" endTime="25082" complete="1" fileType="av" variant="4f4dd1bf-8121-4dea-9b1e-661334aa6384" />
</Timelines>
</Segment>
<Segment duration="957" startOffset="2765528" endOffset="2766485">
<File name="chunk-00605" type="av">
<FileVariant size="45" variant="4f4dd1bf-8121-4dea-9b1e-661334aa6384" />
</File>
<Timelines>
<Transcode startTime="25082" endTime="25098" complete="1" fileType="av" variant="4f4dd1bf-8121-4dea-9b1e-661334aa6384" />
</Timelines>
</Segment>
<Segment duration="2958" startOffset="2767530" endOffset="2770489">
<File name="chunk-00606" type="av">
<FileVariant size="62" variant="4f4dd1bf-8121-4dea-9b1e-661334aa6384" />
</File>
<Timelines>
<Transcode startTime="25098" endTime="25116" complete="1" fileType="av" variant="4f4dd1bf-8121-4dea-9b1e-661334aa6384" />
</Timelines>
</Segment>
<Segment duration="3523" startOffset="2772318" endOffset="2775842">
<File name="chunk-00607" type="av">
<FileVariant size="85" variant="4f4dd1bf-8121-4dea-9b1e-661334aa6384" />
</File>
<Timelines>
<Transcode startTime="25116" endTime="25212" complete="1" fileType="av" variant="4f4dd1bf-8121-4dea-9b1e-661334aa6384" />
</Timelines>
</Segment>
<Segment duration="1260" startOffset="2775843" endOffset="2777104">
<File name="chunk-00608" type="av">
<FileVariant size="52" variant="4f4dd1bf-8121-4dea-9b1e-661334aa6384" />
</File>
<Timelines>
<Transcode startTime="25212" endTime="25250" complete="1" fileType="av" variant="4f4dd1bf-8121-4dea-9b1e-661334aa6384" />
</Timelines>
</Segment>
<Segment duration="1086" startOffset="2777105" endOffset="2778192">
<File name="chunk-00609" type="av">
<FileVariant size="58" variant="4f4dd1bf-8121-4dea-9b1e-661334aa6384" />
</File>
<Timelines>
<Transcode startTime="25250" endTime="25255" complete="1" fileType="av" variant="4f4dd1bf-8121-4dea-9b1e-661334aa6384" />
</Timelines>
</Segment>
<Segment duration="1173" startOffset="2778193" endOffset="2779367">
<File name="chunk-00610" type="av">
<FileVariant size="55" variant="4f4dd1bf-8121-4dea-9b1e-661334aa6384" />
</File>
<Timelines>
<Transcode startTime="25255" endTime="25261" complete="1" fileType="av" variant="4f4dd1bf-8121-4dea-9b1e-661334aa6384" />
</Timelines>
</Segment>
<Segment duration="3568" startOffset="2779368" endOffset="2782936">
<File name="chunk-00611" type="av">
<FileVariant size="77" variant="4f4dd1bf-8121-4dea-9b1e-661334aa6384" />
</File>
<Timelines>
<Transcode startTime="25261" endTime="25279" complete="1" fileType="av" variant="4f4dd1bf-8121-4dea-9b1e-661334aa6384" />
</Timelines>
</Segment>
<Segment duration="1914" startOffset="2782937" endOffset="2784851">
<File name="chunk-00612" type="av">
<FileVariant size="76" variant="4f4dd1bf-8121-4dea-9b1e-661334aa6384" />
</File>
<Timelines>
<Transcode startTime="25279" endTime="25289" complete="1" fileType="av" variant="4f4dd1bf-8121-4dea-9b1e-661334aa6384" />
</Timelines>
</Segment>
<Segment duration="3394" startOffset="2784852" endOffset="2788246">
<File name="chunk-00613" type="av">
<FileVariant size="59" variant="4f4dd1bf-8121-4dea-9b1e-661334aa6384" />
</File>
<Timelines>
<Transcode startTime="25289" endTime="25324" complete="1" fileType="av" variant="4f4dd1bf-8121-4dea-9b1e-661334aa6384" />
</Timelines>
</Segment>
<Segment duration="3088" startOffset="2796690" endOffset="2799779">
<File name="chunk-00614" type="av">
<FileVariant size="44" variant="4f4dd1bf-8121-4dea-9b1e-661334aa6384" />
</File>
<Timelines>
<Transcode startTime="25324" endTime="25368" complete="1" fileType="av" variant="4f4dd1bf-8121-4dea-9b1e-661334aa6384" />
</Timelines>
</Segment>
<Segment duration="2783" startOffset="2799780" endOffset="2802564">
<File name="chunk-00615" type="av">
<FileVariant size="69" variant="4f4dd1bf-8121-4dea-9b1e-661334aa6384" />
</File>
<Timelines>
<Transcode startTime="25368" endTime="25400" complete="1" fileType="av" variant="4f4dd1bf-8121-4dea-9b1e-661334aa6384" />
</Timelines>
</Segment>
<Segment duration="1697" startOffset="2802565" endOffset="2804262">
<File name="chunk-00616" type="av">
<FileVariant size="46" variant="4f4dd1bf-8121-4dea-9b1e-661334aa6384" />
</File>
<Timelines>
<Transcode startTime="25400" endTime="25405" complete="1" fileType="av" variant="4f4dd1bf-8121-4dea-9b1e-661334aa6384" />
</Timelines>
</Segment>
<Segment duration="1608" startOffset="2804263" endOffset="2805872">
<File name="chunk-00617" type="av">
<FileVariant size="54" variant="4f4dd1bf-8121-4dea-9b1e-661334aa6384" />
</File>
<Timelines>
<Transcode startTime="25405" endTime="25461" complete="1" fileType="av" variant="4f4dd1bf-8121-4dea-9b1e-661334aa6384" />
</Timelines>
</Segment>
<Segment duration="2219" startOffset="2805873" endOffset="2808092">
<File name="chunk-00618" type="av">
<FileVariant size="60" variant="4f4dd1bf-8121-4dea-9b1e-661334aa6384" />
</File>
<Timelines>
<Transcode startTime="25461" endTime="25553" complete="1" fileType="av" variant="4f4dd1bf-8121-4dea-9b1e-661334aa6384" />
</Timelines>
</Segment>
<Segment duration="1652" startOffset="2811139" endOffset="2812792">
<File name="chunk-00619" type="av">
<FileVariant size="39" variant="4f4dd1bf-8121-4dea-9b1e-661334aa6384" />
</File>
<Timelines>
<Transcode startTime="25553" endTime="25554" complete="1" fileType="av" variant="4f4dd1bf-8121-4dea-9b1e-661334aa6384" />
</Timelines>
</Segment>
<Segment duration="2696" startOffset="2812793" endOffset="2815490">
<File name="chunk-00620" type="av">
<FileVariant size="62" variant="4f4dd1bf-8121-4dea-9b1e-661334aa6384" />
</File>
<Timelines>
<Transcode startTime="25554" endTime="25623" complete="1" fileType="av" variant="4f4dd1bf-8121-4dea-9b1e-661334aa6384" />
</Timelines>
</Segment>
<Segment duration="3568" startOffset="2815491" endOffset="2819059">
<File name="chunk-00621" type="av">
<FileVariant size="81" variant="4f4dd1bf-8121-4dea-9b1e-661334aa6384" />
</File>
<Timelines>
<Transcode startTime="25623" endTime="25701" complete="1" fileType="av" variant="4f4dd1bf-8121-4dea-9b1e-661334aa6384" />
</Timelines>
</Segment>
<Segment duration="4481" startOffset="2819060" endOffset="2823542">
<File name="chunk-00622" type="av">
<FileVariant size="87" variant="4f4dd1bf-8121-4dea-9b1e-661334aa6384" />
</File>
<Timelines>
<Transcode startTime="25701" endTime="25770" complete="1" fileType="av" variant="4f4dd1bf-8121-4dea-9b1e-661334aa6384" />
</Timelines>
</Segment>
<Segment duration="2000" startOffset="2823543" endOffset="2825544">
<File name="chunk-00623" type="av">
<FileVariant size="50" variant="4f4dd1bf-8121-4dea-9b1e-661334aa6384" />
</File>
<Timelines>
<Transcode startTime="25770" endTime="25778" complete="1" fileType="av" variant="4f4dd1bf-8121-4dea-9b1e-661334aa6384" />
</Timelines>
</Segment>
<Segment duration="4090" startOffset="2825545" endOffset="2829635">
<File name="chunk-00624" type="av">
<FileVariant size="92" variant="4f4dd1bf-8121-4dea-9b1e-661334aa6384" />
</File>
<Timelines>
<Transcode startTime="25778" endTime="25806" complete="1" fileType="av" variant="4f4dd1bf-8121-4dea-9b1e-661334aa6384" />
</Timelines>
</Segment>
<Segment duration="1914" startOffset="2829636" endOffset="2831550">
<File name="chunk-00625" type="av">
<FileVariant size="44" variant="4f4dd1bf-8121-4dea-9b1e-661334aa6384" />
</File>
<Timelines>
<Transcode startTime="25806" endTime="25832" complete="1" fileType="av" variant="4f4dd1bf-8121-4dea-9b1e-661334aa6384" />
</Timelines>
</Segment>
<Segment duration="1827" startOffset="2831551" endOffset="2833378">
<File name="chunk-00626" type="av">
<FileVariant size="63" variant="4f4dd1bf-8121-4dea-9b1e-661334aa6384" />
</File>
<Timelines>
<Transcode startTime="25832" endTime="25851" complete="1" fileType="av" variant="4f4dd1bf-8121-4dea-9b1e-661334aa6384" />
</Timelines>
</Segment>
<Segment duration="2958" startOffset="2833379" endOffset="2836337">
<File name="chunk-00627" type="av">
<FileVariant size="84" variant="4f4dd1bf-8121-4dea-9b1e-661334aa6384" />
</File>
<Timelines>
<Transcode startTime="25851" endTime="25901" complete="1" fileType="av" variant="4f4dd1bf-8121-4dea-9b1e-661334aa6384" />
</Timelines>
</Segment>
<Segment duration="2523" startOffset="2836338" endOffset="2838862">
<File name="chunk-00628" type="av">
<FileVariant size="70" variant="4f4dd1bf-8121-4dea-9b1e-661334aa6384" />
</File>
<Timelines>
<Transcode startTime="25901" endTime="25905" complete="1" fileType="av" variant="4f4dd1bf-8121-4dea-9b1e-661334aa6384" />
</Timelines>
</Segment>
<Segment duration="2131" startOffset="2838863" endOffset="2840994">
<File name="chunk-00629" type="av">
<FileVariant size="62" variant="4f4dd1bf-8121-4dea-9b1e-661334aa6384" />
</File>
<Timelines>
<Transcode startTime="25905" endTime="25910" complete="1" fileType="av" variant="4f4dd1bf-8121-4dea-9b1e-661334aa6384" />
</Timelines>
</Segment>
<Segment duration="2262" startOffset="2840995" endOffset="2843257">
<File name="chunk-00630" type="av">
<FileVariant size="79" variant="4f4dd1bf-8121-4dea-9b1e-661334aa6384" />
</File>
<Timelines>
<Transcode startTime="25910" endTime="25946" complete="1" fileType="av" variant="4f4dd1bf-8121-4dea-9b1e-661334aa6384" />
</Timelines>
</Segment>
<Segment duration="3089" startOffset="2843258" endOffset="2846347">
<File name="chunk-00631" type="av">
<FileVariant size="67" variant="4f4dd1bf-8121-4dea-9b1e-661334aa6384" />
</File>
<Timelines>
<Transcode startTime="25946" endTime="25951" complete="1" fileType="av" variant="4f4dd1bf-8121-4dea-9b1e-661334aa6384" />
</Timelines>
</Segment>
<Segment duration="1130" startOffset="2846348" endOffset="2847479">
<File name="chunk-00632" type="av">
<FileVariant size="57" variant="4f4dd1bf-8121-4dea-9b1e-661334aa6384" />
</File>
<Timelines>
<Transcode startTime="25951" endTime="25952" complete="1" fileType="av" variant="4f4dd1bf-8121-4dea-9b1e-661334aa6384" />
</Timelines>
</Segment>
<Segment duration="1130" startOffset="2847480" endOffset="2848610">
<File name="chunk-00633" type="av">
<FileVariant size="54" variant="4f4dd1bf-8121-4dea-9b1e-661334aa6384" />
</File>
<Timelines>
<Transcode startTime="25952" endTime="25957" complete="1" fileType="av" variant="4f4dd1bf-8121-4dea-9b1e-661334aa6384" />
</Timelines>
</Segment>
<Segment duration="2872" startOffset="2848611" endOffset="2851483">
<File name="chunk-00634" type="av">
<FileVariant size="62" variant="4f4dd1bf-8121-4dea-9b1e-661334aa6384" />
</File>
<Timelines>
<Transcode startTime="25957" endTime="25969" complete="1" fileType="av" variant="4f4dd1bf-8121-4dea-9b1e-661334aa6384" />
</Timelines>
</Segment>
<Segment duration="2393" startOffset="2851484" endOffset="2853877">
<File name="chunk-00635" type="av">
<FileVariant size="69" variant="4f4dd1bf-8121-4dea-9b1e-661334aa6384" />
</File>
<Timelines>
<Transcode startTime="25969" endTime="26019" complete="1" fileType="av" variant="4f4dd1bf-8121-4dea-9b1e-661334aa6384" />
</Timelines>
</Segment>
<Segment duration="3088" startOffset="2853878" endOffset="2856967">
<File name="chunk-00636" type="av">
<FileVariant size="80" variant="4f4dd1bf-8121-4dea-9b1e-661334aa6384" />
</File>
<Timelines>
<Transcode startTime="26019" endTime="26044" complete="1" fileType="av" variant="4f4dd1bf-8121-4dea-9b1e-661334aa6384" />
</Timelines>
</Segment>
<Segment duration="1739" startOffset="2856968" endOffset="2858707">
<File name="chunk-00637" type="av">
<FileVariant size="51" variant="4f4dd1bf-8121-4dea-9b1e-661334aa6384" />
</File>
<Timelines>
<Transcode startTime="26044" endTime="26085" complete="1" fileType="av" variant="4f4dd1bf-8121-4dea-9b1e-661334aa6384" />
</Timelines>
</Segment>
<Segment duration="3654" startOffset="2858708" endOffset="2862363">
<File name="chunk-00638" type="av">
<FileVariant size="60" variant="4f4dd1bf-8121-4dea-9b1e-661334aa6384" />
</File>
<Timelines>
<Transcode startTime="26085" endTime="26133" complete="1" fileType="av" variant="4f4dd1bf-8121-4dea-9b1e-661334aa6384" />
</Timelines>
</Segment>
<Segment duration="2653" startOffset="2862364" endOffset="2865018">
<File name="chunk-00639" type="av">
<FileVariant size="78" variant="4f4dd1bf-8121-4dea-9b1e-661334aa6384" />
</File>
<Timelines>
<Transcode startTime="26133" endTime="26135" complete="1" fileType="av" variant="4f4dd1bf-8121-4dea-9b1e-661334aa6384" />
</Timelines>
</Segment>
<Segment duration="3350" startOffset="2865019" endOffset="2868369">
<File name="chunk-00640" type="av">
<FileVariant size="93" variant="4f4dd1bf-8121-4dea-9b1e-661334aa6384" />
</File>
<Timelines>
<Transcode startTime="26135" endTime="26192" complete="1" fileType="av" variant="4f4dd1bf-8121-4dea-9b1e-661334aa6384" />
</Timelines>
</Segment>
<Segment duration="3088" startOffset="2870503" endOffset="2873592">
<File name="chunk-00641" type="av">
<FileVariant size="72" variant="4f4dd1bf-8121-4dea-9b1e-661334aa6384" />
</File>
<Timelines>
<Transcode startTime="26192" endTime="26245" complete="1" fileType="av" variant="4f4dd1bf-8121-4dea-9b1e-661334aa6384" />
</Timelines>
</Segment>
<Segment duration="2088" startOffset="2873593" endOffset="2875681">
<File name="chunk-00642" type="av">
<FileVariant size="57" variant="4f4dd1bf-8121-4dea-9b1e-661334aa6384" />
</File>
<Timelines>
<Transcode startTime="26245" endTime="26255" complete="1" fileType="av" variant="4f4dd1bf-8121-4dea-9b1e-661334aa6384" />
</Timelines>
</Segment>
<Segment duration="2393" startOffset="2875682" endOffset="2878075">
<File name="chunk-00643" type="av">
<FileVariant size="44" variant="4f4dd1bf-8121-4dea-9b1e-661334aa6384" />
</File>
<Timelines>
<Transcode startTime="26255" endTime="26297" complete="1" fileType="av" variant="4f4dd1bf-8121-4dea-9b1e-661334aa6384" />
</Timelines>
</Segment>
<Segment duration="1739" startOffset="2878076" endOffset="2879815">
<File name="chunk-00644" type="av">
<FileVariant size="52" variant="4f4dd1bf-8121-4dea-9b1e-661334aa6384" />
</File>
<Timelines>
<Transcode startTime="26297" endTime="26337" complete="1" fileType="av" variant="4f4dd1bf-8121-4dea-9b1e-661334aa6384" />
</Timelines>
</Segment>
<Segment duration="2567" startOffset="2879816" endOffset="2882383">
<File name="chunk-00645" type="av">
<FileVariant size="62" variant="4f4dd1bf-8121-4dea-9b1e-661334aa6384" />
</File>
<Timelines>
<Transcode startTime="26337" endTime="26350" complete="1" fileType="av" variant="4f4dd1bf-8121-4dea-9b1e-661334aa6384" />
</Timelines>
</Segment>
<Segment duration="1523" startOffset="2882384" endOffset="2883907">
<File name="chunk-00646" type="av">
<FileVariant size="72" variant="4f4dd1bf-8121-4dea-9b1e-661334aa6384" />
</File>
<Timelines>
<Transcode startTime="26350" endTime="26434" complete="1" fileType="av" variant="4f4dd1bf-8121-4dea-9b1e-661334aa6384" />
</Timelines>
</Segment>
<Segment duration="1000" startOffset="2886823" endOffset="2887823">
<File name="chunk-00647" type="av">
<FileVariant size="42" variant="4f4dd1bf-8121-4dea-9b1e-661334aa6384" />
</File>
<Timelines>
<Transcode startTime="26434" endTime="26672" complete="1" fileType="av" variant="4f4dd1bf-8121-4dea-9b1e-661334aa6384" />
</Timelines>
</Segment>
<Segment duration="1522" startOffset="2895528" endOffset="2897050">
<File name="chunk-00648" type="av">
<FileVariant size="41" variant="4f4dd1bf-8121-4dea-9b1e-661334aa6384" />
</File>
<Timelines>
<Transcode startTime="26672" endTime="26881" complete="1" fileType="av" variant="4f4dd1bf-8121-4dea-9b1e-661334aa6384" />
</Timelines>
</Segment>
<Segment duration="2263" startOffset="2902796" endOffset="2905059">
<File name="chunk-00649" type="av">
<FileVariant size="72" variant="4f4dd1bf-8121-4dea-9b1e-661334aa6384" />
</File>
<Timelines>
<Transcode startTime="26881" endTime="26885" complete="1" fileType="av" variant="4f4dd1bf-8121-4dea-9b1e-661334aa6384" />
</Timelines>
</Segment>
<Segment duration="1871" startOffset="2906234" endOffset="2908105">
<File name="chunk-00650" type="av">
<FileVariant size="52" variant="4f4dd1bf-8121-4dea-9b1e-661334aa6384" />
</File>
<Timelines>
<Transcode startTime="26885" endTime="26891" complete="1" fileType="av" variant="4f4dd1bf-8121-4dea-9b1e-661334aa6384" />
</Timelines>
</Segment>
<Segment duration="1087" startOffset="2908106" endOffset="2909194">
<File name="chunk-00651" type="av">
<FileVariant size="40" variant="4f4dd1bf-8121-4dea-9b1e-661334aa6384" />
</File>
<Timelines>
<Transcode startTime="26891" endTime="27006" complete="1" fileType="av" variant="4f4dd1bf-8121-4dea-9b1e-661334aa6384" />
</Timelines>
</Segment>
<Segment duration="1392" startOffset="2910412" endOffset="2911804">
<File name="chunk-00652" type="av">
<FileVariant size="46" variant="4f4dd1bf-8121-4dea-9b1e-661334aa6384" />
</File>
<Timelines>
<Transcode startTime="27006" endTime="27012" complete="1" fileType="av" variant="4f4dd1bf-8121-4dea-9b1e-661334aa6384" />
</Timelines>
</Segment>
<Segment duration="3307" startOffset="2913415" endOffset="2916722">
<File name="chunk-00653" type="av">
<FileVariant size="41" variant="4f4dd1bf-8121-4dea-9b1e-661334aa6384" />
</File>
<Timelines>
<Transcode startTime="27012" endTime="27128" complete="1" fileType="av" variant="4f4dd1bf-8121-4dea-9b1e-661334aa6384" />
</Timelines>
</Segment>
<Segment duration="1782" startOffset="2916723" endOffset="2918506">
<File name="chunk-00654" type="av">
<FileVariant size="41" variant="4f4dd1bf-8121-4dea-9b1e-661334aa6384" />
</File>
<Timelines>
<Transcode startTime="27128" endTime="27240" complete="1" fileType="av" variant="4f4dd1bf-8121-4dea-9b1e-661334aa6384" />
</Timelines>
</Segment>
<Segment duration="1956" startOffset="2919639" endOffset="2921596">
<File name="chunk-00655" type="av">
<FileVariant size="45" variant="4f4dd1bf-8121-4dea-9b1e-661334aa6384" />
</File>
<Timelines>
<Transcode startTime="27240" endTime="27246" complete="1" fileType="av" variant="4f4dd1bf-8121-4dea-9b1e-661334aa6384" />
</Timelines>
</Segment>
<Segment duration="2436" startOffset="2921597" endOffset="2924034">
<File name="chunk-00656" type="av">
<FileVariant size="53" variant="4f4dd1bf-8121-4dea-9b1e-661334aa6384" />
</File>
<Timelines>
<Transcode startTime="27246" endTime="27332" complete="1" fileType="av" variant="4f4dd1bf-8121-4dea-9b1e-661334aa6384" />
</Timelines>
</Segment>
<Segment duration="1565" startOffset="2924035" endOffset="2925600">
<File name="chunk-00657" type="av">
<FileVariant size="47" variant="4f4dd1bf-8121-4dea-9b1e-661334aa6384" />
</File>
<Timelines>
<Transcode startTime="27332" endTime="27466" complete="1" fileType="av" variant="4f4dd1bf-8121-4dea-9b1e-661334aa6384" />
</Timelines>
</Segment>
<Segment duration="1087" startOffset="2927429" endOffset="2928517">
<File name="chunk-00658" type="av">
<FileVariant size="45" variant="4f4dd1bf-8121-4dea-9b1e-661334aa6384" />
</File>
<Timelines>
<Transcode startTime="27466" endTime="27651" complete="1" fileType="av" variant="4f4dd1bf-8121-4dea-9b1e-661334aa6384" />
</Timelines>
</Segment>
<Segment duration="1130" startOffset="2932434" endOffset="2933565">
<File name="chunk-00659" type="av">
<FileVariant size="45" variant="4f4dd1bf-8121-4dea-9b1e-661334aa6384" />
</File>
<Timelines>
<Transcode startTime="27651" endTime="27762" complete="1" fileType="av" variant="4f4dd1bf-8121-4dea-9b1e-661334aa6384" />
</Timelines>
</Segment>
<Segment duration="1608" startOffset="2941139" endOffset="2942748">
<File name="chunk-00660" type="av">
<FileVariant size="58" variant="4f4dd1bf-8121-4dea-9b1e-661334aa6384" />
</File>
<Timelines>
<Transcode startTime="27762" endTime="27886" complete="1" fileType="av" variant="4f4dd1bf-8121-4dea-9b1e-661334aa6384" />
</Timelines>
</Segment>
<Segment duration="1305" startOffset="2948450" endOffset="2949755">
<File name="chunk-00661" type="av">
<FileVariant size="46" variant="4f4dd1bf-8121-4dea-9b1e-661334aa6384" />
</File>
<Timelines>
<Transcode startTime="27886" endTime="27890" complete="1" fileType="av" variant="4f4dd1bf-8121-4dea-9b1e-661334aa6384" />
</Timelines>
</Segment>
<Segment duration="913" startOffset="2949756" endOffset="2950669">
<File name="chunk-00662" type="av">
<FileVariant size="40" variant="4f4dd1bf-8121-4dea-9b1e-661334aa6384" />
</File>
<Timelines>
<Transcode startTime="27890" endTime="28091" complete="1" fileType="av" variant="4f4dd1bf-8121-4dea-9b1e-661334aa6384" />
</Timelines>
</Segment>
<Segment duration="914" startOffset="2954500" endOffset="2955414">
<File name="chunk-00663" type="av">
<FileVariant size="41" variant="4f4dd1bf-8121-4dea-9b1e-661334aa6384" />
</File>
<Timelines>
<Transcode startTime="28091" endTime="28224" complete="1" fileType="av" variant="4f4dd1bf-8121-4dea-9b1e-661334aa6384" />
</Timelines>
</Segment>
<Segment duration="1173" startOffset="2960071" endOffset="2961245">
<File name="chunk-00664" type="av">
<FileVariant size="40" variant="4f4dd1bf-8121-4dea-9b1e-661334aa6384" />
</File>
<Timelines>
<Transcode startTime="28224" endTime="28284" complete="1" fileType="av" variant="4f4dd1bf-8121-4dea-9b1e-661334aa6384" />
</Timelines>
</Segment>
<Segment duration="1653" startOffset="2963683" endOffset="2965337">
<File name="chunk-00665" type="av">
<FileVariant size="41" variant="4f4dd1bf-8121-4dea-9b1e-661334aa6384" />
</File>
<Timelines>
<Transcode startTime="28284" endTime="28349" complete="1" fileType="av" variant="4f4dd1bf-8121-4dea-9b1e-661334aa6384" />
</Timelines>
</Segment>
<Segment duration="1087" startOffset="2965902" endOffset="2966990">
<File name="chunk-00666" type="av">
<FileVariant size="40" variant="4f4dd1bf-8121-4dea-9b1e-661334aa6384" />
</File>
<Timelines>
<Transcode startTime="28349" endTime="28559" complete="1" fileType="av" variant="4f4dd1bf-8121-4dea-9b1e-661334aa6384" />
</Timelines>
</Segment>
<Segment duration="1174" startOffset="2979438" endOffset="2980613">
<File name="chunk-00667" type="av">
<FileVariant size="45" variant="4f4dd1bf-8121-4dea-9b1e-661334aa6384" />
</File>
<Timelines>
<Transcode startTime="28559" endTime="28911" complete="1" fileType="av" variant="4f4dd1bf-8121-4dea-9b1e-661334aa6384" />
</Timelines>
</Segment>
<Segment duration="1522" startOffset="2997934" endOffset="2999457">
<File name="chunk-00668" type="av">
<FileVariant size="43" variant="4f4dd1bf-8121-4dea-9b1e-661334aa6384" />
</File>
<Timelines>
<Transcode startTime="28911" endTime="28912" complete="1" fileType="av" variant="4f4dd1bf-8121-4dea-9b1e-661334aa6384" />
</Timelines>
</Segment>
<Segment duration="1174" startOffset="2999458" endOffset="3000633">
<File name="chunk-00669" type="av">
<FileVariant size="41" variant="4f4dd1bf-8121-4dea-9b1e-661334aa6384" />
</File>
<Timelines>
<Transcode startTime="28912" endTime="29023" complete="1" fileType="av" variant="4f4dd1bf-8121-4dea-9b1e-661334aa6384" />
</Timelines>
</Segment>
<Segment duration="2478" startOffset="3003027" endOffset="3005506">
<File name="chunk-00670" type="av">
<FileVariant size="51" variant="4f4dd1bf-8121-4dea-9b1e-661334aa6384" />
</File>
<Timelines>
<Transcode startTime="29023" endTime="29452" complete="1" fileType="av" variant="4f4dd1bf-8121-4dea-9b1e-661334aa6384" />
</Timelines>
</Segment>
<Segment duration="1521" startOffset="3023438" endOffset="3024960">
<File name="chunk-00671" type="av">
<FileVariant size="85" variant="4f4dd1bf-8121-4dea-9b1e-661334aa6384" />
</File>
<Timelines>
<Transcode startTime="29452" endTime="29454" complete="1" fileType="av" variant="4f4dd1bf-8121-4dea-9b1e-661334aa6384" />
</Timelines>
</Segment>
<Segment duration="1479" startOffset="3024961" endOffset="3026440">
<File name="chunk-00672" type="av">
<FileVariant size="59" variant="4f4dd1bf-8121-4dea-9b1e-661334aa6384" />
</File>
<Timelines>
<Transcode startTime="29454" endTime="29454" complete="1" fileType="av" variant="4f4dd1bf-8121-4dea-9b1e-661334aa6384" />
</Timelines>
</Segment>
<Segment duration="3612" startOffset="3026441" endOffset="3030053">
<File name="chunk-00673" type="av">
<FileVariant size="82" variant="4f4dd1bf-8121-4dea-9b1e-661334aa6384" />
</File>
<Timelines>
<Transcode startTime="29454" endTime="29489" complete="1" fileType="av" variant="4f4dd1bf-8121-4dea-9b1e-661334aa6384" />
</Timelines>
</Segment>
<Segment duration="1739" startOffset="3030054" endOffset="3031793">
<File name="chunk-00674" type="av">
<FileVariant size="68" variant="4f4dd1bf-8121-4dea-9b1e-661334aa6384" />
</File>
<Timelines>
<Transcode startTime="29489" endTime="29490" complete="1" fileType="av" variant="4f4dd1bf-8121-4dea-9b1e-661334aa6384" />
</Timelines>
</Segment>
<Segment duration="2393" startOffset="3031794" endOffset="3034187">
<File name="chunk-00675" type="av">
<FileVariant size="63" variant="4f4dd1bf-8121-4dea-9b1e-661334aa6384" />
</File>
<Timelines>
<Transcode startTime="29490" endTime="29495" complete="1" fileType="av" variant="4f4dd1bf-8121-4dea-9b1e-661334aa6384" />
</Timelines>
</Segment>
<Segment duration="3873" startOffset="3034188" endOffset="3038061">
<File name="chunk-00676" type="av">
<FileVariant size="76" variant="4f4dd1bf-8121-4dea-9b1e-661334aa6384" />
</File>
<Timelines>
<Transcode startTime="29495" endTime="29534" complete="1" fileType="av" variant="4f4dd1bf-8121-4dea-9b1e-661334aa6384" />
</Timelines>
</Segment>
<Segment duration="1869" startOffset="3038062" endOffset="3039932">
<File name="chunk-00677" type="av">
<FileVariant size="56" variant="4f4dd1bf-8121-4dea-9b1e-661334aa6384" />
</File>
<Timelines>
<Transcode startTime="29534" endTime="29541" complete="1" fileType="av" variant="4f4dd1bf-8121-4dea-9b1e-661334aa6384" />
</Timelines>
</Segment>
<Segment duration="1130" startOffset="3039933" endOffset="3041064">
<File name="chunk-00678" type="av">
<FileVariant size="40" variant="4f4dd1bf-8121-4dea-9b1e-661334aa6384" />
</File>
<Timelines>
<Transcode startTime="29541" endTime="29624" complete="1" fileType="av" variant="4f4dd1bf-8121-4dea-9b1e-661334aa6384" />
</Timelines>
</Segment>
<Segment duration="2043" startOffset="3042762" endOffset="3044806">
<File name="chunk-00679" type="av">
<FileVariant size="60" variant="4f4dd1bf-8121-4dea-9b1e-661334aa6384" />
</File>
<Timelines>
<Transcode startTime="29624" endTime="29625" complete="1" fileType="av" variant="4f4dd1bf-8121-4dea-9b1e-661334aa6384" />
</Timelines>
</Segment>
<Segment duration="1480" startOffset="3044807" endOffset="3046287">
<File name="chunk-00680" type="av">
<FileVariant size="46" variant="4f4dd1bf-8121-4dea-9b1e-661334aa6384" />
</File>
<Timelines>
<Transcode startTime="29625" endTime="29635" complete="1" fileType="av" variant="4f4dd1bf-8121-4dea-9b1e-661334aa6384" />
</Timelines>
</Segment>
<Segment duration="913" startOffset="3046983" endOffset="3047896">
<File name="chunk-00681" type="av">
<FileVariant size="47" variant="4f4dd1bf-8121-4dea-9b1e-661334aa6384" />
</File>
<Timelines>
<Transcode startTime="29635" endTime="29688" complete="1" fileType="av" variant="4f4dd1bf-8121-4dea-9b1e-661334aa6384" />
</Timelines>
</Segment>
<Segment duration="1782" startOffset="3049029" endOffset="3050812">
<File name="chunk-00682" type="av">
<FileVariant size="62" variant="4f4dd1bf-8121-4dea-9b1e-661334aa6384" />
</File>
<Timelines>
<Transcode startTime="29688" endTime="30039" complete="1" fileType="av" variant="4f4dd1bf-8121-4dea-9b1e-661334aa6384" />
</Timelines>
</Segment>
<Segment duration="870" startOffset="3069528" endOffset="3070398">
<File name="chunk-00683" type="av">
<FileVariant size="40" variant="4f4dd1bf-8121-4dea-9b1e-661334aa6384" />
</File>
<Timelines>
<Transcode startTime="30039" endTime="30353" complete="1" fileType="av" variant="4f4dd1bf-8121-4dea-9b1e-661334aa6384" />
</Timelines>
</Segment>
<Segment duration="1782" startOffset="3086545" endOffset="3088328">
<File name="chunk-00684" type="av">
<FileVariant size="52" variant="4f4dd1bf-8121-4dea-9b1e-661334aa6384" />
</File>
<Timelines>
<Transcode startTime="30353" endTime="30398" complete="1" fileType="av" variant="4f4dd1bf-8121-4dea-9b1e-661334aa6384" />
</Timelines>
</Segment>
<Segment duration="3088" startOffset="3088329" endOffset="3091418">
<File name="chunk-00685" type="av">
<FileVariant size="77" variant="4f4dd1bf-8121-4dea-9b1e-661334aa6384" />
</File>
<Timelines>
<Transcode startTime="30398" endTime="30404" complete="1" fileType="av" variant="4f4dd1bf-8121-4dea-9b1e-661334aa6384" />
</Timelines>
</Segment>
<Segment duration="1260" startOffset="3091419" endOffset="3092680">
<File name="chunk-00686" type="av">
<FileVariant size="52" variant="4f4dd1bf-8121-4dea-9b1e-661334aa6384" />
</File>
<Timelines>
<Transcode startTime="30404" endTime="30408" complete="1" fileType="av" variant="4f4dd1bf-8121-4dea-9b1e-661334aa6384" />
</Timelines>
</Segment>
<Segment duration="1436" startOffset="3092681" endOffset="3094117">
<File name="chunk-00687" type="av">
<FileVariant size="57" variant="4f4dd1bf-8121-4dea-9b1e-661334aa6384" />
</File>
<Timelines>
<Transcode startTime="30408" endTime="30448" complete="1" fileType="av" variant="4f4dd1bf-8121-4dea-9b1e-661334aa6384" />
</Timelines>
</Segment>
<Segment duration="1434" startOffset="3094118" endOffset="3095553">
<File name="chunk-00688" type="av">
<FileVariant size="46" variant="4f4dd1bf-8121-4dea-9b1e-661334aa6384" />
</File>
<Timelines>
<Transcode startTime="30448" endTime="30496" complete="1" fileType="av" variant="4f4dd1bf-8121-4dea-9b1e-661334aa6384" />
</Timelines>
</Segment>
<Segment duration="2000" startOffset="3095554" endOffset="3097555">
<File name="chunk-00689" type="av">
<FileVariant size="66" variant="4f4dd1bf-8121-4dea-9b1e-661334aa6384" />
</File>
<Timelines>
<Transcode startTime="30496" endTime="30507" complete="1" fileType="av" variant="4f4dd1bf-8121-4dea-9b1e-661334aa6384" />
</Timelines>
</Segment>
<Segment duration="1347" startOffset="3097556" endOffset="3098904">
<File name="chunk-00690" type="av">
<FileVariant size="43" variant="4f4dd1bf-8121-4dea-9b1e-661334aa6384" />
</File>
<Timelines>
<Transcode startTime="30507" endTime="30556" complete="1" fileType="av" variant="4f4dd1bf-8121-4dea-9b1e-661334aa6384" />
</Timelines>
</Segment>
<Segment duration="1304" startOffset="3098905" endOffset="3100210">
<File name="chunk-00691" type="av">
<FileVariant size="43" variant="4f4dd1bf-8121-4dea-9b1e-661334aa6384" />
</File>
<Timelines>
<Transcode startTime="30556" endTime="30560" complete="1" fileType="av" variant="4f4dd1bf-8121-4dea-9b1e-661334aa6384" />
</Timelines>
</Segment>
<Segment duration="1130" startOffset="3100211" endOffset="3101341">
<File name="chunk-00692" type="av">
<FileVariant size="49" variant="4f4dd1bf-8121-4dea-9b1e-661334aa6384" />
</File>
<Timelines>
<Transcode startTime="30560" endTime="30631" complete="1" fileType="av" variant="4f4dd1bf-8121-4dea-9b1e-661334aa6384" />
</Timelines>
</Segment>
<Segment duration="2480" startOffset="3101342" endOffset="3103822">
<File name="chunk-00693" type="av">
<FileVariant size="74" variant="4f4dd1bf-8121-4dea-9b1e-661334aa6384" />
</File>
<Timelines>
<Transcode startTime="30631" endTime="30658" complete="1" fileType="av" variant="4f4dd1bf-8121-4dea-9b1e-661334aa6384" />
</Timelines>
</Segment>
<Segment duration="2349" startOffset="3103823" endOffset="3106172">
<File name="chunk-00694" type="av">
<FileVariant size="62" variant="4f4dd1bf-8121-4dea-9b1e-661334aa6384" />
</File>
<Timelines>
<Transcode startTime="30658" endTime="30664" complete="1" fileType="av" variant="4f4dd1bf-8121-4dea-9b1e-661334aa6384" />
</Timelines>
</Segment>
<Segment duration="1609" startOffset="3106173" endOffset="3107782">
<File name="chunk-00695" type="av">
<FileVariant size="52" variant="4f4dd1bf-8121-4dea-9b1e-661334aa6384" />
</File>
<Timelines>
<Transcode startTime="30664" endTime="30672" complete="1" fileType="av" variant="4f4dd1bf-8121-4dea-9b1e-661334aa6384" />
</Timelines>
</Segment>
<Segment duration="1349" startOffset="3107783" endOffset="3109132">
<File name="chunk-00696" type="av">
<FileVariant size="49" variant="4f4dd1bf-8121-4dea-9b1e-661334aa6384" />
</File>
<Timelines>
<Transcode startTime="30672" endTime="30757" complete="1" fileType="av" variant="4f4dd1bf-8121-4dea-9b1e-661334aa6384" />
</Timelines>
</Segment>
<Segment duration="1914" startOffset="3111352" endOffset="3113266">
<File name="chunk-00697" type="av">
<FileVariant size="59" variant="4f4dd1bf-8121-4dea-9b1e-661334aa6384" />
</File>
<Timelines>
<Transcode startTime="30757" endTime="30815" complete="1" fileType="av" variant="4f4dd1bf-8121-4dea-9b1e-661334aa6384" />
</Timelines>
</Segment>
<Segment duration="2958" startOffset="3116096" endOffset="3119054">
<File name="chunk-00698" type="av">
<FileVariant size="82" variant="4f4dd1bf-8121-4dea-9b1e-661334aa6384" />
</File>
<Timelines>
<Transcode startTime="30815" endTime="30869" complete="1" fileType="av" variant="4f4dd1bf-8121-4dea-9b1e-661334aa6384" />
</Timelines>
</Segment>
<Segment duration="3525" startOffset="3119055" endOffset="3122580">
<File name="chunk-00699" type="av">
<FileVariant size="70" variant="4f4dd1bf-8121-4dea-9b1e-661334aa6384" />
</File>
<Timelines>
<Transcode startTime="30869" endTime="30923" complete="1" fileType="av" variant="4f4dd1bf-8121-4dea-9b1e-661334aa6384" />
</Timelines>
</Segment>
<Segment duration="1043" startOffset="3126150" endOffset="3127194">
<File name="chunk-00700" type="av">
<FileVariant size="40" variant="4f4dd1bf-8121-4dea-9b1e-661334aa6384" />
</File>
<Timelines>
<Transcode startTime="30923" endTime="30969" complete="1" fileType="av" variant="4f4dd1bf-8121-4dea-9b1e-661334aa6384" />
</Timelines>
</Segment>
<Segment duration="1782" startOffset="3128326" endOffset="3130109">
<File name="chunk-00701" type="av">
<FileVariant size="49" variant="4f4dd1bf-8121-4dea-9b1e-661334aa6384" />
</File>
<Timelines>
<Transcode startTime="30969" endTime="30976" complete="1" fileType="av" variant="4f4dd1bf-8121-4dea-9b1e-661334aa6384" />
</Timelines>
</Segment>
<Segment duration="3262" startOffset="3130110" endOffset="3133373">
<File name="chunk-00702" type="av">
<FileVariant size="61" variant="4f4dd1bf-8121-4dea-9b1e-661334aa6384" />
</File>
<Timelines>
<Transcode startTime="30976" endTime="31022" complete="1" fileType="av" variant="4f4dd1bf-8121-4dea-9b1e-661334aa6384" />
</Timelines>
</Segment>
<Segment duration="2523" startOffset="3133374" endOffset="3135897">
<File name="chunk-00703" type="av">
<FileVariant size="76" variant="4f4dd1bf-8121-4dea-9b1e-661334aa6384" />
</File>
<Timelines>
<Transcode startTime="31022" endTime="31029" complete="1" fileType="av" variant="4f4dd1bf-8121-4dea-9b1e-661334aa6384" />
</Timelines>
</Segment>
<Segment duration="1217" startOffset="3135898" endOffset="3137116">
<File name="chunk-00704" type="av">
<FileVariant size="41" variant="4f4dd1bf-8121-4dea-9b1e-661334aa6384" />
</File>
<Timelines>
<Transcode startTime="31029" endTime="31029" complete="1" fileType="av" variant="4f4dd1bf-8121-4dea-9b1e-661334aa6384" />
</Timelines>
</Segment>
<Segment duration="2914" startOffset="3137117" endOffset="3140032">
<File name="chunk-00705" type="av">
<FileVariant size="69" variant="4f4dd1bf-8121-4dea-9b1e-661334aa6384" />
</File>
<Timelines>
<Transcode startTime="31029" endTime="31083" complete="1" fileType="av" variant="4f4dd1bf-8121-4dea-9b1e-661334aa6384" />
</Timelines>
</Segment>
<Segment duration="2088" startOffset="3140033" endOffset="3142121">
<File name="chunk-00706" type="av">
<FileVariant size="71" variant="4f4dd1bf-8121-4dea-9b1e-661334aa6384" />
</File>
<Timelines>
<Transcode startTime="31083" endTime="31130" complete="1" fileType="av" variant="4f4dd1bf-8121-4dea-9b1e-661334aa6384" />
</Timelines>
</Segment>
<Segment duration="1260" startOffset="3142122" endOffset="3143383">
<File name="chunk-00707" type="av">
<FileVariant size="45" variant="4f4dd1bf-8121-4dea-9b1e-661334aa6384" />
</File>
<Timelines>
<Transcode startTime="31130" endTime="31132" complete="1" fileType="av" variant="4f4dd1bf-8121-4dea-9b1e-661334aa6384" />
</Timelines>
</Segment>
<Segment duration="2349" startOffset="3143384" endOffset="3145733">
<File name="chunk-00708" type="av">
<FileVariant size="67" variant="4f4dd1bf-8121-4dea-9b1e-661334aa6384" />
</File>
<Timelines>
<Transcode startTime="31132" endTime="31135" complete="1" fileType="av" variant="4f4dd1bf-8121-4dea-9b1e-661334aa6384" />
</Timelines>
</Segment>
<Segment duration="1306" startOffset="3145734" endOffset="3147040">
<File name="chunk-00709" type="av">
<FileVariant size="44" variant="4f4dd1bf-8121-4dea-9b1e-661334aa6384" />
</File>
<Timelines>
<Transcode startTime="31135" endTime="31195" complete="1" fileType="av" variant="4f4dd1bf-8121-4dea-9b1e-661334aa6384" />
</Timelines>
</Segment>
<Segment duration="2131" startOffset="3152785" endOffset="3154916">
<File name="chunk-00710" type="av">
<FileVariant size="66" variant="4f4dd1bf-8121-4dea-9b1e-661334aa6384" />
</File>
<Timelines>
<Transcode startTime="31195" endTime="31201" complete="1" fileType="av" variant="4f4dd1bf-8121-4dea-9b1e-661334aa6384" />
</Timelines>
</Segment>
<Segment duration="2349" startOffset="3154917" endOffset="3157267">
<File name="chunk-00711" type="av">
<FileVariant size="77" variant="4f4dd1bf-8121-4dea-9b1e-661334aa6384" />
</File>
<Timelines>
<Transcode startTime="31201" endTime="31239" complete="1" fileType="av" variant="4f4dd1bf-8121-4dea-9b1e-661334aa6384" />
</Timelines>
</Segment>
<Segment duration="1739" startOffset="3157268" endOffset="3159007">
<File name="chunk-00712" type="av">
<FileVariant size="50" variant="4f4dd1bf-8121-4dea-9b1e-661334aa6384" />
</File>
<Timelines>
<Transcode startTime="31239" endTime="31288" complete="1" fileType="av" variant="4f4dd1bf-8121-4dea-9b1e-661334aa6384" />
</Timelines>
</Segment>
<Segment duration="2611" startOffset="3159008" endOffset="3161619">
<File name="chunk-00713" type="av">
<FileVariant size="57" variant="4f4dd1bf-8121-4dea-9b1e-661334aa6384" />
</File>
<Timelines>
<Transcode startTime="31288" endTime="31294" complete="1" fileType="av" variant="4f4dd1bf-8121-4dea-9b1e-661334aa6384" />
</Timelines>
</Segment>
<Segment duration="2523" startOffset="3161620" endOffset="3164143">
<File name="chunk-00714" type="av">
<FileVariant size="66" variant="4f4dd1bf-8121-4dea-9b1e-661334aa6384" />
</File>
<Timelines>
<Transcode startTime="31294" endTime="31307" complete="1" fileType="av" variant="4f4dd1bf-8121-4dea-9b1e-661334aa6384" />
</Timelines>
</Segment>
<Segment duration="2697" startOffset="3165101" endOffset="3167799">
<File name="chunk-00715" type="av">
<FileVariant size="71" variant="4f4dd1bf-8121-4dea-9b1e-661334aa6384" />
</File>
<Timelines>
<Transcode startTime="31307" endTime="31397" complete="1" fileType="av" variant="4f4dd1bf-8121-4dea-9b1e-661334aa6384" />
</Timelines>
</Segment>
<Segment duration="3567" startOffset="3167800" endOffset="3171368">
<File name="chunk-00716" type="av">
<FileVariant size="90" variant="4f4dd1bf-8121-4dea-9b1e-661334aa6384" />
</File>
<Timelines>
<Transcode startTime="31397" endTime="31488" complete="1" fileType="av" variant="4f4dd1bf-8121-4dea-9b1e-661334aa6384" />
</Timelines>
</Segment>
<Segment duration="1608" startOffset="3171369" endOffset="3172978">
<File name="chunk-00717" type="av">
<FileVariant size="55" variant="4f4dd1bf-8121-4dea-9b1e-661334aa6384" />
</File>
<Timelines>
<Transcode startTime="31488" endTime="31511" complete="1" fileType="av" variant="4f4dd1bf-8121-4dea-9b1e-661334aa6384" />
</Timelines>
</Segment>
<Segment duration="1435" startOffset="3172979" endOffset="3174414">
<File name="chunk-00718" type="av">
<FileVariant size="45" variant="4f4dd1bf-8121-4dea-9b1e-661334aa6384" />
</File>
<Timelines>
<Transcode startTime="31511" endTime="31522" complete="1" fileType="av" variant="4f4dd1bf-8121-4dea-9b1e-661334aa6384" />
</Timelines>
</Segment>
<Segment duration="3175" startOffset="3174415" endOffset="3177591">
<File name="chunk-00719" type="av">
<FileVariant size="70" variant="4f4dd1bf-8121-4dea-9b1e-661334aa6384" />
</File>
<Timelines>
<Transcode startTime="31522" endTime="31715" complete="1" fileType="av" variant="4f4dd1bf-8121-4dea-9b1e-661334aa6384" />
</Timelines>
</Segment>
<Segment duration="2914" startOffset="3179159" endOffset="3182074">
<File name="chunk-00720" type="av">
<FileVariant size="58" variant="4f4dd1bf-8121-4dea-9b1e-661334aa6384" />
</File>
<Timelines>
<Transcode startTime="31715" endTime="31733" complete="1" fileType="av" variant="4f4dd1bf-8121-4dea-9b1e-661334aa6384" />
</Timelines>
</Segment>
<Segment duration="2871" startOffset="3182075" endOffset="3184946">
<File name="chunk-00721" type="av">
<FileVariant size="74" variant="4f4dd1bf-8121-4dea-9b1e-661334aa6384" />
</File>
<Timelines>
<Transcode startTime="31733" endTime="31825" complete="1" fileType="av" variant="4f4dd1bf-8121-4dea-9b1e-661334aa6384" />
</Timelines>
</Segment>
<Segment duration="2610" startOffset="3184947" endOffset="3187558">
<File name="chunk-00722" type="av">
<FileVariant size="76" variant="4f4dd1bf-8121-4dea-9b1e-661334aa6384" />
</File>
<Timelines>
<Transcode startTime="31825" endTime="31904" complete="1" fileType="av" variant="4f4dd1bf-8121-4dea-9b1e-661334aa6384" />
</Timelines>
</Segment>
<Segment duration="2087" startOffset="3187559" endOffset="3189647">
<File name="chunk-00723" type="av">
<FileVariant size="59" variant="4f4dd1bf-8121-4dea-9b1e-661334aa6384" />
</File>
<Timelines>
<Transcode startTime="31904" endTime="31907" complete="1" fileType="av" variant="4f4dd1bf-8121-4dea-9b1e-661334aa6384" />
</Timelines>
</Segment>
<Segment duration="1695" startOffset="3189648" endOffset="3191344">
<File name="chunk-00724" type="av">
<FileVariant size="44" variant="4f4dd1bf-8121-4dea-9b1e-661334aa6384" />
</File>
<Timelines>
<Transcode startTime="31907" endTime="31995" complete="1" fileType="av" variant="4f4dd1bf-8121-4dea-9b1e-661334aa6384" />
</Timelines>
</Segment>
<Segment duration="1087" startOffset="3197699" endOffset="3198787">
<File name="chunk-00725" type="av">
<FileVariant size="47" variant="4f4dd1bf-8121-4dea-9b1e-661334aa6384" />
</File>
<Timelines>
<Transcode startTime="31995" endTime="32031" complete="1" fileType="av" variant="4f4dd1bf-8121-4dea-9b1e-661334aa6384" />
</Timelines>
</Segment>
<Segment duration="2914" startOffset="3200049" endOffset="3202964">
<File name="chunk-00726" type="av">
<FileVariant size="61" variant="4f4dd1bf-8121-4dea-9b1e-661334aa6384" />
</File>
<Timelines>
<Transcode startTime="32031" endTime="32077" complete="1" fileType="av" variant="4f4dd1bf-8121-4dea-9b1e-661334aa6384" />
</Timelines>
</Segment>
<Segment duration="1957" startOffset="3202965" endOffset="3204923">
<File name="chunk-00727" type="av">
<FileVariant size="61" variant="4f4dd1bf-8121-4dea-9b1e-661334aa6384" />
</File>
<Timelines>
<Transcode startTime="32077" endTime="32082" complete="1" fileType="av" variant="4f4dd1bf-8121-4dea-9b1e-661334aa6384" />
</Timelines>
</Segment>
<Segment duration="1740" startOffset="3204924" endOffset="3206664">
<File name="chunk-00728" type="av">
<FileVariant size="60" variant="4f4dd1bf-8121-4dea-9b1e-661334aa6384" />
</File>
<Timelines>
<Transcode startTime="32082" endTime="32083" complete="1" fileType="av" variant="4f4dd1bf-8121-4dea-9b1e-661334aa6384" />
</Timelines>
</Segment>
<Segment duration="2175" startOffset="3206665" endOffset="3208840">
<File name="chunk-00729" type="av">
<FileVariant size="50" variant="4f4dd1bf-8121-4dea-9b1e-661334aa6384" />
</File>
<Timelines>
<Transcode startTime="32083" endTime="32120" complete="1" fileType="av" variant="4f4dd1bf-8121-4dea-9b1e-661334aa6384" />
</Timelines>
</Segment>
<Segment duration="2567" startOffset="3208841" endOffset="3211408">
<File name="chunk-00730" type="av">
<FileVariant size="74" variant="4f4dd1bf-8121-4dea-9b1e-661334aa6384" />
</File>
<Timelines>
<Transcode startTime="32120" endTime="32160" complete="1" fileType="av" variant="4f4dd1bf-8121-4dea-9b1e-661334aa6384" />
</Timelines>
</Segment>
<Segment duration="2871" startOffset="3211409" endOffset="3214280">
<File name="chunk-00731" type="av">
<FileVariant size="82" variant="4f4dd1bf-8121-4dea-9b1e-661334aa6384" />
</File>
<Timelines>
<Transcode startTime="32160" endTime="32200" complete="1" fileType="av" variant="4f4dd1bf-8121-4dea-9b1e-661334aa6384" />
</Timelines>
</Segment>
<Segment duration="2306" startOffset="3214281" endOffset="3216587">
<File name="chunk-00732" type="av">
<FileVariant size="52" variant="4f4dd1bf-8121-4dea-9b1e-661334aa6384" />
</File>
<Timelines>
<Transcode startTime="32200" endTime="32207" complete="1" fileType="av" variant="4f4dd1bf-8121-4dea-9b1e-661334aa6384" />
</Timelines>
</Segment>
<Segment duration="2043" startOffset="3216588" endOffset="3218632">
<File name="chunk-00733" type="av">
<FileVariant size="65" variant="4f4dd1bf-8121-4dea-9b1e-661334aa6384" />
</File>
<Timelines>
<Transcode startTime="32207" endTime="32245" complete="1" fileType="av" variant="4f4dd1bf-8121-4dea-9b1e-661334aa6384" />
</Timelines>
</Segment>
<Segment duration="957" startOffset="3218633" endOffset="3219590">
<File name="chunk-00734" type="av">
<FileVariant size="41" variant="4f4dd1bf-8121-4dea-9b1e-661334aa6384" />
</File>
<Timelines>
<Transcode startTime="32245" endTime="32253" complete="1" fileType="av" variant="4f4dd1bf-8121-4dea-9b1e-661334aa6384" />
</Timelines>
</Segment>
<Segment duration="3436" startOffset="3219591" endOffset="3223028">
<File name="chunk-00735" type="av">
<FileVariant size="65" variant="4f4dd1bf-8121-4dea-9b1e-661334aa6384" />
</File>
<Timelines>
<Transcode startTime="32253" endTime="32256" complete="1" fileType="av" variant="4f4dd1bf-8121-4dea-9b1e-661334aa6384" />
</Timelines>
</Segment>
<Segment duration="2958" startOffset="3223029" endOffset="3225987">
<File name="chunk-00736" type="av">
<FileVariant size="44" variant="4f4dd1bf-8121-4dea-9b1e-661334aa6384" />
</File>
<Timelines>
<Transcode startTime="32256" endTime="32294" complete="1" fileType="av" variant="4f4dd1bf-8121-4dea-9b1e-661334aa6384" />
</Timelines>
</Segment>
<Segment duration="2698" startOffset="3225988" endOffset="3228686">
<File name="chunk-00737" type="av">
<FileVariant size="88" variant="4f4dd1bf-8121-4dea-9b1e-661334aa6384" />
</File>
<Timelines>
<Transcode startTime="32294" endTime="32339" complete="1" fileType="av" variant="4f4dd1bf-8121-4dea-9b1e-661334aa6384" />
</Timelines>
</Segment>
<Segment duration="1521" startOffset="3228687" endOffset="3230209">
<File name="chunk-00738" type="av">
<FileVariant size="45" variant="4f4dd1bf-8121-4dea-9b1e-661334aa6384" />
</File>
<Timelines>
<Transcode startTime="32339" endTime="32379" complete="1" fileType="av" variant="4f4dd1bf-8121-4dea-9b1e-661334aa6384" />
</Timelines>
</Segment>
<Segment duration="2653" startOffset="3230210" endOffset="3232864">
<File name="chunk-00739" type="av">
<FileVariant size="74" variant="4f4dd1bf-8121-4dea-9b1e-661334aa6384" />
</File>
<Timelines>
<Transcode startTime="32379" endTime="32439" complete="1" fileType="av" variant="4f4dd1bf-8121-4dea-9b1e-661334aa6384" />
</Timelines>
</Segment>
<Segment duration="1783" startOffset="3232865" endOffset="3234648">
<File name="chunk-00740" type="av">
<FileVariant size="57" variant="4f4dd1bf-8121-4dea-9b1e-661334aa6384" />
</File>
<Timelines>
<Transcode startTime="32439" endTime="32441" complete="1" fileType="av" variant="4f4dd1bf-8121-4dea-9b1e-661334aa6384" />
</Timelines>
</Segment>
<Segment duration="1131" startOffset="3234649" endOffset="3235780">
<File name="chunk-00741" type="av">
<FileVariant size="47" variant="4f4dd1bf-8121-4dea-9b1e-661334aa6384" />
</File>
<Timelines>
<Transcode startTime="32441" endTime="32446" complete="1" fileType="av" variant="4f4dd1bf-8121-4dea-9b1e-661334aa6384" />
</Timelines>
</Segment>
<Segment duration="1436" startOffset="3237913" endOffset="3239349">
<File name="chunk-00742" type="av">
<FileVariant size="51" variant="4f4dd1bf-8121-4dea-9b1e-661334aa6384" />
</File>
<Timelines>
<Transcode startTime="32446" endTime="32503" complete="1" fileType="av" variant="4f4dd1bf-8121-4dea-9b1e-661334aa6384" />
</Timelines>
</Segment>
<Segment duration="2305" startOffset="3239350" endOffset="3241655">
<File name="chunk-00743" type="av">
<FileVariant size="72" variant="4f4dd1bf-8121-4dea-9b1e-661334aa6384" />
</File>
<Timelines>
<Transcode startTime="32503" endTime="32507" complete="1" fileType="av" variant="4f4dd1bf-8121-4dea-9b1e-661334aa6384" />
</Timelines>
</Segment>
<Segment duration="1173" startOffset="3241656" endOffset="3242830">
<File name="chunk-00744" type="av">
<FileVariant size="45" variant="4f4dd1bf-8121-4dea-9b1e-661334aa6384" />
</File>
<Timelines>
<Transcode startTime="32507" endTime="32556" complete="1" fileType="av" variant="4f4dd1bf-8121-4dea-9b1e-661334aa6384" />
</Timelines>
</Segment>
<Segment duration="2827" startOffset="3242831" endOffset="3245659">
<File name="chunk-00745" type="av">
<FileVariant size="73" variant="4f4dd1bf-8121-4dea-9b1e-661334aa6384" />
</File>
<Timelines>
<Transcode startTime="32556" endTime="32611" complete="1" fileType="av" variant="4f4dd1bf-8121-4dea-9b1e-661334aa6384" />
</Timelines>
</Segment>
<Segment duration="1043" startOffset="3248881" endOffset="3249924">
<File name="chunk-00746" type="av">
<FileVariant size="41" variant="4f4dd1bf-8121-4dea-9b1e-661334aa6384" />
</File>
<Timelines>
<Transcode startTime="32611" endTime="32615" complete="1" fileType="av" variant="4f4dd1bf-8121-4dea-9b1e-661334aa6384" />
</Timelines>
</Segment>
<Segment duration="1957" startOffset="3249925" endOffset="3251883">
<File name="chunk-00747" type="av">
<FileVariant size="61" variant="4f4dd1bf-8121-4dea-9b1e-661334aa6384" />
</File>
<Timelines>
<Transcode startTime="32615" endTime="32661" complete="1" fileType="av" variant="4f4dd1bf-8121-4dea-9b1e-661334aa6384" />
</Timelines>
</Segment>
<Segment duration="2480" startOffset="3251884" endOffset="3254364">
<File name="chunk-00748" type="av">
<FileVariant size="55" variant="4f4dd1bf-8121-4dea-9b1e-661334aa6384" />
</File>
<Timelines>
<Transcode startTime="32661" endTime="32754" complete="1" fileType="av" variant="4f4dd1bf-8121-4dea-9b1e-661334aa6384" />
</Timelines>
</Segment>
<Segment duration="2131" startOffset="3254365" endOffset="3256496">
<File name="chunk-00749" type="av">
<FileVariant size="57" variant="4f4dd1bf-8121-4dea-9b1e-661334aa6384" />
</File>
<Timelines>
<Transcode startTime="32754" endTime="32793" complete="1" fileType="av" variant="4f4dd1bf-8121-4dea-9b1e-661334aa6384" />
</Timelines>
</Segment>
<Segment duration="1740" startOffset="3256497" endOffset="3258238">
<File name="chunk-00750" type="av">
<FileVariant size="54" variant="4f4dd1bf-8121-4dea-9b1e-661334aa6384" />
</File>
<Timelines>
<Transcode startTime="32793" endTime="32799" complete="1" fileType="av" variant="4f4dd1bf-8121-4dea-9b1e-661334aa6384" />
</Timelines>
</Segment>
<Segment duration="2349" startOffset="3259370" endOffset="3261720">
<File name="chunk-00751" type="av">
<FileVariant size="71" variant="4f4dd1bf-8121-4dea-9b1e-661334aa6384" />
</File>
<Timelines>
<Transcode startTime="32799" endTime="32803" complete="1" fileType="av" variant="4f4dd1bf-8121-4dea-9b1e-661334aa6384" />
</Timelines>
</Segment>
<Segment duration="1956" startOffset="3263156" endOffset="3265113">
<File name="chunk-00752" type="av">
<FileVariant size="42" variant="4f4dd1bf-8121-4dea-9b1e-661334aa6384" />
</File>
<Timelines>
<Transcode startTime="32803" endTime="32811" complete="1" fileType="av" variant="4f4dd1bf-8121-4dea-9b1e-661334aa6384" />
</Timelines>
</Segment>
<Segment duration="2306" startOffset="3265114" endOffset="3267420">
<File name="chunk-00753" type="av">
<FileVariant size="42" variant="4f4dd1bf-8121-4dea-9b1e-661334aa6384" />
</File>
<Timelines>
<Transcode startTime="32811" endTime="32849" complete="1" fileType="av" variant="4f4dd1bf-8121-4dea-9b1e-661334aa6384" />
</Timelines>
</Segment>
<Segment duration="1609" startOffset="3267421" endOffset="3269030">
<File name="chunk-00754" type="av">
<FileVariant size="55" variant="4f4dd1bf-8121-4dea-9b1e-661334aa6384" />
</File>
<Timelines>
<Transcode startTime="32849" endTime="32865" complete="1" fileType="av" variant="4f4dd1bf-8121-4dea-9b1e-661334aa6384" />
</Timelines>
</Segment>
<Segment duration="1260" startOffset="3270424" endOffset="3271685">
<File name="chunk-00755" type="av">
<FileVariant size="42" variant="4f4dd1bf-8121-4dea-9b1e-661334aa6384" />
</File>
<Timelines>
<Transcode startTime="32865" endTime="32866" complete="1" fileType="av" variant="4f4dd1bf-8121-4dea-9b1e-661334aa6384" />
</Timelines>
</Segment>
<Segment duration="2784" startOffset="3271686" endOffset="3274471">
<File name="chunk-00756" type="av">
<FileVariant size="65" variant="4f4dd1bf-8121-4dea-9b1e-661334aa6384" />
</File>
<Timelines>
<Transcode startTime="32866" endTime="32899" complete="1" fileType="av" variant="4f4dd1bf-8121-4dea-9b1e-661334aa6384" />
</Timelines>
</Segment>
<Segment duration="2391" startOffset="3274472" endOffset="3276864">
<File name="chunk-00757" type="av">
<FileVariant size="75" variant="4f4dd1bf-8121-4dea-9b1e-661334aa6384" />
</File>
<Timelines>
<Transcode startTime="32899" endTime="32924" complete="1" fileType="av" variant="4f4dd1bf-8121-4dea-9b1e-661334aa6384" />
</Timelines>
</Segment>
<Segment duration="1436" startOffset="3278127" endOffset="3279564">
<File name="chunk-00758" type="av">
<FileVariant size="63" variant="4f4dd1bf-8121-4dea-9b1e-661334aa6384" />
</File>
<Timelines>
<Transcode startTime="32924" endTime="33182" complete="1" fileType="av" variant="4f4dd1bf-8121-4dea-9b1e-661334aa6384" />
</Timelines>
</Segment>
<Segment duration="2958" startOffset="3290096" endOffset="3293054">
<File name="chunk-00759" type="av">
<FileVariant size="73" variant="4f4dd1bf-8121-4dea-9b1e-661334aa6384" />
</File>
<Timelines>
<Transcode startTime="33182" endTime="33195" complete="1" fileType="av" variant="4f4dd1bf-8121-4dea-9b1e-661334aa6384" />
</Timelines>
</Segment>
<Segment duration="2262" startOffset="3296232" endOffset="3298495">
<File name="chunk-00760" type="av">
<FileVariant size="40" variant="4f4dd1bf-8121-4dea-9b1e-661334aa6384" />
</File>
<Timelines>
<Transcode startTime="33195" endTime="33367" complete="1" fileType="av" variant="4f4dd1bf-8121-4dea-9b1e-661334aa6384" />
</Timelines>
</Segment>
<Segment duration="1480" startOffset="3303892" endOffset="3305372">
<File name="chunk-00761" type="av">
<FileVariant size="51" variant="4f4dd1bf-8121-4dea-9b1e-661334aa6384" />
</File>
<Timelines>
<Transcode startTime="33367" endTime="33920" complete="1" fileType="av" variant="4f4dd1bf-8121-4dea-9b1e-661334aa6384" />
</Timelines>
</Segment>
<Segment duration="1086" startOffset="3325218" endOffset="3326305">
<File name="chunk-00762" type="av">
<FileVariant size="44" variant="4f4dd1bf-8121-4dea-9b1e-661334aa6384" />
</File>
<Timelines>
<Transcode startTime="33920" endTime="33931" complete="1" fileType="av" variant="4f4dd1bf-8121-4dea-9b1e-661334aa6384" />
</Timelines>
</Segment>
<Segment duration="2653" startOffset="3330919" endOffset="3333573">
<File name="chunk-00763" type="av">
<FileVariant size="64" variant="4f4dd1bf-8121-4dea-9b1e-661334aa6384" />
</File>
<Timelines>
<Transcode startTime="33931" endTime="33954" complete="1" fileType="av" variant="4f4dd1bf-8121-4dea-9b1e-661334aa6384" />
</Timelines>
</Segment>
<Segment duration="1130" startOffset="3333574" endOffset="3334705">
<File name="chunk-00764" type="av">
<FileVariant size="41" variant="4f4dd1bf-8121-4dea-9b1e-661334aa6384" />
</File>
<Timelines>
<Transcode startTime="33954" endTime="33975" complete="1" fileType="av" variant="4f4dd1bf-8121-4dea-9b1e-661334aa6384" />
</Timelines>
</Segment>
<Segment duration="1086" startOffset="3334706" endOffset="3335793">
<File name="chunk-00765" type="av">
<FileVariant size="44" variant="4f4dd1bf-8121-4dea-9b1e-661334aa6384" />
</File>
<Timelines>
<Transcode startTime="33975" endTime="33977" complete="1" fileType="av" variant="4f4dd1bf-8121-4dea-9b1e-661334aa6384" />
</Timelines>
</Segment>
<Segment duration="1217" startOffset="3335794" endOffset="3337011">
<File name="chunk-00766" type="av">
<FileVariant size="52" variant="4f4dd1bf-8121-4dea-9b1e-661334aa6384" />
</File>
<Timelines>
<Transcode startTime="33977" endTime="34015" complete="1" fileType="av" variant="4f4dd1bf-8121-4dea-9b1e-661334aa6384" />
</Timelines>
</Segment>
<Segment duration="1522" startOffset="3337012" endOffset="3338535">
<File name="chunk-00767" type="av">
<FileVariant size="60" variant="4f4dd1bf-8121-4dea-9b1e-661334aa6384" />
</File>
<Timelines>
<Transcode startTime="34015" endTime="34016" complete="1" fileType="av" variant="4f4dd1bf-8121-4dea-9b1e-661334aa6384" />
</Timelines>
</Segment>
<Segment duration="956" startOffset="3338536" endOffset="3339492">
<File name="chunk-00768" type="av">
<FileVariant size="41" variant="4f4dd1bf-8121-4dea-9b1e-661334aa6384" />
</File>
<Timelines>
<Transcode startTime="34016" endTime="34051" complete="1" fileType="av" variant="4f4dd1bf-8121-4dea-9b1e-661334aa6384" />
</Timelines>
</Segment>
<Segment duration="1434" startOffset="3340973" endOffset="3342408">
<File name="chunk-00769" type="av">
<FileVariant size="49" variant="4f4dd1bf-8121-4dea-9b1e-661334aa6384" />
</File>
<Timelines>
<Transcode startTime="34051" endTime="34052" complete="1" fileType="av" variant="4f4dd1bf-8121-4dea-9b1e-661334aa6384" />
</Timelines>
</Segment>
<Segment duration="1782" startOffset="3342409" endOffset="3344192">
<File name="chunk-00770" type="av">
<FileVariant size="48" variant="4f4dd1bf-8121-4dea-9b1e-661334aa6384" />
</File>
<Timelines>
<Transcode startTime="34052" endTime="34090" complete="1" fileType="av" variant="4f4dd1bf-8121-4dea-9b1e-661334aa6384" />
</Timelines>
</Segment>
<Segment duration="1261" startOffset="3344193" endOffset="3345455">
<File name="chunk-00771" type="av">
<FileVariant size="54" variant="4f4dd1bf-8121-4dea-9b1e-661334aa6384" />
</File>
<Timelines>
<Transcode startTime="34090" endTime="34142" complete="1" fileType="av" variant="4f4dd1bf-8121-4dea-9b1e-661334aa6384" />
</Timelines>
</Segment>
<Segment duration="1086" startOffset="3350243" endOffset="3351330">
<File name="chunk-00772" type="av">
<FileVariant size="43" variant="4f4dd1bf-8121-4dea-9b1e-661334aa6384" />
</File>
<Timelines>
<Transcode startTime="34142" endTime="34142" complete="1" fileType="av" variant="4f4dd1bf-8121-4dea-9b1e-661334aa6384" />
</Timelines>
</Segment>
<Segment duration="1043" startOffset="3351331" endOffset="3352375">
<File name="chunk-00773" type="av">
<FileVariant size="41" variant="4f4dd1bf-8121-4dea-9b1e-661334aa6384" />
</File>
<Timelines>
<Transcode startTime="34142" endTime="34476" complete="1" fileType="av" variant="4f4dd1bf-8121-4dea-9b1e-661334aa6384" />
</Timelines>
</Segment>
<Segment duration="913" startOffset="3364605" endOffset="3365519">
<File name="chunk-00774" type="av">
<FileVariant size="40" variant="4f4dd1bf-8121-4dea-9b1e-661334aa6384" />
</File>
<Timelines>
<Transcode startTime="34476" endTime="34519" complete="1" fileType="av" variant="4f4dd1bf-8121-4dea-9b1e-661334aa6384" />
</Timelines>
</Segment>
<Segment duration="1521" startOffset="3366520" endOffset="3368042">
<File name="chunk-00775" type="av">
<FileVariant size="57" variant="4f4dd1bf-8121-4dea-9b1e-661334aa6384" />
</File>
<Timelines>
<Transcode startTime="34519" endTime="34522" complete="1" fileType="av" variant="4f4dd1bf-8121-4dea-9b1e-661334aa6384" />
</Timelines>
</Segment>
<Segment duration="1565" startOffset="3368043" endOffset="3369609">
<File name="chunk-00776" type="av">
<FileVariant size="55" variant="4f4dd1bf-8121-4dea-9b1e-661334aa6384" />
</File>
<Timelines>
<Transcode startTime="34522" endTime="34645" complete="1" fileType="av" variant="4f4dd1bf-8121-4dea-9b1e-661334aa6384" />
</Timelines>
</Segment>
<Segment duration="2567" startOffset="3372874" endOffset="3375441">
<File name="chunk-00777" type="av">
<FileVariant size="52" variant="4f4dd1bf-8121-4dea-9b1e-661334aa6384" />
</File>
<Timelines>
<Transcode startTime="34645" endTime="34756" complete="1" fileType="av" variant="4f4dd1bf-8121-4dea-9b1e-661334aa6384" />
</Timelines>
</Segment>
<Segment duration="1697" startOffset="3377923" endOffset="3379620">
<File name="chunk-00778" type="av">
<FileVariant size="40" variant="4f4dd1bf-8121-4dea-9b1e-661334aa6384" />
</File>
<Timelines>
<Transcode startTime="34756" endTime="34801" complete="1" fileType="av" variant="4f4dd1bf-8121-4dea-9b1e-661334aa6384" />
</Timelines>
</Segment>
<Segment duration="1261" startOffset="3380273" endOffset="3381535">
<File name="chunk-00779" type="av">
<FileVariant size="43" variant="4f4dd1bf-8121-4dea-9b1e-661334aa6384" />
</File>
<Timelines>
<Transcode startTime="34801" endTime="34806" complete="1" fileType="av" variant="4f4dd1bf-8121-4dea-9b1e-661334aa6384" />
</Timelines>
</Segment>
<Segment duration="1827" startOffset="3383232" endOffset="3385059">
<File name="chunk-00780" type="av">
<FileVariant size="41" variant="4f4dd1bf-8121-4dea-9b1e-661334aa6384" />
</File>
<Timelines>
<Transcode startTime="34806" endTime="34813" complete="1" fileType="av" variant="4f4dd1bf-8121-4dea-9b1e-661334aa6384" />
</Timelines>
</Segment>
<Segment duration="3046" startOffset="3385060" endOffset="3388106">
<File name="chunk-00781" type="av">
<FileVariant size="73" variant="4f4dd1bf-8121-4dea-9b1e-661334aa6384" />
</File>
<Timelines>
<Transcode startTime="34813" endTime="34861" complete="1" fileType="av" variant="4f4dd1bf-8121-4dea-9b1e-661334aa6384" />
</Timelines>
</Segment>
<Segment duration="2523" startOffset="3388107" endOffset="3390631">
<File name="chunk-00782" type="av">
<FileVariant size="74" variant="4f4dd1bf-8121-4dea-9b1e-661334aa6384" />
</File>
<Timelines>
<Transcode startTime="34861" endTime="34866" complete="1" fileType="av" variant="4f4dd1bf-8121-4dea-9b1e-661334aa6384" />
</Timelines>
</Segment>
<Segment duration="1434" startOffset="3391023" endOffset="3392458">
<File name="chunk-00783" type="av">
<FileVariant size="41" variant="4f4dd1bf-8121-4dea-9b1e-661334aa6384" />
</File>
<Timelines>
<Transcode startTime="34866" endTime="34867" complete="1" fileType="av" variant="4f4dd1bf-8121-4dea-9b1e-661334aa6384" />
</Timelines>
</Segment>
<Segment duration="1347" startOffset="3392459" endOffset="3393807">
<File name="chunk-00784" type="av">
<FileVariant size="50" variant="4f4dd1bf-8121-4dea-9b1e-661334aa6384" />
</File>
<Timelines>
<Transcode startTime="34867" endTime="34912" complete="1" fileType="av" variant="4f4dd1bf-8121-4dea-9b1e-661334aa6384" />
</Timelines>
</Segment>
<Segment duration="2393" startOffset="3393808" endOffset="3396201">
<File name="chunk-00785" type="av">
<FileVariant size="53" variant="4f4dd1bf-8121-4dea-9b1e-661334aa6384" />
</File>
<Timelines>
<Transcode startTime="34912" endTime="34963" complete="1" fileType="av" variant="4f4dd1bf-8121-4dea-9b1e-661334aa6384" />
</Timelines>
</Segment>
<Segment duration="2523" startOffset="3396202" endOffset="3398726">
<File name="chunk-00786" type="av">
<FileVariant size="66" variant="4f4dd1bf-8121-4dea-9b1e-661334aa6384" />
</File>
<Timelines>
<Transcode startTime="34963" endTime="35059" complete="1" fileType="av" variant="4f4dd1bf-8121-4dea-9b1e-661334aa6384" />
</Timelines>
</Segment>
<Segment duration="3567" startOffset="3407039" endOffset="3410607">
<File name="chunk-00787" type="av">
<FileVariant size="73" variant="4f4dd1bf-8121-4dea-9b1e-661334aa6384" />
</File>
<Timelines>
<Transcode startTime="35059" endTime="35103" complete="1" fileType="av" variant="4f4dd1bf-8121-4dea-9b1e-661334aa6384" />
</Timelines>
</Segment>
<Segment duration="5352" startOffset="3410608" endOffset="3415961">
<File name="chunk-00788" type="av">
<FileVariant size="82" variant="4f4dd1bf-8121-4dea-9b1e-661334aa6384" />
</File>
<Timelines>
<Transcode startTime="35103" endTime="35218" complete="1" fileType="av" variant="4f4dd1bf-8121-4dea-9b1e-661334aa6384" />
</Timelines>
</Segment>
<Segment duration="1392" startOffset="3417397" endOffset="3418789">
<File name="chunk-00789" type="av">
<FileVariant size="48" variant="4f4dd1bf-8121-4dea-9b1e-661334aa6384" />
</File>
<Timelines>
<Transcode startTime="35218" endTime="35520" complete="1" fileType="av" variant="4f4dd1bf-8121-4dea-9b1e-661334aa6384" />
</Timelines>
</Segment>
<Segment duration="2175" startOffset="3431585" endOffset="3433760">
<File name="chunk-00790" type="av">
<FileVariant size="49" variant="4f4dd1bf-8121-4dea-9b1e-661334aa6384" />
</File>
<Timelines>
<Transcode startTime="35520" endTime="35547" complete="1" fileType="av" variant="4f4dd1bf-8121-4dea-9b1e-661334aa6384" />
</Timelines>
</Segment>
<Segment duration="2088" startOffset="3433761" endOffset="3435849">
<File name="chunk-00791" type="av">
<FileVariant size="44" variant="4f4dd1bf-8121-4dea-9b1e-661334aa6384" />
</File>
<Timelines>
<Transcode startTime="35547" endTime="35897" complete="1" fileType="av" variant="4f4dd1bf-8121-4dea-9b1e-661334aa6384" />
</Timelines>
</Segment>
<Segment duration="2000" startOffset="3451083" endOffset="3453084">
<File name="chunk-00792" type="av">
<FileVariant size="42" variant="4f4dd1bf-8121-4dea-9b1e-661334aa6384" />
</File>
<Timelines>
<Transcode startTime="35897" endTime="35944" complete="1" fileType="av" variant="4f4dd1bf-8121-4dea-9b1e-661334aa6384" />
</Timelines>
</Segment>
<Segment duration="2480" startOffset="3453085" endOffset="3455565">
<File name="chunk-00793" type="av">
<FileVariant size="100" variant="4f4dd1bf-8121-4dea-9b1e-661334aa6384" />
</File>
<Timelines>
<Transcode startTime="35944" endTime="36013" complete="1" fileType="av" variant="4f4dd1bf-8121-4dea-9b1e-661334aa6384" />
</Timelines>
</Segment>
<Segment duration="2131" startOffset="3455566" endOffset="3457697">
<File name="chunk-00794" type="av">
<FileVariant size="64" variant="4f4dd1bf-8121-4dea-9b1e-661334aa6384" />
</File>
<Timelines>
<Transcode startTime="36013" endTime="36033" complete="1" fileType="av" variant="4f4dd1bf-8121-4dea-9b1e-661334aa6384" />
</Timelines>
</Segment>
<Segment duration="1827" startOffset="3457698" endOffset="3459525">
<File name="chunk-00795" type="av">
<FileVariant size="52" variant="4f4dd1bf-8121-4dea-9b1e-661334aa6384" />
</File>
<Timelines>
<Transcode startTime="36033" endTime="36083" complete="1" fileType="av" variant="4f4dd1bf-8121-4dea-9b1e-661334aa6384" />
</Timelines>
</Segment>
<Segment duration="2219" startOffset="3459526" endOffset="3461745">
<File name="chunk-00796" type="av">
<FileVariant size="66" variant="4f4dd1bf-8121-4dea-9b1e-661334aa6384" />
</File>
<Timelines>
<Transcode startTime="36083" endTime="36613" complete="1" fileType="av" variant="4f4dd1bf-8121-4dea-9b1e-661334aa6384" />
</Timelines>
</Segment>
<Segment duration="3045" startOffset="3478545" endOffset="3481591">
<File name="chunk-00797" type="av">
<FileVariant size="41" variant="4f4dd1bf-8121-4dea-9b1e-661334aa6384" />
</File>
<Timelines>
<Transcode startTime="36613" endTime="36661" complete="1" fileType="av" variant="4f4dd1bf-8121-4dea-9b1e-661334aa6384" />
</Timelines>
</Segment>
<Segment duration="2000" startOffset="3481592" endOffset="3483593">
<File name="chunk-00798" type="av">
<FileVariant size="49" variant="4f4dd1bf-8121-4dea-9b1e-661334aa6384" />
</File>
<Timelines>
<Transcode startTime="36661" endTime="36667" complete="1" fileType="av" variant="4f4dd1bf-8121-4dea-9b1e-661334aa6384" />
</Timelines>
</Segment>
<Segment duration="5525" startOffset="3483594" endOffset="3489120">
<File name="chunk-00799" type="av">
<FileVariant size="103" variant="4f4dd1bf-8121-4dea-9b1e-661334aa6384" />
</File>
<Timelines>
<Transcode startTime="36667" endTime="36723" complete="1" fileType="av" variant="4f4dd1bf-8121-4dea-9b1e-661334aa6384" />
</Timelines>
</Segment>
<Segment duration="2393" startOffset="3489121" endOffset="3491514">
<File name="chunk-00800" type="av">
<FileVariant size="70" variant="4f4dd1bf-8121-4dea-9b1e-661334aa6384" />
</File>
<Timelines>
<Transcode startTime="36723" endTime="36821" complete="1" fileType="av" variant="4f4dd1bf-8121-4dea-9b1e-661334aa6384" />
</Timelines>
</Segment>
<Segment duration="2218" startOffset="3491515" endOffset="3493733">
<File name="chunk-00801" type="av">
<FileVariant size="66" variant="4f4dd1bf-8121-4dea-9b1e-661334aa6384" />
</File>
<Timelines>
<Transcode startTime="36821" endTime="36906" complete="1" fileType="av" variant="4f4dd1bf-8121-4dea-9b1e-661334aa6384" />
</Timelines>
</Segment>
<Segment duration="3916" startOffset="3493734" endOffset="3497650">
<File name="chunk-00802" type="av">
<FileVariant size="83" variant="4f4dd1bf-8121-4dea-9b1e-661334aa6384" />
</File>
<Timelines>
<Transcode startTime="36906" endTime="36966" complete="1" fileType="av" variant="4f4dd1bf-8121-4dea-9b1e-661334aa6384" />
</Timelines>
</Segment>
<Segment duration="1958" startOffset="3497651" endOffset="3499609">
<File name="chunk-00803" type="av">
<FileVariant size="49" variant="4f4dd1bf-8121-4dea-9b1e-661334aa6384" />
</File>
<Timelines>
<Transcode startTime="36966" endTime="36967" complete="1" fileType="av" variant="4f4dd1bf-8121-4dea-9b1e-661334aa6384" />
</Timelines>
</Segment>
<Segment duration="3653" startOffset="3499610" endOffset="3503264">
<File name="chunk-00804" type="av">
<FileVariant size="92" variant="4f4dd1bf-8121-4dea-9b1e-661334aa6384" />
</File>
<Timelines>
<Transcode startTime="36967" endTime="37005" complete="1" fileType="av" variant="4f4dd1bf-8121-4dea-9b1e-661334aa6384" />
</Timelines>
</Segment>
<Segment duration="2698" startOffset="3503265" endOffset="3505963">
<File name="chunk-00805" type="av">
<FileVariant size="70" variant="4f4dd1bf-8121-4dea-9b1e-661334aa6384" />
</File>
<Timelines>
<Transcode startTime="37005" endTime="37012" complete="1" fileType="av" variant="4f4dd1bf-8121-4dea-9b1e-661334aa6384" />
</Timelines>
</Segment>
<Segment duration="2871" startOffset="3505964" endOffset="3508835">
<File name="chunk-00806" type="av">
<FileVariant size="69" variant="4f4dd1bf-8121-4dea-9b1e-661334aa6384" />
</File>
<Timelines>
<Transcode startTime="37012" endTime="37103" complete="1" fileType="av" variant="4f4dd1bf-8121-4dea-9b1e-661334aa6384" />
</Timelines>
</Segment>
<Segment duration="3481" startOffset="3508836" endOffset="3512317">
<File name="chunk-00807" type="av">
<FileVariant size="85" variant="4f4dd1bf-8121-4dea-9b1e-661334aa6384" />
</File>
<Timelines>
<Transcode startTime="37103" endTime="37183" complete="1" fileType="av" variant="4f4dd1bf-8121-4dea-9b1e-661334aa6384" />
</Timelines>
</Segment>
<Segment duration="2827" startOffset="3512318" endOffset="3515146">
<File name="chunk-00808" type="av">
<FileVariant size="73" variant="4f4dd1bf-8121-4dea-9b1e-661334aa6384" />
</File>
<Timelines>
<Transcode startTime="37183" endTime="37221" complete="1" fileType="av" variant="4f4dd1bf-8121-4dea-9b1e-661334aa6384" />
</Timelines>
</Segment>
<Segment duration="1043" startOffset="3515147" endOffset="3516190">
<File name="chunk-00809" type="av">
<FileVariant size="49" variant="4f4dd1bf-8121-4dea-9b1e-661334aa6384" />
</File>
<Timelines>
<Transcode startTime="37221" endTime="37222" complete="1" fileType="av" variant="4f4dd1bf-8121-4dea-9b1e-661334aa6384" />
</Timelines>
</Segment>
<Segment duration="1132" startOffset="3516191" endOffset="3517323">
<File name="chunk-00810" type="av">
<FileVariant size="41" variant="4f4dd1bf-8121-4dea-9b1e-661334aa6384" />
</File>
<Timelines>
<Transcode startTime="37222" endTime="37259" complete="1" fileType="av" variant="4f4dd1bf-8121-4dea-9b1e-661334aa6384" />
</Timelines>
</Segment>
<Segment duration="1347" startOffset="3518063" endOffset="3519411">
<File name="chunk-00811" type="av">
<FileVariant size="47" variant="4f4dd1bf-8121-4dea-9b1e-661334aa6384" />
</File>
<Timelines>
<Transcode startTime="37259" endTime="37265" complete="1" fileType="av" variant="4f4dd1bf-8121-4dea-9b1e-661334aa6384" />
</Timelines>
</Segment>
<Segment duration="3829" startOffset="3519412" endOffset="3523241">
<File name="chunk-00812" type="av">
<FileVariant size="82" variant="4f4dd1bf-8121-4dea-9b1e-661334aa6384" />
</File>
<Timelines>
<Transcode startTime="37265" endTime="37327" complete="1" fileType="av" variant="4f4dd1bf-8121-4dea-9b1e-661334aa6384" />
</Timelines>
</Segment>
<Segment duration="2348" startOffset="3523242" endOffset="3525591">
<File name="chunk-00813" type="av">
<FileVariant size="70" variant="4f4dd1bf-8121-4dea-9b1e-661334aa6384" />
</File>
<Timelines>
<Transcode startTime="37327" endTime="37332" complete="1" fileType="av" variant="4f4dd1bf-8121-4dea-9b1e-661334aa6384" />
</Timelines>
</Segment>
<Segment duration="2871" startOffset="3525592" endOffset="3528463">
<File name="chunk-00814" type="av">
<FileVariant size="74" variant="4f4dd1bf-8121-4dea-9b1e-661334aa6384" />
</File>
<Timelines>
<Transcode startTime="37332" endTime="37344" complete="1" fileType="av" variant="4f4dd1bf-8121-4dea-9b1e-661334aa6384" />
</Timelines>
</Segment>
<Segment duration="2133" startOffset="3528464" endOffset="3530597">
<File name="chunk-00815" type="av">
<FileVariant size="70" variant="4f4dd1bf-8121-4dea-9b1e-661334aa6384" />
</File>
<Timelines>
<Transcode startTime="37344" endTime="37393" complete="1" fileType="av" variant="4f4dd1bf-8121-4dea-9b1e-661334aa6384" />
</Timelines>
</Segment>
<Segment duration="2087" startOffset="3531206" endOffset="3533294">
<File name="chunk-00816" type="av">
<FileVariant size="49" variant="4f4dd1bf-8121-4dea-9b1e-661334aa6384" />
</File>
<Timelines>
<Transcode startTime="37393" endTime="37453" complete="1" fileType="av" variant="4f4dd1bf-8121-4dea-9b1e-661334aa6384" />
</Timelines>
</Segment>
<Segment duration="1610" startOffset="3533295" endOffset="3534905">
<File name="chunk-00817" type="av">
<FileVariant size="47" variant="4f4dd1bf-8121-4dea-9b1e-661334aa6384" />
</File>
<Timelines>
<Transcode startTime="37453" endTime="37499" complete="1" fileType="av" variant="4f4dd1bf-8121-4dea-9b1e-661334aa6384" />
</Timelines>
</Segment>
<Segment duration="1956" startOffset="3534906" endOffset="3536863">
<File name="chunk-00818" type="av">
<FileVariant size="65" variant="4f4dd1bf-8121-4dea-9b1e-661334aa6384" />
</File>
<Timelines>
<Transcode startTime="37499" endTime="37575" complete="1" fileType="av" variant="4f4dd1bf-8121-4dea-9b1e-661334aa6384" />
</Timelines>
</Segment>
<Segment duration="1304" startOffset="3536864" endOffset="3538169">
<File name="chunk-00819" type="av">
<FileVariant size="52" variant="4f4dd1bf-8121-4dea-9b1e-661334aa6384" />
</File>
<Timelines>
<Transcode startTime="37575" endTime="37670" complete="1" fileType="av" variant="4f4dd1bf-8121-4dea-9b1e-661334aa6384" />
</Timelines>
</Segment>
<Segment duration="1740" startOffset="3538170" endOffset="3539911">
<File name="chunk-00820" type="av">
<FileVariant size="53" variant="4f4dd1bf-8121-4dea-9b1e-661334aa6384" />
</File>
<Timelines>
<Transcode startTime="37670" endTime="37718" complete="1" fileType="av" variant="4f4dd1bf-8121-4dea-9b1e-661334aa6384" />
</Timelines>
</Segment>
<Segment duration="2740" startOffset="3543697" endOffset="3546438">
<File name="chunk-00821" type="av">
<FileVariant size="83" variant="4f4dd1bf-8121-4dea-9b1e-661334aa6384" />
</File>
<Timelines>
<Transcode startTime="37718" endTime="37809" complete="1" fileType="av" variant="4f4dd1bf-8121-4dea-9b1e-661334aa6384" />
</Timelines>
</Segment>
<Segment duration="1783" startOffset="3548789" endOffset="3550573">
<File name="chunk-00822" type="av">
<FileVariant size="46" variant="4f4dd1bf-8121-4dea-9b1e-661334aa6384" />
</File>
<Timelines>
<Transcode startTime="37809" endTime="37836" complete="1" fileType="av" variant="4f4dd1bf-8121-4dea-9b1e-661334aa6384" />
</Timelines>
</Segment>
<Segment duration="1739" startOffset="3550574" endOffset="3552313">
<File name="chunk-00823" type="av">
<FileVariant size="54" variant="4f4dd1bf-8121-4dea-9b1e-661334aa6384" />
</File>
<Timelines>
<Transcode startTime="37836" endTime="37956" complete="1" fileType="av" variant="4f4dd1bf-8121-4dea-9b1e-661334aa6384" />
</Timelines>
</Segment>
<Segment duration="1391" startOffset="3555491" endOffset="3556883">
<File name="chunk-00824" type="av">
<FileVariant size="56" variant="4f4dd1bf-8121-4dea-9b1e-661334aa6384" />
</File>
<Timelines>
<Transcode startTime="37956" endTime="37960" complete="1" fileType="av" variant="4f4dd1bf-8121-4dea-9b1e-661334aa6384" />
</Timelines>
</Segment>
<Segment duration="1697" startOffset="3556884" endOffset="3558581">
<File name="chunk-00825" type="av">
<FileVariant size="71" variant="4f4dd1bf-8121-4dea-9b1e-661334aa6384" />
</File>
<Timelines>
<Transcode startTime="37960" endTime="37992" complete="1" fileType="av" variant="4f4dd1bf-8121-4dea-9b1e-661334aa6384" />
</Timelines>
</Segment>
<Segment duration="1391" startOffset="3558582" endOffset="3559973">
<File name="chunk-00826" type="av">
<FileVariant size="55" variant="4f4dd1bf-8121-4dea-9b1e-661334aa6384" />
</File>
<Timelines>
<Transcode startTime="37992" endTime="37992" complete="1" fileType="av" variant="4f4dd1bf-8121-4dea-9b1e-661334aa6384" />
</Timelines>
</Segment>
<Segment duration="2653" startOffset="3559974" endOffset="3562628">
<File name="chunk-00827" type="av">
<FileVariant size="61" variant="4f4dd1bf-8121-4dea-9b1e-661334aa6384" />
</File>
<Timelines>
<Transcode startTime="37992" endTime="38028" complete="1" fileType="av" variant="4f4dd1bf-8121-4dea-9b1e-661334aa6384" />
</Timelines>
</Segment>
<Segment duration="2523" startOffset="3562629" endOffset="3565153">
<File name="chunk-00828" type="av">
<FileVariant size="72" variant="4f4dd1bf-8121-4dea-9b1e-661334aa6384" />
</File>
<Timelines>
<Transcode startTime="38028" endTime="38084" complete="1" fileType="av" variant="4f4dd1bf-8121-4dea-9b1e-661334aa6384" />
</Timelines>
</Segment>
<Segment duration="1740" startOffset="3571203" endOffset="3572943">
<File name="chunk-00829" type="av">
<FileVariant size="61" variant="4f4dd1bf-8121-4dea-9b1e-661334aa6384" />
</File>
<Timelines>
<Transcode startTime="38084" endTime="38084" complete="1" fileType="av" variant="4f4dd1bf-8121-4dea-9b1e-661334aa6384" />
</Timelines>
</Segment>
<Segment duration="1130" startOffset="3572944" endOffset="3574074">
<File name="chunk-00830" type="av">
<FileVariant size="45" variant="4f4dd1bf-8121-4dea-9b1e-661334aa6384" />
</File>
<Timelines>
<Transcode startTime="38084" endTime="38085" complete="1" fileType="av" variant="4f4dd1bf-8121-4dea-9b1e-661334aa6384" />
</Timelines>
</Segment>
<Segment duration="2393" startOffset="3574075" endOffset="3576468">
<File name="chunk-00831" type="av">
<FileVariant size="68" variant="4f4dd1bf-8121-4dea-9b1e-661334aa6384" />
</File>
<Timelines>
<Transcode startTime="38085" endTime="38192" complete="1" fileType="av" variant="4f4dd1bf-8121-4dea-9b1e-661334aa6384" />
</Timelines>
</Segment>
<Segment duration="1739" startOffset="3576469" endOffset="3578209">
<File name="chunk-00832" type="av">
<FileVariant size="63" variant="4f4dd1bf-8121-4dea-9b1e-661334aa6384" />
</File>
<Timelines>
<Transcode startTime="38192" endTime="38200" complete="1" fileType="av" variant="4f4dd1bf-8121-4dea-9b1e-661334aa6384" />
</Timelines>
</Segment>
<Segment duration="2523" startOffset="3578210" endOffset="3580733">
<File name="chunk-00833" type="av">
<FileVariant size="98" variant="4f4dd1bf-8121-4dea-9b1e-661334aa6384" />
</File>
<Timelines>
<Transcode startTime="38200" endTime="38321" complete="1" fileType="av" variant="4f4dd1bf-8121-4dea-9b1e-661334aa6384" />
</Timelines>
</Segment>
<Segment duration="1827" startOffset="3580734" endOffset="3582561">
<File name="chunk-00834" type="av">
<FileVariant size="55" variant="4f4dd1bf-8121-4dea-9b1e-661334aa6384" />
</File>
<Timelines>
<Transcode startTime="38321" endTime="38335" complete="1" fileType="av" variant="4f4dd1bf-8121-4dea-9b1e-661334aa6384" />
</Timelines>
</Segment>
<Segment duration="2480" startOffset="3583998" endOffset="3586478">
<File name="chunk-00835" type="av">
<FileVariant size="59" variant="4f4dd1bf-8121-4dea-9b1e-661334aa6384" />
</File>
<Timelines>
<Transcode startTime="38335" endTime="38371" complete="1" fileType="av" variant="4f4dd1bf-8121-4dea-9b1e-661334aa6384" />
</Timelines>
</Segment>
<Segment duration="2784" startOffset="3586479" endOffset="3589263">
<File name="chunk-00836" type="av">
<FileVariant size="72" variant="4f4dd1bf-8121-4dea-9b1e-661334aa6384" />
</File>
<Timelines>
<Transcode startTime="38371" endTime="38391" complete="1" fileType="av" variant="4f4dd1bf-8121-4dea-9b1e-661334aa6384" />
</Timelines>
</Segment>
<Segment duration="1000" startOffset="3589264" endOffset="3590265">
<File name="chunk-00837" type="av">
<FileVariant size="49" variant="4f4dd1bf-8121-4dea-9b1e-661334aa6384" />
</File>
<Timelines>
<Transcode startTime="38391" endTime="38415" complete="1" fileType="av" variant="4f4dd1bf-8121-4dea-9b1e-661334aa6384" />
</Timelines>
</Segment>
<Segment duration="2043" startOffset="3591963" endOffset="3594007">
<File name="chunk-00838" type="av">
<FileVariant size="61" variant="4f4dd1bf-8121-4dea-9b1e-661334aa6384" />
</File>
<Timelines>
<Transcode startTime="38415" endTime="38417" complete="1" fileType="av" variant="4f4dd1bf-8121-4dea-9b1e-661334aa6384" />
</Timelines>
</Segment>
<Segment duration="1697" startOffset="3594008" endOffset="3595705">
<File name="chunk-00839" type="av">
<FileVariant size="65" variant="4f4dd1bf-8121-4dea-9b1e-661334aa6384" />
</File>
<Timelines>
<Transcode startTime="38417" endTime="38423" complete="1" fileType="av" variant="4f4dd1bf-8121-4dea-9b1e-661334aa6384" />
</Timelines>
</Segment>
<Segment duration="2739" startOffset="3595706" endOffset="3598446">
<File name="chunk-00840" type="av">
<FileVariant size="59" variant="4f4dd1bf-8121-4dea-9b1e-661334aa6384" />
</File>
<Timelines>
<Transcode startTime="38423" endTime="38572" complete="1" fileType="av" variant="4f4dd1bf-8121-4dea-9b1e-661334aa6384" />
</Timelines>
</Segment>
<Segment duration="2393" startOffset="3600667" endOffset="3603060">
<File name="chunk-00841" type="av">
<FileVariant size="64" variant="4f4dd1bf-8121-4dea-9b1e-661334aa6384" />
</File>
<Timelines>
<Transcode startTime="38572" endTime="38583" complete="1" fileType="av" variant="4f4dd1bf-8121-4dea-9b1e-661334aa6384" />
</Timelines>
</Segment>
<Segment duration="3828" startOffset="3603061" endOffset="3606890">
<File name="chunk-00842" type="av">
<FileVariant size="61" variant="4f4dd1bf-8121-4dea-9b1e-661334aa6384" />
</File>
<Timelines>
<Transcode startTime="38583" endTime="38703" complete="1" fileType="av" variant="4f4dd1bf-8121-4dea-9b1e-661334aa6384" />
</Timelines>
</Segment>
<Segment duration="2436" startOffset="3606891" endOffset="3609327">
<File name="chunk-00843" type="av">
<FileVariant size="72" variant="4f4dd1bf-8121-4dea-9b1e-661334aa6384" />
</File>
<Timelines>
<Transcode startTime="38703" endTime="38736" complete="1" fileType="av" variant="4f4dd1bf-8121-4dea-9b1e-661334aa6384" />
</Timelines>
</Segment>
<Segment duration="2349" startOffset="3609328" endOffset="3611677">
<File name="chunk-00844" type="av">
<FileVariant size="54" variant="4f4dd1bf-8121-4dea-9b1e-661334aa6384" />
</File>
<Timelines>
<Transcode startTime="38736" endTime="38786" complete="1" fileType="av" variant="4f4dd1bf-8121-4dea-9b1e-661334aa6384" />
</Timelines>
</Segment>
<Segment duration="3133" startOffset="3611678" endOffset="3614811">
<File name="chunk-00845" type="av">
<FileVariant size="71" variant="4f4dd1bf-8121-4dea-9b1e-661334aa6384" />
</File>
<Timelines>
<Transcode startTime="38786" endTime="38833" complete="1" fileType="av" variant="4f4dd1bf-8121-4dea-9b1e-661334aa6384" />
</Timelines>
</Segment>
<Segment duration="3916" startOffset="3619817" endOffset="3623733">
<File name="chunk-00846" type="av">
<FileVariant size="83" variant="4f4dd1bf-8121-4dea-9b1e-661334aa6384" />
</File>
<Timelines>
<Transcode startTime="38833" endTime="38925" complete="1" fileType="av" variant="4f4dd1bf-8121-4dea-9b1e-661334aa6384" />
</Timelines>
</Segment>
<Segment duration="1826" startOffset="3623734" endOffset="3625560">
<File name="chunk-00847" type="av">
<FileVariant size="60" variant="4f4dd1bf-8121-4dea-9b1e-661334aa6384" />
</File>
<Timelines>
<Transcode startTime="38925" endTime="38936" complete="1" fileType="av" variant="4f4dd1bf-8121-4dea-9b1e-661334aa6384" />
</Timelines>
</Segment>
<Segment duration="2132" startOffset="3626519" endOffset="3628651">
<File name="chunk-00848" type="av">
<FileVariant size="53" variant="4f4dd1bf-8121-4dea-9b1e-661334aa6384" />
</File>
<Timelines>
<Transcode startTime="38936" endTime="38984" complete="1" fileType="av" variant="4f4dd1bf-8121-4dea-9b1e-661334aa6384" />
</Timelines>
</Segment>
<Segment duration="3654" startOffset="3630001" endOffset="3633656">
<File name="chunk-00849" type="av">
<FileVariant size="80" variant="4f4dd1bf-8121-4dea-9b1e-661334aa6384" />
</File>
<Timelines>
<Transcode startTime="38984" endTime="39006" complete="1" fileType="av" variant="4f4dd1bf-8121-4dea-9b1e-661334aa6384" />
</Timelines>
</Segment>
<Segment duration="2525" startOffset="3635223" endOffset="3637748">
<File name="chunk-00850" type="av">
<FileVariant size="68" variant="4f4dd1bf-8121-4dea-9b1e-661334aa6384" />
</File>
<Timelines>
<Transcode startTime="39006" endTime="39016" complete="1" fileType="av" variant="4f4dd1bf-8121-4dea-9b1e-661334aa6384" />
</Timelines>
</Segment>
<Segment duration="955" startOffset="3639358" endOffset="3640314">
<File name="chunk-00851" type="av">
<FileVariant size="40" variant="4f4dd1bf-8121-4dea-9b1e-661334aa6384" />
</File>
<Timelines>
<Transcode startTime="39016" endTime="39069" complete="1" fileType="av" variant="4f4dd1bf-8121-4dea-9b1e-661334aa6384" />
</Timelines>
</Segment>
<Segment duration="4351" startOffset="3642709" endOffset="3647060">
<File name="chunk-00852" type="av">
<FileVariant size="91" variant="4f4dd1bf-8121-4dea-9b1e-661334aa6384" />
</File>
<Timelines>
<Transcode startTime="39069" endTime="39098" complete="1" fileType="av" variant="4f4dd1bf-8121-4dea-9b1e-661334aa6384" />
</Timelines>
</Segment>
<Segment duration="2784" startOffset="3647061" endOffset="3649846">
<File name="chunk-00853" type="av">
<FileVariant size="68" variant="4f4dd1bf-8121-4dea-9b1e-661334aa6384" />
</File>
<Timelines>
<Transcode startTime="39098" endTime="39197" complete="1" fileType="av" variant="4f4dd1bf-8121-4dea-9b1e-661334aa6384" />
</Timelines>
</Segment>
<Segment duration="3785" startOffset="3649847" endOffset="3653633">
<File name="chunk-00854" type="av">
<FileVariant size="82" variant="4f4dd1bf-8121-4dea-9b1e-661334aa6384" />
</File>
<Timelines>
<Transcode startTime="39197" endTime="39255" complete="1" fileType="av" variant="4f4dd1bf-8121-4dea-9b1e-661334aa6384" />
</Timelines>
</Segment>
<Segment duration="2000" startOffset="3655896" endOffset="3657897">
<File name="chunk-00855" type="av">
<FileVariant size="71" variant="4f4dd1bf-8121-4dea-9b1e-661334aa6384" />
</File>
<Timelines>
<Transcode startTime="39255" endTime="39265" complete="1" fileType="av" variant="4f4dd1bf-8121-4dea-9b1e-661334aa6384" />
</Timelines>
</Segment>
<Segment duration="3697" startOffset="3657898" endOffset="3661596">
<File name="chunk-00856" type="av">
<FileVariant size="74" variant="4f4dd1bf-8121-4dea-9b1e-661334aa6384" />
</File>
<Timelines>
<Transcode startTime="39265" endTime="39366" complete="1" fileType="av" variant="4f4dd1bf-8121-4dea-9b1e-661334aa6384" />
</Timelines>
</Segment>
<Segment duration="2740" startOffset="3661597" endOffset="3664338">
<File name="chunk-00857" type="av">
<FileVariant size="71" variant="4f4dd1bf-8121-4dea-9b1e-661334aa6384" />
</File>
<Timelines>
<Transcode startTime="39366" endTime="39375" complete="1" fileType="av" variant="4f4dd1bf-8121-4dea-9b1e-661334aa6384" />
</Timelines>
</Segment>
<Segment duration="3394" startOffset="3664339" endOffset="3667733">
<File name="chunk-00858" type="av">
<FileVariant size="75" variant="4f4dd1bf-8121-4dea-9b1e-661334aa6384" />
</File>
<Timelines>
<Transcode startTime="39375" endTime="39383" complete="1" fileType="av" variant="4f4dd1bf-8121-4dea-9b1e-661334aa6384" />
</Timelines>
</Segment>
<Segment duration="3175" startOffset="3667734" endOffset="3670910">
<File name="chunk-00859" type="av">
<FileVariant size="82" variant="4f4dd1bf-8121-4dea-9b1e-661334aa6384" />
</File>
<Timelines>
<Transcode startTime="39383" endTime="39443" complete="1" fileType="av" variant="4f4dd1bf-8121-4dea-9b1e-661334aa6384" />
</Timelines>
</Segment>
<Segment duration="2523" startOffset="3670911" endOffset="3673435">
<File name="chunk-00860" type="av">
<FileVariant size="55" variant="4f4dd1bf-8121-4dea-9b1e-661334aa6384" />
</File>
<Timelines>
<Transcode startTime="39443" endTime="39503" complete="1" fileType="av" variant="4f4dd1bf-8121-4dea-9b1e-661334aa6384" />
</Timelines>
</Segment>
<Segment duration="4090" startOffset="3678832" endOffset="3682922">
<File name="chunk-00861" type="av">
<FileVariant size="86" variant="4f4dd1bf-8121-4dea-9b1e-661334aa6384" />
</File>
<Timelines>
<Transcode startTime="39503" endTime="39507" complete="1" fileType="av" variant="4f4dd1bf-8121-4dea-9b1e-661334aa6384" />
</Timelines>
</Segment>
<Segment duration="2219" startOffset="3682923" endOffset="3685142">
<File name="chunk-00862" type="av">
<FileVariant size="53" variant="4f4dd1bf-8121-4dea-9b1e-661334aa6384" />
</File>
<Timelines>
<Transcode startTime="39507" endTime="39555" complete="1" fileType="av" variant="4f4dd1bf-8121-4dea-9b1e-661334aa6384" />
</Timelines>
</Segment>
<Segment duration="2304" startOffset="3685143" endOffset="3687448">
<File name="chunk-00863" type="av">
<FileVariant size="66" variant="4f4dd1bf-8121-4dea-9b1e-661334aa6384" />
</File>
<Timelines>
<Transcode startTime="39555" endTime="39555" complete="1" fileType="av" variant="4f4dd1bf-8121-4dea-9b1e-661334aa6384" />
</Timelines>
</Segment>
<Segment duration="2436" startOffset="3687449" endOffset="3689886">
<File name="chunk-00864" type="av">
<FileVariant size="58" variant="4f4dd1bf-8121-4dea-9b1e-661334aa6384" />
</File>
<Timelines>
<Transcode startTime="39555" endTime="39559" complete="1" fileType="av" variant="4f4dd1bf-8121-4dea-9b1e-661334aa6384" />
</Timelines>
</Segment>
<Segment duration="1826" startOffset="3689887" endOffset="3691714">
<File name="chunk-00865" type="av">
<FileVariant size="73" variant="4f4dd1bf-8121-4dea-9b1e-661334aa6384" />
</File>
<Timelines>
<Transcode startTime="39559" endTime="39560" complete="1" fileType="av" variant="4f4dd1bf-8121-4dea-9b1e-661334aa6384" />
</Timelines>
</Segment>
<Segment duration="1608" startOffset="3691715" endOffset="3693324">
<File name="chunk-00866" type="av">
<FileVariant size="51" variant="4f4dd1bf-8121-4dea-9b1e-661334aa6384" />
</File>
<Timelines>
<Transcode startTime="39560" endTime="39609" complete="1" fileType="av" variant="4f4dd1bf-8121-4dea-9b1e-661334aa6384" />
</Timelines>
</Segment>
<Segment duration="2044" startOffset="3693325" endOffset="3695369">
<File name="chunk-00867" type="av">
<FileVariant size="71" variant="4f4dd1bf-8121-4dea-9b1e-661334aa6384" />
</File>
<Timelines>
<Transcode startTime="39609" endTime="39609" complete="1" fileType="av" variant="4f4dd1bf-8121-4dea-9b1e-661334aa6384" />
</Timelines>
</Segment>
<Segment duration="1958" startOffset="3695370" endOffset="3697328">
<File name="chunk-00868" type="av">
<FileVariant size="65" variant="4f4dd1bf-8121-4dea-9b1e-661334aa6384" />
</File>
<Timelines>
<Transcode startTime="39609" endTime="39612" complete="1" fileType="av" variant="4f4dd1bf-8121-4dea-9b1e-661334aa6384" />
</Timelines>
</Segment>
<Segment duration="1173" startOffset="3697329" endOffset="3698503">
<File name="chunk-00869" type="av">
<FileVariant size="49" variant="4f4dd1bf-8121-4dea-9b1e-661334aa6384" />
</File>
<Timelines>
<Transcode startTime="39612" endTime="39613" complete="1" fileType="av" variant="4f4dd1bf-8121-4dea-9b1e-661334aa6384" />
</Timelines>
</Segment>
<Segment duration="2349" startOffset="3698504" endOffset="3700853">
<File name="chunk-00870" type="av">
<FileVariant size="80" variant="4f4dd1bf-8121-4dea-9b1e-661334aa6384" />
</File>
<Timelines>
<Transcode startTime="39613" endTime="39679" complete="1" fileType="av" variant="4f4dd1bf-8121-4dea-9b1e-661334aa6384" />
</Timelines>
</Segment>
<Segment duration="2219" startOffset="3700854" endOffset="3703073">
<File name="chunk-00871" type="av">
<FileVariant size="68" variant="4f4dd1bf-8121-4dea-9b1e-661334aa6384" />
</File>
<Timelines>
<Transcode startTime="39679" endTime="39679" complete="1" fileType="av" variant="4f4dd1bf-8121-4dea-9b1e-661334aa6384" />
</Timelines>
</Segment>
<Segment duration="1347" startOffset="3703074" endOffset="3704422">
<File name="chunk-00872" type="av">
<FileVariant size="63" variant="4f4dd1bf-8121-4dea-9b1e-661334aa6384" />
</File>
<Timelines>
<Transcode startTime="39679" endTime="39682" complete="1" fileType="av" variant="4f4dd1bf-8121-4dea-9b1e-661334aa6384" />
</Timelines>
</Segment>
<Segment duration="2436" startOffset="3704423" endOffset="3706859">
<File name="chunk-00873" type="av">
<FileVariant size="73" variant="4f4dd1bf-8121-4dea-9b1e-661334aa6384" />
</File>
<Timelines>
<Transcode startTime="39682" endTime="39737" complete="1" fileType="av" variant="4f4dd1bf-8121-4dea-9b1e-661334aa6384" />
</Timelines>
</Segment>
<Segment duration="1130" startOffset="3706860" endOffset="3707991">
<File name="chunk-00874" type="av">
<FileVariant size="49" variant="4f4dd1bf-8121-4dea-9b1e-661334aa6384" />
</File>
<Timelines>
<Transcode startTime="39737" endTime="39783" complete="1" fileType="av" variant="4f4dd1bf-8121-4dea-9b1e-661334aa6384" />
</Timelines>
</Segment>
<Segment duration="2696" startOffset="3707992" endOffset="3710689">
<File name="chunk-00875" type="av">
<FileVariant size="69" variant="4f4dd1bf-8121-4dea-9b1e-661334aa6384" />
</File>
<Timelines>
<Transcode startTime="39783" endTime="39857" complete="1" fileType="av" variant="4f4dd1bf-8121-4dea-9b1e-661334aa6384" />
</Timelines>
</Segment>
<Segment duration="2958" startOffset="3710690" endOffset="3713648">
<File name="chunk-00876" type="av">
<FileVariant size="73" variant="4f4dd1bf-8121-4dea-9b1e-661334aa6384" />
</File>
<Timelines>
<Transcode startTime="39857" endTime="39999" complete="1" fileType="av" variant="4f4dd1bf-8121-4dea-9b1e-661334aa6384" />
</Timelines>
</Segment>
<Segment duration="2959" startOffset="3713649" endOffset="3716608">
<File name="chunk-00877" type="av">
<FileVariant size="73" variant="4f4dd1bf-8121-4dea-9b1e-661334aa6384" />
</File>
<Timelines>
<Transcode startTime="39999" endTime="40127" complete="1" fileType="av" variant="4f4dd1bf-8121-4dea-9b1e-661334aa6384" />
</Timelines>
</Segment>
<Segment duration="2697" startOffset="3716609" endOffset="3719307">
<File name="chunk-00878" type="av">
<FileVariant size="65" variant="4f4dd1bf-8121-4dea-9b1e-661334aa6384" />
</File>
<Timelines>
<Transcode startTime="40127" endTime="40281" complete="1" fileType="av" variant="4f4dd1bf-8121-4dea-9b1e-661334aa6384" />
</Timelines>
</Segment>
<Segment duration="1478" startOffset="3721266" endOffset="3722745">
<File name="chunk-00879" type="av">
<FileVariant size="46" variant="4f4dd1bf-8121-4dea-9b1e-661334aa6384" />
</File>
<Timelines>
<Transcode startTime="40281" endTime="40346" complete="1" fileType="av" variant="4f4dd1bf-8121-4dea-9b1e-661334aa6384" />
</Timelines>
</Segment>
<Segment duration="1088" startOffset="3724095" endOffset="3725183">
<File name="chunk-00880" type="av">
<FileVariant size="50" variant="4f4dd1bf-8121-4dea-9b1e-661334aa6384" />
</File>
<Timelines>
<Transcode startTime="40346" endTime="40396" complete="1" fileType="av" variant="4f4dd1bf-8121-4dea-9b1e-661334aa6384" />
</Timelines>
</Segment>
<Segment duration="1349" startOffset="3726488" endOffset="3727837">
<File name="chunk-00881" type="av">
<FileVariant size="41" variant="4f4dd1bf-8121-4dea-9b1e-661334aa6384" />
</File>
<Timelines>
<Transcode startTime="40396" endTime="40574" complete="1" fileType="av" variant="4f4dd1bf-8121-4dea-9b1e-661334aa6384" />
</Timelines>
</Segment>
<Segment duration="2307" startOffset="3730144" endOffset="3732451">
<File name="chunk-00882" type="av">
<FileVariant size="65" variant="4f4dd1bf-8121-4dea-9b1e-661334aa6384" />
</File>
<Timelines>
<Transcode startTime="40574" endTime="40750" complete="1" fileType="av" variant="4f4dd1bf-8121-4dea-9b1e-661334aa6384" />
</Timelines>
</Segment>
<Segment duration="2435" startOffset="3735106" endOffset="3737542">
<File name="chunk-00883" type="av">
<FileVariant size="59" variant="4f4dd1bf-8121-4dea-9b1e-661334aa6384" />
</File>
<Timelines>
<Transcode startTime="40750" endTime="40794" complete="1" fileType="av" variant="4f4dd1bf-8121-4dea-9b1e-661334aa6384" />
</Timelines>
</Segment>
<Segment duration="3828" startOffset="3737543" endOffset="3741372">
<File name="chunk-00884" type="av">
<FileVariant size="83" variant="4f4dd1bf-8121-4dea-9b1e-661334aa6384" />
</File>
<Timelines>
<Transcode startTime="40794" endTime="40862" complete="1" fileType="av" variant="4f4dd1bf-8121-4dea-9b1e-661334aa6384" />
</Timelines>
</Segment>
<Segment duration="1826" startOffset="3741373" endOffset="3743200">
<File name="chunk-00885" type="av">
<FileVariant size="51" variant="4f4dd1bf-8121-4dea-9b1e-661334aa6384" />
</File>
<Timelines>
<Transcode startTime="40862" endTime="40968" complete="1" fileType="av" variant="4f4dd1bf-8121-4dea-9b1e-661334aa6384" />
</Timelines>
</Segment>
<Segment duration="869" startOffset="3744550" endOffset="3745420">
<File name="chunk-00886" type="av">
<FileVariant size="48" variant="4f4dd1bf-8121-4dea-9b1e-661334aa6384" />
</File>
<Timelines>
<Transcode startTime="40968" endTime="41045" complete="1" fileType="av" variant="4f4dd1bf-8121-4dea-9b1e-661334aa6384" />
</Timelines>
</Segment>
<Segment duration="1782" startOffset="3747379" endOffset="3749162">
<File name="chunk-00887" type="av">
<FileVariant size="42" variant="4f4dd1bf-8121-4dea-9b1e-661334aa6384" />
</File>
<Timelines>
<Transcode startTime="41045" endTime="41123" complete="1" fileType="av" variant="4f4dd1bf-8121-4dea-9b1e-661334aa6384" />
</Timelines>
</Segment>
<Segment duration="1521" startOffset="3749163" endOffset="3750685">
<File name="chunk-00888" type="av">
<FileVariant size="46" variant="4f4dd1bf-8121-4dea-9b1e-661334aa6384" />
</File>
<Timelines>
<Transcode startTime="41123" endTime="41129" complete="1" fileType="av" variant="4f4dd1bf-8121-4dea-9b1e-661334aa6384" />
</Timelines>
</Segment>
<Segment duration="1219" startOffset="3750686" endOffset="3751905">
<File name="chunk-00889" type="av">
<FileVariant size="59" variant="4f4dd1bf-8121-4dea-9b1e-661334aa6384" />
</File>
<Timelines>
<Transcode startTime="41129" endTime="41710" complete="1" fileType="av" variant="4f4dd1bf-8121-4dea-9b1e-661334aa6384" />
</Timelines>
</Segment>
<Segment duration="1434" startOffset="3768835" endOffset="3770270">
<File name="chunk-00890" type="av">
<FileVariant size="43" variant="4f4dd1bf-8121-4dea-9b1e-661334aa6384" />
</File>
<Timelines>
<Transcode startTime="41710" endTime="41721" complete="1" fileType="av" variant="4f4dd1bf-8121-4dea-9b1e-661334aa6384" />
</Timelines>
</Segment>
<Segment duration="1913" startOffset="3770271" endOffset="3772185">
<File name="chunk-00891" type="av">
<FileVariant size="53" variant="4f4dd1bf-8121-4dea-9b1e-661334aa6384" />
</File>
<Timelines>
<Transcode startTime="41721" endTime="41861" complete="1" fileType="av" variant="4f4dd1bf-8121-4dea-9b1e-661334aa6384" />
</Timelines>
</Segment>
<Segment duration="2088" startOffset="3774449" endOffset="3776538">
<File name="chunk-00892" type="av">
<FileVariant size="54" variant="4f4dd1bf-8121-4dea-9b1e-661334aa6384" />
</File>
<Timelines>
<Transcode startTime="41861" endTime="42020" complete="1" fileType="av" variant="4f4dd1bf-8121-4dea-9b1e-661334aa6384" />
</Timelines>
</Segment>
<Segment duration="1086" startOffset="3777626" endOffset="3778713">
<File name="chunk-00893" type="av">
<FileVariant size="43" variant="4f4dd1bf-8121-4dea-9b1e-661334aa6384" />
</File>
<Timelines>
<Transcode startTime="42020" endTime="42099" complete="1" fileType="av" variant="4f4dd1bf-8121-4dea-9b1e-661334aa6384" />
</Timelines>
</Segment>
<Segment duration="2175" startOffset="3778714" endOffset="3780890">
<File name="chunk-00894" type="av">
<FileVariant size="55" variant="4f4dd1bf-8121-4dea-9b1e-661334aa6384" />
</File>
<Timelines>
<Transcode startTime="42099" endTime="42180" complete="1" fileType="av" variant="4f4dd1bf-8121-4dea-9b1e-661334aa6384" />
</Timelines>
</Segment>
<Segment duration="2391" startOffset="3780891" endOffset="3783283">
<File name="chunk-00895" type="av">
<FileVariant size="41" variant="4f4dd1bf-8121-4dea-9b1e-661334aa6384" />
</File>
<Timelines>
<Transcode startTime="42180" endTime="42411" complete="1" fileType="av" variant="4f4dd1bf-8121-4dea-9b1e-661334aa6384" />
</Timelines>
</Segment>
<Segment duration="1304" startOffset="3787158" endOffset="3788462">
<File name="chunk-00896" type="av">
<FileVariant size="40" variant="4f4dd1bf-8121-4dea-9b1e-661334aa6384" />
</File>
<Timelines>
<Transcode startTime="42411" endTime="42456" complete="1" fileType="av" variant="4f4dd1bf-8121-4dea-9b1e-661334aa6384" />
</Timelines>
</Segment>
<Segment duration="1652" startOffset="3788463" endOffset="3790116">
<File name="chunk-00897" type="av">
<FileVariant size="55" variant="4f4dd1bf-8121-4dea-9b1e-661334aa6384" />
</File>
<Timelines>
<Transcode startTime="42456" endTime="42506" complete="1" fileType="av" variant="4f4dd1bf-8121-4dea-9b1e-661334aa6384" />
</Timelines>
</Segment>
<Segment duration="2914" startOffset="3790117" endOffset="3793032">
<File name="chunk-00898" type="av">
<FileVariant size="64" variant="4f4dd1bf-8121-4dea-9b1e-661334aa6384" />
</File>
<Timelines>
<Transcode startTime="42506" endTime="42637" complete="1" fileType="av" variant="4f4dd1bf-8121-4dea-9b1e-661334aa6384" />
</Timelines>
</Segment>
<Segment duration="2610" startOffset="3793033" endOffset="3795643">
<File name="chunk-00899" type="av">
<FileVariant size="56" variant="4f4dd1bf-8121-4dea-9b1e-661334aa6384" />
</File>
<Timelines>
<Transcode startTime="42637" endTime="42711" complete="1" fileType="av" variant="4f4dd1bf-8121-4dea-9b1e-661334aa6384" />
</Timelines>
</Segment>
<Segment duration="1958" startOffset="3795644" endOffset="3797602">
<File name="chunk-00900" type="av">
<FileVariant size="40" variant="4f4dd1bf-8121-4dea-9b1e-661334aa6384" />
</File>
<Timelines>
<Transcode startTime="42711" endTime="43312" complete="1" fileType="av" variant="4f4dd1bf-8121-4dea-9b1e-661334aa6384" />
</Timelines>
</Segment>
<Segment duration="1478" startOffset="3820452" endOffset="3821931">
<File name="chunk-00901" type="av">
<FileVariant size="39" variant="4f4dd1bf-8121-4dea-9b1e-661334aa6384" />
</File>
<Timelines>
<Transcode startTime="43312" endTime="43431" complete="1" fileType="av" variant="4f4dd1bf-8121-4dea-9b1e-661334aa6384" />
</Timelines>
</Segment>
<Segment duration="1393" startOffset="3825065" endOffset="3826458">
<File name="chunk-00902" type="av">
<FileVariant size="43" variant="4f4dd1bf-8121-4dea-9b1e-661334aa6384" />
</File>
<Timelines>
<Transcode startTime="43431" endTime="43432" complete="1" fileType="av" variant="4f4dd1bf-8121-4dea-9b1e-661334aa6384" />
</Timelines>
</Segment>
<Segment duration="4221" startOffset="3827154" endOffset="3831375">
<File name="chunk-00903" type="av">
<FileVariant size="55" variant="4f4dd1bf-8121-4dea-9b1e-661334aa6384" />
</File>
<Timelines>
<Transcode startTime="43432" endTime="43471" complete="1" fileType="av" variant="4f4dd1bf-8121-4dea-9b1e-661334aa6384" />
</Timelines>
</Segment>
<Segment duration="2957" startOffset="3831376" endOffset="3834334">
<File name="chunk-00904" type="av">
<FileVariant size="57" variant="4f4dd1bf-8121-4dea-9b1e-661334aa6384" />
</File>
<Timelines>
<Transcode startTime="43471" endTime="43582" complete="1" fileType="av" variant="4f4dd1bf-8121-4dea-9b1e-661334aa6384" />
</Timelines>
</Segment>
<Segment duration="5396" startOffset="3834335" endOffset="3839731">
<File name="chunk-00905" type="av">
<FileVariant size="91" variant="4f4dd1bf-8121-4dea-9b1e-661334aa6384" />
</File>
<Timelines>
<Transcode startTime="43582" endTime="43713" complete="1" fileType="av" variant="4f4dd1bf-8121-4dea-9b1e-661334aa6384" />
</Timelines>
</Segment>
<Segment duration="1869" startOffset="3841386" endOffset="3843256">
<File name="chunk-00906" type="av">
<FileVariant size="60" variant="4f4dd1bf-8121-4dea-9b1e-661334aa6384" />
</File>
<Timelines>
<Transcode startTime="43713" endTime="43719" complete="1" fileType="av" variant="4f4dd1bf-8121-4dea-9b1e-661334aa6384" />
</Timelines>
</Segment>
<Segment duration="3567" startOffset="3843257" endOffset="3846825">
<File name="chunk-00907" type="av">
<FileVariant size="56" variant="4f4dd1bf-8121-4dea-9b1e-661334aa6384" />
</File>
<Timelines>
<Transcode startTime="43719" endTime="43811" complete="1" fileType="av" variant="4f4dd1bf-8121-4dea-9b1e-661334aa6384" />
</Timelines>
</Segment>
<Segment duration="1434" startOffset="3846826" endOffset="3848261">
<File name="chunk-00908" type="av">
<FileVariant size="40" variant="4f4dd1bf-8121-4dea-9b1e-661334aa6384" />
</File>
<Timelines>
<Transcode startTime="43811" endTime="43816" complete="1" fileType="av" variant="4f4dd1bf-8121-4dea-9b1e-661334aa6384" />
</Timelines>
</Segment>
<Segment duration="1913" startOffset="3848262" endOffset="3850176">
<File name="chunk-00909" type="av">
<FileVariant size="43" variant="4f4dd1bf-8121-4dea-9b1e-661334aa6384" />
</File>
<Timelines>
<Transcode startTime="43816" endTime="44034" complete="1" fileType="av" variant="4f4dd1bf-8121-4dea-9b1e-661334aa6384" />
</Timelines>
</Segment>
<Segment duration="2914" startOffset="3857706" endOffset="3860621">
<File name="chunk-00910" type="av">
<FileVariant size="69" variant="4f4dd1bf-8121-4dea-9b1e-661334aa6384" />
</File>
<Timelines>
<Transcode startTime="44034" endTime="44120" complete="1" fileType="av" variant="4f4dd1bf-8121-4dea-9b1e-661334aa6384" />
</Timelines>
</Segment>
<Segment duration="2959" startOffset="3862015" endOffset="3864974">
<File name="chunk-00911" type="av">
<FileVariant size="59" variant="4f4dd1bf-8121-4dea-9b1e-661334aa6384" />
</File>
<Timelines>
<Transcode startTime="44120" endTime="44126" complete="1" fileType="av" variant="4f4dd1bf-8121-4dea-9b1e-661334aa6384" />
</Timelines>
</Segment>
<Segment duration="956" startOffset="3864975" endOffset="3865931">
<File name="chunk-00912" type="av">
<FileVariant size="41" variant="4f4dd1bf-8121-4dea-9b1e-661334aa6384" />
</File>
<Timelines>
<Transcode startTime="44126" endTime="44215" complete="1" fileType="av" variant="4f4dd1bf-8121-4dea-9b1e-661334aa6384" />
</Timelines>
</Segment>
<Segment duration="5961" startOffset="3868848" endOffset="3874809">
<File name="chunk-00913" type="av">
<FileVariant size="75" variant="4f4dd1bf-8121-4dea-9b1e-661334aa6384" />
</File>
<Timelines>
<Transcode startTime="44215" endTime="44330" complete="1" fileType="av" variant="4f4dd1bf-8121-4dea-9b1e-661334aa6384" />
</Timelines>
</Segment>
<Segment duration="2219" startOffset="3874810" endOffset="3877029">
<File name="chunk-00914" type="av">
<FileVariant size="41" variant="4f4dd1bf-8121-4dea-9b1e-661334aa6384" />
</File>
<Timelines>
<Transcode startTime="44330" endTime="44335" complete="1" fileType="av" variant="4f4dd1bf-8121-4dea-9b1e-661334aa6384" />
</Timelines>
</Segment>
<Segment duration="4089" startOffset="3877030" endOffset="3881120">
<File name="chunk-00915" type="av">
<FileVariant size="77" variant="4f4dd1bf-8121-4dea-9b1e-661334aa6384" />
</File>
<Timelines>
<Transcode startTime="44335" endTime="44341" complete="1" fileType="av" variant="4f4dd1bf-8121-4dea-9b1e-661334aa6384" />
</Timelines>
</Segment>
<Segment duration="2827" startOffset="3881121" endOffset="3883949">
<File name="chunk-00916" type="av">
<FileVariant size="46" variant="4f4dd1bf-8121-4dea-9b1e-661334aa6384" />
</File>
<Timelines>
<Transcode startTime="44341" endTime="44347" complete="1" fileType="av" variant="4f4dd1bf-8121-4dea-9b1e-661334aa6384" />
</Timelines>
</Segment>
<Segment duration="1347" startOffset="3883950" endOffset="3885298">
<File name="chunk-00917" type="av">
<FileVariant size="40" variant="4f4dd1bf-8121-4dea-9b1e-661334aa6384" />
</File>
<Timelines>
<Transcode startTime="44347" endTime="44352" complete="1" fileType="av" variant="4f4dd1bf-8121-4dea-9b1e-661334aa6384" />
</Timelines>
</Segment>
<Segment duration="2914" startOffset="3885299" endOffset="3888214">
<File name="chunk-00918" type="av">
<FileVariant size="89" variant="4f4dd1bf-8121-4dea-9b1e-661334aa6384" />
</File>
<Timelines>
<Transcode startTime="44352" endTime="44394" complete="1" fileType="av" variant="4f4dd1bf-8121-4dea-9b1e-661334aa6384" />
</Timelines>
</Segment>
<Segment duration="2132" startOffset="3889956" endOffset="3892089">
<File name="chunk-00919" type="av">
<FileVariant size="65" variant="4f4dd1bf-8121-4dea-9b1e-661334aa6384" />
</File>
<Timelines>
<Transcode startTime="44394" endTime="44434" complete="1" fileType="av" variant="4f4dd1bf-8121-4dea-9b1e-661334aa6384" />
</Timelines>
</Segment>
<Segment duration="1956" startOffset="3894091" endOffset="3896048">
<File name="chunk-00920" type="av">
<FileVariant size="51" variant="4f4dd1bf-8121-4dea-9b1e-661334aa6384" />
</File>
<Timelines>
<Transcode startTime="44434" endTime="44439" complete="1" fileType="av" variant="4f4dd1bf-8121-4dea-9b1e-661334aa6384" />
</Timelines>
</Segment>
<Segment duration="1434" startOffset="3896049" endOffset="3897484">
<File name="chunk-00921" type="av">
<FileVariant size="41" variant="4f4dd1bf-8121-4dea-9b1e-661334aa6384" />
</File>
<Timelines>
<Transcode startTime="44439" endTime="44479" complete="1" fileType="av" variant="4f4dd1bf-8121-4dea-9b1e-661334aa6384" />
</Timelines>
</Segment>
<Segment duration="3699" startOffset="3897485" endOffset="3901184">
<File name="chunk-00922" type="av">
<FileVariant size="89" variant="4f4dd1bf-8121-4dea-9b1e-661334aa6384" />
</File>
<Timelines>
<Transcode startTime="44479" endTime="44542" complete="1" fileType="av" variant="4f4dd1bf-8121-4dea-9b1e-661334aa6384" />
</Timelines>
</Segment>
<Segment duration="2001" startOffset="3901185" endOffset="3903186">
<File name="chunk-00923" type="av">
<FileVariant size="71" variant="4f4dd1bf-8121-4dea-9b1e-661334aa6384" />
</File>
<Timelines>
<Transcode startTime="44542" endTime="44548" complete="1" fileType="av" variant="4f4dd1bf-8121-4dea-9b1e-661334aa6384" />
</Timelines>
</Segment>
<Segment duration="2784" startOffset="3903187" endOffset="3905971">
<File name="chunk-00924" type="av">
<FileVariant size="62" variant="4f4dd1bf-8121-4dea-9b1e-661334aa6384" />
</File>
<Timelines>
<Transcode startTime="44548" endTime="44599" complete="1" fileType="av" variant="4f4dd1bf-8121-4dea-9b1e-661334aa6384" />
</Timelines>
</Segment>
<Segment duration="3176" startOffset="3907365" endOffset="3910541">
<File name="chunk-00925" type="av">
<FileVariant size="87" variant="4f4dd1bf-8121-4dea-9b1e-661334aa6384" />
</File>
<Timelines>
<Transcode startTime="44599" endTime="44637" complete="1" fileType="av" variant="4f4dd1bf-8121-4dea-9b1e-661334aa6384" />
</Timelines>
</Segment>
<Segment duration="2697" startOffset="3910542" endOffset="3913239">
<File name="chunk-00926" type="av">
<FileVariant size="79" variant="4f4dd1bf-8121-4dea-9b1e-661334aa6384" />
</File>
<Timelines>
<Transcode startTime="44637" endTime="44638" complete="1" fileType="av" variant="4f4dd1bf-8121-4dea-9b1e-661334aa6384" />
</Timelines>
</Segment>
<Segment duration="3002" startOffset="3913240" endOffset="3916242">
<File name="chunk-00927" type="av">
<FileVariant size="59" variant="4f4dd1bf-8121-4dea-9b1e-661334aa6384" />
</File>
<Timelines>
<Transcode startTime="44638" endTime="44649" complete="1" fileType="av" variant="4f4dd1bf-8121-4dea-9b1e-661334aa6384" />
</Timelines>
</Segment>
<Segment duration="1434" startOffset="3916243" endOffset="3917678">
<File name="chunk-00928" type="av">
<FileVariant size="54" variant="4f4dd1bf-8121-4dea-9b1e-661334aa6384" />
</File>
<Timelines>
<Transcode startTime="44649" endTime="44688" complete="1" fileType="av" variant="4f4dd1bf-8121-4dea-9b1e-661334aa6384" />
</Timelines>
</Segment>
<Segment duration="3873" startOffset="3917679" endOffset="3921552">
<File name="chunk-00929" type="av">
<FileVariant size="91" variant="4f4dd1bf-8121-4dea-9b1e-661334aa6384" />
</File>
<Timelines>
<Transcode startTime="44688" endTime="44694" complete="1" fileType="av" variant="4f4dd1bf-8121-4dea-9b1e-661334aa6384" />
</Timelines>
</Segment>
<Segment duration="1393" startOffset="3921553" endOffset="3922946">
<File name="chunk-00930" type="av">
<FileVariant size="54" variant="4f4dd1bf-8121-4dea-9b1e-661334aa6384" />
</File>
<Timelines>
<Transcode startTime="44694" endTime="44699" complete="1" fileType="av" variant="4f4dd1bf-8121-4dea-9b1e-661334aa6384" />
</Timelines>
</Segment>
<Segment duration="2132" startOffset="3923685" endOffset="3925817">
<File name="chunk-00931" type="av">
<FileVariant size="52" variant="4f4dd1bf-8121-4dea-9b1e-661334aa6384" />
</File>
<Timelines>
<Transcode startTime="44699" endTime="44705" complete="1" fileType="av" variant="4f4dd1bf-8121-4dea-9b1e-661334aa6384" />
</Timelines>
</Segment>
<Segment duration="1956" startOffset="3925818" endOffset="3927775">
<File name="chunk-00932" type="av">
<FileVariant size="46" variant="4f4dd1bf-8121-4dea-9b1e-661334aa6384" />
</File>
<Timelines>
<Transcode startTime="44705" endTime="44764" complete="1" fileType="av" variant="4f4dd1bf-8121-4dea-9b1e-661334aa6384" />
</Timelines>
</Segment>
<Segment duration="1740" startOffset="3928995" endOffset="3930735">
<File name="chunk-00933" type="av">
<FileVariant size="39" variant="4f4dd1bf-8121-4dea-9b1e-661334aa6384" />
</File>
<Timelines>
<Transcode startTime="44764" endTime="44793" complete="1" fileType="av" variant="4f4dd1bf-8121-4dea-9b1e-661334aa6384" />
</Timelines>
</Segment>
<Segment duration="3393" startOffset="3933565" endOffset="3936959">
<File name="chunk-00934" type="av">
<FileVariant size="66" variant="4f4dd1bf-8121-4dea-9b1e-661334aa6384" />
</File>
<Timelines>
<Transcode startTime="44793" endTime="44843" complete="1" fileType="av" variant="4f4dd1bf-8121-4dea-9b1e-661334aa6384" />
</Timelines>
</Segment>
<Segment duration="1826" startOffset="3936960" endOffset="3938786">
<File name="chunk-00935" type="av">
<FileVariant size="55" variant="4f4dd1bf-8121-4dea-9b1e-661334aa6384" />
</File>
<Timelines>
<Transcode startTime="44843" endTime="44863" complete="1" fileType="av" variant="4f4dd1bf-8121-4dea-9b1e-661334aa6384" />
</Timelines>
</Segment>
<Segment duration="1262" startOffset="3938787" endOffset="3940049">
<File name="chunk-00936" type="av">
<FileVariant size="40" variant="4f4dd1bf-8121-4dea-9b1e-661334aa6384" />
</File>
<Timelines>
<Transcode startTime="44863" endTime="44880" complete="1" fileType="av" variant="4f4dd1bf-8121-4dea-9b1e-661334aa6384" />
</Timelines>
</Segment>
<Segment duration="1695" startOffset="3940050" endOffset="3941746">
<File name="chunk-00937" type="av">
<FileVariant size="41" variant="4f4dd1bf-8121-4dea-9b1e-661334aa6384" />
</File>
<Timelines>
<Transcode startTime="44880" endTime="44890" complete="1" fileType="av" variant="4f4dd1bf-8121-4dea-9b1e-661334aa6384" />
</Timelines>
</Segment>
<Segment duration="2480" startOffset="3941747" endOffset="3944227">
<File name="chunk-00938" type="av">
<FileVariant size="64" variant="4f4dd1bf-8121-4dea-9b1e-661334aa6384" />
</File>
<Timelines>
<Transcode startTime="44890" endTime="44896" complete="1" fileType="av" variant="4f4dd1bf-8121-4dea-9b1e-661334aa6384" />
</Timelines>
</Segment>
<Segment duration="3741" startOffset="3944228" endOffset="3947970">
<File name="chunk-00939" type="av">
<FileVariant size="83" variant="4f4dd1bf-8121-4dea-9b1e-661334aa6384" />
</File>
<Timelines>
<Transcode startTime="44896" endTime="45159" complete="1" fileType="av" variant="4f4dd1bf-8121-4dea-9b1e-661334aa6384" />
</Timelines>
</Segment>
<Segment duration="2088" startOffset="3972386" endOffset="3974475">
<File name="chunk-00940" type="av">
<FileVariant size="53" variant="4f4dd1bf-8121-4dea-9b1e-661334aa6384" />
</File>
<Timelines>
<Transcode startTime="45159" endTime="45215" complete="1" fileType="av" variant="4f4dd1bf-8121-4dea-9b1e-661334aa6384" />
</Timelines>
</Segment>
<Segment duration="2175" startOffset="3975781" endOffset="3977956">
<File name="chunk-00941" type="av">
<FileVariant size="61" variant="4f4dd1bf-8121-4dea-9b1e-661334aa6384" />
</File>
<Timelines>
<Transcode startTime="45215" endTime="45220" complete="1" fileType="av" variant="4f4dd1bf-8121-4dea-9b1e-661334aa6384" />
</Timelines>
</Segment>
<Segment duration="2958" startOffset="3977957" endOffset="3980915">
<File name="chunk-00942" type="av">
<FileVariant size="70" variant="4f4dd1bf-8121-4dea-9b1e-661334aa6384" />
</File>
<Timelines>
<Transcode startTime="45220" endTime="45276" complete="1" fileType="av" variant="4f4dd1bf-8121-4dea-9b1e-661334aa6384" />
</Timelines>
</Segment>
<Segment duration="3916" startOffset="3980916" endOffset="3984833">
<File name="chunk-00943" type="av">
<FileVariant size="79" variant="4f4dd1bf-8121-4dea-9b1e-661334aa6384" />
</File>
<Timelines>
<Transcode startTime="45276" endTime="45283" complete="1" fileType="av" variant="4f4dd1bf-8121-4dea-9b1e-661334aa6384" />
</Timelines>
</Segment>
<Segment duration="1869" startOffset="3986705" endOffset="3988575">
<File name="chunk-00944" type="av">
<FileVariant size="44" variant="4f4dd1bf-8121-4dea-9b1e-661334aa6384" />
</File>
<Timelines>
<Transcode startTime="45283" endTime="45338" complete="1" fileType="av" variant="4f4dd1bf-8121-4dea-9b1e-661334aa6384" />
</Timelines>
</Segment>
<Segment duration="1436" startOffset="3988576" endOffset="3990013">
<File name="chunk-00945" type="av">
<FileVariant size="44" variant="4f4dd1bf-8121-4dea-9b1e-661334aa6384" />
</File>
<Timelines>
<Transcode startTime="45338" endTime="45343" complete="1" fileType="av" variant="4f4dd1bf-8121-4dea-9b1e-661334aa6384" />
</Timelines>
</Segment>
<Segment duration="1523" startOffset="3990839" endOffset="3992363">
<File name="chunk-00946" type="av">
<FileVariant size="53" variant="4f4dd1bf-8121-4dea-9b1e-661334aa6384" />
</File>
<Timelines>
<Transcode startTime="45343" endTime="45344" complete="1" fileType="av" variant="4f4dd1bf-8121-4dea-9b1e-661334aa6384" />
</Timelines>
</Segment>
<Segment duration="1739" startOffset="3993190" endOffset="3994930">
<File name="chunk-00947" type="av">
<FileVariant size="53" variant="4f4dd1bf-8121-4dea-9b1e-661334aa6384" />
</File>
<Timelines>
<Transcode startTime="45344" endTime="45380" complete="1" fileType="av" variant="4f4dd1bf-8121-4dea-9b1e-661334aa6384" />
</Timelines>
</Segment>
<Segment duration="3045" startOffset="3997281" endOffset="4000326">
<File name="chunk-00948" type="av">
<FileVariant size="102" variant="4f4dd1bf-8121-4dea-9b1e-661334aa6384" />
</File>
<Timelines>
<Transcode startTime="45380" endTime="45436" complete="1" fileType="av" variant="4f4dd1bf-8121-4dea-9b1e-661334aa6384" />
</Timelines>
</Segment>
<Segment duration="4046" startOffset="4000327" endOffset="4004374">
<File name="chunk-00949" type="av">
<FileVariant size="94" variant="4f4dd1bf-8121-4dea-9b1e-661334aa6384" />
</File>
<Timelines>
<Transcode startTime="45436" endTime="45441" complete="1" fileType="av" variant="4f4dd1bf-8121-4dea-9b1e-661334aa6384" />
</Timelines>
</Segment>
<Segment duration="1871" startOffset="4004375" endOffset="4006246">
<File name="chunk-00950" type="av">
<FileVariant size="55" variant="4f4dd1bf-8121-4dea-9b1e-661334aa6384" />
</File>
<Timelines>
<Transcode startTime="45441" endTime="45506" complete="1" fileType="av" variant="4f4dd1bf-8121-4dea-9b1e-661334aa6384" />
</Timelines>
</Segment>
<Segment duration="4176" startOffset="4009032" endOffset="4013209">
<File name="chunk-00951" type="av">
<FileVariant size="79" variant="4f4dd1bf-8121-4dea-9b1e-661334aa6384" />
</File>
<Timelines>
<Transcode startTime="45506" endTime="45604" complete="1" fileType="av" variant="4f4dd1bf-8121-4dea-9b1e-661334aa6384" />
</Timelines>
</Segment>
<Segment duration="1652" startOffset="4013210" endOffset="4014862">
<File name="chunk-00952" type="av">
<FileVariant size="60" variant="4f4dd1bf-8121-4dea-9b1e-661334aa6384" />
</File>
<Timelines>
<Transcode startTime="45604" endTime="45635" complete="1" fileType="av" variant="4f4dd1bf-8121-4dea-9b1e-661334aa6384" />
</Timelines>
</Segment>
<Segment duration="3655" startOffset="4014863" endOffset="4018518">
<File name="chunk-00953" type="av">
<FileVariant size="60" variant="4f4dd1bf-8121-4dea-9b1e-661334aa6384" />
</File>
<Timelines>
<Transcode startTime="45635" endTime="46088" complete="1" fileType="av" variant="4f4dd1bf-8121-4dea-9b1e-661334aa6384" />
</Timelines>
</Segment>
<Segment duration="4090" startOffset="4028181" endOffset="4032271">
<File name="chunk-00954" type="av">
<FileVariant size="75" variant="4f4dd1bf-8121-4dea-9b1e-661334aa6384" />
</File>
<Timelines>
<Transcode startTime="46088" endTime="46287" complete="1" fileType="av" variant="4f4dd1bf-8121-4dea-9b1e-661334aa6384" />
</Timelines>
</Segment>
<Segment duration="2133" startOffset="4032272" endOffset="4034405">
<File name="chunk-00955" type="av">
<FileVariant size="72" variant="4f4dd1bf-8121-4dea-9b1e-661334aa6384" />
</File>
<Timelines>
<Transcode startTime="46287" endTime="46374" complete="1" fileType="av" variant="4f4dd1bf-8121-4dea-9b1e-661334aa6384" />
</Timelines>
</Segment>
<Segment duration="2436" startOffset="4036102" endOffset="4038538">
<File name="chunk-00956" type="av">
<FileVariant size="76" variant="4f4dd1bf-8121-4dea-9b1e-661334aa6384" />
</File>
<Timelines>
<Transcode startTime="46374" endTime="46454" complete="1" fileType="av" variant="4f4dd1bf-8121-4dea-9b1e-661334aa6384" />
</Timelines>
</Segment>
<Segment duration="4525" startOffset="4038539" endOffset="4043065">
<File name="chunk-00957" type="av">
<FileVariant size="91" variant="4f4dd1bf-8121-4dea-9b1e-661334aa6384" />
</File>
<Timelines>
<Transcode startTime="46454" endTime="46537" complete="1" fileType="av" variant="4f4dd1bf-8121-4dea-9b1e-661334aa6384" />
</Timelines>
</Segment>
<Segment duration="1523" startOffset="4043066" endOffset="4044589">
<File name="chunk-00958" type="av">
<FileVariant size="60" variant="4f4dd1bf-8121-4dea-9b1e-661334aa6384" />
</File>
<Timelines>
<Transcode startTime="46537" endTime="46730" complete="1" fileType="av" variant="4f4dd1bf-8121-4dea-9b1e-661334aa6384" />
</Timelines>
</Segment>
<Segment duration="2524" startOffset="4054729" endOffset="4057253">
<File name="chunk-00959" type="av">
<FileVariant size="79" variant="4f4dd1bf-8121-4dea-9b1e-661334aa6384" />
</File>
<Timelines>
<Transcode startTime="46730" endTime="46808" complete="1" fileType="av" variant="4f4dd1bf-8121-4dea-9b1e-661334aa6384" />
</Timelines>
</Segment>
<Segment duration="2697" startOffset="4057254" endOffset="4059951">
<File name="chunk-00960" type="av">
<FileVariant size="74" variant="4f4dd1bf-8121-4dea-9b1e-661334aa6384" />
</File>
<Timelines>
<Transcode startTime="46808" endTime="46864" complete="1" fileType="av" variant="4f4dd1bf-8121-4dea-9b1e-661334aa6384" />
</Timelines>
</Segment>
<Segment duration="3958" startOffset="4059952" endOffset="4063911">
<File name="chunk-00961" type="av">
<FileVariant size="87" variant="4f4dd1bf-8121-4dea-9b1e-661334aa6384" />
</File>
<Timelines>
<Transcode startTime="46864" endTime="46869" complete="1" fileType="av" variant="4f4dd1bf-8121-4dea-9b1e-661334aa6384" />
</Timelines>
</Segment>
<Segment duration="1088" startOffset="4063912" endOffset="4065000">
<File name="chunk-00962" type="av">
<FileVariant size="43" variant="4f4dd1bf-8121-4dea-9b1e-661334aa6384" />
</File>
<Timelines>
<Transcode startTime="46869" endTime="46870" complete="1" fileType="av" variant="4f4dd1bf-8121-4dea-9b1e-661334aa6384" />
</Timelines>
</Segment>
<Segment duration="1695" startOffset="4065784" endOffset="4067480">
<File name="chunk-00963" type="av">
<FileVariant size="41" variant="4f4dd1bf-8121-4dea-9b1e-661334aa6384" />
</File>
<Timelines>
<Transcode startTime="46870" endTime="46934" complete="1" fileType="av" variant="4f4dd1bf-8121-4dea-9b1e-661334aa6384" />
</Timelines>
</Segment>
<Segment duration="3828" startOffset="4067481" endOffset="4071310">
<File name="chunk-00964" type="av">
<FileVariant size="83" variant="4f4dd1bf-8121-4dea-9b1e-661334aa6384" />
</File>
<Timelines>
<Transcode startTime="46934" endTime="46978" complete="1" fileType="av" variant="4f4dd1bf-8121-4dea-9b1e-661334aa6384" />
</Timelines>
</Segment>
<Segment duration="2219" startOffset="4071311" endOffset="4073530">
<File name="chunk-00965" type="av">
<FileVariant size="69" variant="4f4dd1bf-8121-4dea-9b1e-661334aa6384" />
</File>
<Timelines>
<Transcode startTime="46978" endTime="46984" complete="1" fileType="av" variant="4f4dd1bf-8121-4dea-9b1e-661334aa6384" />
</Timelines>
</Segment>
<Segment duration="2958" startOffset="4073531" endOffset="4076490">
<File name="chunk-00966" type="av">
<FileVariant size="73" variant="4f4dd1bf-8121-4dea-9b1e-661334aa6384" />
</File>
<Timelines>
<Transcode startTime="46984" endTime="47121" complete="1" fileType="av" variant="4f4dd1bf-8121-4dea-9b1e-661334aa6384" />
</Timelines>
</Segment>
<Segment duration="1609" startOffset="4077709" endOffset="4079318">
<File name="chunk-00967" type="av">
<FileVariant size="73" variant="4f4dd1bf-8121-4dea-9b1e-661334aa6384" />
</File>
<Timelines>
<Transcode startTime="47121" endTime="47126" complete="1" fileType="av" variant="4f4dd1bf-8121-4dea-9b1e-661334aa6384" />
</Timelines>
</Segment>
<Segment duration="2480" startOffset="4079319" endOffset="4081799">
<File name="chunk-00968" type="av">
<FileVariant size="84" variant="4f4dd1bf-8121-4dea-9b1e-661334aa6384" />
</File>
<Timelines>
<Transcode startTime="47126" endTime="47274" complete="1" fileType="av" variant="4f4dd1bf-8121-4dea-9b1e-661334aa6384" />
</Timelines>
</Segment>
<Segment duration="1521" startOffset="4081800" endOffset="4083322">
<File name="chunk-00969" type="av">
<FileVariant size="59" variant="4f4dd1bf-8121-4dea-9b1e-661334aa6384" />
</File>
<Timelines>
<Transcode startTime="47274" endTime="47280" complete="1" fileType="av" variant="4f4dd1bf-8121-4dea-9b1e-661334aa6384" />
</Timelines>
</Segment>
<Segment duration="1218" startOffset="4083323" endOffset="4084541">
<File name="chunk-00970" type="av">
<FileVariant size="90" variant="4f4dd1bf-8121-4dea-9b1e-661334aa6384" />
</File>
<Timelines>
<Transcode startTime="47280" endTime="47360" complete="1" fileType="av" variant="4f4dd1bf-8121-4dea-9b1e-661334aa6384" />
</Timelines>
</Segment>
<Segment duration="1347" startOffset="4084542" endOffset="4085890">
<File name="chunk-00971" type="av">
<FileVariant size="82" variant="4f4dd1bf-8121-4dea-9b1e-661334aa6384" />
</File>
<Timelines>
<Transcode startTime="47360" endTime="47366" complete="1" fileType="av" variant="4f4dd1bf-8121-4dea-9b1e-661334aa6384" />
</Timelines>
</Segment>
<Segment duration="1826" startOffset="4085891" endOffset="4087718">
<File name="chunk-00972" type="av">
<FileVariant size="78" variant="4f4dd1bf-8121-4dea-9b1e-661334aa6384" />
</File>
<Timelines>
<Transcode startTime="47366" endTime="47627" complete="1" fileType="av" variant="4f4dd1bf-8121-4dea-9b1e-661334aa6384" />
</Timelines>
</Segment>
<Segment duration="1565" startOffset="4087719" endOffset="4089285">
<File name="chunk-00973" type="av">
<FileVariant size="103" variant="4f4dd1bf-8121-4dea-9b1e-661334aa6384" />
</File>
<Timelines>
<Transcode startTime="47627" endTime="47700" complete="1" fileType="av" variant="4f4dd1bf-8121-4dea-9b1e-661334aa6384" />
</Timelines>
</Segment>
<Segment duration="1695" startOffset="4089286" endOffset="4090982">
<File name="chunk-00974" type="av">
<FileVariant size="46" variant="4f4dd1bf-8121-4dea-9b1e-661334aa6384" />
</File>
<Timelines>
<Transcode startTime="47700" endTime="47705" complete="1" fileType="av" variant="4f4dd1bf-8121-4dea-9b1e-661334aa6384" />
</Timelines>
</Segment>
<Segment duration="4263" startOffset="4090983" endOffset="4095247">
<File name="chunk-00975" type="av">
<FileVariant size="95" variant="4f4dd1bf-8121-4dea-9b1e-661334aa6384" />
</File>
<Timelines>
<Transcode startTime="47705" endTime="47809" complete="1" fileType="av" variant="4f4dd1bf-8121-4dea-9b1e-661334aa6384" />
</Timelines>
</Segment>
<Segment duration="1610" startOffset="4095248" endOffset="4096858">
<File name="chunk-00976" type="av">
<FileVariant size="62" variant="4f4dd1bf-8121-4dea-9b1e-661334aa6384" />
</File>
<Timelines>
<Transcode startTime="47809" endTime="47962" complete="1" fileType="av" variant="4f4dd1bf-8121-4dea-9b1e-661334aa6384" />
</Timelines>
</Segment>
<Segment duration="2784" startOffset="4097772" endOffset="4100557">
<File name="chunk-00977" type="av">
<FileVariant size="49" variant="4f4dd1bf-8121-4dea-9b1e-661334aa6384" />
</File>
<Timelines>
<Transcode startTime="47962" endTime="48033" complete="1" fileType="av" variant="4f4dd1bf-8121-4dea-9b1e-661334aa6384" />
</Timelines>
</Segment>
<Segment duration="3219" startOffset="4100558" endOffset="4103777">
<File name="chunk-00978" type="av">
<FileVariant size="94" variant="4f4dd1bf-8121-4dea-9b1e-661334aa6384" />
</File>
<Timelines>
<Transcode startTime="48033" endTime="48039" complete="1" fileType="av" variant="4f4dd1bf-8121-4dea-9b1e-661334aa6384" />
</Timelines>
</Segment>
<Segment duration="1523" startOffset="4103778" endOffset="4105301">
<File name="chunk-00979" type="av">
<FileVariant size="59" variant="4f4dd1bf-8121-4dea-9b1e-661334aa6384" />
</File>
<Timelines>
<Transcode startTime="48039" endTime="48040" complete="1" fileType="av" variant="4f4dd1bf-8121-4dea-9b1e-661334aa6384" />
</Timelines>
</Segment>
<Segment duration="2654" startOffset="4105301" endOffset="4107956">
<File name="chunk-00980" type="av">
<FileVariant size="69" variant="4f4dd1bf-8121-4dea-9b1e-661334aa6384" />
</File>
<Timelines>
<Transcode startTime="48040" endTime="48349" complete="1" fileType="av" variant="4f4dd1bf-8121-4dea-9b1e-661334aa6384" />
</Timelines>
</Segment>
<Segment duration="4351" startOffset="4114310" endOffset="4118662">
<File name="chunk-00981" type="av">
<FileVariant size="92" variant="4f4dd1bf-8121-4dea-9b1e-661334aa6384" />
</File>
<Timelines>
<Transcode startTime="48349" endTime="48384" complete="1" fileType="av" variant="4f4dd1bf-8121-4dea-9b1e-661334aa6384" />
</Timelines>
</Segment>
<Segment duration="3569" startOffset="4118662" endOffset="4122232">
<File name="chunk-00982" type="av">
<FileVariant size="79" variant="4f4dd1bf-8121-4dea-9b1e-661334aa6384" />
</File>
<Timelines>
<Transcode startTime="48384" endTime="48576" complete="1" fileType="av" variant="4f4dd1bf-8121-4dea-9b1e-661334aa6384" />
</Timelines>
</Segment>
<Segment duration="3394" startOffset="4123624" endOffset="4127018">
<File name="chunk-00983" type="av">
<FileVariant size="61" variant="4f4dd1bf-8121-4dea-9b1e-661334aa6384" />
</File>
<Timelines>
<Transcode startTime="48576" endTime="48644" complete="1" fileType="av" variant="4f4dd1bf-8121-4dea-9b1e-661334aa6384" />
</Timelines>
</Segment>
<Segment duration="2045" startOffset="4127019" endOffset="4129064">
<File name="chunk-00984" type="av">
<FileVariant size="49" variant="4f4dd1bf-8121-4dea-9b1e-661334aa6384" />
</File>
<Timelines>
<Transcode startTime="48644" endTime="48858" complete="1" fileType="av" variant="4f4dd1bf-8121-4dea-9b1e-661334aa6384" />
</Timelines>
</Segment>
<Segment duration="1654" startOffset="4130022" endOffset="4131676">
<File name="chunk-00985" type="av">
<FileVariant size="51" variant="4f4dd1bf-8121-4dea-9b1e-661334aa6384" />
</File>
<Timelines>
<Transcode startTime="48858" endTime="48925" complete="1" fileType="av" variant="4f4dd1bf-8121-4dea-9b1e-661334aa6384" />
</Timelines>
</Segment>
<Segment duration="2261" startOffset="4133591" endOffset="4135853">
<File name="chunk-00986" type="av">
<FileVariant size="58" variant="4f4dd1bf-8121-4dea-9b1e-661334aa6384" />
</File>
<Timelines>
<Transcode startTime="48925" endTime="49015" complete="1" fileType="av" variant="4f4dd1bf-8121-4dea-9b1e-661334aa6384" />
</Timelines>
</Segment>
<Segment duration="2261" startOffset="4135854" endOffset="4138116">
<File name="chunk-00987" type="av">
<FileVariant size="51" variant="4f4dd1bf-8121-4dea-9b1e-661334aa6384" />
</File>
<Timelines>
<Transcode startTime="49015" endTime="49159" complete="1" fileType="av" variant="4f4dd1bf-8121-4dea-9b1e-661334aa6384" />
</Timelines>
</Segment>
<Segment duration="3610" startOffset="4138117" endOffset="4141728">
<File name="chunk-00988" type="av">
<FileVariant size="110" variant="4f4dd1bf-8121-4dea-9b1e-661334aa6384" />
</File>
<Timelines>
<Transcode startTime="49159" endTime="49211" complete="1" fileType="av" variant="4f4dd1bf-8121-4dea-9b1e-661334aa6384" />
</Timelines>
</Segment>
<Segment duration="1347" startOffset="4141729" endOffset="4143077">
<File name="chunk-00989" type="av">
<FileVariant size="48" variant="4f4dd1bf-8121-4dea-9b1e-661334aa6384" />
</File>
<Timelines>
<Transcode startTime="49211" endTime="49212" complete="1" fileType="av" variant="4f4dd1bf-8121-4dea-9b1e-661334aa6384" />
</Timelines>
</Segment>
<Segment duration="2175" startOffset="4143078" endOffset="4145254">
<File name="chunk-00990" type="av">
<FileVariant size="72" variant="4f4dd1bf-8121-4dea-9b1e-661334aa6384" />
</File>
<Timelines>
<Transcode startTime="49212" endTime="49273" complete="1" fileType="av" variant="4f4dd1bf-8121-4dea-9b1e-661334aa6384" />
</Timelines>
</Segment>
<Segment duration="2567" startOffset="4146386" endOffset="4148953">
<File name="chunk-00991" type="av">
<FileVariant size="77" variant="4f4dd1bf-8121-4dea-9b1e-661334aa6384" />
</File>
<Timelines>
<Transcode startTime="49273" endTime="49349" complete="1" fileType="av" variant="4f4dd1bf-8121-4dea-9b1e-661334aa6384" />
</Timelines>
</Segment>
<Segment duration="4873" startOffset="4151652" endOffset="4156526">
<File name="chunk-00992" type="av">
<FileVariant size="96" variant="4f4dd1bf-8121-4dea-9b1e-661334aa6384" />
</File>
<Timelines>
<Transcode startTime="49349" endTime="49669" complete="1" fileType="av" variant="4f4dd1bf-8121-4dea-9b1e-661334aa6384" />
</Timelines>
</Segment>
<Segment duration="3262" startOffset="4156527" endOffset="4159790">
<File name="chunk-00993" type="av">
<FileVariant size="78" variant="4f4dd1bf-8121-4dea-9b1e-661334aa6384" />
</File>
<Timelines>
<Transcode startTime="49669" endTime="49937" complete="1" fileType="av" variant="4f4dd1bf-8121-4dea-9b1e-661334aa6384" />
</Timelines>
</Segment>
<Segment duration="2783" startOffset="4159791" endOffset="4162575">
<File name="chunk-00994" type="av">
<FileVariant size="72" variant="4f4dd1bf-8121-4dea-9b1e-661334aa6384" />
</File>
<Timelines>
<Transcode startTime="49937" endTime="50223" complete="1" fileType="av" variant="4f4dd1bf-8121-4dea-9b1e-661334aa6384" />
</Timelines>
</Segment>
<Segment duration="2217" startOffset="4164448" endOffset="4166666">
<File name="chunk-00995" type="av">
<FileVariant size="55" variant="4f4dd1bf-8121-4dea-9b1e-661334aa6384" />
</File>
<Timelines>
<Transcode startTime="50223" endTime="50348" complete="1" fileType="av" variant="4f4dd1bf-8121-4dea-9b1e-661334aa6384" />
</Timelines>
</Segment>
<Segment duration="2261" startOffset="4166667" endOffset="4168929">
<File name="chunk-00996" type="av">
<FileVariant size="80" variant="4f4dd1bf-8121-4dea-9b1e-661334aa6384" />
</File>
<Timelines>
<Transcode startTime="50348" endTime="50354" complete="1" fileType="av" variant="4f4dd1bf-8121-4dea-9b1e-661334aa6384" />
</Timelines>
</Segment>
<Segment duration="1913" startOffset="4168930" endOffset="4170844">
<File name="chunk-00997" type="av">
<FileVariant size="70" variant="4f4dd1bf-8121-4dea-9b1e-661334aa6384" />
</File>
<Timelines>
<Transcode startTime="50354" endTime="50472" complete="1" fileType="av" variant="4f4dd1bf-8121-4dea-9b1e-661334aa6384" />
</Timelines>
</Segment>
<Segment duration="1827" startOffset="4170845" endOffset="4172673">
<File name="chunk-00998" type="av">
<FileVariant size="61" variant="4f4dd1bf-8121-4dea-9b1e-661334aa6384" />
</File>
<Timelines>
<Transcode startTime="50472" endTime="50535" complete="1" fileType="av" variant="4f4dd1bf-8121-4dea-9b1e-661334aa6384" />
</Timelines>
</Segment>
<Segment duration="1652" startOffset="4173805" endOffset="4175457">
<File name="chunk-00999" type="av">
<FileVariant size="53" variant="4f4dd1bf-8121-4dea-9b1e-661334aa6384" />
</File>
<Timelines>
<Transcode startTime="50535" endTime="50584" complete="1" fileType="av" variant="4f4dd1bf-8121-4dea-9b1e-661334aa6384" />
</Timelines>
</Segment>
<Segment duration="1913" startOffset="4175459" endOffset="4177372">
<File name="chunk-01000" type="av">
<FileVariant size="48" variant="4f4dd1bf-8121-4dea-9b1e-661334aa6384" />
</File>
<Timelines>
<Transcode startTime="50584" endTime="50729" complete="1" fileType="av" variant="4f4dd1bf-8121-4dea-9b1e-661334aa6384" />
</Timelines>
</Segment>
<Segment duration="2131" startOffset="4177374" endOffset="4179505">
<File name="chunk-01001" type="av">
<FileVariant size="65" variant="4f4dd1bf-8121-4dea-9b1e-661334aa6384" />
</File>
<Timelines>
<Transcode startTime="50729" endTime="51004" complete="1" fileType="av" variant="4f4dd1bf-8121-4dea-9b1e-661334aa6384" />
</Timelines>
</Segment>
<Segment duration="1826" startOffset="4179506" endOffset="4181332">
<File name="chunk-01002" type="av">
<FileVariant size="69" variant="4f4dd1bf-8121-4dea-9b1e-661334aa6384" />
</File>
<Timelines>
<Transcode startTime="51004" endTime="51010" complete="1" fileType="av" variant="4f4dd1bf-8121-4dea-9b1e-661334aa6384" />
</Timelines>
</Segment>
<Segment duration="2132" startOffset="4181334" endOffset="4183466">
<File name="chunk-01003" type="av">
<FileVariant size="69" variant="4f4dd1bf-8121-4dea-9b1e-661334aa6384" />
</File>
<Timelines>
<Transcode startTime="51010" endTime="51104" complete="1" fileType="av" variant="4f4dd1bf-8121-4dea-9b1e-661334aa6384" />
</Timelines>
</Segment>
<Segment duration="3351" startOffset="4183466" endOffset="4186818">
<File name="chunk-01004" type="av">
<FileVariant size="104" variant="4f4dd1bf-8121-4dea-9b1e-661334aa6384" />
</File>
<Timelines>
<Transcode startTime="51104" endTime="51216" complete="1" fileType="av" variant="4f4dd1bf-8121-4dea-9b1e-661334aa6384" />
</Timelines>
</Segment>
<Segment duration="3134" startOffset="4191256" endOffset="4194391">
<File name="chunk-01005" type="av">
<FileVariant size="61" variant="4f4dd1bf-8121-4dea-9b1e-661334aa6384" />
</File>
<Timelines>
<Transcode startTime="51216" endTime="51323" complete="1" fileType="av" variant="4f4dd1bf-8121-4dea-9b1e-661334aa6384" />
</Timelines>
</Segment>
<Segment duration="1697" startOffset="4195740" endOffset="4197437">
<File name="chunk-01006" type="av">
<FileVariant size="54" variant="4f4dd1bf-8121-4dea-9b1e-661334aa6384" />
</File>
<Timelines>
<Transcode startTime="51323" endTime="51459" complete="1" fileType="av" variant="4f4dd1bf-8121-4dea-9b1e-661334aa6384" />
</Timelines>
</Segment>
<Segment duration="2610" startOffset="4199918" endOffset="4202528">
<File name="chunk-01007" type="av">
<FileVariant size="50" variant="4f4dd1bf-8121-4dea-9b1e-661334aa6384" />
</File>
<Timelines>
<Transcode startTime="51459" endTime="51510" complete="1" fileType="av" variant="4f4dd1bf-8121-4dea-9b1e-661334aa6384" />
</Timelines>
</Segment>
<Segment duration="2567" startOffset="4202529" endOffset="4205097">
<File name="chunk-01008" type="av">
<FileVariant size="54" variant="4f4dd1bf-8121-4dea-9b1e-661334aa6384" />
</File>
<Timelines>
<Transcode startTime="51510" endTime="51961" complete="1" fileType="av" variant="4f4dd1bf-8121-4dea-9b1e-661334aa6384" />
</Timelines>
</Segment>
<Segment duration="1393" startOffset="4209144" endOffset="4210537">
<File name="chunk-01009" type="av">
<FileVariant size="53" variant="4f4dd1bf-8121-4dea-9b1e-661334aa6384" />
</File>
<Timelines>
<Transcode startTime="51961" endTime="52135" complete="1" fileType="av" variant="4f4dd1bf-8121-4dea-9b1e-661334aa6384" />
</Timelines>
</Segment>
<Segment duration="3131" startOffset="4211930" endOffset="4215062">
<File name="chunk-01010" type="av">
<FileVariant size="54" variant="4f4dd1bf-8121-4dea-9b1e-661334aa6384" />
</File>
<Timelines>
<Transcode startTime="52135" endTime="52351" complete="1" fileType="av" variant="4f4dd1bf-8121-4dea-9b1e-661334aa6384" />
</Timelines>
</Segment>
<Segment duration="2742" startOffset="4215063" endOffset="4217805">
<File name="chunk-01011" type="av">
<FileVariant size="41" variant="4f4dd1bf-8121-4dea-9b1e-661334aa6384" />
</File>
<Timelines>
<Transcode startTime="52351" endTime="52503" complete="1" fileType="av" variant="4f4dd1bf-8121-4dea-9b1e-661334aa6384" />
</Timelines>
</Segment>
<Segment duration="912" startOffset="4225248" endOffset="4226160">
<File name="chunk-01012" type="av">
<FileVariant size="43" variant="4f4dd1bf-8121-4dea-9b1e-661334aa6384" />
</File>
<Timelines>
<Transcode startTime="52503" endTime="53485" complete="1" fileType="av" variant="4f4dd1bf-8121-4dea-9b1e-661334aa6384" />
</Timelines>
</Segment>
<Segment duration="2699" startOffset="4244571" endOffset="4247270">
<File name="chunk-01013" type="av">
<FileVariant size="50" variant="4f4dd1bf-8121-4dea-9b1e-661334aa6384" />
</File>
<Timelines>
<Transcode startTime="53485" endTime="53620" complete="1" fileType="av" variant="4f4dd1bf-8121-4dea-9b1e-661334aa6384" />
</Timelines>
</Segment>
<Segment duration="1175" startOffset="4247879" endOffset="4249054">
<File name="chunk-01014" type="av">
<FileVariant size="46" variant="4f4dd1bf-8121-4dea-9b1e-661334aa6384" />
</File>
<Timelines>
<Transcode startTime="53620" endTime="53976" complete="1" fileType="av" variant="4f4dd1bf-8121-4dea-9b1e-661334aa6384" />
</Timelines>
</Segment>
<Segment duration="3002" startOffset="4262937" endOffset="4265939">
<File name="chunk-01015" type="av">
<FileVariant size="74" variant="4f4dd1bf-8121-4dea-9b1e-661334aa6384" />
</File>
<Timelines>
<Transcode startTime="53976" endTime="54189" complete="1" fileType="av" variant="4f4dd1bf-8121-4dea-9b1e-661334aa6384" />
</Timelines>
</Segment>
<Segment duration="914" startOffset="4276516" endOffset="4277430">
<File name="chunk-01016" type="av">
<FileVariant size="41" variant="4f4dd1bf-8121-4dea-9b1e-661334aa6384" />
</File>
<Timelines>
<Transcode startTime="54189" endTime="54255" complete="1" fileType="av" variant="4f4dd1bf-8121-4dea-9b1e-661334aa6384" />
</Timelines>
</Segment>
<Segment duration="1435" startOffset="4280390" endOffset="4281826">
<File name="chunk-01017" type="av">
<FileVariant size="51" variant="4f4dd1bf-8121-4dea-9b1e-661334aa6384" />
</File>
<Timelines>
<Transcode startTime="54255" endTime="54380" complete="1" fileType="av" variant="4f4dd1bf-8121-4dea-9b1e-661334aa6384" />
</Timelines>
</Segment>
<Segment duration="2349" startOffset="4283306" endOffset="4285655">
<File name="chunk-01018" type="av">
<FileVariant size="72" variant="4f4dd1bf-8121-4dea-9b1e-661334aa6384" />
</File>
<Timelines>
<Transcode startTime="54380" endTime="54487" complete="1" fileType="av" variant="4f4dd1bf-8121-4dea-9b1e-661334aa6384" />
</Timelines>
</Segment>
<Segment duration="1435" startOffset="4285656" endOffset="4287091">
<File name="chunk-01019" type="av">
<FileVariant size="41" variant="4f4dd1bf-8121-4dea-9b1e-661334aa6384" />
</File>
<Timelines>
<Transcode startTime="54487" endTime="54531" complete="1" fileType="av" variant="4f4dd1bf-8121-4dea-9b1e-661334aa6384" />
</Timelines>
</Segment>
<Segment duration="2610" startOffset="4287092" endOffset="4289702">
<File name="chunk-01020" type="av">
<FileVariant size="65" variant="4f4dd1bf-8121-4dea-9b1e-661334aa6384" />
</File>
<Timelines>
<Transcode startTime="54531" endTime="54590" complete="1" fileType="av" variant="4f4dd1bf-8121-4dea-9b1e-661334aa6384" />
</Timelines>
</Segment>
<Segment duration="3393" startOffset="4289703" endOffset="4293097">
<File name="chunk-01021" type="av">
<FileVariant size="90" variant="4f4dd1bf-8121-4dea-9b1e-661334aa6384" />
</File>
<Timelines>
<Transcode startTime="54590" endTime="54690" complete="1" fileType="av" variant="4f4dd1bf-8121-4dea-9b1e-661334aa6384" />
</Timelines>
</Segment>
<Segment duration="4002" startOffset="4293098" endOffset="4297101">
<File name="chunk-01022" type="av">
<FileVariant size="73" variant="4f4dd1bf-8121-4dea-9b1e-661334aa6384" />
</File>
<Timelines>
<Transcode startTime="54690" endTime="54788" complete="1" fileType="av" variant="4f4dd1bf-8121-4dea-9b1e-661334aa6384" />
</Timelines>
</Segment>
<Segment duration="6398" startOffset="4297102" endOffset="4303500">
<File name="chunk-01023" type="av">
<FileVariant size="109" variant="4f4dd1bf-8121-4dea-9b1e-661334aa6384" />
</File>
<Timelines>
<Transcode startTime="54788" endTime="54942" complete="1" fileType="av" variant="4f4dd1bf-8121-4dea-9b1e-661334aa6384" />
</Timelines>
</Segment>
<Segment duration="1306" startOffset="4304544" endOffset="4305850">
<File name="chunk-01024" type="av">
<FileVariant size="44" variant="4f4dd1bf-8121-4dea-9b1e-661334aa6384" />
</File>
<Timelines>
<Transcode startTime="54942" endTime="56220" complete="1" fileType="av" variant="4f4dd1bf-8121-4dea-9b1e-661334aa6384" />
</Timelines>
</Segment>
<Segment duration="3654" startOffset="4323563" endOffset="4327218">
<File name="chunk-01025" type="av">
<FileVariant size="95" variant="4f4dd1bf-8121-4dea-9b1e-661334aa6384" />
</File>
<Timelines>
<Transcode startTime="56220" endTime="56623" complete="1" fileType="av" variant="4f4dd1bf-8121-4dea-9b1e-661334aa6384" />
</Timelines>
</Segment>
<Segment duration="1957" startOffset="4328351" endOffset="4330308">
<File name="chunk-01026" type="av">
<FileVariant size="77" variant="4f4dd1bf-8121-4dea-9b1e-661334aa6384" />
</File>
<Timelines>
<Transcode startTime="56623" endTime="56847" complete="1" fileType="av" variant="4f4dd1bf-8121-4dea-9b1e-661334aa6384" />
</Timelines>
</Segment>
<Segment duration="1782" startOffset="4330309" endOffset="4332092">
<File name="chunk-01027" type="av">
<FileVariant size="54" variant="4f4dd1bf-8121-4dea-9b1e-661334aa6384" />
</File>
<Timelines>
<Transcode startTime="56847" endTime="57167" complete="1" fileType="av" variant="4f4dd1bf-8121-4dea-9b1e-661334aa6384" />
</Timelines>
</Segment>
<Segment duration="2610" startOffset="4333530" endOffset="4336141">
<File name="chunk-01028" type="av">
<FileVariant size="70" variant="4f4dd1bf-8121-4dea-9b1e-661334aa6384" />
</File>
<Timelines>
<Transcode startTime="57167" endTime="57579" complete="1" fileType="av" variant="4f4dd1bf-8121-4dea-9b1e-661334aa6384" />
</Timelines>
</Segment>
<Segment duration="1131" startOffset="4337360" endOffset="4338491">
<File name="chunk-01029" type="av">
<FileVariant size="42" variant="4f4dd1bf-8121-4dea-9b1e-661334aa6384" />
</File>
<Timelines>
<Transcode startTime="57579" endTime="57829" complete="1" fileType="av" variant="4f4dd1bf-8121-4dea-9b1e-661334aa6384" />
</Timelines>
</Segment>
<Segment duration="8355" startOffset="4339797" endOffset="4348152">
<File name="chunk-01030" type="av">
<FileVariant size="47" variant="4f4dd1bf-8121-4dea-9b1e-661334aa6384" />
</File>
<Timelines>
<Transcode startTime="57829" endTime="58502" complete="1" fileType="av" variant="4f4dd1bf-8121-4dea-9b1e-661334aa6384" />
</Timelines>
</Segment>
<Segment duration="2175" startOffset="4348153" endOffset="4350328">
<File name="chunk-01031" type="av">
<FileVariant size="58" variant="4f4dd1bf-8121-4dea-9b1e-661334aa6384" />
</File>
<Timelines>
<Transcode startTime="58502" endTime="58614" complete="1" fileType="av" variant="4f4dd1bf-8121-4dea-9b1e-661334aa6384" />
</Timelines>
</Segment>
<Segment duration="1521" startOffset="4350329" endOffset="4351851">
<File name="chunk-01032" type="av">
<FileVariant size="41" variant="4f4dd1bf-8121-4dea-9b1e-661334aa6384" />
</File>
<Timelines>
<Transcode startTime="58614" endTime="58786" complete="1" fileType="av" variant="4f4dd1bf-8121-4dea-9b1e-661334aa6384" />
</Timelines>
</Segment>
<Segment duration="1087" startOffset="4353245" endOffset="4354333">
<File name="chunk-01033" type="av">
<FileVariant size="42" variant="4f4dd1bf-8121-4dea-9b1e-661334aa6384" />
</File>
<Timelines>
<Transcode startTime="58786" endTime="58791" complete="1" fileType="av" variant="4f4dd1bf-8121-4dea-9b1e-661334aa6384" />
</Timelines>
</Segment>
<Segment duration="3002" startOffset="4355378" endOffset="4358380">
<File name="chunk-01034" type="av">
<FileVariant size="54" variant="4f4dd1bf-8121-4dea-9b1e-661334aa6384" />
</File>
<Timelines>
<Transcode startTime="58791" endTime="59433" complete="1" fileType="av" variant="4f4dd1bf-8121-4dea-9b1e-661334aa6384" />
</Timelines>
</Segment>
<Segment duration="2000" startOffset="4358381" endOffset="4360382">
<File name="chunk-01035" type="av">
<FileVariant size="66" variant="4f4dd1bf-8121-4dea-9b1e-661334aa6384" />
</File>
<Timelines>
<Transcode startTime="59433" endTime="59883" complete="1" fileType="av" variant="4f4dd1bf-8121-4dea-9b1e-661334aa6384" />
</Timelines>
</Segment>
<Segment duration="1261" startOffset="4362689" endOffset="4363951">
<File name="chunk-01036" type="av">
<FileVariant size="42" variant="4f4dd1bf-8121-4dea-9b1e-661334aa6384" />
</File>
<Timelines>
<Transcode startTime="59883" endTime="60160" complete="1" fileType="av" variant="4f4dd1bf-8121-4dea-9b1e-661334aa6384" />
</Timelines>
</Segment>
<Segment duration="1565" startOffset="4365170" endOffset="4366736">
<File name="chunk-01037" type="av">
<FileVariant size="62" variant="4f4dd1bf-8121-4dea-9b1e-661334aa6384" />
</File>
<Timelines>
<Transcode startTime="60160" endTime="60221" complete="1" fileType="av" variant="4f4dd1bf-8121-4dea-9b1e-661334aa6384" />
</Timelines>
</Segment>
<Segment duration="1564" startOffset="4366737" endOffset="4368302">
<File name="chunk-01038" type="av">
<FileVariant size="49" variant="4f4dd1bf-8121-4dea-9b1e-661334aa6384" />
</File>
<Timelines>
<Transcode startTime="60221" endTime="60366" complete="1" fileType="av" variant="4f4dd1bf-8121-4dea-9b1e-661334aa6384" />
</Timelines>
</Segment>
<Segment duration="1653" startOffset="4368303" endOffset="4369956">
<File name="chunk-01039" type="av">
<FileVariant size="45" variant="4f4dd1bf-8121-4dea-9b1e-661334aa6384" />
</File>
<Timelines>
<Transcode startTime="60366" endTime="60371" complete="1" fileType="av" variant="4f4dd1bf-8121-4dea-9b1e-661334aa6384" />
</Timelines>
</Segment>
<Segment duration="1565" startOffset="4369957" endOffset="4371523">
<File name="chunk-01040" type="av">
<FileVariant size="44" variant="4f4dd1bf-8121-4dea-9b1e-661334aa6384" />
</File>
<Timelines>
<Transcode startTime="60371" endTime="60478" complete="1" fileType="av" variant="4f4dd1bf-8121-4dea-9b1e-661334aa6384" />
</Timelines>
</Segment>
<Segment duration="3741" startOffset="4371524" endOffset="4375266">
<File name="chunk-01041" type="av">
<FileVariant size="61" variant="4f4dd1bf-8121-4dea-9b1e-661334aa6384" />
</File>
<Timelines>
<Transcode startTime="60478" endTime="60673" complete="1" fileType="av" variant="4f4dd1bf-8121-4dea-9b1e-661334aa6384" />
</Timelines>
</Segment>
<Segment duration="3088" startOffset="4375267" endOffset="4378356">
<File name="chunk-01042" type="av">
<FileVariant size="52" variant="4f4dd1bf-8121-4dea-9b1e-661334aa6384" />
</File>
<Timelines>
<Transcode startTime="60673" endTime="60848" complete="1" fileType="av" variant="4f4dd1bf-8121-4dea-9b1e-661334aa6384" />
</Timelines>
</Segment>
<Segment duration="1087" startOffset="4378357" endOffset="4379444">
<File name="chunk-01043" type="av">
<FileVariant size="41" variant="4f4dd1bf-8121-4dea-9b1e-661334aa6384" />
</File>
<Timelines>
<Transcode startTime="60848" endTime="60853" complete="1" fileType="av" variant="4f4dd1bf-8121-4dea-9b1e-661334aa6384" />
</Timelines>
</Segment>
<Segment duration="3394" startOffset="4379445" endOffset="4382839">
<File name="chunk-01044" type="av">
<FileVariant size="65" variant="4f4dd1bf-8121-4dea-9b1e-661334aa6384" />
</File>
<Timelines>
<Transcode startTime="60853" endTime="61012" complete="1" fileType="av" variant="4f4dd1bf-8121-4dea-9b1e-661334aa6384" />
</Timelines>
</Segment>
<Segment duration="6135" startOffset="4382840" endOffset="4388976">
<File name="chunk-01045" type="av">
<FileVariant size="76" variant="4f4dd1bf-8121-4dea-9b1e-661334aa6384" />
</File>
<Timelines>
<Transcode startTime="61012" endTime="61210" complete="1" fileType="av" variant="4f4dd1bf-8121-4dea-9b1e-661334aa6384" />
</Timelines>
</Segment>
<Segment duration="1913" startOffset="4391979" endOffset="4393893">
<File name="chunk-01046" type="av">
<FileVariant size="65" variant="4f4dd1bf-8121-4dea-9b1e-661334aa6384" />
</File>
<Timelines>
<Transcode startTime="61210" endTime="61275" complete="1" fileType="av" variant="4f4dd1bf-8121-4dea-9b1e-661334aa6384" />
</Timelines>
</Segment>
<Segment duration="4046" startOffset="4393894" endOffset="4397941">
<File name="chunk-01047" type="av">
<FileVariant size="94" variant="4f4dd1bf-8121-4dea-9b1e-661334aa6384" />
</File>
<Timelines>
<Transcode startTime="61275" endTime="61401" complete="1" fileType="av" variant="4f4dd1bf-8121-4dea-9b1e-661334aa6384" />
</Timelines>
</Segment>
<Segment duration="2001" startOffset="4397942" endOffset="4399943">
<File name="chunk-01048" type="av">
<FileVariant size="59" variant="4f4dd1bf-8121-4dea-9b1e-661334aa6384" />
</File>
<Timelines>
<Transcode startTime="61401" endTime="61511" complete="1" fileType="av" variant="4f4dd1bf-8121-4dea-9b1e-661334aa6384" />
</Timelines>
</Segment>
<Segment duration="2000" startOffset="4399944" endOffset="4401945">
<File name="chunk-01049" type="av">
<FileVariant size="60" variant="4f4dd1bf-8121-4dea-9b1e-661334aa6384" />
</File>
<Timelines>
<Transcode startTime="61511" endTime="61588" complete="1" fileType="av" variant="4f4dd1bf-8121-4dea-9b1e-661334aa6384" />
</Timelines>
</Segment>
<Segment duration="6005" startOffset="4401946" endOffset="4407951">
<File name="chunk-01050" type="av">
<FileVariant size="95" variant="4f4dd1bf-8121-4dea-9b1e-661334aa6384" />
</File>
<Timelines>
<Transcode startTime="61588" endTime="61779" complete="1" fileType="av" variant="4f4dd1bf-8121-4dea-9b1e-661334aa6384" />
</Timelines>
</Segment>
<Segment duration="2783" startOffset="4407952" endOffset="4410736">
<File name="chunk-01051" type="av">
<FileVariant size="55" variant="4f4dd1bf-8121-4dea-9b1e-661334aa6384" />
</File>
<Timelines>
<Transcode startTime="61779" endTime="61848" complete="1" fileType="av" variant="4f4dd1bf-8121-4dea-9b1e-661334aa6384" />
</Timelines>
</Segment>
<Segment duration="1479" startOffset="4410737" endOffset="4412216">
<File name="chunk-01052" type="av">
<FileVariant size="64" variant="4f4dd1bf-8121-4dea-9b1e-661334aa6384" />
</File>
<Timelines>
<Transcode startTime="61848" endTime="61963" complete="1" fileType="av" variant="4f4dd1bf-8121-4dea-9b1e-661334aa6384" />
</Timelines>
</Segment>
<Segment duration="3220" startOffset="4412217" endOffset="4415437">
<File name="chunk-01053" type="av">
<FileVariant size="72" variant="4f4dd1bf-8121-4dea-9b1e-661334aa6384" />
</File>
<Timelines>
<Transcode startTime="61963" endTime="62079" complete="1" fileType="av" variant="4f4dd1bf-8121-4dea-9b1e-661334aa6384" />
</Timelines>
</Segment>
<Segment duration="4786" startOffset="4415438" endOffset="4420224">
<File name="chunk-01054" type="av">
<FileVariant size="107" variant="4f4dd1bf-8121-4dea-9b1e-661334aa6384" />
</File>
<Timelines>
<Transcode startTime="62079" endTime="62235" complete="1" fileType="av" variant="4f4dd1bf-8121-4dea-9b1e-661334aa6384" />
</Timelines>
</Segment>
<Segment duration="2087" startOffset="4420225" endOffset="4422313">
<File name="chunk-01055" type="av">
<FileVariant size="62" variant="4f4dd1bf-8121-4dea-9b1e-661334aa6384" />
</File>
<Timelines>
<Transcode startTime="62235" endTime="62300" complete="1" fileType="av" variant="4f4dd1bf-8121-4dea-9b1e-661334aa6384" />
</Timelines>
</Segment>
<Segment duration="3001" startOffset="4422314" endOffset="4425316">
<File name="chunk-01056" type="av">
<FileVariant size="83" variant="4f4dd1bf-8121-4dea-9b1e-661334aa6384" />
</File>
<Timelines>
<Transcode startTime="62300" endTime="62378" complete="1" fileType="av" variant="4f4dd1bf-8121-4dea-9b1e-661334aa6384" />
</Timelines>
</Segment>
<Segment duration="4090" startOffset="4425317" endOffset="4429407">
<File name="chunk-01057" type="av">
<FileVariant size="104" variant="4f4dd1bf-8121-4dea-9b1e-661334aa6384" />
</File>
<Timelines>
<Transcode startTime="62378" endTime="62452" complete="1" fileType="av" variant="4f4dd1bf-8121-4dea-9b1e-661334aa6384" />
</Timelines>
</Segment>
<Segment duration="2348" startOffset="4429408" endOffset="4431757">
<File name="chunk-01058" type="av">
<FileVariant size="71" variant="4f4dd1bf-8121-4dea-9b1e-661334aa6384" />
</File>
<Timelines>
<Transcode startTime="62452" endTime="62531" complete="1" fileType="av" variant="4f4dd1bf-8121-4dea-9b1e-661334aa6384" />
</Timelines>
</Segment>
<Segment duration="4090" startOffset="4431758" endOffset="4435848">
<File name="chunk-01059" type="av">
<FileVariant size="82" variant="4f4dd1bf-8121-4dea-9b1e-661334aa6384" />
</File>
<Timelines>
<Transcode startTime="62531" endTime="62645" complete="1" fileType="av" variant="4f4dd1bf-8121-4dea-9b1e-661334aa6384" />
</Timelines>
</Segment>
<Segment duration="2349" startOffset="4435849" endOffset="4438198">
<File name="chunk-01060" type="av">
<FileVariant size="54" variant="4f4dd1bf-8121-4dea-9b1e-661334aa6384" />
</File>
<Timelines>
<Transcode startTime="62645" endTime="62651" complete="1" fileType="av" variant="4f4dd1bf-8121-4dea-9b1e-661334aa6384" />
</Timelines>
</Segment>
<Segment duration="6571" startOffset="4438199" endOffset="4444770">
<File name="chunk-01061" type="av">
<FileVariant size="101" variant="4f4dd1bf-8121-4dea-9b1e-661334aa6384" />
</File>
<Timelines>
<Transcode startTime="62651" endTime="62860" complete="1" fileType="av" variant="4f4dd1bf-8121-4dea-9b1e-661334aa6384" />
</Timelines>
</Segment>
<Segment duration="2914" startOffset="4444771" endOffset="4447686">
<File name="chunk-01062" type="av">
<FileVariant size="74" variant="4f4dd1bf-8121-4dea-9b1e-661334aa6384" />
</File>
<Timelines>
<Transcode startTime="62860" endTime="63015" complete="1" fileType="av" variant="4f4dd1bf-8121-4dea-9b1e-661334aa6384" />
</Timelines>
</Segment>
<Segment duration="1305" startOffset="4447687" endOffset="4448992">
<File name="chunk-01063" type="av">
<FileVariant size="52" variant="4f4dd1bf-8121-4dea-9b1e-661334aa6384" />
</File>
<Timelines>
<Transcode startTime="63015" endTime="63063" complete="1" fileType="av" variant="4f4dd1bf-8121-4dea-9b1e-661334aa6384" />
</Timelines>
</Segment>
<Segment duration="2391" startOffset="4448993" endOffset="4451385">
<File name="chunk-01064" type="av">
<FileVariant size="86" variant="4f4dd1bf-8121-4dea-9b1e-661334aa6384" />
</File>
<Timelines>
<Transcode startTime="63063" endTime="63173" complete="1" fileType="av" variant="4f4dd1bf-8121-4dea-9b1e-661334aa6384" />
</Timelines>
</Segment>
<Segment duration="3915" startOffset="4451386" endOffset="4455302">
<File name="chunk-01065" type="av">
<FileVariant size="73" variant="4f4dd1bf-8121-4dea-9b1e-661334aa6384" />
</File>
<Timelines>
<Transcode startTime="63173" endTime="63293" complete="1" fileType="av" variant="4f4dd1bf-8121-4dea-9b1e-661334aa6384" />
</Timelines>
</Segment>
<Segment duration="2306" startOffset="4455303" endOffset="4457609">
<File name="chunk-01066" type="av">
<FileVariant size="61" variant="4f4dd1bf-8121-4dea-9b1e-661334aa6384" />
</File>
<Timelines>
<Transcode startTime="63293" endTime="63355" complete="1" fileType="av" variant="4f4dd1bf-8121-4dea-9b1e-661334aa6384" />
</Timelines>
</Segment>
<Segment duration="3829" startOffset="4457610" endOffset="4461439">
<File name="chunk-01067" type="av">
<FileVariant size="88" variant="4f4dd1bf-8121-4dea-9b1e-661334aa6384" />
</File>
<Timelines>
<Transcode startTime="63355" endTime="63472" complete="1" fileType="av" variant="4f4dd1bf-8121-4dea-9b1e-661334aa6384" />
</Timelines>
</Segment>
<Segment duration="2393" startOffset="4461440" endOffset="4463833">
<File name="chunk-01068" type="av">
<FileVariant size="61" variant="4f4dd1bf-8121-4dea-9b1e-661334aa6384" />
</File>
<Timelines>
<Transcode startTime="63472" endTime="63628" complete="1" fileType="av" variant="4f4dd1bf-8121-4dea-9b1e-661334aa6384" />
</Timelines>
</Segment>
<Segment duration="1610" startOffset="4466053" endOffset="4467664">
<File name="chunk-01069" type="av">
<FileVariant size="48" variant="4f4dd1bf-8121-4dea-9b1e-661334aa6384" />
</File>
<Timelines>
<Transcode startTime="63628" endTime="63709" complete="1" fileType="av" variant="4f4dd1bf-8121-4dea-9b1e-661334aa6384" />
</Timelines>
</Segment>
<Segment duration="913" startOffset="4468316" endOffset="4469229">
<File name="chunk-01070" type="av">
<FileVariant size="41" variant="4f4dd1bf-8121-4dea-9b1e-661334aa6384" />
</File>
<Timelines>
<Transcode startTime="63709" endTime="64057" complete="1" fileType="av" variant="4f4dd1bf-8121-4dea-9b1e-661334aa6384" />
</Timelines>
</Segment>
<Segment duration="2087" startOffset="4474497" endOffset="4476585">
<File name="chunk-01071" type="av">
<FileVariant size="52" variant="4f4dd1bf-8121-4dea-9b1e-661334aa6384" />
</File>
<Timelines>
<Transcode startTime="64057" endTime="64177" complete="1" fileType="av" variant="4f4dd1bf-8121-4dea-9b1e-661334aa6384" />
</Timelines>
</Segment>
<Segment duration="1434" startOffset="4476586" endOffset="4478021">
<File name="chunk-01072" type="av">
<FileVariant size="50" variant="4f4dd1bf-8121-4dea-9b1e-661334aa6384" />
</File>
<Timelines>
<Transcode startTime="64177" endTime="64265" complete="1" fileType="av" variant="4f4dd1bf-8121-4dea-9b1e-661334aa6384" />
</Timelines>
</Segment>
<Segment duration="2524" startOffset="4478022" endOffset="4480546">
<File name="chunk-01073" type="av">
<FileVariant size="65" variant="4f4dd1bf-8121-4dea-9b1e-661334aa6384" />
</File>
<Timelines>
<Transcode startTime="64265" endTime="64378" complete="1" fileType="av" variant="4f4dd1bf-8121-4dea-9b1e-661334aa6384" />
</Timelines>
</Segment>
<Segment duration="2697" startOffset="4481460" endOffset="4484157">
<File name="chunk-01074" type="av">
<FileVariant size="56" variant="4f4dd1bf-8121-4dea-9b1e-661334aa6384" />
</File>
<Timelines>
<Transcode startTime="64378" endTime="64455" complete="1" fileType="av" variant="4f4dd1bf-8121-4dea-9b1e-661334aa6384" />
</Timelines>
</Segment>
<Segment duration="3220" startOffset="4484158" endOffset="4487379">
<File name="chunk-01075" type="av">
<FileVariant size="64" variant="4f4dd1bf-8121-4dea-9b1e-661334aa6384" />
</File>
<Timelines>
<Transcode startTime="64455" endTime="64744" complete="1" fileType="av" variant="4f4dd1bf-8121-4dea-9b1e-661334aa6384" />
</Timelines>
</Segment>
<Segment duration="1349" startOffset="4489816" endOffset="4491165">
<File name="chunk-01076" type="av">
<FileVariant size="50" variant="4f4dd1bf-8121-4dea-9b1e-661334aa6384" />
</File>
<Timelines>
<Transcode startTime="64744" endTime="64831" complete="1" fileType="av" variant="4f4dd1bf-8121-4dea-9b1e-661334aa6384" />
</Timelines>
</Segment>
<Segment duration="869" startOffset="4491862" endOffset="4492732">
<File name="chunk-01077" type="av">
<FileVariant size="46" variant="4f4dd1bf-8121-4dea-9b1e-661334aa6384" />
</File>
<Timelines>
<Transcode startTime="64831" endTime="65039" complete="1" fileType="av" variant="4f4dd1bf-8121-4dea-9b1e-661334aa6384" />
</Timelines>
</Segment>
<Segment duration="1479" startOffset="4493428" endOffset="4494907">
<File name="chunk-01078" type="av">
<FileVariant size="57" variant="4f4dd1bf-8121-4dea-9b1e-661334aa6384" />
</File>
<Timelines>
<Transcode startTime="65039" endTime="65045" complete="1" fileType="av" variant="4f4dd1bf-8121-4dea-9b1e-661334aa6384" />
</Timelines>
</Segment>
<Segment duration="1000" startOffset="4494908" endOffset="4495908">
<File name="chunk-01079" type="av">
<FileVariant size="41" variant="4f4dd1bf-8121-4dea-9b1e-661334aa6384" />
</File>
<Timelines>
<Transcode startTime="65045" endTime="65046" complete="1" fileType="av" variant="4f4dd1bf-8121-4dea-9b1e-661334aa6384" />
</Timelines>
</Segment>
<Segment duration="958" startOffset="4495909" endOffset="4496867">
<File name="chunk-01080" type="av">
<FileVariant size="41" variant="4f4dd1bf-8121-4dea-9b1e-661334aa6384" />
</File>
<Timelines>
<Transcode startTime="65046" endTime="65452" complete="1" fileType="av" variant="4f4dd1bf-8121-4dea-9b1e-661334aa6384" />
</Timelines>
</Segment>
<Segment duration="2567" startOffset="4501219" endOffset="4503786">
<File name="chunk-01081" type="av">
<FileVariant size="57" variant="4f4dd1bf-8121-4dea-9b1e-661334aa6384" />
</File>
<Timelines>
<Transcode startTime="65452" endTime="65552" complete="1" fileType="av" variant="4f4dd1bf-8121-4dea-9b1e-661334aa6384" />
</Timelines>
</Segment>
<Segment duration="1608" startOffset="4503787" endOffset="4505396">
<File name="chunk-01082" type="av">
<FileVariant size="58" variant="4f4dd1bf-8121-4dea-9b1e-661334aa6384" />
</File>
<Timelines>
<Transcode startTime="65552" endTime="65624" complete="1" fileType="av" variant="4f4dd1bf-8121-4dea-9b1e-661334aa6384" />
</Timelines>
</Segment>
<Segment duration="2914" startOffset="4505397" endOffset="4508312">
<File name="chunk-01083" type="av">
<FileVariant size="69" variant="4f4dd1bf-8121-4dea-9b1e-661334aa6384" />
</File>
<Timelines>
<Transcode startTime="65624" endTime="65686" complete="1" fileType="av" variant="4f4dd1bf-8121-4dea-9b1e-661334aa6384" />
</Timelines>
</Segment>
<Segment duration="2131" startOffset="4508313" endOffset="4510444">
<File name="chunk-01084" type="av">
<FileVariant size="59" variant="4f4dd1bf-8121-4dea-9b1e-661334aa6384" />
</File>
<Timelines>
<Transcode startTime="65686" endTime="65817" complete="1" fileType="av" variant="4f4dd1bf-8121-4dea-9b1e-661334aa6384" />
</Timelines>
</Segment>
<Segment duration="1958" startOffset="4510445" endOffset="4512403">
<File name="chunk-01085" type="av">
<FileVariant size="45" variant="4f4dd1bf-8121-4dea-9b1e-661334aa6384" />
</File>
<Timelines>
<Transcode startTime="65817" endTime="65870" complete="1" fileType="av" variant="4f4dd1bf-8121-4dea-9b1e-661334aa6384" />
</Timelines>
</Segment>
<Segment duration="2914" startOffset="4512404" endOffset="4515319">
<File name="chunk-01086" type="av">
<FileVariant size="67" variant="4f4dd1bf-8121-4dea-9b1e-661334aa6384" />
</File>
<Timelines>
<Transcode startTime="65870" endTime="65940" complete="1" fileType="av" variant="4f4dd1bf-8121-4dea-9b1e-661334aa6384" />
</Timelines>
</Segment>
<Segment duration="3045" startOffset="4515320" endOffset="4518365">
<File name="chunk-01087" type="av">
<FileVariant size="64" variant="4f4dd1bf-8121-4dea-9b1e-661334aa6384" />
</File>
<Timelines>
<Transcode startTime="65940" endTime="65977" complete="1" fileType="av" variant="4f4dd1bf-8121-4dea-9b1e-661334aa6384" />
</Timelines>
</Segment>
<Segment duration="2524" startOffset="4518366" endOffset="4520891">
<File name="chunk-01088" type="av">
<FileVariant size="69" variant="4f4dd1bf-8121-4dea-9b1e-661334aa6384" />
</File>
<Timelines>
<Transcode startTime="65977" endTime="66040" complete="1" fileType="av" variant="4f4dd1bf-8121-4dea-9b1e-661334aa6384" />
</Timelines>
</Segment>
<Segment duration="1175" startOffset="4523371" endOffset="4524547">
<File name="chunk-01089" type="av">
<FileVariant size="41" variant="4f4dd1bf-8121-4dea-9b1e-661334aa6384" />
</File>
<Timelines>
<Transcode startTime="66040" endTime="66231" complete="1" fileType="av" variant="4f4dd1bf-8121-4dea-9b1e-661334aa6384" />
</Timelines>
</Segment>
<Segment duration="2001" startOffset="4531989" endOffset="4533990">
<File name="chunk-01090" type="av">
<FileVariant size="41" variant="4f4dd1bf-8121-4dea-9b1e-661334aa6384" />
</File>
<Timelines>
<Transcode startTime="66231" endTime="66309" complete="1" fileType="av" variant="4f4dd1bf-8121-4dea-9b1e-661334aa6384" />
</Timelines>
</Segment>
<Segment duration="1391" startOffset="4533991" endOffset="4535383">
<File name="chunk-01091" type="av">
<FileVariant size="55" variant="4f4dd1bf-8121-4dea-9b1e-661334aa6384" />
</File>
<Timelines>
<Transcode startTime="66309" endTime="66409" complete="1" fileType="av" variant="4f4dd1bf-8121-4dea-9b1e-661334aa6384" />
</Timelines>
</Segment>
<Segment duration="913" startOffset="4536689" endOffset="4537603">
<File name="chunk-01092" type="av">
<FileVariant size="48" variant="4f4dd1bf-8121-4dea-9b1e-661334aa6384" />
</File>
<Timelines>
<Transcode startTime="66409" endTime="66414" complete="1" fileType="av" variant="4f4dd1bf-8121-4dea-9b1e-661334aa6384" />
</Timelines>
</Segment>
<Segment duration="1001" startOffset="4538561" endOffset="4539562">
<File name="chunk-01093" type="av">
<FileVariant size="46" variant="4f4dd1bf-8121-4dea-9b1e-661334aa6384" />
</File>
<Timelines>
<Transcode startTime="66414" endTime="66741" complete="1" fileType="av" variant="4f4dd1bf-8121-4dea-9b1e-661334aa6384" />
</Timelines>
</Segment>
<Segment duration="1608" startOffset="4550921" endOffset="4552530">
<File name="chunk-01094" type="av">
<FileVariant size="47" variant="4f4dd1bf-8121-4dea-9b1e-661334aa6384" />
</File>
<Timelines>
<Transcode startTime="66741" endTime="66790" complete="1" fileType="av" variant="4f4dd1bf-8121-4dea-9b1e-661334aa6384" />
</Timelines>
</Segment>
<Segment duration="3698" startOffset="4552531" endOffset="4556229">
<File name="chunk-01095" type="av">
<FileVariant size="84" variant="4f4dd1bf-8121-4dea-9b1e-661334aa6384" />
</File>
<Timelines>
<Transcode startTime="66790" endTime="66891" complete="1" fileType="av" variant="4f4dd1bf-8121-4dea-9b1e-661334aa6384" />
</Timelines>
</Segment>
<Segment duration="870" startOffset="4557449" endOffset="4558319">
<File name="chunk-01096" type="av">
<FileVariant size="41" variant="4f4dd1bf-8121-4dea-9b1e-661334aa6384" />
</File>
<Timelines>
<Transcode startTime="66891" endTime="67091" complete="1" fileType="av" variant="4f4dd1bf-8121-4dea-9b1e-661334aa6384" />
</Timelines>
</Segment>
<Segment duration="2872" startOffset="4562280" endOffset="4565152">
<File name="chunk-01097" type="av">
<FileVariant size="42" variant="4f4dd1bf-8121-4dea-9b1e-661334aa6384" />
</File>
<Timelines>
<Transcode startTime="67091" endTime="67264" complete="1" fileType="av" variant="4f4dd1bf-8121-4dea-9b1e-661334aa6384" />
</Timelines>
</Segment>
<Segment duration="4264" startOffset="4565805" endOffset="4570069">
<File name="chunk-01098" type="av">
<FileVariant size="92" variant="4f4dd1bf-8121-4dea-9b1e-661334aa6384" />
</File>
<Timelines>
<Transcode startTime="67264" endTime="67363" complete="1" fileType="av" variant="4f4dd1bf-8121-4dea-9b1e-661334aa6384" />
</Timelines>
</Segment>
<Segment duration="1043" startOffset="4570070" endOffset="4571114">
<File name="chunk-01099" type="av">
<FileVariant size="41" variant="4f4dd1bf-8121-4dea-9b1e-661334aa6384" />
</File>
<Timelines>
<Transcode startTime="67363" endTime="67665" complete="1" fileType="av" variant="4f4dd1bf-8121-4dea-9b1e-661334aa6384" />
</Timelines>
</Segment>
<Segment duration="3567" startOffset="4576686" endOffset="4580253">
<File name="chunk-01100" type="av">
<FileVariant size="75" variant="4f4dd1bf-8121-4dea-9b1e-661334aa6384" />
</File>
<Timelines>
<Transcode startTime="67665" endTime="67759" complete="1" fileType="av" variant="4f4dd1bf-8121-4dea-9b1e-661334aa6384" />
</Timelines>
</Segment>
<Segment duration="3306" startOffset="4580254" endOffset="4583561">
<File name="chunk-01101" type="av">
<FileVariant size="84" variant="4f4dd1bf-8121-4dea-9b1e-661334aa6384" />
</File>
<Timelines>
<Transcode startTime="67759" endTime="67804" complete="1" fileType="av" variant="4f4dd1bf-8121-4dea-9b1e-661334aa6384" />
</Timelines>
</Segment>
<Segment duration="2872" startOffset="4583562" endOffset="4586434">
<File name="chunk-01102" type="av">
<FileVariant size="75" variant="4f4dd1bf-8121-4dea-9b1e-661334aa6384" />
</File>
<Timelines>
<Transcode startTime="67804" endTime="67967" complete="1" fileType="av" variant="4f4dd1bf-8121-4dea-9b1e-661334aa6384" />
</Timelines>
</Segment>
<Segment duration="1219" startOffset="4592266" endOffset="4593485">
<File name="chunk-01103" type="av">
<FileVariant size="41" variant="4f4dd1bf-8121-4dea-9b1e-661334aa6384" />
</File>
<Timelines>
<Transcode startTime="67967" endTime="68169" complete="1" fileType="av" variant="4f4dd1bf-8121-4dea-9b1e-661334aa6384" />
</Timelines>
</Segment>
<Segment duration="2262" startOffset="4600361" endOffset="4602624">
<File name="chunk-01104" type="av">
<FileVariant size="60" variant="4f4dd1bf-8121-4dea-9b1e-661334aa6384" />
</File>
<Timelines>
<Transcode startTime="68169" endTime="68205" complete="1" fileType="av" variant="4f4dd1bf-8121-4dea-9b1e-661334aa6384" />
</Timelines>
</Segment>
<Segment duration="4480" startOffset="4602625" endOffset="4607106">
<File name="chunk-01105" type="av">
<FileVariant size="62" variant="4f4dd1bf-8121-4dea-9b1e-661334aa6384" />
</File>
<Timelines>
<Transcode startTime="68205" endTime="68300" complete="1" fileType="av" variant="4f4dd1bf-8121-4dea-9b1e-661334aa6384" />
</Timelines>
</Segment>
<Segment duration="2175" startOffset="4607107" endOffset="4609282">
<File name="chunk-01106" type="av">
<FileVariant size="53" variant="4f4dd1bf-8121-4dea-9b1e-661334aa6384" />
</File>
<Timelines>
<Transcode startTime="68300" endTime="68345" complete="1" fileType="av" variant="4f4dd1bf-8121-4dea-9b1e-661334aa6384" />
</Timelines>
</Segment>
<Segment duration="1349" startOffset="4609283" endOffset="4610633">
<File name="chunk-01107" type="av">
<FileVariant size="54" variant="4f4dd1bf-8121-4dea-9b1e-661334aa6384" />
</File>
<Timelines>
<Transcode startTime="68345" endTime="68404" complete="1" fileType="av" variant="4f4dd1bf-8121-4dea-9b1e-661334aa6384" />
</Timelines>
</Segment>
<Segment duration="1390" startOffset="4613157" endOffset="4614548">
<File name="chunk-01108" type="av">
<FileVariant size="41" variant="4f4dd1bf-8121-4dea-9b1e-661334aa6384" />
</File>
<Timelines>
<Transcode startTime="68404" endTime="68442" complete="1" fileType="av" variant="4f4dd1bf-8121-4dea-9b1e-661334aa6384" />
</Timelines>
</Segment>
<Segment duration="3654" startOffset="4614549" endOffset="4618204">
<File name="chunk-01109" type="av">
<FileVariant size="90" variant="4f4dd1bf-8121-4dea-9b1e-661334aa6384" />
</File>
<Timelines>
<Transcode startTime="68442" endTime="68449" complete="1" fileType="av" variant="4f4dd1bf-8121-4dea-9b1e-661334aa6384" />
</Timelines>
</Segment>
<Segment duration="1654" startOffset="4618205" endOffset="4619859">
<File name="chunk-01110" type="av">
<FileVariant size="43" variant="4f4dd1bf-8121-4dea-9b1e-661334aa6384" />
</File>
<Timelines>
<Transcode startTime="68449" endTime="68493" complete="1" fileType="av" variant="4f4dd1bf-8121-4dea-9b1e-661334aa6384" />
</Timelines>
</Segment>
<Segment duration="1349" startOffset="4621165" endOffset="4622514">
<File name="chunk-01111" type="av">
<FileVariant size="43" variant="4f4dd1bf-8121-4dea-9b1e-661334aa6384" />
</File>
<Timelines>
<Transcode startTime="68493" endTime="68499" complete="1" fileType="av" variant="4f4dd1bf-8121-4dea-9b1e-661334aa6384" />
</Timelines>
</Segment>
<Segment duration="2742" startOffset="4623254" endOffset="4625996">
<File name="chunk-01112" type="av">
<FileVariant size="43" variant="4f4dd1bf-8121-4dea-9b1e-661334aa6384" />
</File>
<Timelines>
<Transcode startTime="68499" endTime="68595" complete="1" fileType="av" variant="4f4dd1bf-8121-4dea-9b1e-661334aa6384" />
</Timelines>
</Segment>
<Segment duration="2132" startOffset="4629390" endOffset="4631523">
<File name="chunk-01113" type="av">
<FileVariant size="54" variant="4f4dd1bf-8121-4dea-9b1e-661334aa6384" />
</File>
<Timelines>
<Transcode startTime="68595" endTime="68606" complete="1" fileType="av" variant="4f4dd1bf-8121-4dea-9b1e-661334aa6384" />
</Timelines>
</Segment>
<Segment duration="1698" startOffset="4632959" endOffset="4634657">
<File name="chunk-01114" type="av">
<FileVariant size="46" variant="4f4dd1bf-8121-4dea-9b1e-661334aa6384" />
</File>
<Timelines>
<Transcode startTime="68606" endTime="68768" complete="1" fileType="av" variant="4f4dd1bf-8121-4dea-9b1e-661334aa6384" />
</Timelines>
</Segment>
<Segment duration="1001" startOffset="4640532" endOffset="4641533">
<File name="chunk-01115" type="av">
<FileVariant size="41" variant="4f4dd1bf-8121-4dea-9b1e-661334aa6384" />
</File>
<Timelines>
<Transcode startTime="68768" endTime="69248" complete="1" fileType="av" variant="4f4dd1bf-8121-4dea-9b1e-661334aa6384" />
</Timelines>
</Segment>
<Segment duration="1001" startOffset="4651543" endOffset="4652544">
<File name="chunk-01116" type="av">
<FileVariant size="46" variant="4f4dd1bf-8121-4dea-9b1e-661334aa6384" />
</File>
<Timelines>
<Transcode startTime="69248" endTime="69307" complete="1" fileType="av" variant="4f4dd1bf-8121-4dea-9b1e-661334aa6384" />
</Timelines>
</Segment>
<Segment duration="1001" startOffset="4653197" endOffset="4654198">
<File name="chunk-01117" type="av">
<FileVariant size="41" variant="4f4dd1bf-8121-4dea-9b1e-661334aa6384" />
</File>
<Timelines>
<Transcode startTime="69307" endTime="69368" complete="1" fileType="av" variant="4f4dd1bf-8121-4dea-9b1e-661334aa6384" />
</Timelines>
</Segment>
<Segment duration="5742" startOffset="4654764" endOffset="4660507">
<File name="chunk-01118" type="av">
<FileVariant size="40" variant="4f4dd1bf-8121-4dea-9b1e-661334aa6384" />
</File>
<Timelines>
<Transcode startTime="69368" endTime="69597" complete="1" fileType="av" variant="4f4dd1bf-8121-4dea-9b1e-661334aa6384" />
</Timelines>
</Segment>
<Segment duration="2698" startOffset="4660508" endOffset="4663206">
<File name="chunk-01119" type="av">
<FileVariant size="42" variant="4f4dd1bf-8121-4dea-9b1e-661334aa6384" />
</File>
<Timelines>
<Transcode startTime="69597" endTime="69658" complete="1" fileType="av" variant="4f4dd1bf-8121-4dea-9b1e-661334aa6384" />
</Timelines>
</Segment>
<Segment duration="1173" startOffset="4663207" endOffset="4664381">
<File name="chunk-01120" type="av">
<FileVariant size="49" variant="4f4dd1bf-8121-4dea-9b1e-661334aa6384" />
</File>
<Timelines>
<Transcode startTime="69658" endTime="69711" complete="1" fileType="av" variant="4f4dd1bf-8121-4dea-9b1e-661334aa6384" />
</Timelines>
</Segment>
<Segment duration="1957" startOffset="4667124" endOffset="4669081">
<File name="chunk-01121" type="av">
<FileVariant size="49" variant="4f4dd1bf-8121-4dea-9b1e-661334aa6384" />
</File>
<Timelines>
<Transcode startTime="69711" endTime="69764" complete="1" fileType="av" variant="4f4dd1bf-8121-4dea-9b1e-661334aa6384" />
</Timelines>
</Segment>
<Segment duration="4568" startOffset="4669082" endOffset="4673651">
<File name="chunk-01122" type="av">
<FileVariant size="83" variant="4f4dd1bf-8121-4dea-9b1e-661334aa6384" />
</File>
<Timelines>
<Transcode startTime="69764" endTime="69812" complete="1" fileType="av" variant="4f4dd1bf-8121-4dea-9b1e-661334aa6384" />
</Timelines>
</Segment>
<Segment duration="3350" startOffset="4673652" endOffset="4677002">
<File name="chunk-01123" type="av">
<FileVariant size="76" variant="4f4dd1bf-8121-4dea-9b1e-661334aa6384" />
</File>
<Timelines>
<Transcode startTime="69812" endTime="69927" complete="1" fileType="av" variant="4f4dd1bf-8121-4dea-9b1e-661334aa6384" />
</Timelines>
</Segment>
<Segment duration="4309" startOffset="4677003" endOffset="4681312">
<File name="chunk-01124" type="av">
<FileVariant size="74" variant="4f4dd1bf-8121-4dea-9b1e-661334aa6384" />
</File>
<Timelines>
<Transcode startTime="69927" endTime="70116" complete="1" fileType="av" variant="4f4dd1bf-8121-4dea-9b1e-661334aa6384" />
</Timelines>
</Segment>
<Segment duration="3176" startOffset="4686317" endOffset="4689494">
<File name="chunk-01125" type="av">
<FileVariant size="64" variant="4f4dd1bf-8121-4dea-9b1e-661334aa6384" />
</File>
<Timelines>
<Transcode startTime="70116" endTime="70663" complete="1" fileType="av" variant="4f4dd1bf-8121-4dea-9b1e-661334aa6384" />
</Timelines>
</Segment>
<Segment duration="4089" startOffset="4703551" endOffset="4707641">
<File name="chunk-01126" type="av">
<FileVariant size="85" variant="4f4dd1bf-8121-4dea-9b1e-661334aa6384" />
</File>
<Timelines>
<Transcode startTime="70663" endTime="70669" complete="1" fileType="av" variant="4f4dd1bf-8121-4dea-9b1e-661334aa6384" />
</Timelines>
</Segment>
<Segment duration="5657" startOffset="4707642" endOffset="4713299">
<File name="chunk-01127" type="av">
<FileVariant size="106" variant="4f4dd1bf-8121-4dea-9b1e-661334aa6384" />
</File>
<Timelines>
<Transcode startTime="70669" endTime="70713" complete="1" fileType="av" variant="4f4dd1bf-8121-4dea-9b1e-661334aa6384" />
</Timelines>
</Segment>
<Segment duration="4176" startOffset="4713300" endOffset="4717477">
<File name="chunk-01128" type="av">
<FileVariant size="92" variant="4f4dd1bf-8121-4dea-9b1e-661334aa6384" />
</File>
<Timelines>
<Transcode startTime="70713" endTime="70715" complete="1" fileType="av" variant="4f4dd1bf-8121-4dea-9b1e-661334aa6384" />
</Timelines>
</Segment>
<Segment duration="3612" startOffset="4717478" endOffset="4721090">
<File name="chunk-01129" type="av">
<FileVariant size="76" variant="4f4dd1bf-8121-4dea-9b1e-661334aa6384" />
</File>
<Timelines>
<Transcode startTime="70715" endTime="70783" complete="1" fileType="av" variant="4f4dd1bf-8121-4dea-9b1e-661334aa6384" />
</Timelines>
</Segment>
<Segment duration="2131" startOffset="4723093" endOffset="4725224">
<File name="chunk-01130" type="av">
<FileVariant size="63" variant="4f4dd1bf-8121-4dea-9b1e-661334aa6384" />
</File>
<Timelines>
<Transcode startTime="70783" endTime="70823" complete="1" fileType="av" variant="4f4dd1bf-8121-4dea-9b1e-661334aa6384" />
</Timelines>
</Segment>
<Segment duration="1696" startOffset="4725225" endOffset="4726922">
<File name="chunk-01131" type="av">
<FileVariant size="49" variant="4f4dd1bf-8121-4dea-9b1e-661334aa6384" />
</File>
<Timelines>
<Transcode startTime="70823" endTime="70827" complete="1" fileType="av" variant="4f4dd1bf-8121-4dea-9b1e-661334aa6384" />
</Timelines>
</Segment>
<Segment duration="2828" startOffset="4726923" endOffset="4729751">
<File name="chunk-01132" type="av">
<FileVariant size="52" variant="4f4dd1bf-8121-4dea-9b1e-661334aa6384" />
</File>
<Timelines>
<Transcode startTime="70827" endTime="70875" complete="1" fileType="av" variant="4f4dd1bf-8121-4dea-9b1e-661334aa6384" />
</Timelines>
</Segment>
<Segment duration="2739" startOffset="4729752" endOffset="4732492">
<File name="chunk-01133" type="av">
<FileVariant size="72" variant="4f4dd1bf-8121-4dea-9b1e-661334aa6384" />
</File>
<Timelines>
<Transcode startTime="70875" endTime="70880" complete="1" fileType="av" variant="4f4dd1bf-8121-4dea-9b1e-661334aa6384" />
</Timelines>
</Segment>
<Segment duration="2871" startOffset="4732493" endOffset="4735365">
<File name="chunk-01134" type="av">
<FileVariant size="72" variant="4f4dd1bf-8121-4dea-9b1e-661334aa6384" />
</File>
<Timelines>
<Transcode startTime="70880" endTime="70978" complete="1" fileType="av" variant="4f4dd1bf-8121-4dea-9b1e-661334aa6384" />
</Timelines>
</Segment>
<Segment duration="1958" startOffset="4737890" endOffset="4739849">
<File name="chunk-01135" type="av">
<FileVariant size="62" variant="4f4dd1bf-8121-4dea-9b1e-661334aa6384" />
</File>
<Timelines>
<Transcode startTime="70978" endTime="71051" complete="1" fileType="av" variant="4f4dd1bf-8121-4dea-9b1e-661334aa6384" />
</Timelines>
</Segment>
<Segment duration="1869" startOffset="4740719" endOffset="4742589">
<File name="chunk-01136" type="av">
<FileVariant size="58" variant="4f4dd1bf-8121-4dea-9b1e-661334aa6384" />
</File>
<Timelines>
<Transcode startTime="71051" endTime="71052" complete="1" fileType="av" variant="4f4dd1bf-8121-4dea-9b1e-661334aa6384" />
</Timelines>
</Segment>
<Segment duration="3872" startOffset="4742590" endOffset="4746463">
<File name="chunk-01137" type="av">
<FileVariant size="97" variant="4f4dd1bf-8121-4dea-9b1e-661334aa6384" />
</File>
<Timelines>
<Transcode startTime="71052" endTime="71087" complete="1" fileType="av" variant="4f4dd1bf-8121-4dea-9b1e-661334aa6384" />
</Timelines>
</Segment>
<Segment duration="2914" startOffset="4746464" endOffset="4749379">
<File name="chunk-01138" type="av">
<FileVariant size="85" variant="4f4dd1bf-8121-4dea-9b1e-661334aa6384" />
</File>
<Timelines>
<Transcode startTime="71087" endTime="71088" complete="1" fileType="av" variant="4f4dd1bf-8121-4dea-9b1e-661334aa6384" />
</Timelines>
</Segment>
<Segment duration="2087" startOffset="4749380" endOffset="4751468">
<File name="chunk-01139" type="av">
<FileVariant size="66" variant="4f4dd1bf-8121-4dea-9b1e-661334aa6384" />
</File>
<Timelines>
<Transcode startTime="71088" endTime="71089" complete="1" fileType="av" variant="4f4dd1bf-8121-4dea-9b1e-661334aa6384" />
</Timelines>
</Segment>
<Segment duration="2305" startOffset="4751469" endOffset="4753775">
<File name="chunk-01140" type="av">
<FileVariant size="63" variant="4f4dd1bf-8121-4dea-9b1e-661334aa6384" />
</File>
<Timelines>
<Transcode startTime="71089" endTime="71092" complete="1" fileType="av" variant="4f4dd1bf-8121-4dea-9b1e-661334aa6384" />
</Timelines>
</Segment>
<Segment duration="2131" startOffset="4753776" endOffset="4755907">
<File name="chunk-01141" type="av">
<FileVariant size="58" variant="4f4dd1bf-8121-4dea-9b1e-661334aa6384" />
</File>
<Timelines>
<Transcode startTime="71092" endTime="71140" complete="1" fileType="av" variant="4f4dd1bf-8121-4dea-9b1e-661334aa6384" />
</Timelines>
</Segment>
<Segment duration="2393" startOffset="4755908" endOffset="4758301">
<File name="chunk-01142" type="av">
<FileVariant size="62" variant="4f4dd1bf-8121-4dea-9b1e-661334aa6384" />
</File>
<Timelines>
<Transcode startTime="71140" endTime="71141" complete="1" fileType="av" variant="4f4dd1bf-8121-4dea-9b1e-661334aa6384" />
</Timelines>
</Segment>
<Segment duration="1131" startOffset="4758302" endOffset="4759433">
<File name="chunk-01143" type="av">
<FileVariant size="41" variant="4f4dd1bf-8121-4dea-9b1e-661334aa6384" />
</File>
<Timelines>
<Transcode startTime="71141" endTime="71177" complete="1" fileType="av" variant="4f4dd1bf-8121-4dea-9b1e-661334aa6384" />
</Timelines>
</Segment>
<Segment duration="2046" startOffset="4761696" endOffset="4763742">
<File name="chunk-01144" type="av">
<FileVariant size="61" variant="4f4dd1bf-8121-4dea-9b1e-661334aa6384" />
</File>
<Timelines>
<Transcode startTime="71177" endTime="71194" complete="1" fileType="av" variant="4f4dd1bf-8121-4dea-9b1e-661334aa6384" />
</Timelines>
</Segment>
<Segment duration="1435" startOffset="4766571" endOffset="4768006">
<File name="chunk-01145" type="av">
<FileVariant size="42" variant="4f4dd1bf-8121-4dea-9b1e-661334aa6384" />
</File>
<Timelines>
<Transcode startTime="71194" endTime="71200" complete="1" fileType="av" variant="4f4dd1bf-8121-4dea-9b1e-661334aa6384" />
</Timelines>
</Segment>
<Segment duration="3481" startOffset="4768007" endOffset="4771488">
<File name="chunk-01146" type="av">
<FileVariant size="88" variant="4f4dd1bf-8121-4dea-9b1e-661334aa6384" />
</File>
<Timelines>
<Transcode startTime="71200" endTime="71200" complete="1" fileType="av" variant="4f4dd1bf-8121-4dea-9b1e-661334aa6384" />
</Timelines>
</Segment>
<Segment duration="6397" startOffset="4771489" endOffset="4777886">
<File name="chunk-01147" type="av">
<FileVariant size="97" variant="4f4dd1bf-8121-4dea-9b1e-661334aa6384" />
</File>
<Timelines>
<Transcode startTime="71200" endTime="71253" complete="1" fileType="av" variant="4f4dd1bf-8121-4dea-9b1e-661334aa6384" />
</Timelines>
</Segment>
<Segment duration="2436" startOffset="4777887" endOffset="4780323">
<File name="chunk-01148" type="av">
<FileVariant size="51" variant="4f4dd1bf-8121-4dea-9b1e-661334aa6384" />
</File>
<Timelines>
<Transcode startTime="71253" endTime="71254" complete="1" fileType="av" variant="4f4dd1bf-8121-4dea-9b1e-661334aa6384" />
</Timelines>
</Segment>
<Segment duration="4438" startOffset="4780324" endOffset="4784762">
<File name="chunk-01149" type="av">
<FileVariant size="82" variant="4f4dd1bf-8121-4dea-9b1e-661334aa6384" />
</File>
<Timelines>
<Transcode startTime="71254" endTime="71289" complete="1" fileType="av" variant="4f4dd1bf-8121-4dea-9b1e-661334aa6384" />
</Timelines>
</Segment>
<Segment duration="1567" startOffset="4784763" endOffset="4786330">
<File name="chunk-01150" type="av">
<FileVariant size="72" variant="4f4dd1bf-8121-4dea-9b1e-661334aa6384" />
</File>
<Timelines>
<Transcode startTime="71289" endTime="71498" complete="1" fileType="av" variant="4f4dd1bf-8121-4dea-9b1e-661334aa6384" />
</Timelines>
</Segment>
<Segment duration="1567" startOffset="4796122" endOffset="4797689">
<File name="chunk-01151" type="av">
<FileVariant size="46" variant="4f4dd1bf-8121-4dea-9b1e-661334aa6384" />
</File>
<Timelines>
<Transcode startTime="71498" endTime="71587" complete="1" fileType="av" variant="4f4dd1bf-8121-4dea-9b1e-661334aa6384" />
</Timelines>
</Segment>
<Segment duration="2783" startOffset="4799256" endOffset="4802040">
<File name="chunk-01152" type="av">
<FileVariant size="62" variant="4f4dd1bf-8121-4dea-9b1e-661334aa6384" />
</File>
<Timelines>
<Transcode startTime="71587" endTime="71593" complete="1" fileType="av" variant="4f4dd1bf-8121-4dea-9b1e-661334aa6384" />
</Timelines>
</Segment>
<Segment duration="2436" startOffset="4802041" endOffset="4804478">
<File name="chunk-01153" type="av">
<FileVariant size="62" variant="4f4dd1bf-8121-4dea-9b1e-661334aa6384" />
</File>
<Timelines>
<Transcode startTime="71593" endTime="71594" complete="1" fileType="av" variant="4f4dd1bf-8121-4dea-9b1e-661334aa6384" />
</Timelines>
</Segment>
<Segment duration="1521" startOffset="4804957" endOffset="4806479">
<File name="chunk-01154" type="av">
<FileVariant size="42" variant="4f4dd1bf-8121-4dea-9b1e-661334aa6384" />
</File>
<Timelines>
<Transcode startTime="71594" endTime="71595" complete="1" fileType="av" variant="4f4dd1bf-8121-4dea-9b1e-661334aa6384" />
</Timelines>
</Segment>
<Segment duration="3481" startOffset="4806480" endOffset="4809961">
<File name="chunk-01155" type="av">
<FileVariant size="97" variant="4f4dd1bf-8121-4dea-9b1e-661334aa6384" />
</File>
<Timelines>
<Transcode startTime="71595" endTime="71811" complete="1" fileType="av" variant="4f4dd1bf-8121-4dea-9b1e-661334aa6384" />
</Timelines>
</Segment>
<Segment duration="2479" startOffset="4817796" endOffset="4820276">
<File name="chunk-01156" type="av">
<FileVariant size="69" variant="4f4dd1bf-8121-4dea-9b1e-661334aa6384" />
</File>
<Timelines>
<Transcode startTime="71811" endTime="71920" complete="1" fileType="av" variant="4f4dd1bf-8121-4dea-9b1e-661334aa6384" />
</Timelines>
</Segment>
<Segment duration="1435" startOffset="4820277" endOffset="4821712">
<File name="chunk-01157" type="av">
<FileVariant size="71" variant="4f4dd1bf-8121-4dea-9b1e-661334aa6384" />
</File>
<Timelines>
<Transcode startTime="71920" endTime="72138" complete="1" fileType="av" variant="4f4dd1bf-8121-4dea-9b1e-661334aa6384" />
</Timelines>
</Segment>
<Segment duration="1739" startOffset="4828198" endOffset="4829938">
<File name="chunk-01158" type="av">
<FileVariant size="69" variant="4f4dd1bf-8121-4dea-9b1e-661334aa6384" />
</File>
<Timelines>
<Transcode startTime="72138" endTime="72208" complete="1" fileType="av" variant="4f4dd1bf-8121-4dea-9b1e-661334aa6384" />
</Timelines>
</Segment>
<Segment duration="1478" startOffset="4829939" endOffset="4831418">
<File name="chunk-01159" type="av">
<FileVariant size="58" variant="4f4dd1bf-8121-4dea-9b1e-661334aa6384" />
</File>
<Timelines>
<Transcode startTime="72208" endTime="81225" complete="1" fileType="av" variant="4f4dd1bf-8121-4dea-9b1e-661334aa6384" />
</Timelines>
</Segment>
</SegmentList>
<PlaybackReports>
<Playback startTime="8121" endTime="18221" state="playing" progress="641044" />
<Playback startTime="18221" endTime="28111" state="playing" progress="651064" />
<Playback startTime="28111" endTime="38149" state="playing" progress="661085" />
<Playback startTime="38149" endTime="48349" state="playing" progress="671106" />
<Playback startTime="48349" endTime="58350" state="playing" progress="681126" />
<Playback startTime="58350" endTime="68222" state="playing" progress="691147" />
<Playback startTime="68222" endTime="78252" state="playing" progress="701169" />
<Playback startTime="78252" endTime="88324" state="playing" progress="711193" />
<Playback startTime="88324" endTime="98280" state="playing" progress="721219" />
<Playback startTime="98280" endTime="109075" state="playing" progress="731235" />
<Playback startTime="109075" endTime="119123" state="playing" progress="742010" />
<Playback startTime="119123" endTime="129110" state="playing" progress="752035" />
<Playback startTime="129110" endTime="139158" state="playing" progress="762054" />
<Playback startTime="139158" endTime="149170" state="playing" progress="772077" />
<Playback startTime="149170" endTime="159186" state="playing" progress="782101" />
<Playback startTime="159186" endTime="169196" state="playing" progress="792121" />
<Playback startTime="169196" endTime="179268" state="playing" progress="802139" />
<Playback startTime="179268" endTime="189273" state="playing" progress="812166" />
<Playback startTime="189273" endTime="199286" state="playing" progress="822189" />
<Playback startTime="199286" endTime="209349" state="playing" progress="832210" />
<Playback startTime="209349" endTime="220099" state="playing" progress="842232" />
<Playback startTime="220099" endTime="230100" state="playing" progress="853010" />
<Playback startTime="230100" endTime="240122" state="playing" progress="863034" />
<Playback startTime="240122" endTime="250136" state="playing" progress="873054" />
<Playback startTime="250136" endTime="260157" state="playing" progress="883077" />
<Playback startTime="260157" endTime="270185" state="playing" progress="893097" />
<Playback startTime="270185" endTime="276726" state="playing" progress="903119" />
<Playback startTime="276726" endTime="278412" state="playing" progress="899132" />
</PlaybackReports>
<StateReports />
<StateReports />
</SessionReport>
