<SessionReport version="2" startTime="0" startTimestamp="Sep 13, 2026 13:51:11.574" key="/library/metadata/1094" session="p1h3f000ahx76hhf3xhin1e7" transcode="pzef108x5wfgfoh9v2q9wq48">
<User id="1" thumb="https://plex.tv/users/bf5b5881cf0193e4/avatar?c=1789218997" title="lcorream" />
<Player address="192.168.50.150" device="Xbox" machineIdentifier="p1h3f000ahx76hhf3xhin1e7" model="Xbox Series S" platform="Xbox" platformVersion="10.0.26100.9426" playbackId="6bbfe792-91b9-440b-8149-534e094911f0" playbackSessionId="ad86eceb-7a95-49ad-9ed0-5eff88461dfe" product="Plex for Xbox" remotePublicAddress="83.29.212.5" title="XBOX" vendor="Microsoft" version="5.94.1" local="1" relayed="0" secure="1" userID="1" />
<Variants>
<Variant id="04f9b0a5-b497-44a3-95a8-d55d99cb96c1" targetBitrate="9267" context="streaming" subtitleDecision="copy" protocol="http" container="srt" transcodeHwRequested="0" transcodeHwFullPipeline="0">
<Media audioProfile="lc" id="2274" videoProfile="main 10" container="srt" duration="5322302" selected="1">
<Part audioProfile="lc" deepAnalysisVersion="6" id="2274" requiredBandwidths="30145,15338,10240,8825,8202,7857,6644,6417" videoProfile="main 10" container="srt" duration="5322302" decision="transcode" selected="1">
<Stream bitrate="0" codec="srt" default="1" displayTitle="English" extendedDisplayTitle="English (SRT)" format="srt" id="5485" language="English" languageCode="eng" languageTag="en" requiredBandwidths="1,1,1,1,1,1,1,1" selected="1" streamType="3" decision="copy" location="embedded" />
</Part>
</Media>
</Variant>
</Variants>
<SegmentList>
<Segment duration="2130" startOffset="899447" endOffset="901578">
<File name="chunk-00000" type="av">
<FileVariant size="53" variant="04f9b0a5-b497-44a3-95a8-d55d99cb96c1" />
</File>
<Timelines>
<Transcode startTime="262" endTime="266" complete="1" fileType="av" variant="04f9b0a5-b497-44a3-95a8-d55d99cb96c1" />
</Timelines>
</Segment>
<Segment duration="2827" startOffset="904452" endOffset="907280">
<File name="chunk-00001" type="av">
<FileVariant size="63" variant="04f9b0a5-b497-44a3-95a8-d55d99cb96c1" />
</File>
<Timelines>
<Transcode startTime="266" endTime="269" complete="1" fileType="av" variant="04f9b0a5-b497-44a3-95a8-d55d99cb96c1" />
</Timelines>
</Segment>
<Segment duration="2479" startOffset="907281" endOffset="909760">
<File name="chunk-00002" type="av">
<FileVariant size="61" variant="04f9b0a5-b497-44a3-95a8-d55d99cb96c1" />
</File>
<Timelines>
<Transcode startTime="269" endTime="270" complete="1" fileType="av" variant="04f9b0a5-b497-44a3-95a8-d55d99cb96c1" />
</Timelines>
</Segment>
<Segment duration="1479" startOffset="909761" endOffset="911240">
<File name="chunk-00003" type="av">
<FileVariant size="64" variant="04f9b0a5-b497-44a3-95a8-d55d99cb96c1" />
</File>
<Timelines>
<Transcode startTime="270" endTime="271" complete="1" fileType="av" variant="04f9b0a5-b497-44a3-95a8-d55d99cb96c1" />
</Timelines>
</Segment>
<Segment duration="2000" startOffset="911241" endOffset="913242">
<File name="chunk-00004" type="av">
<FileVariant size="63" variant="04f9b0a5-b497-44a3-95a8-d55d99cb96c1" />
</File>
<Timelines>
<Transcode startTime="271" endTime="273" complete="1" fileType="av" variant="04f9b0a5-b497-44a3-95a8-d55d99cb96c1" />
</Timelines>
</Segment>
<Segment duration="2827" startOffset="913243" endOffset="916071">
<File name="chunk-00005" type="av">
<FileVariant size="87" variant="04f9b0a5-b497-44a3-95a8-d55d99cb96c1" />
</File>
<Timelines>
<Transcode startTime="273" endTime="273" complete="1" fileType="av" variant="04f9b0a5-b497-44a3-95a8-d55d99cb96c1" />
</Timelines>
</Segment>
<Segment duration="1566" startOffset="916072" endOffset="917638">
<File name="chunk-00006" type="av">
<FileVariant size="53" variant="04f9b0a5-b497-44a3-95a8-d55d99cb96c1" />
</File>
<Timelines>
<Transcode startTime="273" endTime="274" complete="1" fileType="av" variant="04f9b0a5-b497-44a3-95a8-d55d99cb96c1" />
</Timelines>
</Segment>
<Segment duration="2393" startOffset="917639" endOffset="920032">
<File name="chunk-00007" type="av">
<FileVariant size="62" variant="04f9b0a5-b497-44a3-95a8-d55d99cb96c1" />
</File>
<Timelines>
<Transcode startTime="274" endTime="275" complete="1" fileType="av" variant="04f9b0a5-b497-44a3-95a8-d55d99cb96c1" />
</Timelines>
</Segment>
<Segment duration="2566" startOffset="920033" endOffset="922599">
<File name="chunk-00008" type="av">
<FileVariant size="64" variant="04f9b0a5-b497-44a3-95a8-d55d99cb96c1" />
</File>
<Timelines>
<Transcode startTime="275" endTime="276" complete="1" fileType="av" variant="04f9b0a5-b497-44a3-95a8-d55d99cb96c1" />
</Timelines>
</Segment>
<Segment duration="1304" startOffset="923514" endOffset="924819">
<File name="chunk-00009" type="av">
<FileVariant size="50" variant="04f9b0a5-b497-44a3-95a8-d55d99cb96c1" />
</File>
<Timelines>
<Transcode startTime="276" endTime="277" complete="1" fileType="av" variant="04f9b0a5-b497-44a3-95a8-d55d99cb96c1" />
</Timelines>
</Segment>
<Segment duration="2087" startOffset="924820" endOffset="926908">
<File name="chunk-00010" type="av">
<FileVariant size="40" variant="04f9b0a5-b497-44a3-95a8-d55d99cb96c1" />
</File>
<Timelines>
<Transcode startTime="277" endTime="278" complete="1" fileType="av" variant="04f9b0a5-b497-44a3-95a8-d55d99cb96c1" />
</Timelines>
</Segment>
<Segment duration="1956" startOffset="926909" endOffset="928866">
<File name="chunk-00011" type="av">
<FileVariant size="65" variant="04f9b0a5-b497-44a3-95a8-d55d99cb96c1" />
</File>
<Timelines>
<Transcode startTime="278" endTime="278" complete="1" fileType="av" variant="04f9b0a5-b497-44a3-95a8-d55d99cb96c1" />
</Timelines>
</Segment>
<Segment duration="2524" startOffset="928867" endOffset="931391">
<File name="chunk-00012" type="av">
<FileVariant size="81" variant="04f9b0a5-b497-44a3-95a8-d55d99cb96c1" />
</File>
<Timelines>
<Transcode startTime="278" endTime="279" complete="1" fileType="av" variant="04f9b0a5-b497-44a3-95a8-d55d99cb96c1" />
</Timelines>
</Segment>
<Segment duration="1565" startOffset="931392" endOffset="932958">
<File name="chunk-00013" type="av">
<FileVariant size="60" variant="04f9b0a5-b497-44a3-95a8-d55d99cb96c1" />
</File>
<Timelines>
<Transcode startTime="279" endTime="280" complete="1" fileType="av" variant="04f9b0a5-b497-44a3-95a8-d55d99cb96c1" />
</Timelines>
</Segment>
<Segment duration="2740" startOffset="932959" endOffset="935699">
<File name="chunk-00014" type="av">
<FileVariant size="88" variant="04f9b0a5-b497-44a3-95a8-d55d99cb96c1" />
</File>
<Timelines>
<Transcode startTime="280" endTime="281" complete="1" fileType="av" variant="04f9b0a5-b497-44a3-95a8-d55d99cb96c1" />
</Timelines>
</Segment>
<Segment duration="1697" startOffset="935700" endOffset="937398">
<File name="chunk-00015" type="av">
<FileVariant size="67" variant="04f9b0a5-b497-44a3-95a8-d55d99cb96c1" />
</File>
<Timelines>
<Transcode startTime="281" endTime="319" complete="1" fileType="av" variant="04f9b0a5-b497-44a3-95a8-d55d99cb96c1" />
</Timelines>
</Segment>
<Segment duration="3656" startOffset="938573" endOffset="942229">
<File name="chunk-00016" type="av">
<FileVariant size="78" variant="04f9b0a5-b497-44a3-95a8-d55d99cb96c1" />
</File>
<Timelines>
<Transcode startTime="319" endTime="363" complete="1" fileType="av" variant="04f9b0a5-b497-44a3-95a8-d55d99cb96c1" />
</Timelines>
</Segment>
<Segment duration="1437" startOffset="945884" endOffset="947321">
<File name="chunk-00017" type="av">
<FileVariant size="52" variant="04f9b0a5-b497-44a3-95a8-d55d99cb96c1" />
</File>
<Timelines>
<Transcode startTime="363" endTime="370" complete="1" fileType="av" variant="04f9b0a5-b497-44a3-95a8-d55d99cb96c1" />
</Timelines>
</Segment>
<Segment duration="1305" startOffset="950237" endOffset="951542">
<File name="chunk-00018" type="av">
<FileVariant size="49" variant="04f9b0a5-b497-44a3-95a8-d55d99cb96c1" />
</File>
<Timelines>
<Transcode startTime="370" endTime="433" complete="1" fileType="av" variant="04f9b0a5-b497-44a3-95a8-d55d99cb96c1" />
</Timelines>
</Segment>
<Segment duration="2263" startOffset="954110" endOffset="956373">
<File name="chunk-00019" type="av">
<FileVariant size="55" variant="04f9b0a5-b497-44a3-95a8-d55d99cb96c1" />
</File>
<Timelines>
<Transcode startTime="433" endTime="503" complete="1" fileType="av" variant="04f9b0a5-b497-44a3-95a8-d55d99cb96c1" />
</Timelines>
</Segment>
<Segment duration="3567" startOffset="958985" endOffset="962552">
<File name="chunk-00020" type="av">
<FileVariant size="54" variant="04f9b0a5-b497-44a3-95a8-d55d99cb96c1" />
</File>
<Timelines>
<Transcode startTime="503" endTime="504" complete="1" fileType="av" variant="04f9b0a5-b497-44a3-95a8-d55d99cb96c1" />
</Timelines>
</Segment>
<Segment duration="1043" startOffset="962553" endOffset="963597">
<File name="chunk-00021" type="av">
<FileVariant size="39" variant="04f9b0a5-b497-44a3-95a8-d55d99cb96c1" />
</File>
<Timelines>
<Transcode startTime="504" endTime="505" complete="1" fileType="av" variant="04f9b0a5-b497-44a3-95a8-d55d99cb96c1" />
</Timelines>
</Segment>
<Segment duration="1956" startOffset="963598" endOffset="965555">
<File name="chunk-00022" type="av">
<FileVariant size="58" variant="04f9b0a5-b497-44a3-95a8-d55d99cb96c1" />
</File>
<Timelines>
<Transcode startTime="505" endTime="578" complete="1" fileType="av" variant="04f9b0a5-b497-44a3-95a8-d55d99cb96c1" />
</Timelines>
</Segment>
<Segment duration="1741" startOffset="969430" endOffset="971171">
<File name="chunk-00023" type="av">
<FileVariant size="38" variant="04f9b0a5-b497-44a3-95a8-d55d99cb96c1" />
</File>
<Timelines>
<Transcode startTime="578" endTime="685" complete="1" fileType="av" variant="04f9b0a5-b497-44a3-95a8-d55d99cb96c1" />
</Timelines>
</Segment>
<Segment duration="2393" startOffset="976132" endOffset="978525">
<File name="chunk-00024" type="av">
<FileVariant size="67" variant="04f9b0a5-b497-44a3-95a8-d55d99cb96c1" />
</File>
<Timelines>
<Transcode startTime="685" endTime="686" complete="1" fileType="av" variant="04f9b0a5-b497-44a3-95a8-d55d99cb96c1" />
</Timelines>
</Segment>
<Segment duration="2132" startOffset="978526" endOffset="980658">
<File name="chunk-00025" type="av">
<FileVariant size="74" variant="04f9b0a5-b497-44a3-95a8-d55d99cb96c1" />
</File>
<Timelines>
<Transcode startTime="686" endTime="711" complete="1" fileType="av" variant="04f9b0a5-b497-44a3-95a8-d55d99cb96c1" />
</Timelines>
</Segment>
<Segment duration="1000" startOffset="983879" endOffset="984880">
<File name="chunk-00026" type="av">
<FileVariant size="40" variant="04f9b0a5-b497-44a3-95a8-d55d99cb96c1" />
</File>
<Timelines>
<Transcode startTime="711" endTime="748" complete="1" fileType="av" variant="04f9b0a5-b497-44a3-95a8-d55d99cb96c1" />
</Timelines>
</Segment>
<Segment duration="2044" startOffset="986142" endOffset="988187">
<File name="chunk-00027" type="av">
<FileVariant size="46" variant="04f9b0a5-b497-44a3-95a8-d55d99cb96c1" />
</File>
<Timelines>
<Transcode startTime="748" endTime="905" complete="1" fileType="av" variant="04f9b0a5-b497-44a3-95a8-d55d99cb96c1" />
</Timelines>
</Segment>
<Segment duration="3264" startOffset="996761" endOffset="1000025">
<File name="chunk-00028" type="av">
<FileVariant size="39" variant="04f9b0a5-b497-44a3-95a8-d55d99cb96c1" />
</File>
<Timelines>
<Transcode startTime="905" endTime="911" complete="1" fileType="av" variant="04f9b0a5-b497-44a3-95a8-d55d99cb96c1" />
</Timelines>
</Segment>
<Segment duration="4568" startOffset="1000026" endOffset="1004594">
<File name="chunk-00029" type="av">
<FileVariant size="82" variant="04f9b0a5-b497-44a3-95a8-d55d99cb96c1" />
</File>
<Timelines>
<Transcode startTime="911" endTime="1098" complete="1" fileType="av" variant="04f9b0a5-b497-44a3-95a8-d55d99cb96c1" />
</Timelines>
</Segment>
<Segment duration="2610" startOffset="1004595" endOffset="1007206">
<File name="chunk-00030" type="av">
<FileVariant size="53" variant="04f9b0a5-b497-44a3-95a8-d55d99cb96c1" />
</File>
<Timelines>
<Transcode startTime="1098" endTime="1103" complete="1" fileType="av" variant="04f9b0a5-b497-44a3-95a8-d55d99cb96c1" />
</Timelines>
</Segment>
<Segment duration="1696" startOffset="1007207" endOffset="1008903">
<File name="chunk-00031" type="av">
<FileVariant size="54" variant="04f9b0a5-b497-44a3-95a8-d55d99cb96c1" />
</File>
<Timelines>
<Transcode startTime="1103" endTime="1159" complete="1" fileType="av" variant="04f9b0a5-b497-44a3-95a8-d55d99cb96c1" />
</Timelines>
</Segment>
<Segment duration="3828" startOffset="1008904" endOffset="1012733">
<File name="chunk-00032" type="av">
<FileVariant size="95" variant="04f9b0a5-b497-44a3-95a8-d55d99cb96c1" />
</File>
<Timelines>
<Transcode startTime="1159" endTime="1402" complete="1" fileType="av" variant="04f9b0a5-b497-44a3-95a8-d55d99cb96c1" />
</Timelines>
</Segment>
<Segment duration="1390" startOffset="1015215" endOffset="1016606">
<File name="chunk-00033" type="av">
<FileVariant size="38" variant="04f9b0a5-b497-44a3-95a8-d55d99cb96c1" />
</File>
<Timelines>
<Transcode startTime="1402" endTime="1407" complete="1" fileType="av" variant="04f9b0a5-b497-44a3-95a8-d55d99cb96c1" />
</Timelines>
</Segment>
<Segment duration="2610" startOffset="1019088" endOffset="1021699">
<File name="chunk-00034" type="av">
<FileVariant size="47" variant="04f9b0a5-b497-44a3-95a8-d55d99cb96c1" />
</File>
<Timelines>
<Transcode startTime="1407" endTime="1672" complete="1" fileType="av" variant="04f9b0a5-b497-44a3-95a8-d55d99cb96c1" />
</Timelines>
</Segment>
<Segment duration="4264" startOffset="1029185" endOffset="1033449">
<File name="chunk-00035" type="av">
<FileVariant size="81" variant="04f9b0a5-b497-44a3-95a8-d55d99cb96c1" />
</File>
<Timelines>
<Transcode startTime="1672" endTime="2049" complete="1" fileType="av" variant="04f9b0a5-b497-44a3-95a8-d55d99cb96c1" />
</Timelines>
</Segment>
<Segment duration="1218" startOffset="1040848" endOffset="1042067">
<File name="chunk-00036" type="av">
<FileVariant size="40" variant="04f9b0a5-b497-44a3-95a8-d55d99cb96c1" />
</File>
<Timelines>
<Transcode startTime="2049" endTime="2209" complete="1" fileType="av" variant="04f9b0a5-b497-44a3-95a8-d55d99cb96c1" />
</Timelines>
</Segment>
<Segment duration="1913" startOffset="1050685" endOffset="1052599">
<File name="chunk-00037" type="av">
<FileVariant size="56" variant="04f9b0a5-b497-44a3-95a8-d55d99cb96c1" />
</File>
<Timelines>
<Transcode startTime="2209" endTime="2272" complete="1" fileType="av" variant="04f9b0a5-b497-44a3-95a8-d55d99cb96c1" />
</Timelines>
</Segment>
<Segment duration="2567" startOffset="1052600" endOffset="1055168">
<File name="chunk-00038" type="av">
<FileVariant size="65" variant="04f9b0a5-b497-44a3-95a8-d55d99cb96c1" />
</File>
<Timelines>
<Transcode startTime="2272" endTime="2331" complete="1" fileType="av" variant="04f9b0a5-b497-44a3-95a8-d55d99cb96c1" />
</Timelines>
</Segment>
<Segment duration="1044" startOffset="1058475" endOffset="1059519">
<File name="chunk-00039" type="av">
<FileVariant size="39" variant="04f9b0a5-b497-44a3-95a8-d55d99cb96c1" />
</File>
<Timelines>
<Transcode startTime="2331" endTime="2400" complete="1" fileType="av" variant="04f9b0a5-b497-44a3-95a8-d55d99cb96c1" />
</Timelines>
</Segment>
<Segment duration="2958" startOffset="1063132" endOffset="1066091">
<File name="chunk-00040" type="av">
<FileVariant size="53" variant="04f9b0a5-b497-44a3-95a8-d55d99cb96c1" />
</File>
<Timelines>
<Transcode startTime="2400" endTime="2473" complete="1" fileType="av" variant="04f9b0a5-b497-44a3-95a8-d55d99cb96c1" />
</Timelines>
</Segment>
<Segment duration="1304" startOffset="1066092" endOffset="1067397">
<File name="chunk-00041" type="av">
<FileVariant size="44" variant="04f9b0a5-b497-44a3-95a8-d55d99cb96c1" />
</File>
<Timelines>
<Transcode startTime="2473" endTime="2530" complete="1" fileType="av" variant="04f9b0a5-b497-44a3-95a8-d55d99cb96c1" />
</Timelines>
</Segment>
<Segment duration="1740" startOffset="1070444" endOffset="1072184">
<File name="chunk-00042" type="av">
<FileVariant size="40" variant="04f9b0a5-b497-44a3-95a8-d55d99cb96c1" />
</File>
<Timelines>
<Transcode startTime="2530" endTime="2548" complete="1" fileType="av" variant="04f9b0a5-b497-44a3-95a8-d55d99cb96c1" />
</Timelines>
</Segment>
<Segment duration="2914" startOffset="1072185" endOffset="1075100">
<File name="chunk-00043" type="av">
<FileVariant size="76" variant="04f9b0a5-b497-44a3-95a8-d55d99cb96c1" />
</File>
<Timelines>
<Transcode startTime="2548" endTime="2626" complete="1" fileType="av" variant="04f9b0a5-b497-44a3-95a8-d55d99cb96c1" />
</Timelines>
</Segment>
<Segment duration="1565" startOffset="1075101" endOffset="1076667">
<File name="chunk-00044" type="av">
<FileVariant size="60" variant="04f9b0a5-b497-44a3-95a8-d55d99cb96c1" />
</File>
<Timelines>
<Transcode startTime="2626" endTime="2674" complete="1" fileType="av" variant="04f9b0a5-b497-44a3-95a8-d55d99cb96c1" />
</Timelines>
</Segment>
<Segment duration="3437" startOffset="1077973" endOffset="1081410">
<File name="chunk-00045" type="av">
<FileVariant size="69" variant="04f9b0a5-b497-44a3-95a8-d55d99cb96c1" />
</File>
<Timelines>
<Transcode startTime="2674" endTime="2679" complete="1" fileType="av" variant="04f9b0a5-b497-44a3-95a8-d55d99cb96c1" />
</Timelines>
</Segment>
<Segment duration="3001" startOffset="1081411" endOffset="1084413">
<File name="chunk-00046" type="av">
<FileVariant size="69" variant="04f9b0a5-b497-44a3-95a8-d55d99cb96c1" />
</File>
<Timelines>
<Transcode startTime="2679" endTime="2680" complete="1" fileType="av" variant="04f9b0a5-b497-44a3-95a8-d55d99cb96c1" />
</Timelines>
</Segment>
<Segment duration="3351" startOffset="1084414" endOffset="1087765">
<File name="chunk-00047" type="av">
<FileVariant size="71" variant="04f9b0a5-b497-44a3-95a8-d55d99cb96c1" />
</File>
<Timelines>
<Transcode startTime="2680" endTime="2797" complete="1" fileType="av" variant="04f9b0a5-b497-44a3-95a8-d55d99cb96c1" />
</Timelines>
</Segment>
<Segment duration="3046" startOffset="1089680" endOffset="1092726">
<File name="chunk-00048" type="av">
<FileVariant size="82" variant="04f9b0a5-b497-44a3-95a8-d55d99cb96c1" />
</File>
<Timelines>
<Transcode startTime="2797" endTime="3422" complete="1" fileType="av" variant="04f9b0a5-b497-44a3-95a8-d55d99cb96c1" />
</Timelines>
</Segment>
<Segment duration="3175" startOffset="1114009" endOffset="1117185">
<File name="chunk-00049" type="av">
<FileVariant size="68" variant="04f9b0a5-b497-44a3-95a8-d55d99cb96c1" />
</File>
<Timelines>
<Transcode startTime="3422" endTime="3514" complete="1" fileType="av" variant="04f9b0a5-b497-44a3-95a8-d55d99cb96c1" />
</Timelines>
</Segment>
<Segment duration="1521" startOffset="1119101" endOffset="1120623">
<File name="chunk-00050" type="av">
<FileVariant size="39" variant="04f9b0a5-b497-44a3-95a8-d55d99cb96c1" />
</File>
<Timelines>
<Transcode startTime="3514" endTime="3586" complete="1" fileType="av" variant="04f9b0a5-b497-44a3-95a8-d55d99cb96c1" />
</Timelines>
</Segment>
<Segment duration="3176" startOffset="1120624" endOffset="1123801">
<File name="chunk-00051" type="av">
<FileVariant size="63" variant="04f9b0a5-b497-44a3-95a8-d55d99cb96c1" />
</File>
<Timelines>
<Transcode startTime="3586" endTime="3669" complete="1" fileType="av" variant="04f9b0a5-b497-44a3-95a8-d55d99cb96c1" />
</Timelines>
</Segment>
<Segment duration="913" startOffset="1124324" endOffset="1125237">
<File name="chunk-00052" type="av">
<FileVariant size="44" variant="04f9b0a5-b497-44a3-95a8-d55d99cb96c1" />
</File>
<Timelines>
<Transcode startTime="3669" endTime="4516" complete="1" fileType="av" variant="04f9b0a5-b497-44a3-95a8-d55d99cb96c1" />
</Timelines>
</Segment>
<Segment duration="1130" startOffset="1150219" endOffset="1151350">
<File name="chunk-00053" type="av">
<FileVariant size="43" variant="04f9b0a5-b497-44a3-95a8-d55d99cb96c1" />
</File>
<Timelines>
<Transcode startTime="4516" endTime="4873" complete="1" fileType="av" variant="04f9b0a5-b497-44a3-95a8-d55d99cb96c1" />
</Timelines>
</Segment>
<Segment duration="1826" startOffset="1164277" endOffset="1166103">
<File name="chunk-00054" type="av">
<FileVariant size="69" variant="04f9b0a5-b497-44a3-95a8-d55d99cb96c1" />
</File>
<Timelines>
<Transcode startTime="4873" endTime="4962" complete="1" fileType="av" variant="04f9b0a5-b497-44a3-95a8-d55d99cb96c1" />
</Timelines>
</Segment>
<Segment duration="1783" startOffset="1166104" endOffset="1167888">
<File name="chunk-00055" type="av">
<FileVariant size="63" variant="04f9b0a5-b497-44a3-95a8-d55d99cb96c1" />
</File>
<Timelines>
<Transcode startTime="4962" endTime="5117" complete="1" fileType="av" variant="04f9b0a5-b497-44a3-95a8-d55d99cb96c1" />
</Timelines>
</Segment>
<Segment duration="3001" startOffset="1172546" endOffset="1175548">
<File name="chunk-00056" type="av">
<FileVariant size="75" variant="04f9b0a5-b497-44a3-95a8-d55d99cb96c1" />
</File>
<Timelines>
<Transcode startTime="5117" endTime="5124" complete="1" fileType="av" variant="04f9b0a5-b497-44a3-95a8-d55d99cb96c1" />
</Timelines>
</Segment>
<Segment duration="2697" startOffset="1175549" endOffset="1178246">
<File name="chunk-00057" type="av">
<FileVariant size="56" variant="04f9b0a5-b497-44a3-95a8-d55d99cb96c1" />
</File>
<Timelines>
<Transcode startTime="5124" endTime="5193" complete="1" fileType="av" variant="04f9b0a5-b497-44a3-95a8-d55d99cb96c1" />
</Timelines>
</Segment>
<Segment duration="2435" startOffset="1178247" endOffset="1180683">
<File name="chunk-00058" type="av">
<FileVariant size="58" variant="04f9b0a5-b497-44a3-95a8-d55d99cb96c1" />
</File>
<Timelines>
<Transcode startTime="5193" endTime="5573" complete="1" fileType="av" variant="04f9b0a5-b497-44a3-95a8-d55d99cb96c1" />
</Timelines>
</Segment>
<Segment duration="1696" startOffset="1186168" endOffset="1187864">
<File name="chunk-00059" type="av">
<FileVariant size="39" variant="04f9b0a5-b497-44a3-95a8-d55d99cb96c1" />
</File>
<Timelines>
<Transcode startTime="5573" endTime="5578" complete="1" fileType="av" variant="04f9b0a5-b497-44a3-95a8-d55d99cb96c1" />
</Timelines>
</Segment>
<Segment duration="3438" startOffset="1189606" endOffset="1193044">
<File name="chunk-00060" type="av">
<FileVariant size="56" variant="04f9b0a5-b497-44a3-95a8-d55d99cb96c1" />
</File>
<Timelines>
<Transcode startTime="5578" endTime="5735" complete="1" fileType="av" variant="04f9b0a5-b497-44a3-95a8-d55d99cb96c1" />
</Timelines>
</Segment>
<Segment duration="1216" startOffset="1194220" endOffset="1195437">
<File name="chunk-00061" type="av">
<FileVariant size="40" variant="04f9b0a5-b497-44a3-95a8-d55d99cb96c1" />
</File>
<Timelines>
<Transcode startTime="5735" endTime="5790" complete="1" fileType="av" variant="04f9b0a5-b497-44a3-95a8-d55d99cb96c1" />
</Timelines>
</Segment>
<Segment duration="1478" startOffset="1195438" endOffset="1196917">
<File name="chunk-00062" type="av">
<FileVariant size="41" variant="04f9b0a5-b497-44a3-95a8-d55d99cb96c1" />
</File>
<Timelines>
<Transcode startTime="5790" endTime="5796" complete="1" fileType="av" variant="04f9b0a5-b497-44a3-95a8-d55d99cb96c1" />
</Timelines>
</Segment>
<Segment duration="1826" startOffset="1196918" endOffset="1198745">
<File name="chunk-00063" type="av">
<FileVariant size="39" variant="04f9b0a5-b497-44a3-95a8-d55d99cb96c1" />
</File>
<Timelines>
<Transcode startTime="5796" endTime="5874" complete="1" fileType="av" variant="04f9b0a5-b497-44a3-95a8-d55d99cb96c1" />
</Timelines>
</Segment>
<Segment duration="3305" startOffset="1198746" endOffset="1202052">
<File name="chunk-00064" type="av">
<FileVariant size="91" variant="04f9b0a5-b497-44a3-95a8-d55d99cb96c1" />
</File>
<Timelines>
<Transcode startTime="5874" endTime="5938" complete="1" fileType="av" variant="04f9b0a5-b497-44a3-95a8-d55d99cb96c1" />
</Timelines>
</Segment>
<Segment duration="1784" startOffset="1202053" endOffset="1203838">
<File name="chunk-00065" type="av">
<FileVariant size="55" variant="04f9b0a5-b497-44a3-95a8-d55d99cb96c1" />
</File>
<Timelines>
<Transcode startTime="5938" endTime="5983" complete="1" fileType="av" variant="04f9b0a5-b497-44a3-95a8-d55d99cb96c1" />
</Timelines>
</Segment>
<Segment duration="1609" startOffset="1204708" endOffset="1206318">
<File name="chunk-00066" type="av">
<FileVariant size="62" variant="04f9b0a5-b497-44a3-95a8-d55d99cb96c1" />
</File>
<Timelines>
<Transcode startTime="5983" endTime="5983" complete="1" fileType="av" variant="04f9b0a5-b497-44a3-95a8-d55d99cb96c1" />
</Timelines>
</Segment>
<Segment duration="1304" startOffset="1206319" endOffset="1207623">
<File name="chunk-00067" type="av">
<FileVariant size="54" variant="04f9b0a5-b497-44a3-95a8-d55d99cb96c1" />
</File>
<Timelines>
<Transcode startTime="5983" endTime="5988" complete="1" fileType="av" variant="04f9b0a5-b497-44a3-95a8-d55d99cb96c1" />
</Timelines>
</Segment>
<Segment duration="1696" startOffset="1207624" endOffset="1209321">
<File name="chunk-00068" type="av">
<FileVariant size="70" variant="04f9b0a5-b497-44a3-95a8-d55d99cb96c1" />
</File>
<Timelines>
<Transcode startTime="5988" endTime="6042" complete="1" fileType="av" variant="04f9b0a5-b497-44a3-95a8-d55d99cb96c1" />
</Timelines>
</Segment>
<Segment duration="3132" startOffset="1209322" endOffset="1212454">
<File name="chunk-00069" type="av">
<FileVariant size="65" variant="04f9b0a5-b497-44a3-95a8-d55d99cb96c1" />
</File>
<Timelines>
<Transcode startTime="6042" endTime="6089" complete="1" fileType="av" variant="04f9b0a5-b497-44a3-95a8-d55d99cb96c1" />
</Timelines>
</Segment>
<Segment duration="5004" startOffset="1212455" endOffset="1217459">
<File name="chunk-00070" type="av">
<FileVariant size="78" variant="04f9b0a5-b497-44a3-95a8-d55d99cb96c1" />
</File>
<Timelines>
<Transcode startTime="6089" endTime="6201" complete="1" fileType="av" variant="04f9b0a5-b497-44a3-95a8-d55d99cb96c1" />
</Timelines>
</Segment>
<Segment duration="2740" startOffset="1217460" endOffset="1220201">
<File name="chunk-00071" type="av">
<FileVariant size="62" variant="04f9b0a5-b497-44a3-95a8-d55d99cb96c1" />
</File>
<Timelines>
<Transcode startTime="6201" endTime="6206" complete="1" fileType="av" variant="04f9b0a5-b497-44a3-95a8-d55d99cb96c1" />
</Timelines>
</Segment>
<Segment duration="3394" startOffset="1220202" endOffset="1223597">
<File name="chunk-00072" type="av">
<FileVariant size="74" variant="04f9b0a5-b497-44a3-95a8-d55d99cb96c1" />
</File>
<Timelines>
<Transcode startTime="6206" endTime="6416" complete="1" fileType="av" variant="04f9b0a5-b497-44a3-95a8-d55d99cb96c1" />
</Timelines>
</Segment>
<Segment duration="1740" startOffset="1226948" endOffset="1228688">
<File name="chunk-00073" type="av">
<FileVariant size="41" variant="04f9b0a5-b497-44a3-95a8-d55d99cb96c1" />
</File>
<Timelines>
<Transcode startTime="6416" endTime="6416" complete="1" fileType="av" variant="04f9b0a5-b497-44a3-95a8-d55d99cb96c1" />
</Timelines>
</Segment>
<Segment duration="1608" startOffset="1228689" endOffset="1230298">
<File name="chunk-00074" type="av">
<FileVariant size="55" variant="04f9b0a5-b497-44a3-95a8-d55d99cb96c1" />
</File>
<Timelines>
<Transcode startTime="6416" endTime="6420" complete="1" fileType="av" variant="04f9b0a5-b497-44a3-95a8-d55d99cb96c1" />
</Timelines>
</Segment>
<Segment duration="1434" startOffset="1230299" endOffset="1231734">
<File name="chunk-00075" type="av">
<FileVariant size="57" variant="04f9b0a5-b497-44a3-95a8-d55d99cb96c1" />
</File>
<Timelines>
<Transcode startTime="6420" endTime="6525" complete="1" fileType="av" variant="04f9b0a5-b497-44a3-95a8-d55d99cb96c1" />
</Timelines>
</Segment>
<Segment duration="1347" startOffset="1233259" endOffset="1234607">
<File name="chunk-00076" type="av">
<FileVariant size="42" variant="04f9b0a5-b497-44a3-95a8-d55d99cb96c1" />
</File>
<Timelines>
<Transcode startTime="6525" endTime="6530" complete="1" fileType="av" variant="04f9b0a5-b497-44a3-95a8-d55d99cb96c1" />
</Timelines>
</Segment>
<Segment duration="1522" startOffset="1234608" endOffset="1236130">
<File name="chunk-00077" type="av">
<FileVariant size="60" variant="04f9b0a5-b497-44a3-95a8-d55d99cb96c1" />
</File>
<Timelines>
<Transcode startTime="6530" endTime="6560" complete="1" fileType="av" variant="04f9b0a5-b497-44a3-95a8-d55d99cb96c1" />
</Timelines>
</Segment>
<Segment duration="2870" startOffset="1236131" endOffset="1239002">
<File name="chunk-00078" type="av">
<FileVariant size="83" variant="04f9b0a5-b497-44a3-95a8-d55d99cb96c1" />
</File>
<Timelines>
<Transcode startTime="6560" endTime="6669" complete="1" fileType="av" variant="04f9b0a5-b497-44a3-95a8-d55d99cb96c1" />
</Timelines>
</Segment>
<Segment duration="4134" startOffset="1239003" endOffset="1243137">
<File name="chunk-00079" type="av">
<FileVariant size="76" variant="04f9b0a5-b497-44a3-95a8-d55d99cb96c1" />
</File>
<Timelines>
<Transcode startTime="6669" endTime="6772" complete="1" fileType="av" variant="04f9b0a5-b497-44a3-95a8-d55d99cb96c1" />
</Timelines>
</Segment>
<Segment duration="3524" startOffset="1243138" endOffset="1246662">
<File name="chunk-00080" type="av">
<FileVariant size="77" variant="04f9b0a5-b497-44a3-95a8-d55d99cb96c1" />
</File>
<Timelines>
<Transcode startTime="6772" endTime="6820" complete="1" fileType="av" variant="04f9b0a5-b497-44a3-95a8-d55d99cb96c1" />
</Timelines>
</Segment>
<Segment duration="1305" startOffset="1246663" endOffset="1247968">
<File name="chunk-00081" type="av">
<FileVariant size="59" variant="04f9b0a5-b497-44a3-95a8-d55d99cb96c1" />
</File>
<Timelines>
<Transcode startTime="6820" endTime="6898" complete="1" fileType="av" variant="04f9b0a5-b497-44a3-95a8-d55d99cb96c1" />
</Timelines>
</Segment>
<Segment duration="1347" startOffset="1247969" endOffset="1249317">
<File name="chunk-00082" type="av">
<FileVariant size="45" variant="04f9b0a5-b497-44a3-95a8-d55d99cb96c1" />
</File>
<Timelines>
<Transcode startTime="6898" endTime="6899" complete="1" fileType="av" variant="04f9b0a5-b497-44a3-95a8-d55d99cb96c1" />
</Timelines>
</Segment>
<Segment duration="2087" startOffset="1249318" endOffset="1251406">
<File name="chunk-00083" type="av">
<FileVariant size="82" variant="04f9b0a5-b497-44a3-95a8-d55d99cb96c1" />
</File>
<Timelines>
<Transcode startTime="6899" endTime="7005" complete="1" fileType="av" variant="04f9b0a5-b497-44a3-95a8-d55d99cb96c1" />
</Timelines>
</Segment>
<Segment duration="3741" startOffset="1251407" endOffset="1255149">
<File name="chunk-00084" type="av">
<FileVariant size="106" variant="04f9b0a5-b497-44a3-95a8-d55d99cb96c1" />
</File>
<Timelines>
<Transcode startTime="7005" endTime="7005" complete="1" fileType="av" variant="04f9b0a5-b497-44a3-95a8-d55d99cb96c1" />
</Timelines>
</Segment>
<Segment duration="2740" startOffset="1255150" endOffset="1257891">
<File name="chunk-00085" type="av">
<FileVariant size="63" variant="04f9b0a5-b497-44a3-95a8-d55d99cb96c1" />
</File>
<Timelines>
<Transcode startTime="7005" endTime="7024" complete="1" fileType="av" variant="04f9b0a5-b497-44a3-95a8-d55d99cb96c1" />
</Timelines>
</Segment>
<Segment duration="3088" startOffset="1257892" endOffset="1260981">
<File name="chunk-00086" type="av">
<FileVariant size="68" variant="04f9b0a5-b497-44a3-95a8-d55d99cb96c1" />
</File>
<Timelines>
<Transcode startTime="7024" endTime="7191" complete="1" fileType="av" variant="04f9b0a5-b497-44a3-95a8-d55d99cb96c1" />
</Timelines>
</Segment>
<Segment duration="3741" startOffset="1260982" endOffset="1264724">
<File name="chunk-00087" type="av">
<FileVariant size="74" variant="04f9b0a5-b497-44a3-95a8-d55d99cb96c1" />
</File>
<Timelines>
<Transcode startTime="7191" endTime="7319" complete="1" fileType="av" variant="04f9b0a5-b497-44a3-95a8-d55d99cb96c1" />
</Timelines>
</Segment>
<Segment duration="2392" startOffset="1264725" endOffset="1267117">
<File name="chunk-00088" type="av">
<FileVariant size="55" variant="04f9b0a5-b497-44a3-95a8-d55d99cb96c1" />
</File>
<Timelines>
<Transcode startTime="7319" endTime="7399" complete="1" fileType="av" variant="04f9b0a5-b497-44a3-95a8-d55d99cb96c1" />
</Timelines>
</Segment>
<Segment duration="1784" startOffset="1267118" endOffset="1268902">
<File name="chunk-00089" type="av">
<FileVariant size="70" variant="04f9b0a5-b497-44a3-95a8-d55d99cb96c1" />
</File>
<Timelines>
<Transcode startTime="7399" endTime="7422" complete="1" fileType="av" variant="04f9b0a5-b497-44a3-95a8-d55d99cb96c1" />
</Timelines>
</Segment>
<Segment duration="1479" startOffset="1268903" endOffset="1270382">
<File name="chunk-00090" type="av">
<FileVariant size="58" variant="04f9b0a5-b497-44a3-95a8-d55d99cb96c1" />
</File>
<Timelines>
<Transcode startTime="7422" endTime="7469" complete="1" fileType="av" variant="04f9b0a5-b497-44a3-95a8-d55d99cb96c1" />
</Timelines>
</Segment>
<Segment duration="2609" startOffset="1270383" endOffset="1272993">
<File name="chunk-00091" type="av">
<FileVariant size="58" variant="04f9b0a5-b497-44a3-95a8-d55d99cb96c1" />
</File>
<Timelines>
<Transcode startTime="7469" endTime="7613" complete="1" fileType="av" variant="04f9b0a5-b497-44a3-95a8-d55d99cb96c1" />
</Timelines>
</Segment>
<Segment duration="2306" startOffset="1272994" endOffset="1275300">
<File name="chunk-00092" type="av">
<FileVariant size="62" variant="04f9b0a5-b497-44a3-95a8-d55d99cb96c1" />
</File>
<Timelines>
<Transcode startTime="7613" endTime="7614" complete="1" fileType="av" variant="04f9b0a5-b497-44a3-95a8-d55d99cb96c1" />
</Timelines>
</Segment>
<Segment duration="2087" startOffset="1275301" endOffset="1277389">
<File name="chunk-00093" type="av">
<FileVariant size="49" variant="04f9b0a5-b497-44a3-95a8-d55d99cb96c1" />
</File>
<Timelines>
<Transcode startTime="7614" endTime="7737" complete="1" fileType="av" variant="04f9b0a5-b497-44a3-95a8-d55d99cb96c1" />
</Timelines>
</Segment>
<Segment duration="2348" startOffset="1277390" endOffset="1279739">
<File name="chunk-00094" type="av">
<FileVariant size="49" variant="04f9b0a5-b497-44a3-95a8-d55d99cb96c1" />
</File>
<Timelines>
<Transcode startTime="7737" endTime="7743" complete="1" fileType="av" variant="04f9b0a5-b497-44a3-95a8-d55d99cb96c1" />
</Timelines>
</Segment>
<Segment duration="2479" startOffset="1279740" endOffset="1282219">
<File name="chunk-00095" type="av">
<FileVariant size="49" variant="04f9b0a5-b497-44a3-95a8-d55d99cb96c1" />
</File>
<Timelines>
<Transcode startTime="7743" endTime="8197" complete="1" fileType="av" variant="04f9b0a5-b497-44a3-95a8-d55d99cb96c1" />
</Timelines>
</Segment>
<Segment duration="2261" startOffset="1292448" endOffset="1294710">
<File name="chunk-00096" type="av">
<FileVariant size="49" variant="04f9b0a5-b497-44a3-95a8-d55d99cb96c1" />
</File>
<Timelines>
<Transcode startTime="8197" endTime="8455" complete="1" fileType="av" variant="04f9b0a5-b497-44a3-95a8-d55d99cb96c1" />
</Timelines>
</Segment>
<Segment duration="1479" startOffset="1299412" endOffset="1300891">
<File name="chunk-00097" type="av">
<FileVariant size="38" variant="04f9b0a5-b497-44a3-95a8-d55d99cb96c1" />
</File>
<Timelines>
<Transcode startTime="8455" endTime="9010" complete="1" fileType="av" variant="04f9b0a5-b497-44a3-95a8-d55d99cb96c1" />
</Timelines>
</Segment>
<Segment duration="1217" startOffset="1312686" endOffset="1313903">
<File name="chunk-00098" type="av">
<FileVariant size="39" variant="04f9b0a5-b497-44a3-95a8-d55d99cb96c1" />
</File>
<Timelines>
<Transcode startTime="9010" endTime="9326" complete="1" fileType="av" variant="04f9b0a5-b497-44a3-95a8-d55d99cb96c1" />
</Timelines>
</Segment>
<Segment duration="1131" startOffset="1317386" endOffset="1318517">
<File name="chunk-00099" type="av">
<FileVariant size="41" variant="04f9b0a5-b497-44a3-95a8-d55d99cb96c1" />
</File>
<Timelines>
<Transcode startTime="9326" endTime="9965" complete="1" fileType="av" variant="04f9b0a5-b497-44a3-95a8-d55d99cb96c1" />
</Timelines>
</Segment>
<Segment duration="2522" startOffset="1325307" endOffset="1327830">
<File name="chunk-00100" type="av">
<FileVariant size="46" variant="04f9b0a5-b497-44a3-95a8-d55d99cb96c1" />
</File>
<Timelines>
<Transcode startTime="9965" endTime="10068" complete="1" fileType="av" variant="04f9b0a5-b497-44a3-95a8-d55d99cb96c1" />
</Timelines>
</Segment>
<Segment duration="2219" startOffset="1327831" endOffset="1330050">
<File name="chunk-00101" type="av">
<FileVariant size="53" variant="04f9b0a5-b497-44a3-95a8-d55d99cb96c1" />
</File>
<Timelines>
<Transcode startTime="10068" endTime="10193" complete="1" fileType="av" variant="04f9b0a5-b497-44a3-95a8-d55d99cb96c1" />
</Timelines>
</Segment>
<Segment duration="2349" startOffset="1330051" endOffset="1332400">
<File name="chunk-00102" type="av">
<FileVariant size="56" variant="04f9b0a5-b497-44a3-95a8-d55d99cb96c1" />
</File>
<Timelines>
<Transcode startTime="10193" endTime="11086" complete="1" fileType="av" variant="04f9b0a5-b497-44a3-95a8-d55d99cb96c1" />
</Timelines>
</Segment>
<Segment duration="1826" startOffset="1349244" endOffset="1351071">
<File name="chunk-00103" type="av">
<FileVariant size="52" variant="04f9b0a5-b497-44a3-95a8-d55d99cb96c1" />
</File>
<Timelines>
<Transcode startTime="11086" endTime="11125" complete="1" fileType="av" variant="04f9b0a5-b497-44a3-95a8-d55d99cb96c1" />
</Timelines>
</Segment>
<Segment duration="2654" startOffset="1351072" endOffset="1353726">
<File name="chunk-00104" type="av">
<FileVariant size="61" variant="04f9b0a5-b497-44a3-95a8-d55d99cb96c1" />
</File>
<Timelines>
<Transcode startTime="11125" endTime="11202" complete="1" fileType="av" variant="04f9b0a5-b497-44a3-95a8-d55d99cb96c1" />
</Timelines>
</Segment>
<Segment duration="1956" startOffset="1355555" endOffset="1357512">
<File name="chunk-00105" type="av">
<FileVariant size="68" variant="04f9b0a5-b497-44a3-95a8-d55d99cb96c1" />
</File>
<Timelines>
<Transcode startTime="11202" endTime="11225" complete="1" fileType="av" variant="04f9b0a5-b497-44a3-95a8-d55d99cb96c1" />
</Timelines>
</Segment>
<Segment duration="1958" startOffset="1357513" endOffset="1359471">
<File name="chunk-00106" type="av">
<FileVariant size="54" variant="04f9b0a5-b497-44a3-95a8-d55d99cb96c1" />
</File>
<Timelines>
<Transcode startTime="11225" endTime="11273" complete="1" fileType="av" variant="04f9b0a5-b497-44a3-95a8-d55d99cb96c1" />
</Timelines>
</Segment>
<Segment duration="3351" startOffset="1359472" endOffset="1362823">
<File name="chunk-00107" type="av">
<FileVariant size="76" variant="04f9b0a5-b497-44a3-95a8-d55d99cb96c1" />
</File>
<Timelines>
<Transcode startTime="11273" endTime="11326" complete="1" fileType="av" variant="04f9b0a5-b497-44a3-95a8-d55d99cb96c1" />
</Timelines>
</Segment>
<Segment duration="1826" startOffset="1363389" endOffset="1365215">
<File name="chunk-00108" type="av">
<FileVariant size="44" variant="04f9b0a5-b497-44a3-95a8-d55d99cb96c1" />
</File>
<Timelines>
<Transcode startTime="11326" endTime="11343" complete="1" fileType="av" variant="04f9b0a5-b497-44a3-95a8-d55d99cb96c1" />
</Timelines>
</Segment>
<Segment duration="1696" startOffset="1366304" endOffset="1368001">
<File name="chunk-00109" type="av">
<FileVariant size="47" variant="04f9b0a5-b497-44a3-95a8-d55d99cb96c1" />
</File>
<Timelines>
<Transcode startTime="11343" endTime="11393" complete="1" fileType="av" variant="04f9b0a5-b497-44a3-95a8-d55d99cb96c1" />
</Timelines>
</Segment>
<Segment duration="1260" startOffset="1370396" endOffset="1371657">
<File name="chunk-00110" type="av">
<FileVariant size="47" variant="04f9b0a5-b497-44a3-95a8-d55d99cb96c1" />
</File>
<Timelines>
<Transcode startTime="11393" endTime="11432" complete="1" fileType="av" variant="04f9b0a5-b497-44a3-95a8-d55d99cb96c1" />
</Timelines>
</Segment>
<Segment duration="2088" startOffset="1371658" endOffset="1373746">
<File name="chunk-00111" type="av">
<FileVariant size="51" variant="04f9b0a5-b497-44a3-95a8-d55d99cb96c1" />
</File>
<Timelines>
<Transcode startTime="11432" endTime="11541" complete="1" fileType="av" variant="04f9b0a5-b497-44a3-95a8-d55d99cb96c1" />
</Timelines>
</Segment>
<Segment duration="2480" startOffset="1376358" endOffset="1378838">
<File name="chunk-00112" type="av">
<FileVariant size="58" variant="04f9b0a5-b497-44a3-95a8-d55d99cb96c1" />
</File>
<Timelines>
<Transcode startTime="11541" endTime="11587" complete="1" fileType="av" variant="04f9b0a5-b497-44a3-95a8-d55d99cb96c1" />
</Timelines>
</Segment>
<Segment duration="3567" startOffset="1378839" endOffset="1382407">
<File name="chunk-00113" type="av">
<FileVariant size="78" variant="04f9b0a5-b497-44a3-95a8-d55d99cb96c1" />
</File>
<Timelines>
<Transcode startTime="11587" endTime="11797" complete="1" fileType="av" variant="04f9b0a5-b497-44a3-95a8-d55d99cb96c1" />
</Timelines>
</Segment>
<Segment duration="3828" startOffset="1382408" endOffset="1386236">
<File name="chunk-00114" type="av">
<FileVariant size="71" variant="04f9b0a5-b497-44a3-95a8-d55d99cb96c1" />
</File>
<Timelines>
<Transcode startTime="11797" endTime="11921" complete="1" fileType="av" variant="04f9b0a5-b497-44a3-95a8-d55d99cb96c1" />
</Timelines>
</Segment>
<Segment duration="1609" startOffset="1386237" endOffset="1387847">
<File name="chunk-00115" type="av">
<FileVariant size="63" variant="04f9b0a5-b497-44a3-95a8-d55d99cb96c1" />
</File>
<Timelines>
<Transcode startTime="11921" endTime="11960" complete="1" fileType="av" variant="04f9b0a5-b497-44a3-95a8-d55d99cb96c1" />
</Timelines>
</Segment>
<Segment duration="3263" startOffset="1387848" endOffset="1391111">
<File name="chunk-00116" type="av">
<FileVariant size="62" variant="04f9b0a5-b497-44a3-95a8-d55d99cb96c1" />
</File>
<Timelines>
<Transcode startTime="11960" endTime="12012" complete="1" fileType="av" variant="04f9b0a5-b497-44a3-95a8-d55d99cb96c1" />
</Timelines>
</Segment>
<Segment duration="2522" startOffset="1391112" endOffset="1393635">
<File name="chunk-00117" type="av">
<FileVariant size="62" variant="04f9b0a5-b497-44a3-95a8-d55d99cb96c1" />
</File>
<Timelines>
<Transcode startTime="12012" endTime="12069" complete="1" fileType="av" variant="04f9b0a5-b497-44a3-95a8-d55d99cb96c1" />
</Timelines>
</Segment>
<Segment duration="1740" startOffset="1393636" endOffset="1395376">
<File name="chunk-00118" type="av">
<FileVariant size="49" variant="04f9b0a5-b497-44a3-95a8-d55d99cb96c1" />
</File>
<Timelines>
<Transcode startTime="12069" endTime="12202" complete="1" fileType="av" variant="04f9b0a5-b497-44a3-95a8-d55d99cb96c1" />
</Timelines>
</Segment>
<Segment duration="2392" startOffset="1397640" endOffset="1400033">
<File name="chunk-00119" type="av">
<FileVariant size="48" variant="04f9b0a5-b497-44a3-95a8-d55d99cb96c1" />
</File>
<Timelines>
<Transcode startTime="12202" endTime="12266" complete="1" fileType="av" variant="04f9b0a5-b497-44a3-95a8-d55d99cb96c1" />
</Timelines>
</Segment>
<Segment duration="2783" startOffset="1400034" endOffset="1402818">
<File name="chunk-00120" type="av">
<FileVariant size="53" variant="04f9b0a5-b497-44a3-95a8-d55d99cb96c1" />
</File>
<Timelines>
<Transcode startTime="12266" endTime="12365" complete="1" fileType="av" variant="04f9b0a5-b497-44a3-95a8-d55d99cb96c1" />
</Timelines>
</Segment>
<Segment duration="2785" startOffset="1402819" endOffset="1405604">
<File name="chunk-00121" type="av">
<FileVariant size="65" variant="04f9b0a5-b497-44a3-95a8-d55d99cb96c1" />
</File>
<Timelines>
<Transcode startTime="12365" endTime="12403" complete="1" fileType="av" variant="04f9b0a5-b497-44a3-95a8-d55d99cb96c1" />
</Timelines>
</Segment>
<Segment duration="3523" startOffset="1405605" endOffset="1409129">
<File name="chunk-00122" type="av">
<FileVariant size="64" variant="04f9b0a5-b497-44a3-95a8-d55d99cb96c1" />
</File>
<Timelines>
<Transcode startTime="12403" endTime="12529" complete="1" fileType="av" variant="04f9b0a5-b497-44a3-95a8-d55d99cb96c1" />
</Timelines>
</Segment>
<Segment duration="3218" startOffset="1409130" endOffset="1412349">
<File name="chunk-00123" type="av">
<FileVariant size="72" variant="04f9b0a5-b497-44a3-95a8-d55d99cb96c1" />
</File>
<Timelines>
<Transcode startTime="12529" endTime="12684" complete="1" fileType="av" variant="04f9b0a5-b497-44a3-95a8-d55d99cb96c1" />
</Timelines>
</Segment>
<Segment duration="4700" startOffset="1412350" endOffset="1417050">
<File name="chunk-00124" type="av">
<FileVariant size="46" variant="04f9b0a5-b497-44a3-95a8-d55d99cb96c1" />
</File>
<Timelines>
<Transcode startTime="12684" endTime="13362" complete="1" fileType="av" variant="04f9b0a5-b497-44a3-95a8-d55d99cb96c1" />
</Timelines>
</Segment>
<Segment duration="2480" startOffset="1425973" endOffset="1428453">
<File name="chunk-00125" type="av">
<FileVariant size="73" variant="04f9b0a5-b497-44a3-95a8-d55d99cb96c1" />
</File>
<Timelines>
<Transcode startTime="13362" endTime="13469" complete="1" fileType="av" variant="04f9b0a5-b497-44a3-95a8-d55d99cb96c1" />
</Timelines>
</Segment>
<Segment duration="4438" startOffset="1428454" endOffset="1432892">
<File name="chunk-00126" type="av">
<FileVariant size="92" variant="04f9b0a5-b497-44a3-95a8-d55d99cb96c1" />
</File>
<Timelines>
<Transcode startTime="13469" endTime="14306" complete="1" fileType="av" variant="04f9b0a5-b497-44a3-95a8-d55d99cb96c1" />
</Timelines>
</Segment>
<Segment duration="3610" startOffset="1447690" endOffset="1451301">
<File name="chunk-00127" type="av">
<FileVariant size="73" variant="04f9b0a5-b497-44a3-95a8-d55d99cb96c1" />
</File>
<Timelines>
<Transcode startTime="14306" endTime="14312" complete="1" fileType="av" variant="04f9b0a5-b497-44a3-95a8-d55d99cb96c1" />
</Timelines>
</Segment>
<Segment duration="2350" startOffset="1451302" endOffset="1453652">
<File name="chunk-00128" type="av">
<FileVariant size="63" variant="04f9b0a5-b497-44a3-95a8-d55d99cb96c1" />
</File>
<Timelines>
<Transcode startTime="14312" endTime="14360" complete="1" fileType="av" variant="04f9b0a5-b497-44a3-95a8-d55d99cb96c1" />
</Timelines>
</Segment>
<Segment duration="2131" startOffset="1453653" endOffset="1455784">
<File name="chunk-00129" type="av">
<FileVariant size="68" variant="04f9b0a5-b497-44a3-95a8-d55d99cb96c1" />
</File>
<Timelines>
<Transcode startTime="14360" endTime="14365" complete="1" fileType="av" variant="04f9b0a5-b497-44a3-95a8-d55d99cb96c1" />
</Timelines>
</Segment>
<Segment duration="2087" startOffset="1455785" endOffset="1457873">
<File name="chunk-00130" type="av">
<FileVariant size="76" variant="04f9b0a5-b497-44a3-95a8-d55d99cb96c1" />
</File>
<Timelines>
<Transcode startTime="14365" endTime="14365" complete="1" fileType="av" variant="04f9b0a5-b497-44a3-95a8-d55d99cb96c1" />
</Timelines>
</Segment>
<Segment duration="2435" startOffset="1457874" endOffset="1460310">
<File name="chunk-00131" type="av">
<FileVariant size="78" variant="04f9b0a5-b497-44a3-95a8-d55d99cb96c1" />
</File>
<Timelines>
<Transcode startTime="14365" endTime="14413" complete="1" fileType="av" variant="04f9b0a5-b497-44a3-95a8-d55d99cb96c1" />
</Timelines>
</Segment>
<Segment duration="1566" startOffset="1460311" endOffset="1461877">
<File name="chunk-00132" type="av">
<FileVariant size="52" variant="04f9b0a5-b497-44a3-95a8-d55d99cb96c1" />
</File>
<Timelines>
<Transcode startTime="14413" endTime="14419" complete="1" fileType="av" variant="04f9b0a5-b497-44a3-95a8-d55d99cb96c1" />
</Timelines>
</Segment>
<Segment duration="2045" startOffset="1461878" endOffset="1463923">
<File name="chunk-00133" type="av">
<FileVariant size="56" variant="04f9b0a5-b497-44a3-95a8-d55d99cb96c1" />
</File>
<Timelines>
<Transcode startTime="14419" endTime="14419" complete="1" fileType="av" variant="04f9b0a5-b497-44a3-95a8-d55d99cb96c1" />
</Timelines>
</Segment>
<Segment duration="3959" startOffset="1463924" endOffset="1467883">
<File name="chunk-00134" type="av">
<FileVariant size="88" variant="04f9b0a5-b497-44a3-95a8-d55d99cb96c1" />
</File>
<Timelines>
<Transcode startTime="14419" endTime="14457" complete="1" fileType="av" variant="04f9b0a5-b497-44a3-95a8-d55d99cb96c1" />
</Timelines>
</Segment>
<Segment duration="2306" startOffset="1467884" endOffset="1470190">
<File name="chunk-00135" type="av">
<FileVariant size="65" variant="04f9b0a5-b497-44a3-95a8-d55d99cb96c1" />
</File>
<Timelines>
<Transcode startTime="14457" endTime="14458" complete="1" fileType="av" variant="04f9b0a5-b497-44a3-95a8-d55d99cb96c1" />
</Timelines>
</Segment>
<Segment duration="1566" startOffset="1470191" endOffset="1471757">
<File name="chunk-00136" type="av">
<FileVariant size="41" variant="04f9b0a5-b497-44a3-95a8-d55d99cb96c1" />
</File>
<Timelines>
<Transcode startTime="14458" endTime="14458" complete="1" fileType="av" variant="04f9b0a5-b497-44a3-95a8-d55d99cb96c1" />
</Timelines>
</Segment>
<Segment duration="3306" startOffset="1471758" endOffset="1475064">
<File name="chunk-00137" type="av">
<FileVariant size="70" variant="04f9b0a5-b497-44a3-95a8-d55d99cb96c1" />
</File>
<Timelines>
<Transcode startTime="14458" endTime="14463" complete="1" fileType="av" variant="04f9b0a5-b497-44a3-95a8-d55d99cb96c1" />
</Timelines>
</Segment>
<Segment duration="2131" startOffset="1475065" endOffset="1477197">
<File name="chunk-00138" type="av">
<FileVariant size="69" variant="04f9b0a5-b497-44a3-95a8-d55d99cb96c1" />
</File>
<Timelines>
<Transcode startTime="14463" endTime="14502" complete="1" fileType="av" variant="04f9b0a5-b497-44a3-95a8-d55d99cb96c1" />
</Timelines>
</Segment>
<Segment duration="1129" startOffset="1477198" endOffset="1478328">
<File name="chunk-00139" type="av">
<FileVariant size="61" variant="04f9b0a5-b497-44a3-95a8-d55d99cb96c1" />
</File>
<Timelines>
<Transcode startTime="14502" endTime="14502" complete="1" fileType="av" variant="04f9b0a5-b497-44a3-95a8-d55d99cb96c1" />
</Timelines>
</Segment>
<Segment duration="2263" startOffset="1478329" endOffset="1480592">
<File name="chunk-00140" type="av">
<FileVariant size="72" variant="04f9b0a5-b497-44a3-95a8-d55d99cb96c1" />
</File>
<Timelines>
<Transcode startTime="14502" endTime="14508" complete="1" fileType="av" variant="04f9b0a5-b497-44a3-95a8-d55d99cb96c1" />
</Timelines>
</Segment>
<Segment duration="1216" startOffset="1480593" endOffset="1481810">
<File name="chunk-00141" type="av">
<FileVariant size="44" variant="04f9b0a5-b497-44a3-95a8-d55d99cb96c1" />
</File>
<Timelines>
<Transcode startTime="14508" endTime="14547" complete="1" fileType="av" variant="04f9b0a5-b497-44a3-95a8-d55d99cb96c1" />
</Timelines>
</Segment>
<Segment duration="2436" startOffset="1481811" endOffset="1484247">
<File name="chunk-00142" type="av">
<FileVariant size="79" variant="04f9b0a5-b497-44a3-95a8-d55d99cb96c1" />
</File>
<Timelines>
<Transcode startTime="14547" endTime="14548" complete="1" fileType="av" variant="04f9b0a5-b497-44a3-95a8-d55d99cb96c1" />
</Timelines>
</Segment>
<Segment duration="1783" startOffset="1484248" endOffset="1486032">
<File name="chunk-00143" type="av">
<FileVariant size="67" variant="04f9b0a5-b497-44a3-95a8-d55d99cb96c1" />
</File>
<Timelines>
<Transcode startTime="14548" endTime="14552" complete="1" fileType="av" variant="04f9b0a5-b497-44a3-95a8-d55d99cb96c1" />
</Timelines>
</Segment>
<Segment duration="1783" startOffset="1486033" endOffset="1487816">
<File name="chunk-00144" type="av">
<FileVariant size="51" variant="04f9b0a5-b497-44a3-95a8-d55d99cb96c1" />
</File>
<Timelines>
<Transcode startTime="14552" endTime="14553" complete="1" fileType="av" variant="04f9b0a5-b497-44a3-95a8-d55d99cb96c1" />
</Timelines>
</Segment>
<Segment duration="1392" startOffset="1487817" endOffset="1489209">
<File name="chunk-00145" type="av">
<FileVariant size="57" variant="04f9b0a5-b497-44a3-95a8-d55d99cb96c1" />
</File>
<Timelines>
<Transcode startTime="14553" endTime="14553" complete="1" fileType="av" variant="04f9b0a5-b497-44a3-95a8-d55d99cb96c1" />
</Timelines>
</Segment>
<Segment duration="2087" startOffset="1489210" endOffset="1491298">
<File name="chunk-00146" type="av">
<FileVariant size="64" variant="04f9b0a5-b497-44a3-95a8-d55d99cb96c1" />
</File>
<Timelines>
<Transcode startTime="14553" endTime="14584" complete="1" fileType="av" variant="04f9b0a5-b497-44a3-95a8-d55d99cb96c1" />
</Timelines>
</Segment>
<Segment duration="1086" startOffset="1491299" endOffset="1492386">
<File name="chunk-00147" type="av">
<FileVariant size="48" variant="04f9b0a5-b497-44a3-95a8-d55d99cb96c1" />
</File>
<Timelines>
<Transcode startTime="14584" endTime="14584" complete="1" fileType="av" variant="04f9b0a5-b497-44a3-95a8-d55d99cb96c1" />
</Timelines>
</Segment>
<Segment duration="1131" startOffset="1492387" endOffset="1493518">
<File name="chunk-00148" type="av">
<FileVariant size="50" variant="04f9b0a5-b497-44a3-95a8-d55d99cb96c1" />
</File>
<Timelines>
<Transcode startTime="14584" endTime="14588" complete="1" fileType="av" variant="04f9b0a5-b497-44a3-95a8-d55d99cb96c1" />
</Timelines>
</Segment>
<Segment duration="2566" startOffset="1493519" endOffset="1496085">
<File name="chunk-00149" type="av">
<FileVariant size="53" variant="04f9b0a5-b497-44a3-95a8-d55d99cb96c1" />
</File>
<Timelines>
<Transcode startTime="14588" endTime="14763" complete="1" fileType="av" variant="04f9b0a5-b497-44a3-95a8-d55d99cb96c1" />
</Timelines>
</Segment>
<Segment duration="3785" startOffset="1510797" endOffset="1514582">
<File name="chunk-00150" type="av">
<FileVariant size="86" variant="04f9b0a5-b497-44a3-95a8-d55d99cb96c1" />
</File>
<Timelines>
<Transcode startTime="14763" endTime="14764" complete="1" fileType="av" variant="04f9b0a5-b497-44a3-95a8-d55d99cb96c1" />
</Timelines>
</Segment>
<Segment duration="2567" startOffset="1514583" endOffset="1517150">
<File name="chunk-00151" type="av">
<FileVariant size="79" variant="04f9b0a5-b497-44a3-95a8-d55d99cb96c1" />
</File>
<Timelines>
<Transcode startTime="14764" endTime="14801" complete="1" fileType="av" variant="04f9b0a5-b497-44a3-95a8-d55d99cb96c1" />
</Timelines>
</Segment>
<Segment duration="2304" startOffset="1518544" endOffset="1520849">
<File name="chunk-00152" type="av">
<FileVariant size="61" variant="04f9b0a5-b497-44a3-95a8-d55d99cb96c1" />
</File>
<Timelines>
<Transcode startTime="14801" endTime="14801" complete="1" fileType="av" variant="04f9b0a5-b497-44a3-95a8-d55d99cb96c1" />
</Timelines>
</Segment>
<Segment duration="3046" startOffset="1520850" endOffset="1523896">
<File name="chunk-00153" type="av">
<FileVariant size="76" variant="04f9b0a5-b497-44a3-95a8-d55d99cb96c1" />
</File>
<Timelines>
<Transcode startTime="14801" endTime="14909" complete="1" fileType="av" variant="04f9b0a5-b497-44a3-95a8-d55d99cb96c1" />
</Timelines>
</Segment>
<Segment duration="869" startOffset="1527640" endOffset="1528510">
<File name="chunk-00154" type="av">
<FileVariant size="43" variant="04f9b0a5-b497-44a3-95a8-d55d99cb96c1" />
</File>
<Timelines>
<Transcode startTime="14909" endTime="14932" complete="1" fileType="av" variant="04f9b0a5-b497-44a3-95a8-d55d99cb96c1" />
</Timelines>
</Segment>
<Segment duration="1348" startOffset="1529076" endOffset="1530425">
<File name="chunk-00155" type="av">
<FileVariant size="51" variant="04f9b0a5-b497-44a3-95a8-d55d99cb96c1" />
</File>
<Timelines>
<Transcode startTime="14932" endTime="14938" complete="1" fileType="av" variant="04f9b0a5-b497-44a3-95a8-d55d99cb96c1" />
</Timelines>
</Segment>
<Segment duration="2827" startOffset="1531469" endOffset="1534297">
<File name="chunk-00156" type="av">
<FileVariant size="49" variant="04f9b0a5-b497-44a3-95a8-d55d99cb96c1" />
</File>
<Timelines>
<Transcode startTime="14938" endTime="14943" complete="1" fileType="av" variant="04f9b0a5-b497-44a3-95a8-d55d99cb96c1" />
</Timelines>
</Segment>
<Segment duration="3828" startOffset="1535865" endOffset="1539694">
<File name="chunk-00157" type="av">
<FileVariant size="97" variant="04f9b0a5-b497-44a3-95a8-d55d99cb96c1" />
</File>
<Timelines>
<Transcode startTime="14943" endTime="14954" complete="1" fileType="av" variant="04f9b0a5-b497-44a3-95a8-d55d99cb96c1" />
</Timelines>
</Segment>
<Segment duration="2697" startOffset="1539695" endOffset="1542392">
<File name="chunk-00158" type="av">
<FileVariant size="54" variant="04f9b0a5-b497-44a3-95a8-d55d99cb96c1" />
</File>
<Timelines>
<Transcode startTime="14954" endTime="14960" complete="1" fileType="av" variant="04f9b0a5-b497-44a3-95a8-d55d99cb96c1" />
</Timelines>
</Segment>
<Segment duration="2914" startOffset="1542393" endOffset="1545308">
<File name="chunk-00159" type="av">
<FileVariant size="86" variant="04f9b0a5-b497-44a3-95a8-d55d99cb96c1" />
</File>
<Timelines>
<Transcode startTime="14960" endTime="14966" complete="1" fileType="av" variant="04f9b0a5-b497-44a3-95a8-d55d99cb96c1" />
</Timelines>
</Segment>
<Segment duration="1697" startOffset="1545309" endOffset="1547006">
<File name="chunk-00160" type="av">
<FileVariant size="48" variant="04f9b0a5-b497-44a3-95a8-d55d99cb96c1" />
</File>
<Timelines>
<Transcode startTime="14966" endTime="14971" complete="1" fileType="av" variant="04f9b0a5-b497-44a3-95a8-d55d99cb96c1" />
</Timelines>
</Segment>
<Segment duration="1826" startOffset="1548791" endOffset="1550618">
<File name="chunk-00161" type="av">
<FileVariant size="46" variant="04f9b0a5-b497-44a3-95a8-d55d99cb96c1" />
</File>
<Timelines>
<Transcode startTime="14971" endTime="14994" complete="1" fileType="av" variant="04f9b0a5-b497-44a3-95a8-d55d99cb96c1" />
</Timelines>
</Segment>
<Segment duration="4090" startOffset="1550619" endOffset="1554709">
<File name="chunk-00162" type="av">
<FileVariant size="85" variant="04f9b0a5-b497-44a3-95a8-d55d99cb96c1" />
</File>
<Timelines>
<Transcode startTime="14994" endTime="15005" complete="1" fileType="av" variant="04f9b0a5-b497-44a3-95a8-d55d99cb96c1" />
</Timelines>
</Segment>
<Segment duration="1216" startOffset="1555929" endOffset="1557146">
<File name="chunk-00163" type="av">
<FileVariant size="46" variant="04f9b0a5-b497-44a3-95a8-d55d99cb96c1" />
</File>
<Timelines>
<Transcode startTime="15005" endTime="15006" complete="1" fileType="av" variant="04f9b0a5-b497-44a3-95a8-d55d99cb96c1" />
</Timelines>
</Segment>
<Segment duration="1566" startOffset="1557147" endOffset="1558713">
<File name="chunk-00164" type="av">
<FileVariant size="55" variant="04f9b0a5-b497-44a3-95a8-d55d99cb96c1" />
</File>
<Timelines>
<Transcode startTime="15006" endTime="15006" complete="1" fileType="av" variant="04f9b0a5-b497-44a3-95a8-d55d99cb96c1" />
</Timelines>
</Segment>
<Segment duration="2959" startOffset="1558714" endOffset="1561673">
<File name="chunk-00165" type="av">
<FileVariant size="76" variant="04f9b0a5-b497-44a3-95a8-d55d99cb96c1" />
</File>
<Timelines>
<Transcode startTime="15006" endTime="15016" complete="1" fileType="av" variant="04f9b0a5-b497-44a3-95a8-d55d99cb96c1" />
</Timelines>
</Segment>
<Segment duration="2218" startOffset="1561674" endOffset="1563892">
<File name="chunk-00166" type="av">
<FileVariant size="74" variant="04f9b0a5-b497-44a3-95a8-d55d99cb96c1" />
</File>
<Timelines>
<Transcode startTime="15016" endTime="15040" complete="1" fileType="av" variant="04f9b0a5-b497-44a3-95a8-d55d99cb96c1" />
</Timelines>
</Segment>
<Segment duration="2087" startOffset="1563893" endOffset="1565981">
<File name="chunk-00167" type="av">
<FileVariant size="83" variant="04f9b0a5-b497-44a3-95a8-d55d99cb96c1" />
</File>
<Timelines>
<Transcode startTime="15040" endTime="15046" complete="1" fileType="av" variant="04f9b0a5-b497-44a3-95a8-d55d99cb96c1" />
</Timelines>
</Segment>
<Segment duration="3175" startOffset="1565982" endOffset="1569158">
<File name="chunk-00168" type="av">
<FileVariant size="68" variant="04f9b0a5-b497-44a3-95a8-d55d99cb96c1" />
</File>
<Timelines>
<Transcode startTime="15046" endTime="15090" complete="1" fileType="av" variant="04f9b0a5-b497-44a3-95a8-d55d99cb96c1" />
</Timelines>
</Segment>
<Segment duration="4133" startOffset="1569159" endOffset="1573293">
<File name="chunk-00169" type="av">
<FileVariant size="81" variant="04f9b0a5-b497-44a3-95a8-d55d99cb96c1" />
</File>
<Timelines>
<Transcode startTime="15090" endTime="15102" complete="1" fileType="av" variant="04f9b0a5-b497-44a3-95a8-d55d99cb96c1" />
</Timelines>
</Segment>
<Segment duration="1740" startOffset="1573294" endOffset="1575034">
<File name="chunk-00170" type="av">
<FileVariant size="48" variant="04f9b0a5-b497-44a3-95a8-d55d99cb96c1" />
</File>
<Timelines>
<Transcode startTime="15102" endTime="15102" complete="1" fileType="av" variant="04f9b0a5-b497-44a3-95a8-d55d99cb96c1" />
</Timelines>
</Segment>
<Segment duration="2740" startOffset="1575035" endOffset="1577776">
<File name="chunk-00171" type="av">
<FileVariant size="46" variant="04f9b0a5-b497-44a3-95a8-d55d99cb96c1" />
</File>
<Timelines>
<Transcode startTime="15102" endTime="15129" complete="1" fileType="av" variant="04f9b0a5-b497-44a3-95a8-d55d99cb96c1" />
</Timelines>
</Segment>
<Segment duration="2174" startOffset="1577777" endOffset="1579952">
<File name="chunk-00172" type="av">
<FileVariant size="63" variant="04f9b0a5-b497-44a3-95a8-d55d99cb96c1" />
</File>
<Timelines>
<Transcode startTime="15129" endTime="15130" complete="1" fileType="av" variant="04f9b0a5-b497-44a3-95a8-d55d99cb96c1" />
</Timelines>
</Segment>
<Segment duration="2914" startOffset="1579953" endOffset="1582868">
<File name="chunk-00173" type="av">
<FileVariant size="80" variant="04f9b0a5-b497-44a3-95a8-d55d99cb96c1" />
</File>
<Timelines>
<Transcode startTime="15130" endTime="15202" complete="1" fileType="av" variant="04f9b0a5-b497-44a3-95a8-d55d99cb96c1" />
</Timelines>
</Segment>
<Segment duration="2392" startOffset="1582869" endOffset="1585261">
<File name="chunk-00174" type="av">
<FileVariant size="65" variant="04f9b0a5-b497-44a3-95a8-d55d99cb96c1" />
</File>
<Timelines>
<Transcode startTime="15202" endTime="15245" complete="1" fileType="av" variant="04f9b0a5-b497-44a3-95a8-d55d99cb96c1" />
</Timelines>
</Segment>
<Segment duration="2174" startOffset="1585262" endOffset="1587437">
<File name="chunk-00175" type="av">
<FileVariant size="65" variant="04f9b0a5-b497-44a3-95a8-d55d99cb96c1" />
</File>
<Timelines>
<Transcode startTime="15245" endTime="15275" complete="1" fileType="av" variant="04f9b0a5-b497-44a3-95a8-d55d99cb96c1" />
</Timelines>
</Segment>
<Segment duration="1957" startOffset="1587438" endOffset="1589396">
<File name="chunk-00176" type="av">
<FileVariant size="54" variant="04f9b0a5-b497-44a3-95a8-d55d99cb96c1" />
</File>
<Timelines>
<Transcode startTime="15275" endTime="15281" complete="1" fileType="av" variant="04f9b0a5-b497-44a3-95a8-d55d99cb96c1" />
</Timelines>
</Segment>
<Segment duration="1957" startOffset="1589397" endOffset="1591354">
<File name="chunk-00177" type="av">
<FileVariant size="69" variant="04f9b0a5-b497-44a3-95a8-d55d99cb96c1" />
</File>
<Timelines>
<Transcode startTime="15281" endTime="15317" complete="1" fileType="av" variant="04f9b0a5-b497-44a3-95a8-d55d99cb96c1" />
</Timelines>
</Segment>
<Segment duration="957" startOffset="1592269" endOffset="1593226">
<File name="chunk-00178" type="av">
<FileVariant size="41" variant="04f9b0a5-b497-44a3-95a8-d55d99cb96c1" />
</File>
<Timelines>
<Transcode startTime="15317" endTime="15348" complete="1" fileType="av" variant="04f9b0a5-b497-44a3-95a8-d55d99cb96c1" />
</Timelines>
</Segment>
<Segment duration="1869" startOffset="1593227" endOffset="1595097">
<File name="chunk-00179" type="av">
<FileVariant size="51" variant="04f9b0a5-b497-44a3-95a8-d55d99cb96c1" />
</File>
<Timelines>
<Transcode startTime="15348" endTime="15348" complete="1" fileType="av" variant="04f9b0a5-b497-44a3-95a8-d55d99cb96c1" />
</Timelines>
</Segment>
<Segment duration="2348" startOffset="1595098" endOffset="1597447">
<File name="chunk-00180" type="av">
<FileVariant size="90" variant="04f9b0a5-b497-44a3-95a8-d55d99cb96c1" />
</File>
<Timelines>
<Transcode startTime="15348" endTime="15349" complete="1" fileType="av" variant="04f9b0a5-b497-44a3-95a8-d55d99cb96c1" />
</Timelines>
</Segment>
<Segment duration="1435" startOffset="1597448" endOffset="1598884">
<File name="chunk-00181" type="av">
<FileVariant size="55" variant="04f9b0a5-b497-44a3-95a8-d55d99cb96c1" />
</File>
<Timelines>
<Transcode startTime="15349" endTime="15353" complete="1" fileType="av" variant="04f9b0a5-b497-44a3-95a8-d55d99cb96c1" />
</Timelines>
</Segment>
<Segment duration="2827" startOffset="1598885" endOffset="1601713">
<File name="chunk-00182" type="av">
<FileVariant size="88" variant="04f9b0a5-b497-44a3-95a8-d55d99cb96c1" />
</File>
<Timelines>
<Transcode startTime="15353" endTime="15376" complete="1" fileType="av" variant="04f9b0a5-b497-44a3-95a8-d55d99cb96c1" />
</Timelines>
</Segment>
<Segment duration="3176" startOffset="1601714" endOffset="1604890">
<File name="chunk-00183" type="av">
<FileVariant size="69" variant="04f9b0a5-b497-44a3-95a8-d55d99cb96c1" />
</File>
<Timelines>
<Transcode startTime="15376" endTime="15381" complete="1" fileType="av" variant="04f9b0a5-b497-44a3-95a8-d55d99cb96c1" />
</Timelines>
</Segment>
<Segment duration="4960" startOffset="1604891" endOffset="1609851">
<File name="chunk-00184" type="av">
<FileVariant size="76" variant="04f9b0a5-b497-44a3-95a8-d55d99cb96c1" />
</File>
<Timelines>
<Transcode startTime="15381" endTime="15593" complete="1" fileType="av" variant="04f9b0a5-b497-44a3-95a8-d55d99cb96c1" />
</Timelines>
</Segment>
<Segment duration="1173" startOffset="1619645" endOffset="1620819">
<File name="chunk-00185" type="av">
<FileVariant size="52" variant="04f9b0a5-b497-44a3-95a8-d55d99cb96c1" />
</File>
<Timelines>
<Transcode startTime="15593" endTime="15593" complete="1" fileType="av" variant="04f9b0a5-b497-44a3-95a8-d55d99cb96c1" />
</Timelines>
</Segment>
<Segment duration="1739" startOffset="1620820" endOffset="1622559">
<File name="chunk-00186" type="av">
<FileVariant size="76" variant="04f9b0a5-b497-44a3-95a8-d55d99cb96c1" />
</File>
<Timelines>
<Transcode startTime="15593" endTime="15647" complete="1" fileType="av" variant="04f9b0a5-b497-44a3-95a8-d55d99cb96c1" />
</Timelines>
</Segment>
<Segment duration="1608" startOffset="1623910" endOffset="1625519">
<File name="chunk-00187" type="av">
<FileVariant size="57" variant="04f9b0a5-b497-44a3-95a8-d55d99cb96c1" />
</File>
<Timelines>
<Transcode startTime="15647" endTime="15652" complete="1" fileType="av" variant="04f9b0a5-b497-44a3-95a8-d55d99cb96c1" />
</Timelines>
</Segment>
<Segment duration="2000" startOffset="1627565" endOffset="1629566">
<File name="chunk-00188" type="av">
<FileVariant size="45" variant="04f9b0a5-b497-44a3-95a8-d55d99cb96c1" />
</File>
<Timelines>
<Transcode startTime="15652" endTime="16020" complete="1" fileType="av" variant="04f9b0a5-b497-44a3-95a8-d55d99cb96c1" />
</Timelines>
</Segment>
<Segment duration="4089" startOffset="1643364" endOffset="1647454">
<File name="chunk-00189" type="av">
<FileVariant size="62" variant="04f9b0a5-b497-44a3-95a8-d55d99cb96c1" />
</File>
<Timelines>
<Transcode startTime="16020" endTime="16180" complete="1" fileType="av" variant="04f9b0a5-b497-44a3-95a8-d55d99cb96c1" />
</Timelines>
</Segment>
<Segment duration="1566" startOffset="1651589" endOffset="1653155">
<File name="chunk-00190" type="av">
<FileVariant size="40" variant="04f9b0a5-b497-44a3-95a8-d55d99cb96c1" />
</File>
<Timelines>
<Transcode startTime="16180" endTime="16276" complete="1" fileType="av" variant="04f9b0a5-b497-44a3-95a8-d55d99cb96c1" />
</Timelines>
</Segment>
<Segment duration="2610" startOffset="1657639" endOffset="1660249">
<File name="chunk-00191" type="av">
<FileVariant size="72" variant="04f9b0a5-b497-44a3-95a8-d55d99cb96c1" />
</File>
<Timelines>
<Transcode startTime="16276" endTime="16314" complete="1" fileType="av" variant="04f9b0a5-b497-44a3-95a8-d55d99cb96c1" />
</Timelines>
</Segment>
<Segment duration="1958" startOffset="1660250" endOffset="1662208">
<File name="chunk-00192" type="av">
<FileVariant size="60" variant="04f9b0a5-b497-44a3-95a8-d55d99cb96c1" />
</File>
<Timelines>
<Transcode startTime="16314" endTime="16359" complete="1" fileType="av" variant="04f9b0a5-b497-44a3-95a8-d55d99cb96c1" />
</Timelines>
</Segment>
<Segment duration="2653" startOffset="1662209" endOffset="1664863">
<File name="chunk-00193" type="av">
<FileVariant size="63" variant="04f9b0a5-b497-44a3-95a8-d55d99cb96c1" />
</File>
<Timelines>
<Transcode startTime="16359" endTime="16409" complete="1" fileType="av" variant="04f9b0a5-b497-44a3-95a8-d55d99cb96c1" />
</Timelines>
</Segment>
<Segment duration="3828" startOffset="1664864" endOffset="1668693">
<File name="chunk-00194" type="av">
<FileVariant size="79" variant="04f9b0a5-b497-44a3-95a8-d55d99cb96c1" />
</File>
<Timelines>
<Transcode startTime="16409" endTime="16500" complete="1" fileType="av" variant="04f9b0a5-b497-44a3-95a8-d55d99cb96c1" />
</Timelines>
</Segment>
<Segment duration="2261" startOffset="1668694" endOffset="1670956">
<File name="chunk-00195" type="av">
<FileVariant size="57" variant="04f9b0a5-b497-44a3-95a8-d55d99cb96c1" />
</File>
<Timelines>
<Transcode startTime="16500" endTime="16546" complete="1" fileType="av" variant="04f9b0a5-b497-44a3-95a8-d55d99cb96c1" />
</Timelines>
</Segment>
<Segment duration="2174" startOffset="1670957" endOffset="1673132">
<File name="chunk-00196" type="av">
<FileVariant size="62" variant="04f9b0a5-b497-44a3-95a8-d55d99cb96c1" />
</File>
<Timelines>
<Transcode startTime="16546" endTime="16740" complete="1" fileType="av" variant="04f9b0a5-b497-44a3-95a8-d55d99cb96c1" />
</Timelines>
</Segment>
<Segment duration="1479" startOffset="1678225" endOffset="1679704">
<File name="chunk-00197" type="av">
<FileVariant size="45" variant="04f9b0a5-b497-44a3-95a8-d55d99cb96c1" />
</File>
<Timelines>
<Transcode startTime="16740" endTime="16786" complete="1" fileType="av" variant="04f9b0a5-b497-44a3-95a8-d55d99cb96c1" />
</Timelines>
</Segment>
<Segment duration="2219" startOffset="1680923" endOffset="1683142">
<File name="chunk-00198" type="av">
<FileVariant size="65" variant="04f9b0a5-b497-44a3-95a8-d55d99cb96c1" />
</File>
<Timelines>
<Transcode startTime="16786" endTime="16877" complete="1" fileType="av" variant="04f9b0a5-b497-44a3-95a8-d55d99cb96c1" />
</Timelines>
</Segment>
<Segment duration="2218" startOffset="1684710" endOffset="1686928">
<File name="chunk-00199" type="av">
<FileVariant size="53" variant="04f9b0a5-b497-44a3-95a8-d55d99cb96c1" />
</File>
<Timelines>
<Transcode startTime="16877" endTime="16987" complete="1" fileType="av" variant="04f9b0a5-b497-44a3-95a8-d55d99cb96c1" />
</Timelines>
</Segment>
<Segment duration="3567" startOffset="1692587" endOffset="1696155">
<File name="chunk-00200" type="av">
<FileVariant size="78" variant="04f9b0a5-b497-44a3-95a8-d55d99cb96c1" />
</File>
<Timelines>
<Transcode startTime="16987" endTime="17026" complete="1" fileType="av" variant="04f9b0a5-b497-44a3-95a8-d55d99cb96c1" />
</Timelines>
</Segment>
<Segment duration="2958" startOffset="1697723" endOffset="1700681">
<File name="chunk-00201" type="av">
<FileVariant size="45" variant="04f9b0a5-b497-44a3-95a8-d55d99cb96c1" />
</File>
<Timelines>
<Transcode startTime="17026" endTime="17127" complete="1" fileType="av" variant="04f9b0a5-b497-44a3-95a8-d55d99cb96c1" />
</Timelines>
</Segment>
<Segment duration="826" startOffset="1702945" endOffset="1703772">
<File name="chunk-00202" type="av">
<FileVariant size="40" variant="04f9b0a5-b497-44a3-95a8-d55d99cb96c1" />
</File>
<Timelines>
<Transcode startTime="17127" endTime="17196" complete="1" fileType="av" variant="04f9b0a5-b497-44a3-95a8-d55d99cb96c1" />
</Timelines>
</Segment>
<Segment duration="1826" startOffset="1705382" endOffset="1707209">
<File name="chunk-00203" type="av">
<FileVariant size="45" variant="04f9b0a5-b497-44a3-95a8-d55d99cb96c1" />
</File>
<Timelines>
<Transcode startTime="17196" endTime="17235" complete="1" fileType="av" variant="04f9b0a5-b497-44a3-95a8-d55d99cb96c1" />
</Timelines>
</Segment>
<Segment duration="1609" startOffset="1708168" endOffset="1709777">
<File name="chunk-00204" type="av">
<FileVariant size="45" variant="04f9b0a5-b497-44a3-95a8-d55d99cb96c1" />
</File>
<Timelines>
<Transcode startTime="17235" endTime="17766" complete="1" fileType="av" variant="04f9b0a5-b497-44a3-95a8-d55d99cb96c1" />
</Timelines>
</Segment>
<Segment duration="1347" startOffset="1721877" endOffset="1723225">
<File name="chunk-00205" type="av">
<FileVariant size="41" variant="04f9b0a5-b497-44a3-95a8-d55d99cb96c1" />
</File>
<Timelines>
<Transcode startTime="17766" endTime="17927" complete="1" fileType="av" variant="04f9b0a5-b497-44a3-95a8-d55d99cb96c1" />
</Timelines>
</Segment>
<Segment duration="1957" startOffset="1727187" endOffset="1729144">
<File name="chunk-00206" type="av">
<FileVariant size="46" variant="04f9b0a5-b497-44a3-95a8-d55d99cb96c1" />
</File>
<Timelines>
<Transcode startTime="17927" endTime="17970" complete="1" fileType="av" variant="04f9b0a5-b497-44a3-95a8-d55d99cb96c1" />
</Timelines>
</Segment>
<Segment duration="1217" startOffset="1734411" endOffset="1735629">
<File name="chunk-00207" type="av">
<FileVariant size="46" variant="04f9b0a5-b497-44a3-95a8-d55d99cb96c1" />
</File>
<Timelines>
<Transcode startTime="17970" endTime="18224" complete="1" fileType="av" variant="04f9b0a5-b497-44a3-95a8-d55d99cb96c1" />
</Timelines>
</Segment>
<Segment duration="1392" startOffset="1748077" endOffset="1749469">
<File name="chunk-00208" type="av">
<FileVariant size="61" variant="04f9b0a5-b497-44a3-95a8-d55d99cb96c1" />
</File>
<Timelines>
<Transcode startTime="18224" endTime="18228" complete="1" fileType="av" variant="04f9b0a5-b497-44a3-95a8-d55d99cb96c1" />
</Timelines>
</Segment>
<Segment duration="1826" startOffset="1749470" endOffset="1751297">
<File name="chunk-00209" type="av">
<FileVariant size="70" variant="04f9b0a5-b497-44a3-95a8-d55d99cb96c1" />
</File>
<Timelines>
<Transcode startTime="18228" endTime="18257" complete="1" fileType="av" variant="04f9b0a5-b497-44a3-95a8-d55d99cb96c1" />
</Timelines>
</Segment>
<Segment duration="2174" startOffset="1752255" endOffset="1754430">
<File name="chunk-00210" type="av">
<FileVariant size="57" variant="04f9b0a5-b497-44a3-95a8-d55d99cb96c1" />
</File>
<Timelines>
<Transcode startTime="18257" endTime="18300" complete="1" fileType="av" variant="04f9b0a5-b497-44a3-95a8-d55d99cb96c1" />
</Timelines>
</Segment>
<Segment duration="1957" startOffset="1754431" endOffset="1756389">
<File name="chunk-00211" type="av">
<FileVariant size="59" variant="04f9b0a5-b497-44a3-95a8-d55d99cb96c1" />
</File>
<Timelines>
<Transcode startTime="18300" endTime="18333" complete="1" fileType="av" variant="04f9b0a5-b497-44a3-95a8-d55d99cb96c1" />
</Timelines>
</Segment>
<Segment duration="1129" startOffset="1756390" endOffset="1757520">
<File name="chunk-00212" type="av">
<FileVariant size="46" variant="04f9b0a5-b497-44a3-95a8-d55d99cb96c1" />
</File>
<Timelines>
<Transcode startTime="18333" endTime="18336" complete="1" fileType="av" variant="04f9b0a5-b497-44a3-95a8-d55d99cb96c1" />
</Timelines>
</Segment>
<Segment duration="1131" startOffset="1757521" endOffset="1758652">
<File name="chunk-00213" type="av">
<FileVariant size="46" variant="04f9b0a5-b497-44a3-95a8-d55d99cb96c1" />
</File>
<Timelines>
<Transcode startTime="18336" endTime="18392" complete="1" fileType="av" variant="04f9b0a5-b497-44a3-95a8-d55d99cb96c1" />
</Timelines>
</Segment>
<Segment duration="1913" startOffset="1758653" endOffset="1760567">
<File name="chunk-00214" type="av">
<FileVariant size="62" variant="04f9b0a5-b497-44a3-95a8-d55d99cb96c1" />
</File>
<Timelines>
<Transcode startTime="18392" endTime="18444" complete="1" fileType="av" variant="04f9b0a5-b497-44a3-95a8-d55d99cb96c1" />
</Timelines>
</Segment>
<Segment duration="2348" startOffset="1760568" endOffset="1762917">
<File name="chunk-00215" type="av">
<FileVariant size="64" variant="04f9b0a5-b497-44a3-95a8-d55d99cb96c1" />
</File>
<Timelines>
<Transcode startTime="18444" endTime="18490" complete="1" fileType="av" variant="04f9b0a5-b497-44a3-95a8-d55d99cb96c1" />
</Timelines>
</Segment>
<Segment duration="2915" startOffset="1762918" endOffset="1765833">
<File name="chunk-00216" type="av">
<FileVariant size="52" variant="04f9b0a5-b497-44a3-95a8-d55d99cb96c1" />
</File>
<Timelines>
<Transcode startTime="18490" endTime="18540" complete="1" fileType="av" variant="04f9b0a5-b497-44a3-95a8-d55d99cb96c1" />
</Timelines>
</Segment>
<Segment duration="1043" startOffset="1765834" endOffset="1766878">
<File name="chunk-00217" type="av">
<FileVariant size="39" variant="04f9b0a5-b497-44a3-95a8-d55d99cb96c1" />
</File>
<Timelines>
<Transcode startTime="18540" endTime="18596" complete="1" fileType="av" variant="04f9b0a5-b497-44a3-95a8-d55d99cb96c1" />
</Timelines>
</Segment>
<Segment duration="1957" startOffset="1766879" endOffset="1768836">
<File name="chunk-00218" type="av">
<FileVariant size="55" variant="04f9b0a5-b497-44a3-95a8-d55d99cb96c1" />
</File>
<Timelines>
<Transcode startTime="18596" endTime="18647" complete="1" fileType="av" variant="04f9b0a5-b497-44a3-95a8-d55d99cb96c1" />
</Timelines>
</Segment>
<Segment duration="1086" startOffset="1769751" endOffset="1770838">
<File name="chunk-00219" type="av">
<FileVariant size="55" variant="04f9b0a5-b497-44a3-95a8-d55d99cb96c1" />
</File>
<Timelines>
<Transcode startTime="18647" endTime="18685" complete="1" fileType="av" variant="04f9b0a5-b497-44a3-95a8-d55d99cb96c1" />
</Timelines>
</Segment>
<Segment duration="957" startOffset="1770839" endOffset="1771796">
<File name="chunk-00220" type="av">
<FileVariant size="44" variant="04f9b0a5-b497-44a3-95a8-d55d99cb96c1" />
</File>
<Timelines>
<Transcode startTime="18685" endTime="18903" complete="1" fileType="av" variant="04f9b0a5-b497-44a3-95a8-d55d99cb96c1" />
</Timelines>
</Segment>
<Segment duration="1522" startOffset="1780109" endOffset="1781631">
<File name="chunk-00221" type="av">
<FileVariant size="57" variant="04f9b0a5-b497-44a3-95a8-d55d99cb96c1" />
</File>
<Timelines>
<Transcode startTime="18903" endTime="18951" complete="1" fileType="av" variant="04f9b0a5-b497-44a3-95a8-d55d99cb96c1" />
</Timelines>
</Segment>
<Segment duration="1957" startOffset="1781632" endOffset="1783590">
<File name="chunk-00222" type="av">
<FileVariant size="66" variant="04f9b0a5-b497-44a3-95a8-d55d99cb96c1" />
</File>
<Timelines>
<Transcode startTime="18951" endTime="18956" complete="1" fileType="av" variant="04f9b0a5-b497-44a3-95a8-d55d99cb96c1" />
</Timelines>
</Segment>
<Segment duration="2131" startOffset="1783591" endOffset="1785722">
<File name="chunk-00223" type="av">
<FileVariant size="63" variant="04f9b0a5-b497-44a3-95a8-d55d99cb96c1" />
</File>
<Timelines>
<Transcode startTime="18956" endTime="19004" complete="1" fileType="av" variant="04f9b0a5-b497-44a3-95a8-d55d99cb96c1" />
</Timelines>
</Segment>
<Segment duration="2350" startOffset="1785723" endOffset="1788073">
<File name="chunk-00224" type="av">
<FileVariant size="73" variant="04f9b0a5-b497-44a3-95a8-d55d99cb96c1" />
</File>
<Timelines>
<Transcode startTime="19004" endTime="19042" complete="1" fileType="av" variant="04f9b0a5-b497-44a3-95a8-d55d99cb96c1" />
</Timelines>
</Segment>
<Segment duration="2174" startOffset="1788074" endOffset="1790249">
<File name="chunk-00225" type="av">
<FileVariant size="56" variant="04f9b0a5-b497-44a3-95a8-d55d99cb96c1" />
</File>
<Timelines>
<Transcode startTime="19042" endTime="19049" complete="1" fileType="av" variant="04f9b0a5-b497-44a3-95a8-d55d99cb96c1" />
</Timelines>
</Segment>
<Segment duration="2915" startOffset="1790250" endOffset="1793166">
<File name="chunk-00226" type="av">
<FileVariant size="80" variant="04f9b0a5-b497-44a3-95a8-d55d99cb96c1" />
</File>
<Timelines>
<Transcode startTime="19049" endTime="19085" complete="1" fileType="av" variant="04f9b0a5-b497-44a3-95a8-d55d99cb96c1" />
</Timelines>
</Segment>
<Segment duration="2479" startOffset="1795081" endOffset="1797560">
<File name="chunk-00227" type="av">
<FileVariant size="57" variant="04f9b0a5-b497-44a3-95a8-d55d99cb96c1" />
</File>
<Timelines>
<Transcode startTime="19085" endTime="19120" complete="1" fileType="av" variant="04f9b0a5-b497-44a3-95a8-d55d99cb96c1" />
</Timelines>
</Segment>
<Segment duration="1697" startOffset="1797561" endOffset="1799258">
<File name="chunk-00228" type="av">
<FileVariant size="66" variant="04f9b0a5-b497-44a3-95a8-d55d99cb96c1" />
</File>
<Timelines>
<Transcode startTime="19120" endTime="19150" complete="1" fileType="av" variant="04f9b0a5-b497-44a3-95a8-d55d99cb96c1" />
</Timelines>
</Segment>
<Segment duration="2218" startOffset="1799259" endOffset="1801477">
<File name="chunk-00229" type="av">
<FileVariant size="61" variant="04f9b0a5-b497-44a3-95a8-d55d99cb96c1" />
</File>
<Timelines>
<Transcode startTime="19150" endTime="19187" complete="1" fileType="av" variant="04f9b0a5-b497-44a3-95a8-d55d99cb96c1" />
</Timelines>
</Segment>
<Segment duration="2958" startOffset="1801478" endOffset="1804437">
<File name="chunk-00230" type="av">
<FileVariant size="68" variant="04f9b0a5-b497-44a3-95a8-d55d99cb96c1" />
</File>
<Timelines>
<Transcode startTime="19187" endTime="19227" complete="1" fileType="av" variant="04f9b0a5-b497-44a3-95a8-d55d99cb96c1" />
</Timelines>
</Segment>
<Segment duration="2783" startOffset="1805787" endOffset="1808571">
<File name="chunk-00231" type="av">
<FileVariant size="53" variant="04f9b0a5-b497-44a3-95a8-d55d99cb96c1" />
</File>
<Timelines>
<Transcode startTime="19227" endTime="19276" complete="1" fileType="av" variant="04f9b0a5-b497-44a3-95a8-d55d99cb96c1" />
</Timelines>
</Segment>
<Segment duration="2001" startOffset="1808572" endOffset="1810573">
<File name="chunk-00232" type="av">
<FileVariant size="45" variant="04f9b0a5-b497-44a3-95a8-d55d99cb96c1" />
</File>
<Timelines>
<Transcode startTime="19276" endTime="19321" complete="1" fileType="av" variant="04f9b0a5-b497-44a3-95a8-d55d99cb96c1" />
</Timelines>
</Segment>
<Segment duration="2262" startOffset="1810574" endOffset="1812837">
<File name="chunk-00233" type="av">
<FileVariant size="47" variant="04f9b0a5-b497-44a3-95a8-d55d99cb96c1" />
</File>
<Timelines>
<Transcode startTime="19321" endTime="19459" complete="1" fileType="av" variant="04f9b0a5-b497-44a3-95a8-d55d99cb96c1" />
</Timelines>
</Segment>
<Segment duration="1086" startOffset="1816667" endOffset="1817754">
<File name="chunk-00234" type="av">
<FileVariant size="64" variant="04f9b0a5-b497-44a3-95a8-d55d99cb96c1" />
</File>
<Timelines>
<Transcode startTime="19459" endTime="19476" complete="1" fileType="av" variant="04f9b0a5-b497-44a3-95a8-d55d99cb96c1" />
</Timelines>
</Segment>
<Segment duration="2220" startOffset="1819583" endOffset="1821803">
<File name="chunk-00235" type="av">
<FileVariant size="57" variant="04f9b0a5-b497-44a3-95a8-d55d99cb96c1" />
</File>
<Timelines>
<Transcode startTime="19476" endTime="19714" complete="1" fileType="av" variant="04f9b0a5-b497-44a3-95a8-d55d99cb96c1" />
</Timelines>
</Segment>
<Segment duration="1260" startOffset="1828027" endOffset="1829288">
<File name="chunk-00236" type="av">
<FileVariant size="57" variant="04f9b0a5-b497-44a3-95a8-d55d99cb96c1" />
</File>
<Timelines>
<Transcode startTime="19714" endTime="19751" complete="1" fileType="av" variant="04f9b0a5-b497-44a3-95a8-d55d99cb96c1" />
</Timelines>
</Segment>
<Segment duration="2000" startOffset="1829289" endOffset="1831290">
<File name="chunk-00237" type="av">
<FileVariant size="64" variant="04f9b0a5-b497-44a3-95a8-d55d99cb96c1" />
</File>
<Timelines>
<Transcode startTime="19751" endTime="19757" complete="1" fileType="av" variant="04f9b0a5-b497-44a3-95a8-d55d99cb96c1" />
</Timelines>
</Segment>
<Segment duration="3741" startOffset="1831291" endOffset="1835033">
<File name="chunk-00238" type="av">
<FileVariant size="79" variant="04f9b0a5-b497-44a3-95a8-d55d99cb96c1" />
</File>
<Timelines>
<Transcode startTime="19757" endTime="19906" complete="1" fileType="av" variant="04f9b0a5-b497-44a3-95a8-d55d99cb96c1" />
</Timelines>
</Segment>
<Segment duration="2219" startOffset="1839777" endOffset="1841996">
<File name="chunk-00239" type="av">
<FileVariant size="55" variant="04f9b0a5-b497-44a3-95a8-d55d99cb96c1" />
</File>
<Timelines>
<Transcode startTime="19906" endTime="19948" complete="1" fileType="av" variant="04f9b0a5-b497-44a3-95a8-d55d99cb96c1" />
</Timelines>
</Segment>
<Segment duration="3175" startOffset="1841997" endOffset="1845173">
<File name="chunk-00240" type="av">
<FileVariant size="75" variant="04f9b0a5-b497-44a3-95a8-d55d99cb96c1" />
</File>
<Timelines>
<Transcode startTime="19948" endTime="19956" complete="1" fileType="av" variant="04f9b0a5-b497-44a3-95a8-d55d99cb96c1" />
</Timelines>
</Segment>
<Segment duration="3133" startOffset="1845174" endOffset="1848307">
<File name="chunk-00241" type="av">
<FileVariant size="55" variant="04f9b0a5-b497-44a3-95a8-d55d99cb96c1" />
</File>
<Timelines>
<Transcode startTime="19956" endTime="19999" complete="1" fileType="av" variant="04f9b0a5-b497-44a3-95a8-d55d99cb96c1" />
</Timelines>
</Segment>
<Segment duration="1434" startOffset="1848308" endOffset="1849743">
<File name="chunk-00242" type="av">
<FileVariant size="52" variant="04f9b0a5-b497-44a3-95a8-d55d99cb96c1" />
</File>
<Timelines>
<Transcode startTime="19999" endTime="20075" complete="1" fileType="av" variant="04f9b0a5-b497-44a3-95a8-d55d99cb96c1" />
</Timelines>
</Segment>
<Segment duration="1393" startOffset="1851485" endOffset="1852878">
<File name="chunk-00243" type="av">
<FileVariant size="40" variant="04f9b0a5-b497-44a3-95a8-d55d99cb96c1" />
</File>
<Timelines>
<Transcode startTime="20075" endTime="20307" complete="1" fileType="av" variant="04f9b0a5-b497-44a3-95a8-d55d99cb96c1" />
</Timelines>
</Segment>
<Segment duration="2175" startOffset="1859797" endOffset="1861973">
<File name="chunk-00244" type="av">
<FileVariant size="53" variant="04f9b0a5-b497-44a3-95a8-d55d99cb96c1" />
</File>
<Timelines>
<Transcode startTime="20307" endTime="20405" complete="1" fileType="av" variant="04f9b0a5-b497-44a3-95a8-d55d99cb96c1" />
</Timelines>
</Segment>
<Segment duration="1826" startOffset="1861974" endOffset="1863800">
<File name="chunk-00245" type="av">
<FileVariant size="47" variant="04f9b0a5-b497-44a3-95a8-d55d99cb96c1" />
</File>
<Timelines>
<Transcode startTime="20405" endTime="20661" complete="1" fileType="av" variant="04f9b0a5-b497-44a3-95a8-d55d99cb96c1" />
</Timelines>
</Segment>
<Segment duration="1826" startOffset="1866717" endOffset="1868544">
<File name="chunk-00246" type="av">
<FileVariant size="56" variant="04f9b0a5-b497-44a3-95a8-d55d99cb96c1" />
</File>
<Timelines>
<Transcode startTime="20661" endTime="20756" complete="1" fileType="av" variant="04f9b0a5-b497-44a3-95a8-d55d99cb96c1" />
</Timelines>
</Segment>
<Segment duration="957" startOffset="1872375" endOffset="1873332">
<File name="chunk-00247" type="av">
<FileVariant size="41" variant="04f9b0a5-b497-44a3-95a8-d55d99cb96c1" />
</File>
<Timelines>
<Transcode startTime="20756" endTime="20760" complete="1" fileType="av" variant="04f9b0a5-b497-44a3-95a8-d55d99cb96c1" />
</Timelines>
</Segment>
<Segment duration="2480" startOffset="1873333" endOffset="1875813">
<File name="chunk-00248" type="av">
<FileVariant size="65" variant="04f9b0a5-b497-44a3-95a8-d55d99cb96c1" />
</File>
<Timelines>
<Transcode startTime="20760" endTime="20791" complete="1" fileType="av" variant="04f9b0a5-b497-44a3-95a8-d55d99cb96c1" />
</Timelines>
</Segment>
<Segment duration="1653" startOffset="1876336" endOffset="1877989">
<File name="chunk-00249" type="av">
<FileVariant size="47" variant="04f9b0a5-b497-44a3-95a8-d55d99cb96c1" />
</File>
<Timelines>
<Transcode startTime="20791" endTime="20822" complete="1" fileType="av" variant="04f9b0a5-b497-44a3-95a8-d55d99cb96c1" />
</Timelines>
</Segment>
<Segment duration="2653" startOffset="1877990" endOffset="1880643">
<File name="chunk-00250" type="av">
<FileVariant size="58" variant="04f9b0a5-b497-44a3-95a8-d55d99cb96c1" />
</File>
<Timelines>
<Transcode startTime="20822" endTime="20831" complete="1" fileType="av" variant="04f9b0a5-b497-44a3-95a8-d55d99cb96c1" />
</Timelines>
</Segment>
<Segment duration="1784" startOffset="1880644" endOffset="1882428">
<File name="chunk-00251" type="av">
<FileVariant size="50" variant="04f9b0a5-b497-44a3-95a8-d55d99cb96c1" />
</File>
<Timelines>
<Transcode startTime="20831" endTime="20906" complete="1" fileType="av" variant="04f9b0a5-b497-44a3-95a8-d55d99cb96c1" />
</Timelines>
</Segment>
<Segment duration="1696" startOffset="1886650" endOffset="1888347">
<File name="chunk-00252" type="av">
<FileVariant size="48" variant="04f9b0a5-b497-44a3-95a8-d55d99cb96c1" />
</File>
<Timelines>
<Transcode startTime="20906" endTime="20951" complete="1" fileType="av" variant="04f9b0a5-b497-44a3-95a8-d55d99cb96c1" />
</Timelines>
</Segment>
<Segment duration="1479" startOffset="1888348" endOffset="1889827">
<File name="chunk-00253" type="av">
<FileVariant size="40" variant="04f9b0a5-b497-44a3-95a8-d55d99cb96c1" />
</File>
<Timelines>
<Transcode startTime="20951" endTime="21101" complete="1" fileType="av" variant="04f9b0a5-b497-44a3-95a8-d55d99cb96c1" />
</Timelines>
</Segment>
<Segment duration="2088" startOffset="1892004" endOffset="1894092">
<File name="chunk-00254" type="av">
<FileVariant size="40" variant="04f9b0a5-b497-44a3-95a8-d55d99cb96c1" />
</File>
<Timelines>
<Transcode startTime="21101" endTime="21155" complete="1" fileType="av" variant="04f9b0a5-b497-44a3-95a8-d55d99cb96c1" />
</Timelines>
</Segment>
<Segment duration="913" startOffset="1895268" endOffset="1896181">
<File name="chunk-00255" type="av">
<FileVariant size="40" variant="04f9b0a5-b497-44a3-95a8-d55d99cb96c1" />
</File>
<Timelines>
<Transcode startTime="21155" endTime="21157" complete="1" fileType="av" variant="04f9b0a5-b497-44a3-95a8-d55d99cb96c1" />
</Timelines>
</Segment>
<Segment duration="1000" startOffset="1896182" endOffset="1897182">
<File name="chunk-00256" type="av">
<FileVariant size="39" variant="04f9b0a5-b497-44a3-95a8-d55d99cb96c1" />
</File>
<Timelines>
<Transcode startTime="21157" endTime="21169" complete="1" fileType="av" variant="04f9b0a5-b497-44a3-95a8-d55d99cb96c1" />
</Timelines>
</Segment>
<Segment duration="1565" startOffset="1897183" endOffset="1898748">
<File name="chunk-00257" type="av">
<FileVariant size="53" variant="04f9b0a5-b497-44a3-95a8-d55d99cb96c1" />
</File>
<Timelines>
<Transcode startTime="21169" endTime="21251" complete="1" fileType="av" variant="04f9b0a5-b497-44a3-95a8-d55d99cb96c1" />
</Timelines>
</Segment>
<Segment duration="870" startOffset="1899925" endOffset="1900795">
<File name="chunk-00258" type="av">
<FileVariant size="40" variant="04f9b0a5-b497-44a3-95a8-d55d99cb96c1" />
</File>
<Timelines>
<Transcode startTime="21251" endTime="21361" complete="1" fileType="av" variant="04f9b0a5-b497-44a3-95a8-d55d99cb96c1" />
</Timelines>
</Segment>
<Segment duration="2131" startOffset="1905452" endOffset="1907583">
<File name="chunk-00259" type="av">
<FileVariant size="48" variant="04f9b0a5-b497-44a3-95a8-d55d99cb96c1" />
</File>
<Timelines>
<Transcode startTime="21361" endTime="21364" complete="1" fileType="av" variant="04f9b0a5-b497-44a3-95a8-d55d99cb96c1" />
</Timelines>
</Segment>
<Segment duration="4568" startOffset="1907584" endOffset="1912153">
<File name="chunk-00260" type="av">
<FileVariant size="61" variant="04f9b0a5-b497-44a3-95a8-d55d99cb96c1" />
</File>
<Timelines>
<Transcode startTime="21364" endTime="21475" complete="1" fileType="av" variant="04f9b0a5-b497-44a3-95a8-d55d99cb96c1" />
</Timelines>
</Segment>
<Segment duration="2219" startOffset="1916811" endOffset="1919030">
<File name="chunk-00261" type="av">
<FileVariant size="49" variant="04f9b0a5-b497-44a3-95a8-d55d99cb96c1" />
</File>
<Timelines>
<Transcode startTime="21475" endTime="21515" complete="1" fileType="av" variant="04f9b0a5-b497-44a3-95a8-d55d99cb96c1" />
</Timelines>
</Segment>
<Segment duration="3785" startOffset="1919031" endOffset="1922816">
<File name="chunk-00262" type="av">
<FileVariant size="74" variant="04f9b0a5-b497-44a3-95a8-d55d99cb96c1" />
</File>
<Timelines>
<Transcode startTime="21515" endTime="21551" complete="1" fileType="av" variant="04f9b0a5-b497-44a3-95a8-d55d99cb96c1" />
</Timelines>
</Segment>
<Segment duration="1869" startOffset="1922817" endOffset="1924687">
<File name="chunk-00263" type="av">
<FileVariant size="51" variant="04f9b0a5-b497-44a3-95a8-d55d99cb96c1" />
</File>
<Timelines>
<Transcode startTime="21551" endTime="21552" complete="1" fileType="av" variant="04f9b0a5-b497-44a3-95a8-d55d99cb96c1" />
</Timelines>
</Segment>
<Segment duration="2349" startOffset="1924688" endOffset="1927038">
<File name="chunk-00264" type="av">
<FileVariant size="55" variant="04f9b0a5-b497-44a3-95a8-d55d99cb96c1" />
</File>
<Timelines>
<Transcode startTime="21552" endTime="21564" complete="1" fileType="av" variant="04f9b0a5-b497-44a3-95a8-d55d99cb96c1" />
</Timelines>
</Segment>
<Segment duration="2697" startOffset="1927039" endOffset="1929736">
<File name="chunk-00265" type="av">
<FileVariant size="68" variant="04f9b0a5-b497-44a3-95a8-d55d99cb96c1" />
</File>
<Timelines>
<Transcode startTime="21564" endTime="21833" complete="1" fileType="av" variant="04f9b0a5-b497-44a3-95a8-d55d99cb96c1" />
</Timelines>
</Segment>
<Segment duration="2480" startOffset="1948364" endOffset="1950844">
<File name="chunk-00266" type="av">
<FileVariant size="71" variant="04f9b0a5-b497-44a3-95a8-d55d99cb96c1" />
</File>
<Timelines>
<Transcode startTime="21833" endTime="21900" complete="1" fileType="av" variant="04f9b0a5-b497-44a3-95a8-d55d99cb96c1" />
</Timelines>
</Segment>
<Segment duration="3220" startOffset="1950845" endOffset="1954065">
<File name="chunk-00267" type="av">
<FileVariant size="63" variant="04f9b0a5-b497-44a3-95a8-d55d99cb96c1" />
</File>
<Timelines>
<Transcode startTime="21900" endTime="21943" complete="1" fileType="av" variant="04f9b0a5-b497-44a3-95a8-d55d99cb96c1" />
</Timelines>
</Segment>
<Segment duration="3437" startOffset="1955197" endOffset="1958634">
<File name="chunk-00268" type="av">
<FileVariant size="79" variant="04f9b0a5-b497-44a3-95a8-d55d99cb96c1" />
</File>
<Timelines>
<Transcode startTime="21943" endTime="21984" complete="1" fileType="av" variant="04f9b0a5-b497-44a3-95a8-d55d99cb96c1" />
</Timelines>
</Segment>
<Segment duration="3220" startOffset="1960898" endOffset="1964118">
<File name="chunk-00269" type="av">
<FileVariant size="80" variant="04f9b0a5-b497-44a3-95a8-d55d99cb96c1" />
</File>
<Timelines>
<Transcode startTime="21984" endTime="21989" complete="1" fileType="av" variant="04f9b0a5-b497-44a3-95a8-d55d99cb96c1" />
</Timelines>
</Segment>
<Segment duration="2567" startOffset="1964119" endOffset="1966686">
<File name="chunk-00270" type="av">
<FileVariant size="64" variant="04f9b0a5-b497-44a3-95a8-d55d99cb96c1" />
</File>
<Timelines>
<Transcode startTime="21989" endTime="22007" complete="1" fileType="av" variant="04f9b0a5-b497-44a3-95a8-d55d99cb96c1" />
</Timelines>
</Segment>
<Segment duration="2480" startOffset="1966687" endOffset="1969167">
<File name="chunk-00271" type="av">
<FileVariant size="54" variant="04f9b0a5-b497-44a3-95a8-d55d99cb96c1" />
</File>
<Timelines>
<Transcode startTime="22007" endTime="22013" complete="1" fileType="av" variant="04f9b0a5-b497-44a3-95a8-d55d99cb96c1" />
</Timelines>
</Segment>
<Segment duration="3567" startOffset="1969168" endOffset="1972735">
<File name="chunk-00272" type="av">
<FileVariant size="88" variant="04f9b0a5-b497-44a3-95a8-d55d99cb96c1" />
</File>
<Timelines>
<Transcode startTime="22013" endTime="22040" complete="1" fileType="av" variant="04f9b0a5-b497-44a3-95a8-d55d99cb96c1" />
</Timelines>
</Segment>
<Segment duration="1913" startOffset="1972736" endOffset="1974650">
<File name="chunk-00273" type="av">
<FileVariant size="54" variant="04f9b0a5-b497-44a3-95a8-d55d99cb96c1" />
</File>
<Timelines>
<Transcode startTime="22040" endTime="22087" complete="1" fileType="av" variant="04f9b0a5-b497-44a3-95a8-d55d99cb96c1" />
</Timelines>
</Segment>
<Segment duration="2349" startOffset="1974651" endOffset="1977001">
<File name="chunk-00274" type="av">
<FileVariant size="47" variant="04f9b0a5-b497-44a3-95a8-d55d99cb96c1" />
</File>
<Timelines>
<Transcode startTime="22087" endTime="22141" complete="1" fileType="av" variant="04f9b0a5-b497-44a3-95a8-d55d99cb96c1" />
</Timelines>
</Segment>
<Segment duration="2436" startOffset="1977002" endOffset="1979438">
<File name="chunk-00275" type="av">
<FileVariant size="68" variant="04f9b0a5-b497-44a3-95a8-d55d99cb96c1" />
</File>
<Timelines>
<Transcode startTime="22141" endTime="22198" complete="1" fileType="av" variant="04f9b0a5-b497-44a3-95a8-d55d99cb96c1" />
</Timelines>
</Segment>
<Segment duration="1695" startOffset="1979439" endOffset="1981135">
<File name="chunk-00276" type="av">
<FileVariant size="44" variant="04f9b0a5-b497-44a3-95a8-d55d99cb96c1" />
</File>
<Timelines>
<Transcode startTime="22198" endTime="22254" complete="1" fileType="av" variant="04f9b0a5-b497-44a3-95a8-d55d99cb96c1" />
</Timelines>
</Segment>
<Segment duration="2914" startOffset="1981136" endOffset="1984051">
<File name="chunk-00277" type="av">
<FileVariant size="76" variant="04f9b0a5-b497-44a3-95a8-d55d99cb96c1" />
</File>
<Timelines>
<Transcode startTime="22254" endTime="22267" complete="1" fileType="av" variant="04f9b0a5-b497-44a3-95a8-d55d99cb96c1" />
</Timelines>
</Segment>
<Segment duration="3307" startOffset="1984052" endOffset="1987359">
<File name="chunk-00278" type="av">
<FileVariant size="82" variant="04f9b0a5-b497-44a3-95a8-d55d99cb96c1" />
</File>
<Timelines>
<Transcode startTime="22267" endTime="22282" complete="1" fileType="av" variant="04f9b0a5-b497-44a3-95a8-d55d99cb96c1" />
</Timelines>
</Segment>
<Segment duration="2045" startOffset="1987360" endOffset="1989405">
<File name="chunk-00279" type="av">
<FileVariant size="62" variant="04f9b0a5-b497-44a3-95a8-d55d99cb96c1" />
</File>
<Timelines>
<Transcode startTime="22282" endTime="22331" complete="1" fileType="av" variant="04f9b0a5-b497-44a3-95a8-d55d99cb96c1" />
</Timelines>
</Segment>
<Segment duration="3307" startOffset="1993583" endOffset="1996890">
<File name="chunk-00280" type="av">
<FileVariant size="74" variant="04f9b0a5-b497-44a3-95a8-d55d99cb96c1" />
</File>
<Timelines>
<Transcode startTime="22331" endTime="22333" complete="1" fileType="av" variant="04f9b0a5-b497-44a3-95a8-d55d99cb96c1" />
</Timelines>
</Segment>
<Segment duration="2914" startOffset="1996891" endOffset="1999806">
<File name="chunk-00281" type="av">
<FileVariant size="75" variant="04f9b0a5-b497-44a3-95a8-d55d99cb96c1" />
</File>
<Timelines>
<Transcode startTime="22333" endTime="22381" complete="1" fileType="av" variant="04f9b0a5-b497-44a3-95a8-d55d99cb96c1" />
</Timelines>
</Segment>
<Segment duration="1434" startOffset="1999807" endOffset="2001242">
<File name="chunk-00282" type="av">
<FileVariant size="53" variant="04f9b0a5-b497-44a3-95a8-d55d99cb96c1" />
</File>
<Timelines>
<Transcode startTime="22381" endTime="22417" complete="1" fileType="av" variant="04f9b0a5-b497-44a3-95a8-d55d99cb96c1" />
</Timelines>
</Segment>
<Segment duration="2437" startOffset="2001243" endOffset="2003680">
<File name="chunk-00283" type="av">
<FileVariant size="59" variant="04f9b0a5-b497-44a3-95a8-d55d99cb96c1" />
</File>
<Timelines>
<Transcode startTime="22417" endTime="22477" complete="1" fileType="av" variant="04f9b0a5-b497-44a3-95a8-d55d99cb96c1" />
</Timelines>
</Segment>
<Segment duration="1696" startOffset="2007206" endOffset="2008902">
<File name="chunk-00284" type="av">
<FileVariant size="42" variant="04f9b0a5-b497-44a3-95a8-d55d99cb96c1" />
</File>
<Timelines>
<Transcode startTime="22477" endTime="22530" complete="1" fileType="av" variant="04f9b0a5-b497-44a3-95a8-d55d99cb96c1" />
</Timelines>
</Segment>
<Segment duration="2393" startOffset="2010426" endOffset="2012819">
<File name="chunk-00285" type="av">
<FileVariant size="64" variant="04f9b0a5-b497-44a3-95a8-d55d99cb96c1" />
</File>
<Timelines>
<Transcode startTime="22530" endTime="22578" complete="1" fileType="av" variant="04f9b0a5-b497-44a3-95a8-d55d99cb96c1" />
</Timelines>
</Segment>
<Segment duration="2000" startOffset="2012820" endOffset="2014821">
<File name="chunk-00286" type="av">
<FileVariant size="63" variant="04f9b0a5-b497-44a3-95a8-d55d99cb96c1" />
</File>
<Timelines>
<Transcode startTime="22578" endTime="22627" complete="1" fileType="av" variant="04f9b0a5-b497-44a3-95a8-d55d99cb96c1" />
</Timelines>
</Segment>
<Segment duration="1914" startOffset="2014822" endOffset="2016736">
<File name="chunk-00287" type="av">
<FileVariant size="67" variant="04f9b0a5-b497-44a3-95a8-d55d99cb96c1" />
</File>
<Timelines>
<Transcode startTime="22627" endTime="22679" complete="1" fileType="av" variant="04f9b0a5-b497-44a3-95a8-d55d99cb96c1" />
</Timelines>
</Segment>
<Segment duration="3436" startOffset="2016737" endOffset="2020174">
<File name="chunk-00288" type="av">
<FileVariant size="79" variant="04f9b0a5-b497-44a3-95a8-d55d99cb96c1" />
</File>
<Timelines>
<Transcode startTime="22679" endTime="22745" complete="1" fileType="av" variant="04f9b0a5-b497-44a3-95a8-d55d99cb96c1" />
</Timelines>
</Segment>
<Segment duration="1913" startOffset="2020175" endOffset="2022089">
<File name="chunk-00289" type="av">
<FileVariant size="62" variant="04f9b0a5-b497-44a3-95a8-d55d99cb96c1" />
</File>
<Timelines>
<Transcode startTime="22745" endTime="22754" complete="1" fileType="av" variant="04f9b0a5-b497-44a3-95a8-d55d99cb96c1" />
</Timelines>
</Segment>
<Segment duration="2523" startOffset="2022090" endOffset="2024613">
<File name="chunk-00290" type="av">
<FileVariant size="60" variant="04f9b0a5-b497-44a3-95a8-d55d99cb96c1" />
</File>
<Timelines>
<Transcode startTime="22754" endTime="22772" complete="1" fileType="av" variant="04f9b0a5-b497-44a3-95a8-d55d99cb96c1" />
</Timelines>
</Segment>
<Segment duration="4002" startOffset="2024614" endOffset="2028617">
<File name="chunk-00291" type="av">
<FileVariant size="79" variant="04f9b0a5-b497-44a3-95a8-d55d99cb96c1" />
</File>
<Timelines>
<Transcode startTime="22772" endTime="22860" complete="1" fileType="av" variant="04f9b0a5-b497-44a3-95a8-d55d99cb96c1" />
</Timelines>
</Segment>
<Segment duration="956" startOffset="2030142" endOffset="2031099">
<File name="chunk-00292" type="av">
<FileVariant size="44" variant="04f9b0a5-b497-44a3-95a8-d55d99cb96c1" />
</File>
<Timelines>
<Transcode startTime="22860" endTime="22868" complete="1" fileType="av" variant="04f9b0a5-b497-44a3-95a8-d55d99cb96c1" />
</Timelines>
</Segment>
<Segment duration="2829" startOffset="2032013" endOffset="2034842">
<File name="chunk-00293" type="av">
<FileVariant size="41" variant="04f9b0a5-b497-44a3-95a8-d55d99cb96c1" />
</File>
<Timelines>
<Transcode startTime="22868" endTime="22881" complete="1" fileType="av" variant="04f9b0a5-b497-44a3-95a8-d55d99cb96c1" />
</Timelines>
</Segment>
<Segment duration="2130" startOffset="2035582" endOffset="2037713">
<File name="chunk-00294" type="av">
<FileVariant size="48" variant="04f9b0a5-b497-44a3-95a8-d55d99cb96c1" />
</File>
<Timelines>
<Transcode startTime="22881" endTime="22887" complete="1" fileType="av" variant="04f9b0a5-b497-44a3-95a8-d55d99cb96c1" />
</Timelines>
</Segment>
<Segment duration="3654" startOffset="2037714" endOffset="2041369">
<File name="chunk-00295" type="av">
<FileVariant size="69" variant="04f9b0a5-b497-44a3-95a8-d55d99cb96c1" />
</File>
<Timelines>
<Transcode startTime="22887" endTime="22904" complete="1" fileType="av" variant="04f9b0a5-b497-44a3-95a8-d55d99cb96c1" />
</Timelines>
</Segment>
<Segment duration="4003" startOffset="2041370" endOffset="2045373">
<File name="chunk-00296" type="av">
<FileVariant size="90" variant="04f9b0a5-b497-44a3-95a8-d55d99cb96c1" />
</File>
<Timelines>
<Transcode startTime="22904" endTime="22921" complete="1" fileType="av" variant="04f9b0a5-b497-44a3-95a8-d55d99cb96c1" />
</Timelines>
</Segment>
<Segment duration="4046" startOffset="2045374" endOffset="2049420">
<File name="chunk-00297" type="av">
<FileVariant size="45" variant="04f9b0a5-b497-44a3-95a8-d55d99cb96c1" />
</File>
<Timelines>
<Transcode startTime="22921" endTime="22990" complete="1" fileType="av" variant="04f9b0a5-b497-44a3-95a8-d55d99cb96c1" />
</Timelines>
</Segment>
<Segment duration="1434" startOffset="2063304" endOffset="2064739">
<File name="chunk-00298" type="av">
<FileVariant size="41" variant="04f9b0a5-b497-44a3-95a8-d55d99cb96c1" />
</File>
<Timelines>
<Transcode startTime="22990" endTime="22996" complete="1" fileType="av" variant="04f9b0a5-b497-44a3-95a8-d55d99cb96c1" />
</Timelines>
</Segment>
<Segment duration="1958" startOffset="2064741" endOffset="2066699">
<File name="chunk-00299" type="av">
<FileVariant size="61" variant="04f9b0a5-b497-44a3-95a8-d55d99cb96c1" />
</File>
<Timelines>
<Transcode startTime="22996" endTime="22998" complete="1" fileType="av" variant="04f9b0a5-b497-44a3-95a8-d55d99cb96c1" />
</Timelines>
</Segment>
<Segment duration="1347" startOffset="2066699" endOffset="2068047">
<File name="chunk-00300" type="av">
<FileVariant size="64" variant="04f9b0a5-b497-44a3-95a8-d55d99cb96c1" />
</File>
<Timelines>
<Transcode startTime="22998" endTime="22998" complete="1" fileType="av" variant="04f9b0a5-b497-44a3-95a8-d55d99cb96c1" />
</Timelines>
</Segment>
<Segment duration="2088" startOffset="2068049" endOffset="2070137">
<File name="chunk-00301" type="av">
<FileVariant size="71" variant="04f9b0a5-b497-44a3-95a8-d55d99cb96c1" />
</File>
<Timelines>
<Transcode startTime="22998" endTime="23013" complete="1" fileType="av" variant="04f9b0a5-b497-44a3-95a8-d55d99cb96c1" />
</Timelines>
</Segment>
<Segment duration="3219" startOffset="2073359" endOffset="2076578">
<File name="chunk-00302" type="av">
<FileVariant size="79" variant="04f9b0a5-b497-44a3-95a8-d55d99cb96c1" />
</File>
<Timelines>
<Transcode startTime="23013" endTime="23065" complete="1" fileType="av" variant="04f9b0a5-b497-44a3-95a8-d55d99cb96c1" />
</Timelines>
</Segment>
<Segment duration="3525" startOffset="2080931" endOffset="2084456">
<File name="chunk-00303" type="av">
<FileVariant size="76" variant="04f9b0a5-b497-44a3-95a8-d55d99cb96c1" />
</File>
<Timelines>
<Transcode startTime="23065" endTime="23069" complete="1" fileType="av" variant="04f9b0a5-b497-44a3-95a8-d55d99cb96c1" />
</Timelines>
</Segment>
<Segment duration="1521" startOffset="2084456" endOffset="2085978">
<File name="chunk-00304" type="av">
<FileVariant size="52" variant="04f9b0a5-b497-44a3-95a8-d55d99cb96c1" />
</File>
<Timelines>
<Transcode startTime="23069" endTime="23235" complete="1" fileType="av" variant="04f9b0a5-b497-44a3-95a8-d55d99cb96c1" />
</Timelines>
</Segment>
<Segment duration="1173" startOffset="2097774" endOffset="2098948">
<File name="chunk-00305" type="av">
<FileVariant size="46" variant="04f9b0a5-b497-44a3-95a8-d55d99cb96c1" />
</File>
<Timelines>
<Transcode startTime="23235" endTime="23287" complete="1" fileType="av" variant="04f9b0a5-b497-44a3-95a8-d55d99cb96c1" />
</Timelines>
</Segment>
<Segment duration="2175" startOffset="2103519" endOffset="2105694">
<File name="chunk-00306" type="av">
<FileVariant size="41" variant="04f9b0a5-b497-44a3-95a8-d55d99cb96c1" />
</File>
<Timelines>
<Transcode startTime="23287" endTime="23327" complete="1" fileType="av" variant="04f9b0a5-b497-44a3-95a8-d55d99cb96c1" />
</Timelines>
</Segment>
<Segment duration="5569" startOffset="2105695" endOffset="2111265">
<File name="chunk-00307" type="av">
<FileVariant size="92" variant="04f9b0a5-b497-44a3-95a8-d55d99cb96c1" />
</File>
<Timelines>
<Transcode startTime="23327" endTime="23334" complete="1" fileType="av" variant="04f9b0a5-b497-44a3-95a8-d55d99cb96c1" />
</Timelines>
</Segment>
<Segment duration="2958" startOffset="2111266" endOffset="2114225">
<File name="chunk-00308" type="av">
<FileVariant size="61" variant="04f9b0a5-b497-44a3-95a8-d55d99cb96c1" />
</File>
<Timelines>
<Transcode startTime="23334" endTime="23347" complete="1" fileType="av" variant="04f9b0a5-b497-44a3-95a8-d55d99cb96c1" />
</Timelines>
</Segment>
<Segment duration="1391" startOffset="2118360" endOffset="2119752">
<File name="chunk-00309" type="av">
<FileVariant size="53" variant="04f9b0a5-b497-44a3-95a8-d55d99cb96c1" />
</File>
<Timelines>
<Transcode startTime="23347" endTime="23352" complete="1" fileType="av" variant="04f9b0a5-b497-44a3-95a8-d55d99cb96c1" />
</Timelines>
</Segment>
<Segment duration="1869" startOffset="2119753" endOffset="2121623">
<File name="chunk-00310" type="av">
<FileVariant size="56" variant="04f9b0a5-b497-44a3-95a8-d55d99cb96c1" />
</File>
<Timelines>
<Transcode startTime="23352" endTime="23355" complete="1" fileType="av" variant="04f9b0a5-b497-44a3-95a8-d55d99cb96c1" />
</Timelines>
</Segment>
<Segment duration="1260" startOffset="2122582" endOffset="2123843">
<File name="chunk-00311" type="av">
<FileVariant size="48" variant="04f9b0a5-b497-44a3-95a8-d55d99cb96c1" />
</File>
<Timelines>
<Transcode startTime="23355" endTime="23356" complete="1" fileType="av" variant="04f9b0a5-b497-44a3-95a8-d55d99cb96c1" />
</Timelines>
</Segment>
<Segment duration="2306" startOffset="2123844" endOffset="2126150">
<File name="chunk-00312" type="av">
<FileVariant size="49" variant="04f9b0a5-b497-44a3-95a8-d55d99cb96c1" />
</File>
<Timelines>
<Transcode startTime="23356" endTime="23358" complete="1" fileType="av" variant="04f9b0a5-b497-44a3-95a8-d55d99cb96c1" />
</Timelines>
</Segment>
<Segment duration="1696" startOffset="2126151" endOffset="2127847">
<File name="chunk-00313" type="av">
<FileVariant size="54" variant="04f9b0a5-b497-44a3-95a8-d55d99cb96c1" />
</File>
<Timelines>
<Transcode startTime="23358" endTime="23389" complete="1" fileType="av" variant="04f9b0a5-b497-44a3-95a8-d55d99cb96c1" />
</Timelines>
</Segment>
<Segment duration="2567" startOffset="2132461" endOffset="2135028">
<File name="chunk-00314" type="av">
<FileVariant size="65" variant="04f9b0a5-b497-44a3-95a8-d55d99cb96c1" />
</File>
<Timelines>
<Transcode startTime="23389" endTime="23393" complete="1" fileType="av" variant="04f9b0a5-b497-44a3-95a8-d55d99cb96c1" />
</Timelines>
</Segment>
<Segment duration="3916" startOffset="2135029" endOffset="2138945">
<File name="chunk-00315" type="av">
<FileVariant size="76" variant="04f9b0a5-b497-44a3-95a8-d55d99cb96c1" />
</File>
<Timelines>
<Transcode startTime="23393" endTime="23425" complete="1" fileType="av" variant="04f9b0a5-b497-44a3-95a8-d55d99cb96c1" />
</Timelines>
</Segment>
<Segment duration="2175" startOffset="2138946" endOffset="2141121">
<File name="chunk-00316" type="av">
<FileVariant size="70" variant="04f9b0a5-b497-44a3-95a8-d55d99cb96c1" />
</File>
<Timelines>
<Transcode startTime="23425" endTime="23430" complete="1" fileType="av" variant="04f9b0a5-b497-44a3-95a8-d55d99cb96c1" />
</Timelines>
</Segment>
<Segment duration="2219" startOffset="2141122" endOffset="2143341">
<File name="chunk-00317" type="av">
<FileVariant size="62" variant="04f9b0a5-b497-44a3-95a8-d55d99cb96c1" />
</File>
<Timelines>
<Transcode startTime="23430" endTime="23481" complete="1" fileType="av" variant="04f9b0a5-b497-44a3-95a8-d55d99cb96c1" />
</Timelines>
</Segment>
<Segment duration="1521" startOffset="2143342" endOffset="2144864">
<File name="chunk-00318" type="av">
<FileVariant size="50" variant="04f9b0a5-b497-44a3-95a8-d55d99cb96c1" />
</File>
<Timelines>
<Transcode startTime="23481" endTime="23545" complete="1" fileType="av" variant="04f9b0a5-b497-44a3-95a8-d55d99cb96c1" />
</Timelines>
</Segment>
<Segment duration="3263" startOffset="2144865" endOffset="2148128">
<File name="chunk-00319" type="av">
<FileVariant size="85" variant="04f9b0a5-b497-44a3-95a8-d55d99cb96c1" />
</File>
<Timelines>
<Transcode startTime="23545" endTime="23589" complete="1" fileType="av" variant="04f9b0a5-b497-44a3-95a8-d55d99cb96c1" />
</Timelines>
</Segment>
<Segment duration="1914" startOffset="2148129" endOffset="2150043">
<File name="chunk-00320" type="av">
<FileVariant size="69" variant="04f9b0a5-b497-44a3-95a8-d55d99cb96c1" />
</File>
<Timelines>
<Transcode startTime="23589" endTime="23596" complete="1" fileType="av" variant="04f9b0a5-b497-44a3-95a8-d55d99cb96c1" />
</Timelines>
</Segment>
<Segment duration="1521" startOffset="2150044" endOffset="2151566">
<File name="chunk-00321" type="av">
<FileVariant size="61" variant="04f9b0a5-b497-44a3-95a8-d55d99cb96c1" />
</File>
<Timelines>
<Transcode startTime="23596" endTime="23597" complete="1" fileType="av" variant="04f9b0a5-b497-44a3-95a8-d55d99cb96c1" />
</Timelines>
</Segment>
<Segment duration="1260" startOffset="2151567" endOffset="2152828">
<File name="chunk-00322" type="av">
<FileVariant size="52" variant="04f9b0a5-b497-44a3-95a8-d55d99cb96c1" />
</File>
<Timelines>
<Transcode startTime="23597" endTime="23635" complete="1" fileType="av" variant="04f9b0a5-b497-44a3-95a8-d55d99cb96c1" />
</Timelines>
</Segment>
<Segment duration="2349" startOffset="2152829" endOffset="2155179">
<File name="chunk-00323" type="av">
<FileVariant size="81" variant="04f9b0a5-b497-44a3-95a8-d55d99cb96c1" />
</File>
<Timelines>
<Transcode startTime="23635" endTime="23640" complete="1" fileType="av" variant="04f9b0a5-b497-44a3-95a8-d55d99cb96c1" />
</Timelines>
</Segment>
<Segment duration="2914" startOffset="2155180" endOffset="2158094">
<File name="chunk-00324" type="av">
<FileVariant size="70" variant="04f9b0a5-b497-44a3-95a8-d55d99cb96c1" />
</File>
<Timelines>
<Transcode startTime="23640" endTime="23677" complete="1" fileType="av" variant="04f9b0a5-b497-44a3-95a8-d55d99cb96c1" />
</Timelines>
</Segment>
<Segment duration="3046" startOffset="2158095" endOffset="2161141">
<File name="chunk-00325" type="av">
<FileVariant size="64" variant="04f9b0a5-b497-44a3-95a8-d55d99cb96c1" />
</File>
<Timelines>
<Transcode startTime="23677" endTime="23678" complete="1" fileType="av" variant="04f9b0a5-b497-44a3-95a8-d55d99cb96c1" />
</Timelines>
</Segment>
<Segment duration="1086" startOffset="2161142" endOffset="2162229">
<File name="chunk-00326" type="av">
<FileVariant size="51" variant="04f9b0a5-b497-44a3-95a8-d55d99cb96c1" />
</File>
<Timelines>
<Transcode startTime="23678" endTime="23707" complete="1" fileType="av" variant="04f9b0a5-b497-44a3-95a8-d55d99cb96c1" />
</Timelines>
</Segment>
<Segment duration="2958" startOffset="2162230" endOffset="2165189">
<File name="chunk-00327" type="av">
<FileVariant size="54" variant="04f9b0a5-b497-44a3-95a8-d55d99cb96c1" />
</File>
<Timelines>
<Transcode startTime="23707" endTime="23747" complete="1" fileType="av" variant="04f9b0a5-b497-44a3-95a8-d55d99cb96c1" />
</Timelines>
</Segment>
<Segment duration="3523" startOffset="2165190" endOffset="2168714">
<File name="chunk-00328" type="av">
<FileVariant size="82" variant="04f9b0a5-b497-44a3-95a8-d55d99cb96c1" />
</File>
<Timelines>
<Transcode startTime="23747" endTime="23818" complete="1" fileType="av" variant="04f9b0a5-b497-44a3-95a8-d55d99cb96c1" />
</Timelines>
</Segment>
<Segment duration="2130" startOffset="2168715" endOffset="2170846">
<File name="chunk-00329" type="av">
<FileVariant size="60" variant="04f9b0a5-b497-44a3-95a8-d55d99cb96c1" />
</File>
<Timelines>
<Transcode startTime="23818" endTime="23845" complete="1" fileType="av" variant="04f9b0a5-b497-44a3-95a8-d55d99cb96c1" />
</Timelines>
</Segment>
<Segment duration="2653" startOffset="2170847" endOffset="2173501">
<File name="chunk-00330" type="av">
<FileVariant size="57" variant="04f9b0a5-b497-44a3-95a8-d55d99cb96c1" />
</File>
<Timelines>
<Transcode startTime="23845" endTime="23847" complete="1" fileType="av" variant="04f9b0a5-b497-44a3-95a8-d55d99cb96c1" />
</Timelines>
</Segment>
<Segment duration="3610" startOffset="2173502" endOffset="2177113">
<File name="chunk-00331" type="av">
<FileVariant size="77" variant="04f9b0a5-b497-44a3-95a8-d55d99cb96c1" />
</File>
<Timelines>
<Transcode startTime="23847" endTime="23912" complete="1" fileType="av" variant="04f9b0a5-b497-44a3-95a8-d55d99cb96c1" />
</Timelines>
</Segment>
<Segment duration="2480" startOffset="2177114" endOffset="2179595">
<File name="chunk-00332" type="av">
<FileVariant size="48" variant="04f9b0a5-b497-44a3-95a8-d55d99cb96c1" />
</File>
<Timelines>
<Transcode startTime="23912" endTime="23949" complete="1" fileType="av" variant="04f9b0a5-b497-44a3-95a8-d55d99cb96c1" />
</Timelines>
</Segment>
<Segment duration="3393" startOffset="2181858" endOffset="2185252">
<File name="chunk-00333" type="av">
<FileVariant size="72" variant="04f9b0a5-b497-44a3-95a8-d55d99cb96c1" />
</File>
<Timelines>
<Transcode startTime="23949" endTime="23979" complete="1" fileType="av" variant="04f9b0a5-b497-44a3-95a8-d55d99cb96c1" />
</Timelines>
</Segment>
<Segment duration="4525" startOffset="2185253" endOffset="2189779">
<File name="chunk-00334" type="av">
<FileVariant size="64" variant="04f9b0a5-b497-44a3-95a8-d55d99cb96c1" />
</File>
<Timelines>
<Transcode startTime="23979" endTime="24024" complete="1" fileType="av" variant="04f9b0a5-b497-44a3-95a8-d55d99cb96c1" />
</Timelines>
</Segment>
<Segment duration="1347" startOffset="2191738" endOffset="2193086">
<File name="chunk-00335" type="av">
<FileVariant size="58" variant="04f9b0a5-b497-44a3-95a8-d55d99cb96c1" />
</File>
<Timelines>
<Transcode startTime="24024" endTime="24026" complete="1" fileType="av" variant="04f9b0a5-b497-44a3-95a8-d55d99cb96c1" />
</Timelines>
</Segment>
<Segment duration="2306" startOffset="2193087" endOffset="2195393">
<File name="chunk-00336" type="av">
<FileVariant size="62" variant="04f9b0a5-b497-44a3-95a8-d55d99cb96c1" />
</File>
<Timelines>
<Transcode startTime="24026" endTime="24030" complete="1" fileType="av" variant="04f9b0a5-b497-44a3-95a8-d55d99cb96c1" />
</Timelines>
</Segment>
<Segment duration="2262" startOffset="2195394" endOffset="2197656">
<File name="chunk-00337" type="av">
<FileVariant size="76" variant="04f9b0a5-b497-44a3-95a8-d55d99cb96c1" />
</File>
<Timelines>
<Transcode startTime="24030" endTime="24054" complete="1" fileType="av" variant="04f9b0a5-b497-44a3-95a8-d55d99cb96c1" />
</Timelines>
</Segment>
<Segment duration="1434" startOffset="2197657" endOffset="2199092">
<File name="chunk-00338" type="av">
<FileVariant size="43" variant="04f9b0a5-b497-44a3-95a8-d55d99cb96c1" />
</File>
<Timelines>
<Transcode startTime="24054" endTime="24067" complete="1" fileType="av" variant="04f9b0a5-b497-44a3-95a8-d55d99cb96c1" />
</Timelines>
</Segment>
<Segment duration="1305" startOffset="2199093" endOffset="2200398">
<File name="chunk-00339" type="av">
<FileVariant size="65" variant="04f9b0a5-b497-44a3-95a8-d55d99cb96c1" />
</File>
<Timelines>
<Transcode startTime="24067" endTime="24068" complete="1" fileType="av" variant="04f9b0a5-b497-44a3-95a8-d55d99cb96c1" />
</Timelines>
</Segment>
<Segment duration="2131" startOffset="2200399" endOffset="2202530">
<File name="chunk-00340" type="av">
<FileVariant size="66" variant="04f9b0a5-b497-44a3-95a8-d55d99cb96c1" />
</File>
<Timelines>
<Transcode startTime="24068" endTime="24070" complete="1" fileType="av" variant="04f9b0a5-b497-44a3-95a8-d55d99cb96c1" />
</Timelines>
</Segment>
<Segment duration="2436" startOffset="2202531" endOffset="2204967">
<File name="chunk-00341" type="av">
<FileVariant size="73" variant="04f9b0a5-b497-44a3-95a8-d55d99cb96c1" />
</File>
<Timelines>
<Transcode startTime="24070" endTime="24078" complete="1" fileType="av" variant="04f9b0a5-b497-44a3-95a8-d55d99cb96c1" />
</Timelines>
</Segment>
<Segment duration="2567" startOffset="2204968" endOffset="2207535">
<File name="chunk-00342" type="av">
<FileVariant size="72" variant="04f9b0a5-b497-44a3-95a8-d55d99cb96c1" />
</File>
<Timelines>
<Transcode startTime="24078" endTime="24078" complete="1" fileType="av" variant="04f9b0a5-b497-44a3-95a8-d55d99cb96c1" />
</Timelines>
</Segment>
<Segment duration="913" startOffset="2207536" endOffset="2208449">
<File name="chunk-00343" type="av">
<FileVariant size="40" variant="04f9b0a5-b497-44a3-95a8-d55d99cb96c1" />
</File>
<Timelines>
<Transcode startTime="24078" endTime="24106" complete="1" fileType="av" variant="04f9b0a5-b497-44a3-95a8-d55d99cb96c1" />
</Timelines>
</Segment>
<Segment duration="3611" startOffset="2208450" endOffset="2212061">
<File name="chunk-00344" type="av">
<FileVariant size="66" variant="04f9b0a5-b497-44a3-95a8-d55d99cb96c1" />
</File>
<Timelines>
<Transcode startTime="24106" endTime="24107" complete="1" fileType="av" variant="04f9b0a5-b497-44a3-95a8-d55d99cb96c1" />
</Timelines>
</Segment>
<Segment duration="3960" startOffset="2212062" endOffset="2216022">
<File name="chunk-00345" type="av">
<FileVariant size="77" variant="04f9b0a5-b497-44a3-95a8-d55d99cb96c1" />
</File>
<Timelines>
<Transcode startTime="24107" endTime="24159" complete="1" fileType="av" variant="04f9b0a5-b497-44a3-95a8-d55d99cb96c1" />
</Timelines>
</Segment>
<Segment duration="4612" startOffset="2216023" endOffset="2220635">
<File name="chunk-00346" type="av">
<FileVariant size="86" variant="04f9b0a5-b497-44a3-95a8-d55d99cb96c1" />
</File>
<Timelines>
<Transcode startTime="24159" endTime="24206" complete="1" fileType="av" variant="04f9b0a5-b497-44a3-95a8-d55d99cb96c1" />
</Timelines>
</Segment>
<Segment duration="2132" startOffset="2220636" endOffset="2222768">
<File name="chunk-00347" type="av">
<FileVariant size="61" variant="04f9b0a5-b497-44a3-95a8-d55d99cb96c1" />
</File>
<Timelines>
<Transcode startTime="24206" endTime="24211" complete="1" fileType="av" variant="04f9b0a5-b497-44a3-95a8-d55d99cb96c1" />
</Timelines>
</Segment>
<Segment duration="1261" startOffset="2222769" endOffset="2224030">
<File name="chunk-00348" type="av">
<FileVariant size="52" variant="04f9b0a5-b497-44a3-95a8-d55d99cb96c1" />
</File>
<Timelines>
<Transcode startTime="24211" endTime="24212" complete="1" fileType="av" variant="04f9b0a5-b497-44a3-95a8-d55d99cb96c1" />
</Timelines>
</Segment>
<Segment duration="2610" startOffset="2224031" endOffset="2226641">
<File name="chunk-00349" type="av">
<FileVariant size="77" variant="04f9b0a5-b497-44a3-95a8-d55d99cb96c1" />
</File>
<Timelines>
<Transcode startTime="24212" endTime="24264" complete="1" fileType="av" variant="04f9b0a5-b497-44a3-95a8-d55d99cb96c1" />
</Timelines>
</Segment>
<Segment duration="2349" startOffset="2226642" endOffset="2228991">
<File name="chunk-00350" type="av">
<FileVariant size="81" variant="04f9b0a5-b497-44a3-95a8-d55d99cb96c1" />
</File>
<Timelines>
<Transcode startTime="24264" endTime="24268" complete="1" fileType="av" variant="04f9b0a5-b497-44a3-95a8-d55d99cb96c1" />
</Timelines>
</Segment>
<Segment duration="1826" startOffset="2228992" endOffset="2230819">
<File name="chunk-00351" type="av">
<FileVariant size="52" variant="04f9b0a5-b497-44a3-95a8-d55d99cb96c1" />
</File>
<Timelines>
<Transcode startTime="24268" endTime="24280" complete="1" fileType="av" variant="04f9b0a5-b497-44a3-95a8-d55d99cb96c1" />
</Timelines>
</Segment>
<Segment duration="1391" startOffset="2231952" endOffset="2233344">
<File name="chunk-00352" type="av">
<FileVariant size="41" variant="04f9b0a5-b497-44a3-95a8-d55d99cb96c1" />
</File>
<Timelines>
<Transcode startTime="24280" endTime="24324" complete="1" fileType="av" variant="04f9b0a5-b497-44a3-95a8-d55d99cb96c1" />
</Timelines>
</Segment>
<Segment duration="2871" startOffset="2234781" endOffset="2237652">
<File name="chunk-00353" type="av">
<FileVariant size="80" variant="04f9b0a5-b497-44a3-95a8-d55d99cb96c1" />
</File>
<Timelines>
<Transcode startTime="24324" endTime="24370" complete="1" fileType="av" variant="04f9b0a5-b497-44a3-95a8-d55d99cb96c1" />
</Timelines>
</Segment>
<Segment duration="1392" startOffset="2237653" endOffset="2239045">
<File name="chunk-00354" type="av">
<FileVariant size="41" variant="04f9b0a5-b497-44a3-95a8-d55d99cb96c1" />
</File>
<Timelines>
<Transcode startTime="24370" endTime="24371" complete="1" fileType="av" variant="04f9b0a5-b497-44a3-95a8-d55d99cb96c1" />
</Timelines>
</Segment>
<Segment duration="2436" startOffset="2239046" endOffset="2241482">
<File name="chunk-00355" type="av">
<FileVariant size="65" variant="04f9b0a5-b497-44a3-95a8-d55d99cb96c1" />
</File>
<Timelines>
<Transcode startTime="24371" endTime="24444" complete="1" fileType="av" variant="04f9b0a5-b497-44a3-95a8-d55d99cb96c1" />
</Timelines>
</Segment>
<Segment duration="2567" startOffset="2241483" endOffset="2244050">
<File name="chunk-00356" type="av">
<FileVariant size="63" variant="04f9b0a5-b497-44a3-95a8-d55d99cb96c1" />
</File>
<Timelines>
<Transcode startTime="24444" endTime="24450" complete="1" fileType="av" variant="04f9b0a5-b497-44a3-95a8-d55d99cb96c1" />
</Timelines>
</Segment>
<Segment duration="1173" startOffset="2244051" endOffset="2245225">
<File name="chunk-00357" type="av">
<FileVariant size="62" variant="04f9b0a5-b497-44a3-95a8-d55d99cb96c1" />
</File>
<Timelines>
<Transcode startTime="24450" endTime="24451" complete="1" fileType="av" variant="04f9b0a5-b497-44a3-95a8-d55d99cb96c1" />
</Timelines>
</Segment>
<Segment duration="1695" startOffset="2245226" endOffset="2246922">
<File name="chunk-00358" type="av">
<FileVariant size="60" variant="04f9b0a5-b497-44a3-95a8-d55d99cb96c1" />
</File>
<Timelines>
<Transcode startTime="24451" endTime="24457" complete="1" fileType="av" variant="04f9b0a5-b497-44a3-95a8-d55d99cb96c1" />
</Timelines>
</Segment>
<Segment duration="3002" startOffset="2246923" endOffset="2249925">
<File name="chunk-00359" type="av">
<FileVariant size="81" variant="04f9b0a5-b497-44a3-95a8-d55d99cb96c1" />
</File>
<Timelines>
<Transcode startTime="24457" endTime="24518" complete="1" fileType="av" variant="04f9b0a5-b497-44a3-95a8-d55d99cb96c1" />
</Timelines>
</Segment>
<Segment duration="1173" startOffset="2249926" endOffset="2251100">
<File name="chunk-00360" type="av">
<FileVariant size="58" variant="04f9b0a5-b497-44a3-95a8-d55d99cb96c1" />
</File>
<Timelines>
<Transcode startTime="24518" endTime="24531" complete="1" fileType="av" variant="04f9b0a5-b497-44a3-95a8-d55d99cb96c1" />
</Timelines>
</Segment>
<Segment duration="1435" startOffset="2251101" endOffset="2252537">
<File name="chunk-00361" type="av">
<FileVariant size="70" variant="04f9b0a5-b497-44a3-95a8-d55d99cb96c1" />
</File>
<Timelines>
<Transcode startTime="24531" endTime="24627" complete="1" fileType="av" variant="04f9b0a5-b497-44a3-95a8-d55d99cb96c1" />
</Timelines>
</Segment>
<Segment duration="3349" startOffset="2255715" endOffset="2259065">
<File name="chunk-00362" type="av">
<FileVariant size="90" variant="04f9b0a5-b497-44a3-95a8-d55d99cb96c1" />
</File>
<Timelines>
<Transcode startTime="24627" endTime="24633" complete="1" fileType="av" variant="04f9b0a5-b497-44a3-95a8-d55d99cb96c1" />
</Timelines>
</Segment>
<Segment duration="2653" startOffset="2259066" endOffset="2261720">
<File name="chunk-00363" type="av">
<FileVariant size="60" variant="04f9b0a5-b497-44a3-95a8-d55d99cb96c1" />
</File>
<Timelines>
<Transcode startTime="24633" endTime="24682" complete="1" fileType="av" variant="04f9b0a5-b497-44a3-95a8-d55d99cb96c1" />
</Timelines>
</Segment>
<Segment duration="1347" startOffset="2261721" endOffset="2263069">
<File name="chunk-00364" type="av">
<FileVariant size="40" variant="04f9b0a5-b497-44a3-95a8-d55d99cb96c1" />
</File>
<Timelines>
<Transcode startTime="24682" endTime="24750" complete="1" fileType="av" variant="04f9b0a5-b497-44a3-95a8-d55d99cb96c1" />
</Timelines>
</Segment>
<Segment duration="2304" startOffset="2264724" endOffset="2267029">
<File name="chunk-00365" type="av">
<FileVariant size="70" variant="04f9b0a5-b497-44a3-95a8-d55d99cb96c1" />
</File>
<Timelines>
<Transcode startTime="24750" endTime="24769" complete="1" fileType="av" variant="04f9b0a5-b497-44a3-95a8-d55d99cb96c1" />
</Timelines>
</Segment>
<Segment duration="1565" startOffset="2267030" endOffset="2268596">
<File name="chunk-00366" type="av">
<FileVariant size="58" variant="04f9b0a5-b497-44a3-95a8-d55d99cb96c1" />
</File>
<Timelines>
<Transcode startTime="24769" endTime="24793" complete="1" fileType="av" variant="04f9b0a5-b497-44a3-95a8-d55d99cb96c1" />
</Timelines>
</Segment>
<Segment duration="2522" startOffset="2268597" endOffset="2271120">
<File name="chunk-00367" type="av">
<FileVariant size="60" variant="04f9b0a5-b497-44a3-95a8-d55d99cb96c1" />
</File>
<Timelines>
<Transcode startTime="24793" endTime="24945" complete="1" fileType="av" variant="04f9b0a5-b497-44a3-95a8-d55d99cb96c1" />
</Timelines>
</Segment>
<Segment duration="3915" startOffset="2271121" endOffset="2275037">
<File name="chunk-00368" type="av">
<FileVariant size="69" variant="04f9b0a5-b497-44a3-95a8-d55d99cb96c1" />
</File>
<Timelines>
<Transcode startTime="24945" endTime="24978" complete="1" fileType="av" variant="04f9b0a5-b497-44a3-95a8-d55d99cb96c1" />
</Timelines>
</Segment>
<Segment duration="3829" startOffset="2276953" endOffset="2280782">
<File name="chunk-00369" type="av">
<FileVariant size="69" variant="04f9b0a5-b497-44a3-95a8-d55d99cb96c1" />
</File>
<Timelines>
<Transcode startTime="24978" endTime="24979" complete="1" fileType="av" variant="04f9b0a5-b497-44a3-95a8-d55d99cb96c1" />
</Timelines>
</Segment>
<Segment duration="1305" startOffset="2280783" endOffset="2282088">
<File name="chunk-00370" type="av">
<FileVariant size="51" variant="04f9b0a5-b497-44a3-95a8-d55d99cb96c1" />
</File>
<Timelines>
<Transcode startTime="24979" endTime="24984" complete="1" fileType="av" variant="04f9b0a5-b497-44a3-95a8-d55d99cb96c1" />
</Timelines>
</Segment>
<Segment duration="2697" startOffset="2282089" endOffset="2284786">
<File name="chunk-00371" type="av">
<FileVariant size="68" variant="04f9b0a5-b497-44a3-95a8-d55d99cb96c1" />
</File>
<Timelines>
<Transcode startTime="24984" endTime="24988" complete="1" fileType="av" variant="04f9b0a5-b497-44a3-95a8-d55d99cb96c1" />
</Timelines>
</Segment>
<Segment duration="3263" startOffset="2286354" endOffset="2289617">
<File name="chunk-00372" type="av">
<FileVariant size="64" variant="04f9b0a5-b497-44a3-95a8-d55d99cb96c1" />
</File>
<Timelines>
<Transcode startTime="24988" endTime="25117" complete="1" fileType="av" variant="04f9b0a5-b497-44a3-95a8-d55d99cb96c1" />
</Timelines>
</Segment>
<Segment duration="1217" startOffset="2292578" endOffset="2293795">
<File name="chunk-00373" type="av">
<FileVariant size="44" variant="04f9b0a5-b497-44a3-95a8-d55d99cb96c1" />
</File>
<Timelines>
<Transcode startTime="25117" endTime="25230" complete="1" fileType="av" variant="04f9b0a5-b497-44a3-95a8-d55d99cb96c1" />
</Timelines>
</Segment>
<Segment duration="1739" startOffset="2301630" endOffset="2303370">
<File name="chunk-00374" type="av">
<FileVariant size="64" variant="04f9b0a5-b497-44a3-95a8-d55d99cb96c1" />
</File>
<Timelines>
<Transcode startTime="25230" endTime="25232" complete="1" fileType="av" variant="04f9b0a5-b497-44a3-95a8-d55d99cb96c1" />
</Timelines>
</Segment>
<Segment duration="2871" startOffset="2303371" endOffset="2306242">
<File name="chunk-00375" type="av">
<FileVariant size="78" variant="04f9b0a5-b497-44a3-95a8-d55d99cb96c1" />
</File>
<Timelines>
<Transcode startTime="25232" endTime="25274" complete="1" fileType="av" variant="04f9b0a5-b497-44a3-95a8-d55d99cb96c1" />
</Timelines>
</Segment>
<Segment duration="1653" startOffset="2306243" endOffset="2307896">
<File name="chunk-00376" type="av">
<FileVariant size="59" variant="04f9b0a5-b497-44a3-95a8-d55d99cb96c1" />
</File>
<Timelines>
<Transcode startTime="25274" endTime="25276" complete="1" fileType="av" variant="04f9b0a5-b497-44a3-95a8-d55d99cb96c1" />
</Timelines>
</Segment>
<Segment duration="2045" startOffset="2307897" endOffset="2309942">
<File name="chunk-00377" type="av">
<FileVariant size="71" variant="04f9b0a5-b497-44a3-95a8-d55d99cb96c1" />
</File>
<Timelines>
<Transcode startTime="25276" endTime="25386" complete="1" fileType="av" variant="04f9b0a5-b497-44a3-95a8-d55d99cb96c1" />
</Timelines>
</Segment>
<Segment duration="3568" startOffset="2316732" endOffset="2320300">
<File name="chunk-00378" type="av">
<FileVariant size="72" variant="04f9b0a5-b497-44a3-95a8-d55d99cb96c1" />
</File>
<Timelines>
<Transcode startTime="25386" endTime="25387" complete="1" fileType="av" variant="04f9b0a5-b497-44a3-95a8-d55d99cb96c1" />
</Timelines>
</Segment>
<Segment duration="2653" startOffset="2320301" endOffset="2322955">
<File name="chunk-00379" type="av">
<FileVariant size="46" variant="04f9b0a5-b497-44a3-95a8-d55d99cb96c1" />
</File>
<Timelines>
<Transcode startTime="25387" endTime="25389" complete="1" fileType="av" variant="04f9b0a5-b497-44a3-95a8-d55d99cb96c1" />
</Timelines>
</Segment>
<Segment duration="2261" startOffset="2322956" endOffset="2325218">
<File name="chunk-00380" type="av">
<FileVariant size="74" variant="04f9b0a5-b497-44a3-95a8-d55d99cb96c1" />
</File>
<Timelines>
<Transcode startTime="25389" endTime="25394" complete="1" fileType="av" variant="04f9b0a5-b497-44a3-95a8-d55d99cb96c1" />
</Timelines>
</Segment>
<Segment duration="1956" startOffset="2325219" endOffset="2327176">
<File name="chunk-00381" type="av">
<FileVariant size="75" variant="04f9b0a5-b497-44a3-95a8-d55d99cb96c1" />
</File>
<Timelines>
<Transcode startTime="25394" endTime="25400" complete="1" fileType="av" variant="04f9b0a5-b497-44a3-95a8-d55d99cb96c1" />
</Timelines>
</Segment>
<Segment duration="2871" startOffset="2327177" endOffset="2330049">
<File name="chunk-00382" type="av">
<FileVariant size="69" variant="04f9b0a5-b497-44a3-95a8-d55d99cb96c1" />
</File>
<Timelines>
<Transcode startTime="25400" endTime="25415" complete="1" fileType="av" variant="04f9b0a5-b497-44a3-95a8-d55d99cb96c1" />
</Timelines>
</Segment>
<Segment duration="1565" startOffset="2330050" endOffset="2331616">
<File name="chunk-00383" type="av">
<FileVariant size="60" variant="04f9b0a5-b497-44a3-95a8-d55d99cb96c1" />
</File>
<Timelines>
<Transcode startTime="25415" endTime="25416" complete="1" fileType="av" variant="04f9b0a5-b497-44a3-95a8-d55d99cb96c1" />
</Timelines>
</Segment>
<Segment duration="3567" startOffset="2331617" endOffset="2335184">
<File name="chunk-00384" type="av">
<FileVariant size="75" variant="04f9b0a5-b497-44a3-95a8-d55d99cb96c1" />
</File>
<Timelines>
<Transcode startTime="25416" endTime="25481" complete="1" fileType="av" variant="04f9b0a5-b497-44a3-95a8-d55d99cb96c1" />
</Timelines>
</Segment>
<Segment duration="3046" startOffset="2335185" endOffset="2338231">
<File name="chunk-00385" type="av">
<FileVariant size="70" variant="04f9b0a5-b497-44a3-95a8-d55d99cb96c1" />
</File>
<Timelines>
<Transcode startTime="25481" endTime="25550" complete="1" fileType="av" variant="04f9b0a5-b497-44a3-95a8-d55d99cb96c1" />
</Timelines>
</Segment>
<Segment duration="2914" startOffset="2338232" endOffset="2341147">
<File name="chunk-00386" type="av">
<FileVariant size="61" variant="04f9b0a5-b497-44a3-95a8-d55d99cb96c1" />
</File>
<Timelines>
<Transcode startTime="25550" endTime="25591" complete="1" fileType="av" variant="04f9b0a5-b497-44a3-95a8-d55d99cb96c1" />
</Timelines>
</Segment>
<Segment duration="2261" startOffset="2341148" endOffset="2343410">
<File name="chunk-00387" type="av">
<FileVariant size="52" variant="04f9b0a5-b497-44a3-95a8-d55d99cb96c1" />
</File>
<Timelines>
<Transcode startTime="25591" endTime="25614" complete="1" fileType="av" variant="04f9b0a5-b497-44a3-95a8-d55d99cb96c1" />
</Timelines>
</Segment>
<Segment duration="2000" startOffset="2343411" endOffset="2345412">
<File name="chunk-00388" type="av">
<FileVariant size="56" variant="04f9b0a5-b497-44a3-95a8-d55d99cb96c1" />
</File>
<Timelines>
<Transcode startTime="25614" endTime="25636" complete="1" fileType="av" variant="04f9b0a5-b497-44a3-95a8-d55d99cb96c1" />
</Timelines>
</Segment>
<Segment duration="1782" startOffset="2345413" endOffset="2347196">
<File name="chunk-00389" type="av">
<FileVariant size="53" variant="04f9b0a5-b497-44a3-95a8-d55d99cb96c1" />
</File>
<Timelines>
<Transcode startTime="25636" endTime="25636" complete="1" fileType="av" variant="04f9b0a5-b497-44a3-95a8-d55d99cb96c1" />
</Timelines>
</Segment>
<Segment duration="3176" startOffset="2347197" endOffset="2350374">
<File name="chunk-00390" type="av">
<FileVariant size="59" variant="04f9b0a5-b497-44a3-95a8-d55d99cb96c1" />
</File>
<Timelines>
<Transcode startTime="25636" endTime="25681" complete="1" fileType="av" variant="04f9b0a5-b497-44a3-95a8-d55d99cb96c1" />
</Timelines>
</Segment>
<Segment duration="1913" startOffset="2350375" endOffset="2352288">
<File name="chunk-00391" type="av">
<FileVariant size="52" variant="04f9b0a5-b497-44a3-95a8-d55d99cb96c1" />
</File>
<Timelines>
<Transcode startTime="25681" endTime="25688" complete="1" fileType="av" variant="04f9b0a5-b497-44a3-95a8-d55d99cb96c1" />
</Timelines>
</Segment>
<Segment duration="2740" startOffset="2352289" endOffset="2355030">
<File name="chunk-00392" type="av">
<FileVariant size="67" variant="04f9b0a5-b497-44a3-95a8-d55d99cb96c1" />
</File>
<Timelines>
<Transcode startTime="25688" endTime="25697" complete="1" fileType="av" variant="04f9b0a5-b497-44a3-95a8-d55d99cb96c1" />
</Timelines>
</Segment>
<Segment duration="2914" startOffset="2361951" endOffset="2364866">
<File name="chunk-00393" type="av">
<FileVariant size="73" variant="04f9b0a5-b497-44a3-95a8-d55d99cb96c1" />
</File>
<Timelines>
<Transcode startTime="25697" endTime="25704" complete="1" fileType="av" variant="04f9b0a5-b497-44a3-95a8-d55d99cb96c1" />
</Timelines>
</Segment>
<Segment duration="913" startOffset="2364867" endOffset="2365780">
<File name="chunk-00394" type="av">
<FileVariant size="44" variant="04f9b0a5-b497-44a3-95a8-d55d99cb96c1" />
</File>
<Timelines>
<Transcode startTime="25704" endTime="25740" complete="1" fileType="av" variant="04f9b0a5-b497-44a3-95a8-d55d99cb96c1" />
</Timelines>
</Segment>
<Segment duration="2391" startOffset="2366913" endOffset="2369305">
<File name="chunk-00395" type="av">
<FileVariant size="77" variant="04f9b0a5-b497-44a3-95a8-d55d99cb96c1" />
</File>
<Timelines>
<Transcode startTime="25740" endTime="25763" complete="1" fileType="av" variant="04f9b0a5-b497-44a3-95a8-d55d99cb96c1" />
</Timelines>
</Segment>
<Segment duration="1739" startOffset="2369306" endOffset="2371046">
<File name="chunk-00396" type="av">
<FileVariant size="70" variant="04f9b0a5-b497-44a3-95a8-d55d99cb96c1" />
</File>
<Timelines>
<Transcode startTime="25763" endTime="25799" complete="1" fileType="av" variant="04f9b0a5-b497-44a3-95a8-d55d99cb96c1" />
</Timelines>
</Segment>
<Segment duration="1826" startOffset="2371047" endOffset="2372874">
<File name="chunk-00397" type="av">
<FileVariant size="64" variant="04f9b0a5-b497-44a3-95a8-d55d99cb96c1" />
</File>
<Timelines>
<Transcode startTime="25799" endTime="25826" complete="1" fileType="av" variant="04f9b0a5-b497-44a3-95a8-d55d99cb96c1" />
</Timelines>
</Segment>
<Segment duration="2480" startOffset="2372875" endOffset="2375355">
<File name="chunk-00398" type="av">
<FileVariant size="82" variant="04f9b0a5-b497-44a3-95a8-d55d99cb96c1" />
</File>
<Timelines>
<Transcode startTime="25826" endTime="25844" complete="1" fileType="av" variant="04f9b0a5-b497-44a3-95a8-d55d99cb96c1" />
</Timelines>
</Segment>
<Segment duration="2218" startOffset="2375356" endOffset="2377575">
<File name="chunk-00399" type="av">
<FileVariant size="66" variant="04f9b0a5-b497-44a3-95a8-d55d99cb96c1" />
</File>
<Timelines>
<Transcode startTime="25844" endTime="25923" complete="1" fileType="av" variant="04f9b0a5-b497-44a3-95a8-d55d99cb96c1" />
</Timelines>
</Segment>
<Segment duration="2610" startOffset="2377576" endOffset="2380186">
<File name="chunk-00400" type="av">
<FileVariant size="66" variant="04f9b0a5-b497-44a3-95a8-d55d99cb96c1" />
</File>
<Timelines>
<Transcode startTime="25923" endTime="26066" complete="1" fileType="av" variant="04f9b0a5-b497-44a3-95a8-d55d99cb96c1" />
</Timelines>
</Segment>
<Segment duration="2827" startOffset="2380187" endOffset="2383015">
<File name="chunk-00401" type="av">
<FileVariant size="64" variant="04f9b0a5-b497-44a3-95a8-d55d99cb96c1" />
</File>
<Timelines>
<Transcode startTime="26066" endTime="26103" complete="1" fileType="av" variant="04f9b0a5-b497-44a3-95a8-d55d99cb96c1" />
</Timelines>
</Segment>
<Segment duration="2393" startOffset="2383016" endOffset="2385410">
<File name="chunk-00402" type="av">
<FileVariant size="58" variant="04f9b0a5-b497-44a3-95a8-d55d99cb96c1" />
</File>
<Timelines>
<Transcode startTime="26103" endTime="26240" complete="1" fileType="av" variant="04f9b0a5-b497-44a3-95a8-d55d99cb96c1" />
</Timelines>
</Segment>
<Segment duration="2653" startOffset="2392808" endOffset="2395462">
<File name="chunk-00403" type="av">
<FileVariant size="63" variant="04f9b0a5-b497-44a3-95a8-d55d99cb96c1" />
</File>
<Timelines>
<Transcode startTime="26240" endTime="26280" complete="1" fileType="av" variant="04f9b0a5-b497-44a3-95a8-d55d99cb96c1" />
</Timelines>
</Segment>
<Segment duration="3001" startOffset="2395463" endOffset="2398465">
<File name="chunk-00404" type="av">
<FileVariant size="73" variant="04f9b0a5-b497-44a3-95a8-d55d99cb96c1" />
</File>
<Timelines>
<Transcode startTime="26280" endTime="26291" complete="1" fileType="av" variant="04f9b0a5-b497-44a3-95a8-d55d99cb96c1" />
</Timelines>
</Segment>
<Segment duration="2740" startOffset="2398466" endOffset="2401207">
<File name="chunk-00405" type="av">
<FileVariant size="73" variant="04f9b0a5-b497-44a3-95a8-d55d99cb96c1" />
</File>
<Timelines>
<Transcode startTime="26291" endTime="26335" complete="1" fileType="av" variant="04f9b0a5-b497-44a3-95a8-d55d99cb96c1" />
</Timelines>
</Segment>
<Segment duration="3001" startOffset="2401208" endOffset="2404210">
<File name="chunk-00406" type="av">
<FileVariant size="79" variant="04f9b0a5-b497-44a3-95a8-d55d99cb96c1" />
</File>
<Timelines>
<Transcode startTime="26335" endTime="26380" complete="1" fileType="av" variant="04f9b0a5-b497-44a3-95a8-d55d99cb96c1" />
</Timelines>
</Segment>
<Segment duration="2480" startOffset="2404211" endOffset="2406691">
<File name="chunk-00407" type="av">
<FileVariant size="67" variant="04f9b0a5-b497-44a3-95a8-d55d99cb96c1" />
</File>
<Timelines>
<Transcode startTime="26380" endTime="26491" complete="1" fileType="av" variant="04f9b0a5-b497-44a3-95a8-d55d99cb96c1" />
</Timelines>
</Segment>
<Segment duration="2436" startOffset="2414569" endOffset="2417005">
<File name="chunk-00408" type="av">
<FileVariant size="52" variant="04f9b0a5-b497-44a3-95a8-d55d99cb96c1" />
</File>
<Timelines>
<Transcode startTime="26491" endTime="26494" complete="1" fileType="av" variant="04f9b0a5-b497-44a3-95a8-d55d99cb96c1" />
</Timelines>
</Segment>
<Segment duration="2698" startOffset="2417006" endOffset="2419704">
<File name="chunk-00409" type="av">
<FileVariant size="54" variant="04f9b0a5-b497-44a3-95a8-d55d99cb96c1" />
</File>
<Timelines>
<Transcode startTime="26494" endTime="26517" complete="1" fileType="av" variant="04f9b0a5-b497-44a3-95a8-d55d99cb96c1" />
</Timelines>
</Segment>
<Segment duration="3481" startOffset="2424144" endOffset="2427625">
<File name="chunk-00410" type="av">
<FileVariant size="66" variant="04f9b0a5-b497-44a3-95a8-d55d99cb96c1" />
</File>
<Timelines>
<Transcode startTime="26517" endTime="26521" complete="1" fileType="av" variant="04f9b0a5-b497-44a3-95a8-d55d99cb96c1" />
</Timelines>
</Segment>
<Segment duration="2087" startOffset="2427626" endOffset="2429714">
<File name="chunk-00411" type="av">
<FileVariant size="54" variant="04f9b0a5-b497-44a3-95a8-d55d99cb96c1" />
</File>
<Timelines>
<Transcode startTime="26521" endTime="26524" complete="1" fileType="av" variant="04f9b0a5-b497-44a3-95a8-d55d99cb96c1" />
</Timelines>
</Segment>
<Segment duration="2914" startOffset="2429715" endOffset="2432630">
<File name="chunk-00412" type="av">
<FileVariant size="58" variant="04f9b0a5-b497-44a3-95a8-d55d99cb96c1" />
</File>
<Timelines>
<Transcode startTime="26524" endTime="26546" complete="1" fileType="av" variant="04f9b0a5-b497-44a3-95a8-d55d99cb96c1" />
</Timelines>
</Segment>
<Segment duration="2784" startOffset="2432631" endOffset="2435415">
<File name="chunk-00413" type="av">
<FileVariant size="77" variant="04f9b0a5-b497-44a3-95a8-d55d99cb96c1" />
</File>
<Timelines>
<Transcode startTime="26546" endTime="26581" complete="1" fileType="av" variant="04f9b0a5-b497-44a3-95a8-d55d99cb96c1" />
</Timelines>
</Segment>
<Segment duration="1391" startOffset="2435416" endOffset="2436808">
<File name="chunk-00414" type="av">
<FileVariant size="45" variant="04f9b0a5-b497-44a3-95a8-d55d99cb96c1" />
</File>
<Timelines>
<Transcode startTime="26581" endTime="26587" complete="1" fileType="av" variant="04f9b0a5-b497-44a3-95a8-d55d99cb96c1" />
</Timelines>
</Segment>
<Segment duration="1390" startOffset="2436809" endOffset="2438200">
<File name="chunk-00415" type="av">
<FileVariant size="62" variant="04f9b0a5-b497-44a3-95a8-d55d99cb96c1" />
</File>
<Timelines>
<Transcode startTime="26587" endTime="26619" complete="1" fileType="av" variant="04f9b0a5-b497-44a3-95a8-d55d99cb96c1" />
</Timelines>
</Segment>
<Segment duration="2351" startOffset="2438201" endOffset="2440552">
<File name="chunk-00416" type="av">
<FileVariant size="66" variant="04f9b0a5-b497-44a3-95a8-d55d99cb96c1" />
</File>
<Timelines>
<Transcode startTime="26619" endTime="26654" complete="1" fileType="av" variant="04f9b0a5-b497-44a3-95a8-d55d99cb96c1" />
</Timelines>
</Segment>
<Segment duration="1086" startOffset="2441248" endOffset="2442335">
<File name="chunk-00417" type="av">
<FileVariant size="45" variant="04f9b0a5-b497-44a3-95a8-d55d99cb96c1" />
</File>
<Timelines>
<Transcode startTime="26654" endTime="26659" complete="1" fileType="av" variant="04f9b0a5-b497-44a3-95a8-d55d99cb96c1" />
</Timelines>
</Segment>
<Segment duration="1695" startOffset="2443250" endOffset="2444946">
<File name="chunk-00418" type="av">
<FileVariant size="46" variant="04f9b0a5-b497-44a3-95a8-d55d99cb96c1" />
</File>
<Timelines>
<Transcode startTime="26659" endTime="26696" complete="1" fileType="av" variant="04f9b0a5-b497-44a3-95a8-d55d99cb96c1" />
</Timelines>
</Segment>
<Segment duration="2480" startOffset="2447384" endOffset="2449864">
<File name="chunk-00419" type="av">
<FileVariant size="65" variant="04f9b0a5-b497-44a3-95a8-d55d99cb96c1" />
</File>
<Timelines>
<Transcode startTime="26696" endTime="26781" complete="1" fileType="av" variant="04f9b0a5-b497-44a3-95a8-d55d99cb96c1" />
</Timelines>
</Segment>
<Segment duration="2393" startOffset="2454696" endOffset="2457089">
<File name="chunk-00420" type="av">
<FileVariant size="54" variant="04f9b0a5-b497-44a3-95a8-d55d99cb96c1" />
</File>
<Timelines>
<Transcode startTime="26781" endTime="27050" complete="1" fileType="av" variant="04f9b0a5-b497-44a3-95a8-d55d99cb96c1" />
</Timelines>
</Segment>
<Segment duration="2261" startOffset="2471757" endOffset="2474019">
<File name="chunk-00421" type="av">
<FileVariant size="70" variant="04f9b0a5-b497-44a3-95a8-d55d99cb96c1" />
</File>
<Timelines>
<Transcode startTime="27050" endTime="27063" complete="1" fileType="av" variant="04f9b0a5-b497-44a3-95a8-d55d99cb96c1" />
</Timelines>
</Segment>
<Segment duration="3045" startOffset="2474020" endOffset="2477065">
<File name="chunk-00422" type="av">
<FileVariant size="70" variant="04f9b0a5-b497-44a3-95a8-d55d99cb96c1" />
</File>
<Timelines>
<Transcode startTime="27063" endTime="27067" complete="1" fileType="av" variant="04f9b0a5-b497-44a3-95a8-d55d99cb96c1" />
</Timelines>
</Segment>
<Segment duration="2785" startOffset="2477066" endOffset="2479851">
<File name="chunk-00423" type="av">
<FileVariant size="69" variant="04f9b0a5-b497-44a3-95a8-d55d99cb96c1" />
</File>
<Timelines>
<Transcode startTime="27067" endTime="27140" complete="1" fileType="av" variant="04f9b0a5-b497-44a3-95a8-d55d99cb96c1" />
</Timelines>
</Segment>
<Segment duration="1132" startOffset="2484421" endOffset="2485553">
<File name="chunk-00424" type="av">
<FileVariant size="40" variant="04f9b0a5-b497-44a3-95a8-d55d99cb96c1" />
</File>
<Timelines>
<Transcode startTime="27140" endTime="27228" complete="1" fileType="av" variant="04f9b0a5-b497-44a3-95a8-d55d99cb96c1" />
</Timelines>
</Segment>
<Segment duration="1086" startOffset="2486554" endOffset="2487641">
<File name="chunk-00425" type="av">
<FileVariant size="41" variant="04f9b0a5-b497-44a3-95a8-d55d99cb96c1" />
</File>
<Timelines>
<Transcode startTime="27228" endTime="27256" complete="1" fileType="av" variant="04f9b0a5-b497-44a3-95a8-d55d99cb96c1" />
</Timelines>
</Segment>
<Segment duration="1219" startOffset="2487642" endOffset="2488861">
<File name="chunk-00426" type="av">
<FileVariant size="40" variant="04f9b0a5-b497-44a3-95a8-d55d99cb96c1" />
</File>
<Timelines>
<Transcode startTime="27256" endTime="27342" complete="1" fileType="av" variant="04f9b0a5-b497-44a3-95a8-d55d99cb96c1" />
</Timelines>
</Segment>
<Segment duration="3829" startOffset="2491298" endOffset="2495127">
<File name="chunk-00427" type="av">
<FileVariant size="40" variant="04f9b0a5-b497-44a3-95a8-d55d99cb96c1" />
</File>
<Timelines>
<Transcode startTime="27342" endTime="27557" complete="1" fileType="av" variant="04f9b0a5-b497-44a3-95a8-d55d99cb96c1" />
</Timelines>
</Segment>
<Segment duration="1130" startOffset="2500220" endOffset="2501350">
<File name="chunk-00428" type="av">
<FileVariant size="40" variant="04f9b0a5-b497-44a3-95a8-d55d99cb96c1" />
</File>
<Timelines>
<Transcode startTime="27557" endTime="27559" complete="1" fileType="av" variant="04f9b0a5-b497-44a3-95a8-d55d99cb96c1" />
</Timelines>
</Segment>
<Segment duration="1871" startOffset="2501351" endOffset="2503222">
<File name="chunk-00429" type="av">
<FileVariant size="54" variant="04f9b0a5-b497-44a3-95a8-d55d99cb96c1" />
</File>
<Timelines>
<Transcode startTime="27559" endTime="27591" complete="1" fileType="av" variant="04f9b0a5-b497-44a3-95a8-d55d99cb96c1" />
</Timelines>
</Segment>
<Segment duration="2001" startOffset="2503223" endOffset="2505225">
<File name="chunk-00430" type="av">
<FileVariant size="73" variant="04f9b0a5-b497-44a3-95a8-d55d99cb96c1" />
</File>
<Timelines>
<Transcode startTime="27591" endTime="27596" complete="1" fileType="av" variant="04f9b0a5-b497-44a3-95a8-d55d99cb96c1" />
</Timelines>
</Segment>
<Segment duration="1697" startOffset="2505834" endOffset="2507531">
<File name="chunk-00431" type="av">
<FileVariant size="55" variant="04f9b0a5-b497-44a3-95a8-d55d99cb96c1" />
</File>
<Timelines>
<Transcode startTime="27596" endTime="27602" complete="1" fileType="av" variant="04f9b0a5-b497-44a3-95a8-d55d99cb96c1" />
</Timelines>
</Segment>
<Segment duration="2349" startOffset="2508445" endOffset="2510795">
<File name="chunk-00432" type="av">
<FileVariant size="46" variant="04f9b0a5-b497-44a3-95a8-d55d99cb96c1" />
</File>
<Timelines>
<Transcode startTime="27602" endTime="27615" complete="1" fileType="av" variant="04f9b0a5-b497-44a3-95a8-d55d99cb96c1" />
</Timelines>
</Segment>
<Segment duration="3786" startOffset="2510796" endOffset="2514582">
<File name="chunk-00433" type="av">
<FileVariant size="49" variant="04f9b0a5-b497-44a3-95a8-d55d99cb96c1" />
</File>
<Timelines>
<Transcode startTime="27615" endTime="27639" complete="1" fileType="av" variant="04f9b0a5-b497-44a3-95a8-d55d99cb96c1" />
</Timelines>
</Segment>
<Segment duration="2000" startOffset="2517585" endOffset="2519586">
<File name="chunk-00434" type="av">
<FileVariant size="45" variant="04f9b0a5-b497-44a3-95a8-d55d99cb96c1" />
</File>
<Timelines>
<Transcode startTime="27639" endTime="27649" complete="1" fileType="av" variant="04f9b0a5-b497-44a3-95a8-d55d99cb96c1" />
</Timelines>
</Segment>
<Segment duration="2349" startOffset="2519587" endOffset="2521936">
<File name="chunk-00435" type="av">
<FileVariant size="63" variant="04f9b0a5-b497-44a3-95a8-d55d99cb96c1" />
</File>
<Timelines>
<Transcode startTime="27649" endTime="27699" complete="1" fileType="av" variant="04f9b0a5-b497-44a3-95a8-d55d99cb96c1" />
</Timelines>
</Segment>
<Segment duration="956" startOffset="2525419" endOffset="2526375">
<File name="chunk-00436" type="av">
<FileVariant size="43" variant="04f9b0a5-b497-44a3-95a8-d55d99cb96c1" />
</File>
<Timelines>
<Transcode startTime="27699" endTime="27739" complete="1" fileType="av" variant="04f9b0a5-b497-44a3-95a8-d55d99cb96c1" />
</Timelines>
</Segment>
<Segment duration="2523" startOffset="2528596" endOffset="2531119">
<File name="chunk-00437" type="av">
<FileVariant size="74" variant="04f9b0a5-b497-44a3-95a8-d55d99cb96c1" />
</File>
<Timelines>
<Transcode startTime="27739" endTime="27744" complete="1" fileType="av" variant="04f9b0a5-b497-44a3-95a8-d55d99cb96c1" />
</Timelines>
</Segment>
<Segment duration="2914" startOffset="2531120" endOffset="2534035">
<File name="chunk-00438" type="av">
<FileVariant size="54" variant="04f9b0a5-b497-44a3-95a8-d55d99cb96c1" />
</File>
<Timelines>
<Transcode startTime="27744" endTime="27791" complete="1" fileType="av" variant="04f9b0a5-b497-44a3-95a8-d55d99cb96c1" />
</Timelines>
</Segment>
<Segment duration="2219" startOffset="2534036" endOffset="2536255">
<File name="chunk-00439" type="av">
<FileVariant size="86" variant="04f9b0a5-b497-44a3-95a8-d55d99cb96c1" />
</File>
<Timelines>
<Transcode startTime="27791" endTime="27829" complete="1" fileType="av" variant="04f9b0a5-b497-44a3-95a8-d55d99cb96c1" />
</Timelines>
</Segment>
<Segment duration="2001" startOffset="2536256" endOffset="2538257">
<File name="chunk-00440" type="av">
<FileVariant size="56" variant="04f9b0a5-b497-44a3-95a8-d55d99cb96c1" />
</File>
<Timelines>
<Transcode startTime="27829" endTime="27830" complete="1" fileType="av" variant="04f9b0a5-b497-44a3-95a8-d55d99cb96c1" />
</Timelines>
</Segment>
<Segment duration="1435" startOffset="2538258" endOffset="2539693">
<File name="chunk-00441" type="av">
<FileVariant size="45" variant="04f9b0a5-b497-44a3-95a8-d55d99cb96c1" />
</File>
<Timelines>
<Transcode startTime="27830" endTime="27921" complete="1" fileType="av" variant="04f9b0a5-b497-44a3-95a8-d55d99cb96c1" />
</Timelines>
</Segment>
<Segment duration="4003" startOffset="2539694" endOffset="2543697">
<File name="chunk-00442" type="av">
<FileVariant size="72" variant="04f9b0a5-b497-44a3-95a8-d55d99cb96c1" />
</File>
<Timelines>
<Transcode startTime="27921" endTime="27971" complete="1" fileType="av" variant="04f9b0a5-b497-44a3-95a8-d55d99cb96c1" />
</Timelines>
</Segment>
<Segment duration="1827" startOffset="2543698" endOffset="2545526">
<File name="chunk-00443" type="av">
<FileVariant size="71" variant="04f9b0a5-b497-44a3-95a8-d55d99cb96c1" />
</File>
<Timelines>
<Transcode startTime="27971" endTime="27985" complete="1" fileType="av" variant="04f9b0a5-b497-44a3-95a8-d55d99cb96c1" />
</Timelines>
</Segment>
<Segment duration="4090" startOffset="2547136" endOffset="2551226">
<File name="chunk-00444" type="av">
<FileVariant size="80" variant="04f9b0a5-b497-44a3-95a8-d55d99cb96c1" />
</File>
<Timelines>
<Transcode startTime="27985" endTime="28055" complete="1" fileType="av" variant="04f9b0a5-b497-44a3-95a8-d55d99cb96c1" />
</Timelines>
</Segment>
<Segment duration="3350" startOffset="2558974" endOffset="2562325">
<File name="chunk-00445" type="av">
<FileVariant size="74" variant="04f9b0a5-b497-44a3-95a8-d55d99cb96c1" />
</File>
<Timelines>
<Transcode startTime="28055" endTime="28062" complete="1" fileType="av" variant="04f9b0a5-b497-44a3-95a8-d55d99cb96c1" />
</Timelines>
</Segment>
<Segment duration="1740" startOffset="2563022" endOffset="2564762">
<File name="chunk-00446" type="av">
<FileVariant size="49" variant="04f9b0a5-b497-44a3-95a8-d55d99cb96c1" />
</File>
<Timelines>
<Transcode startTime="28062" endTime="28104" complete="1" fileType="av" variant="04f9b0a5-b497-44a3-95a8-d55d99cb96c1" />
</Timelines>
</Segment>
<Segment duration="1913" startOffset="2565677" endOffset="2567591">
<File name="chunk-00447" type="av">
<FileVariant size="40" variant="04f9b0a5-b497-44a3-95a8-d55d99cb96c1" />
</File>
<Timelines>
<Transcode startTime="28104" endTime="28329" complete="1" fileType="av" variant="04f9b0a5-b497-44a3-95a8-d55d99cb96c1" />
</Timelines>
</Segment>
<Segment duration="1043" startOffset="2579473" endOffset="2580517">
<File name="chunk-00448" type="av">
<FileVariant size="40" variant="04f9b0a5-b497-44a3-95a8-d55d99cb96c1" />
</File>
<Timelines>
<Transcode startTime="28329" endTime="28418" complete="1" fileType="av" variant="04f9b0a5-b497-44a3-95a8-d55d99cb96c1" />
</Timelines>
</Segment>
<Segment duration="1914" startOffset="2587002" endOffset="2588916">
<File name="chunk-00449" type="av">
<FileVariant size="57" variant="04f9b0a5-b497-44a3-95a8-d55d99cb96c1" />
</File>
<Timelines>
<Transcode startTime="28418" endTime="28460" complete="1" fileType="av" variant="04f9b0a5-b497-44a3-95a8-d55d99cb96c1" />
</Timelines>
</Segment>
<Segment duration="2133" startOffset="2588917" endOffset="2591050">
<File name="chunk-00450" type="av">
<FileVariant size="54" variant="04f9b0a5-b497-44a3-95a8-d55d99cb96c1" />
</File>
<Timelines>
<Transcode startTime="28460" endTime="28521" complete="1" fileType="av" variant="04f9b0a5-b497-44a3-95a8-d55d99cb96c1" />
</Timelines>
</Segment>
<Segment duration="1913" startOffset="2591616" endOffset="2593529">
<File name="chunk-00451" type="av">
<FileVariant size="46" variant="04f9b0a5-b497-44a3-95a8-d55d99cb96c1" />
</File>
<Timelines>
<Transcode startTime="28521" endTime="28527" complete="1" fileType="av" variant="04f9b0a5-b497-44a3-95a8-d55d99cb96c1" />
</Timelines>
</Segment>
<Segment duration="1739" startOffset="2593530" endOffset="2595270">
<File name="chunk-00452" type="av">
<FileVariant size="63" variant="04f9b0a5-b497-44a3-95a8-d55d99cb96c1" />
</File>
<Timelines>
<Transcode startTime="28527" endTime="28538" complete="1" fileType="av" variant="04f9b0a5-b497-44a3-95a8-d55d99cb96c1" />
</Timelines>
</Segment>
<Segment duration="1870" startOffset="2595271" endOffset="2597142">
<File name="chunk-00453" type="av">
<FileVariant size="65" variant="04f9b0a5-b497-44a3-95a8-d55d99cb96c1" />
</File>
<Timelines>
<Transcode startTime="28538" endTime="28544" complete="1" fileType="av" variant="04f9b0a5-b497-44a3-95a8-d55d99cb96c1" />
</Timelines>
</Segment>
<Segment duration="2262" startOffset="2597143" endOffset="2599405">
<File name="chunk-00454" type="av">
<FileVariant size="60" variant="04f9b0a5-b497-44a3-95a8-d55d99cb96c1" />
</File>
<Timelines>
<Transcode startTime="28544" endTime="28636" complete="1" fileType="av" variant="04f9b0a5-b497-44a3-95a8-d55d99cb96c1" />
</Timelines>
</Segment>
<Segment duration="1695" startOffset="2600581" endOffset="2602277">
<File name="chunk-00455" type="av">
<FileVariant size="50" variant="04f9b0a5-b497-44a3-95a8-d55d99cb96c1" />
</File>
<Timelines>
<Transcode startTime="28636" endTime="28796" complete="1" fileType="av" variant="04f9b0a5-b497-44a3-95a8-d55d99cb96c1" />
</Timelines>
</Segment>
<Segment duration="2264" startOffset="2605455" endOffset="2607719">
<File name="chunk-00456" type="av">
<FileVariant size="73" variant="04f9b0a5-b497-44a3-95a8-d55d99cb96c1" />
</File>
<Timelines>
<Transcode startTime="28796" endTime="28893" complete="1" fileType="av" variant="04f9b0a5-b497-44a3-95a8-d55d99cb96c1" />
</Timelines>
</Segment>
<Segment duration="2393" startOffset="2611200" endOffset="2613593">
<File name="chunk-00457" type="av">
<FileVariant size="63" variant="04f9b0a5-b497-44a3-95a8-d55d99cb96c1" />
</File>
<Timelines>
<Transcode startTime="28893" endTime="28944" complete="1" fileType="av" variant="04f9b0a5-b497-44a3-95a8-d55d99cb96c1" />
</Timelines>
</Segment>
<Segment duration="2697" startOffset="2613594" endOffset="2616291">
<File name="chunk-00458" type="av">
<FileVariant size="68" variant="04f9b0a5-b497-44a3-95a8-d55d99cb96c1" />
</File>
<Timelines>
<Transcode startTime="28944" endTime="29014" complete="1" fileType="av" variant="04f9b0a5-b497-44a3-95a8-d55d99cb96c1" />
</Timelines>
</Segment>
<Segment duration="871" startOffset="2623038" endOffset="2623909">
<File name="chunk-00459" type="av">
<FileVariant size="41" variant="04f9b0a5-b497-44a3-95a8-d55d99cb96c1" />
</File>
<Timelines>
<Transcode startTime="29014" endTime="29138" complete="1" fileType="av" variant="04f9b0a5-b497-44a3-95a8-d55d99cb96c1" />
</Timelines>
</Segment>
<Segment duration="1782" startOffset="2632004" endOffset="2633787">
<File name="chunk-00460" type="av">
<FileVariant size="55" variant="04f9b0a5-b497-44a3-95a8-d55d99cb96c1" />
</File>
<Timelines>
<Transcode startTime="29138" endTime="29142" complete="1" fileType="av" variant="04f9b0a5-b497-44a3-95a8-d55d99cb96c1" />
</Timelines>
</Segment>
<Segment duration="1695" startOffset="2633788" endOffset="2635484">
<File name="chunk-00461" type="av">
<FileVariant size="59" variant="04f9b0a5-b497-44a3-95a8-d55d99cb96c1" />
</File>
<Timelines>
<Transcode startTime="29142" endTime="29143" complete="1" fileType="av" variant="04f9b0a5-b497-44a3-95a8-d55d99cb96c1" />
</Timelines>
</Segment>
<Segment duration="1826" startOffset="2635485" endOffset="2637312">
<File name="chunk-00462" type="av">
<FileVariant size="44" variant="04f9b0a5-b497-44a3-95a8-d55d99cb96c1" />
</File>
<Timelines>
<Transcode startTime="29143" endTime="29155" complete="1" fileType="av" variant="04f9b0a5-b497-44a3-95a8-d55d99cb96c1" />
</Timelines>
</Segment>
<Segment duration="2523" startOffset="2637313" endOffset="2639837">
<File name="chunk-00463" type="av">
<FileVariant size="82" variant="04f9b0a5-b497-44a3-95a8-d55d99cb96c1" />
</File>
<Timelines>
<Transcode startTime="29155" endTime="29156" complete="1" fileType="av" variant="04f9b0a5-b497-44a3-95a8-d55d99cb96c1" />
</Timelines>
</Segment>
<Segment duration="1434" startOffset="2639838" endOffset="2641273">
<File name="chunk-00464" type="av">
<FileVariant size="60" variant="04f9b0a5-b497-44a3-95a8-d55d99cb96c1" />
</File>
<Timelines>
<Transcode startTime="29156" endTime="29194" complete="1" fileType="av" variant="04f9b0a5-b497-44a3-95a8-d55d99cb96c1" />
</Timelines>
</Segment>
<Segment duration="1393" startOffset="2641274" endOffset="2642667">
<File name="chunk-00465" type="av">
<FileVariant size="44" variant="04f9b0a5-b497-44a3-95a8-d55d99cb96c1" />
</File>
<Timelines>
<Transcode startTime="29194" endTime="29222" complete="1" fileType="av" variant="04f9b0a5-b497-44a3-95a8-d55d99cb96c1" />
</Timelines>
</Segment>
<Segment duration="1957" startOffset="2644233" endOffset="2646191">
<File name="chunk-00466" type="av">
<FileVariant size="54" variant="04f9b0a5-b497-44a3-95a8-d55d99cb96c1" />
</File>
<Timelines>
<Transcode startTime="29222" endTime="29264" complete="1" fileType="av" variant="04f9b0a5-b497-44a3-95a8-d55d99cb96c1" />
</Timelines>
</Segment>
<Segment duration="2740" startOffset="2648194" endOffset="2650935">
<File name="chunk-00467" type="av">
<FileVariant size="97" variant="04f9b0a5-b497-44a3-95a8-d55d99cb96c1" />
</File>
<Timelines>
<Transcode startTime="29264" endTime="29305" complete="1" fileType="av" variant="04f9b0a5-b497-44a3-95a8-d55d99cb96c1" />
</Timelines>
</Segment>
<Segment duration="826" startOffset="2650936" endOffset="2651763">
<File name="chunk-00468" type="av">
<FileVariant size="40" variant="04f9b0a5-b497-44a3-95a8-d55d99cb96c1" />
</File>
<Timelines>
<Transcode startTime="29305" endTime="29316" complete="1" fileType="av" variant="04f9b0a5-b497-44a3-95a8-d55d99cb96c1" />
</Timelines>
</Segment>
<Segment duration="1305" startOffset="2652546" endOffset="2653851">
<File name="chunk-00469" type="av">
<FileVariant size="41" variant="04f9b0a5-b497-44a3-95a8-d55d99cb96c1" />
</File>
<Timelines>
<Transcode startTime="29316" endTime="29385" complete="1" fileType="av" variant="04f9b0a5-b497-44a3-95a8-d55d99cb96c1" />
</Timelines>
</Segment>
<Segment duration="1783" startOffset="2655331" endOffset="2657115">
<File name="chunk-00470" type="av">
<FileVariant size="58" variant="04f9b0a5-b497-44a3-95a8-d55d99cb96c1" />
</File>
<Timelines>
<Transcode startTime="29385" endTime="29391" complete="1" fileType="av" variant="04f9b0a5-b497-44a3-95a8-d55d99cb96c1" />
</Timelines>
</Segment>
<Segment duration="2568" startOffset="2657116" endOffset="2659684">
<File name="chunk-00471" type="av">
<FileVariant size="88" variant="04f9b0a5-b497-44a3-95a8-d55d99cb96c1" />
</File>
<Timelines>
<Transcode startTime="29391" endTime="29480" complete="1" fileType="av" variant="04f9b0a5-b497-44a3-95a8-d55d99cb96c1" />
</Timelines>
</Segment>
<Segment duration="913" startOffset="2663949" endOffset="2664862">
<File name="chunk-00472" type="av">
<FileVariant size="41" variant="04f9b0a5-b497-44a3-95a8-d55d99cb96c1" />
</File>
<Timelines>
<Transcode startTime="29480" endTime="29519" complete="1" fileType="av" variant="04f9b0a5-b497-44a3-95a8-d55d99cb96c1" />
</Timelines>
</Segment>
<Segment duration="2523" startOffset="2664863" endOffset="2667386">
<File name="chunk-00473" type="av">
<FileVariant size="65" variant="04f9b0a5-b497-44a3-95a8-d55d99cb96c1" />
</File>
<Timelines>
<Transcode startTime="29519" endTime="29531" complete="1" fileType="av" variant="04f9b0a5-b497-44a3-95a8-d55d99cb96c1" />
</Timelines>
</Segment>
<Segment duration="2000" startOffset="2667387" endOffset="2669388">
<File name="chunk-00474" type="av">
<FileVariant size="69" variant="04f9b0a5-b497-44a3-95a8-d55d99cb96c1" />
</File>
<Timelines>
<Transcode startTime="29531" endTime="29541" complete="1" fileType="av" variant="04f9b0a5-b497-44a3-95a8-d55d99cb96c1" />
</Timelines>
</Segment>
<Segment duration="1306" startOffset="2669389" endOffset="2670695">
<File name="chunk-00475" type="av">
<FileVariant size="56" variant="04f9b0a5-b497-44a3-95a8-d55d99cb96c1" />
</File>
<Timelines>
<Transcode startTime="29541" endTime="29601" complete="1" fileType="av" variant="04f9b0a5-b497-44a3-95a8-d55d99cb96c1" />
</Timelines>
</Segment>
<Segment duration="1608" startOffset="2671391" endOffset="2673000">
<File name="chunk-00476" type="av">
<FileVariant size="41" variant="04f9b0a5-b497-44a3-95a8-d55d99cb96c1" />
</File>
<Timelines>
<Transcode startTime="29601" endTime="29654" complete="1" fileType="av" variant="04f9b0a5-b497-44a3-95a8-d55d99cb96c1" />
</Timelines>
</Segment>
<Segment duration="1697" startOffset="2673001" endOffset="2674699">
<File name="chunk-00477" type="av">
<FileVariant size="63" variant="04f9b0a5-b497-44a3-95a8-d55d99cb96c1" />
</File>
<Timelines>
<Transcode startTime="29654" endTime="30036" complete="1" fileType="av" variant="04f9b0a5-b497-44a3-95a8-d55d99cb96c1" />
</Timelines>
</Segment>
<Segment duration="958" startOffset="2687015" endOffset="2687973">
<File name="chunk-00478" type="av">
<FileVariant size="42" variant="04f9b0a5-b497-44a3-95a8-d55d99cb96c1" />
</File>
<Timelines>
<Transcode startTime="30036" endTime="30094" complete="1" fileType="av" variant="04f9b0a5-b497-44a3-95a8-d55d99cb96c1" />
</Timelines>
</Segment>
<Segment duration="2262" startOffset="2692455" endOffset="2694718">
<File name="chunk-00479" type="av">
<FileVariant size="69" variant="04f9b0a5-b497-44a3-95a8-d55d99cb96c1" />
</File>
<Timelines>
<Transcode startTime="30094" endTime="30141" complete="1" fileType="av" variant="04f9b0a5-b497-44a3-95a8-d55d99cb96c1" />
</Timelines>
</Segment>
<Segment duration="3393" startOffset="2694719" endOffset="2698112">
<File name="chunk-00480" type="av">
<FileVariant size="65" variant="04f9b0a5-b497-44a3-95a8-d55d99cb96c1" />
</File>
<Timelines>
<Transcode startTime="30141" endTime="30227" complete="1" fileType="av" variant="04f9b0a5-b497-44a3-95a8-d55d99cb96c1" />
</Timelines>
</Segment>
<Segment duration="3001" startOffset="2705599" endOffset="2708601">
<File name="chunk-00481" type="av">
<FileVariant size="95" variant="04f9b0a5-b497-44a3-95a8-d55d99cb96c1" />
</File>
<Timelines>
<Transcode startTime="30227" endTime="30270" complete="1" fileType="av" variant="04f9b0a5-b497-44a3-95a8-d55d99cb96c1" />
</Timelines>
</Segment>
<Segment duration="2697" startOffset="2708602" endOffset="2711299">
<File name="chunk-00482" type="av">
<FileVariant size="83" variant="04f9b0a5-b497-44a3-95a8-d55d99cb96c1" />
</File>
<Timelines>
<Transcode startTime="30270" endTime="30323" complete="1" fileType="av" variant="04f9b0a5-b497-44a3-95a8-d55d99cb96c1" />
</Timelines>
</Segment>
<Segment duration="2348" startOffset="2711300" endOffset="2713649">
<File name="chunk-00483" type="av">
<FileVariant size="74" variant="04f9b0a5-b497-44a3-95a8-d55d99cb96c1" />
</File>
<Timelines>
<Transcode startTime="30323" endTime="30329" complete="1" fileType="av" variant="04f9b0a5-b497-44a3-95a8-d55d99cb96c1" />
</Timelines>
</Segment>
<Segment duration="1913" startOffset="2713650" endOffset="2715564">
<File name="chunk-00484" type="av">
<FileVariant size="49" variant="04f9b0a5-b497-44a3-95a8-d55d99cb96c1" />
</File>
<Timelines>
<Transcode startTime="30329" endTime="30376" complete="1" fileType="av" variant="04f9b0a5-b497-44a3-95a8-d55d99cb96c1" />
</Timelines>
</Segment>
<Segment duration="1262" startOffset="2715565" endOffset="2716827">
<File name="chunk-00485" type="av">
<FileVariant size="45" variant="04f9b0a5-b497-44a3-95a8-d55d99cb96c1" />
</File>
<Timelines>
<Transcode startTime="30376" endTime="30434" complete="1" fileType="av" variant="04f9b0a5-b497-44a3-95a8-d55d99cb96c1" />
</Timelines>
</Segment>
<Segment duration="2217" startOffset="2722094" endOffset="2724312">
<File name="chunk-00486" type="av">
<FileVariant size="65" variant="04f9b0a5-b497-44a3-95a8-d55d99cb96c1" />
</File>
<Timelines>
<Transcode startTime="30434" endTime="30467" complete="1" fileType="av" variant="04f9b0a5-b497-44a3-95a8-d55d99cb96c1" />
</Timelines>
</Segment>
<Segment duration="3132" startOffset="2724313" endOffset="2727446">
<File name="chunk-00487" type="av">
<FileVariant size="76" variant="04f9b0a5-b497-44a3-95a8-d55d99cb96c1" />
</File>
<Timelines>
<Transcode startTime="30467" endTime="30472" complete="1" fileType="av" variant="04f9b0a5-b497-44a3-95a8-d55d99cb96c1" />
</Timelines>
</Segment>
<Segment duration="2914" startOffset="2727447" endOffset="2730362">
<File name="chunk-00488" type="av">
<FileVariant size="70" variant="04f9b0a5-b497-44a3-95a8-d55d99cb96c1" />
</File>
<Timelines>
<Transcode startTime="30472" endTime="30545" complete="1" fileType="av" variant="04f9b0a5-b497-44a3-95a8-d55d99cb96c1" />
</Timelines>
</Segment>
<Segment duration="1347" startOffset="2732321" endOffset="2733669">
<File name="chunk-00489" type="av">
<FileVariant size="46" variant="04f9b0a5-b497-44a3-95a8-d55d99cb96c1" />
</File>
<Timelines>
<Transcode startTime="30545" endTime="30558" complete="1" fileType="av" variant="04f9b0a5-b497-44a3-95a8-d55d99cb96c1" />
</Timelines>
</Segment>
<Segment duration="1217" startOffset="2735150" endOffset="2736368">
<File name="chunk-00490" type="av">
<FileVariant size="41" variant="04f9b0a5-b497-44a3-95a8-d55d99cb96c1" />
</File>
<Timelines>
<Transcode startTime="30558" endTime="30563" complete="1" fileType="av" variant="04f9b0a5-b497-44a3-95a8-d55d99cb96c1" />
</Timelines>
</Segment>
<Segment duration="3871" startOffset="2736369" endOffset="2740241">
<File name="chunk-00491" type="av">
<FileVariant size="72" variant="04f9b0a5-b497-44a3-95a8-d55d99cb96c1" />
</File>
<Timelines>
<Transcode startTime="30563" endTime="30575" complete="1" fileType="av" variant="04f9b0a5-b497-44a3-95a8-d55d99cb96c1" />
</Timelines>
</Segment>
<Segment duration="2610" startOffset="2740242" endOffset="2742853">
<File name="chunk-00492" type="av">
<FileVariant size="81" variant="04f9b0a5-b497-44a3-95a8-d55d99cb96c1" />
</File>
<Timelines>
<Transcode startTime="30575" endTime="30623" complete="1" fileType="av" variant="04f9b0a5-b497-44a3-95a8-d55d99cb96c1" />
</Timelines>
</Segment>
<Segment duration="4307" startOffset="2742854" endOffset="2747161">
<File name="chunk-00493" type="av">
<FileVariant size="79" variant="04f9b0a5-b497-44a3-95a8-d55d99cb96c1" />
</File>
<Timelines>
<Transcode startTime="30623" endTime="30729" complete="1" fileType="av" variant="04f9b0a5-b497-44a3-95a8-d55d99cb96c1" />
</Timelines>
</Segment>
<Segment duration="2306" startOffset="2748511" endOffset="2750817">
<File name="chunk-00494" type="av">
<FileVariant size="59" variant="04f9b0a5-b497-44a3-95a8-d55d99cb96c1" />
</File>
<Timelines>
<Transcode startTime="30729" endTime="30733" complete="1" fileType="av" variant="04f9b0a5-b497-44a3-95a8-d55d99cb96c1" />
</Timelines>
</Segment>
<Segment duration="2653" startOffset="2750818" endOffset="2753472">
<File name="chunk-00495" type="av">
<FileVariant size="57" variant="04f9b0a5-b497-44a3-95a8-d55d99cb96c1" />
</File>
<Timelines>
<Transcode startTime="30733" endTime="30800" complete="1" fileType="av" variant="04f9b0a5-b497-44a3-95a8-d55d99cb96c1" />
</Timelines>
</Segment>
<Segment duration="1521" startOffset="2755736" endOffset="2757258">
<File name="chunk-00496" type="av">
<FileVariant size="46" variant="04f9b0a5-b497-44a3-95a8-d55d99cb96c1" />
</File>
<Timelines>
<Transcode startTime="30800" endTime="30834" complete="1" fileType="av" variant="04f9b0a5-b497-44a3-95a8-d55d99cb96c1" />
</Timelines>
</Segment>
<Segment duration="1565" startOffset="2757259" endOffset="2758825">
<File name="chunk-00497" type="av">
<FileVariant size="61" variant="04f9b0a5-b497-44a3-95a8-d55d99cb96c1" />
</File>
<Timelines>
<Transcode startTime="30834" endTime="30837" complete="1" fileType="av" variant="04f9b0a5-b497-44a3-95a8-d55d99cb96c1" />
</Timelines>
</Segment>
<Segment duration="1958" startOffset="2758826" endOffset="2760784">
<File name="chunk-00498" type="av">
<FileVariant size="65" variant="04f9b0a5-b497-44a3-95a8-d55d99cb96c1" />
</File>
<Timelines>
<Transcode startTime="30837" endTime="30874" complete="1" fileType="av" variant="04f9b0a5-b497-44a3-95a8-d55d99cb96c1" />
</Timelines>
</Segment>
<Segment duration="1304" startOffset="2760785" endOffset="2762089">
<File name="chunk-00499" type="av">
<FileVariant size="43" variant="04f9b0a5-b497-44a3-95a8-d55d99cb96c1" />
</File>
<Timelines>
<Transcode startTime="30874" endTime="30875" complete="1" fileType="av" variant="04f9b0a5-b497-44a3-95a8-d55d99cb96c1" />
</Timelines>
</Segment>
<Segment duration="2348" startOffset="2762090" endOffset="2764439">
<File name="chunk-00500" type="av">
<FileVariant size="81" variant="04f9b0a5-b497-44a3-95a8-d55d99cb96c1" />
</File>
<Timelines>
<Transcode startTime="30875" endTime="30920" complete="1" fileType="av" variant="04f9b0a5-b497-44a3-95a8-d55d99cb96c1" />
</Timelines>
</Segment>
<Segment duration="957" startOffset="2765528" endOffset="2766485">
<File name="chunk-00501" type="av">
<FileVariant size="45" variant="04f9b0a5-b497-44a3-95a8-d55d99cb96c1" />
</File>
<Timelines>
<Transcode startTime="30920" endTime="30965" complete="1" fileType="av" variant="04f9b0a5-b497-44a3-95a8-d55d99cb96c1" />
</Timelines>
</Segment>
<Segment duration="2958" startOffset="2767530" endOffset="2770489">
<File name="chunk-00502" type="av">
<FileVariant size="62" variant="04f9b0a5-b497-44a3-95a8-d55d99cb96c1" />
</File>
<Timelines>
<Transcode startTime="30965" endTime="30982" complete="1" fileType="av" variant="04f9b0a5-b497-44a3-95a8-d55d99cb96c1" />
</Timelines>
</Segment>
<Segment duration="3523" startOffset="2772318" endOffset="2775842">
<File name="chunk-00503" type="av">
<FileVariant size="85" variant="04f9b0a5-b497-44a3-95a8-d55d99cb96c1" />
</File>
<Timelines>
<Transcode startTime="30982" endTime="31090" complete="1" fileType="av" variant="04f9b0a5-b497-44a3-95a8-d55d99cb96c1" />
</Timelines>
</Segment>
<Segment duration="1260" startOffset="2775843" endOffset="2777104">
<File name="chunk-00504" type="av">
<FileVariant size="52" variant="04f9b0a5-b497-44a3-95a8-d55d99cb96c1" />
</File>
<Timelines>
<Transcode startTime="31090" endTime="31100" complete="1" fileType="av" variant="04f9b0a5-b497-44a3-95a8-d55d99cb96c1" />
</Timelines>
</Segment>
<Segment duration="1086" startOffset="2777105" endOffset="2778192">
<File name="chunk-00505" type="av">
<FileVariant size="58" variant="04f9b0a5-b497-44a3-95a8-d55d99cb96c1" />
</File>
<Timelines>
<Transcode startTime="31100" endTime="31129" complete="1" fileType="av" variant="04f9b0a5-b497-44a3-95a8-d55d99cb96c1" />
</Timelines>
</Segment>
<Segment duration="1173" startOffset="2778193" endOffset="2779367">
<File name="chunk-00506" type="av">
<FileVariant size="55" variant="04f9b0a5-b497-44a3-95a8-d55d99cb96c1" />
</File>
<Timelines>
<Transcode startTime="31129" endTime="31134" complete="1" fileType="av" variant="04f9b0a5-b497-44a3-95a8-d55d99cb96c1" />
</Timelines>
</Segment>
<Segment duration="3568" startOffset="2779368" endOffset="2782936">
<File name="chunk-00507" type="av">
<FileVariant size="77" variant="04f9b0a5-b497-44a3-95a8-d55d99cb96c1" />
</File>
<Timelines>
<Transcode startTime="31134" endTime="31153" complete="1" fileType="av" variant="04f9b0a5-b497-44a3-95a8-d55d99cb96c1" />
</Timelines>
</Segment>
<Segment duration="1914" startOffset="2782937" endOffset="2784851">
<File name="chunk-00508" type="av">
<FileVariant size="76" variant="04f9b0a5-b497-44a3-95a8-d55d99cb96c1" />
</File>
<Timelines>
<Transcode startTime="31153" endTime="31163" complete="1" fileType="av" variant="04f9b0a5-b497-44a3-95a8-d55d99cb96c1" />
</Timelines>
</Segment>
<Segment duration="3394" startOffset="2784852" endOffset="2788246">
<File name="chunk-00509" type="av">
<FileVariant size="59" variant="04f9b0a5-b497-44a3-95a8-d55d99cb96c1" />
</File>
<Timelines>
<Transcode startTime="31163" endTime="31240" complete="1" fileType="av" variant="04f9b0a5-b497-44a3-95a8-d55d99cb96c1" />
</Timelines>
</Segment>
<Segment duration="3088" startOffset="2796690" endOffset="2799779">
<File name="chunk-00510" type="av">
<FileVariant size="44" variant="04f9b0a5-b497-44a3-95a8-d55d99cb96c1" />
</File>
<Timelines>
<Transcode startTime="31240" endTime="31293" complete="1" fileType="av" variant="04f9b0a5-b497-44a3-95a8-d55d99cb96c1" />
</Timelines>
</Segment>
<Segment duration="2783" startOffset="2799780" endOffset="2802564">
<File name="chunk-00511" type="av">
<FileVariant size="69" variant="04f9b0a5-b497-44a3-95a8-d55d99cb96c1" />
</File>
<Timelines>
<Transcode startTime="31293" endTime="31297" complete="1" fileType="av" variant="04f9b0a5-b497-44a3-95a8-d55d99cb96c1" />
</Timelines>
</Segment>
<Segment duration="1697" startOffset="2802565" endOffset="2804262">
<File name="chunk-00512" type="av">
<FileVariant size="46" variant="04f9b0a5-b497-44a3-95a8-d55d99cb96c1" />
</File>
<Timelines>
<Transcode startTime="31297" endTime="31345" complete="1" fileType="av" variant="04f9b0a5-b497-44a3-95a8-d55d99cb96c1" />
</Timelines>
</Segment>
<Segment duration="1608" startOffset="2804263" endOffset="2805872">
<File name="chunk-00513" type="av">
<FileVariant size="54" variant="04f9b0a5-b497-44a3-95a8-d55d99cb96c1" />
</File>
<Timelines>
<Transcode startTime="31345" endTime="31352" complete="1" fileType="av" variant="04f9b0a5-b497-44a3-95a8-d55d99cb96c1" />
</Timelines>
</Segment>
<Segment duration="2219" startOffset="2805873" endOffset="2808092">
<File name="chunk-00514" type="av">
<FileVariant size="60" variant="04f9b0a5-b497-44a3-95a8-d55d99cb96c1" />
</File>
<Timelines>
<Transcode startTime="31352" endTime="31404" complete="1" fileType="av" variant="04f9b0a5-b497-44a3-95a8-d55d99cb96c1" />
</Timelines>
</Segment>
<Segment duration="1652" startOffset="2811139" endOffset="2812792">
<File name="chunk-00515" type="av">
<FileVariant size="39" variant="04f9b0a5-b497-44a3-95a8-d55d99cb96c1" />
</File>
<Timelines>
<Transcode startTime="31404" endTime="31404" complete="1" fileType="av" variant="04f9b0a5-b497-44a3-95a8-d55d99cb96c1" />
</Timelines>
</Segment>
<Segment duration="2696" startOffset="2812793" endOffset="2815490">
<File name="chunk-00516" type="av">
<FileVariant size="62" variant="04f9b0a5-b497-44a3-95a8-d55d99cb96c1" />
</File>
<Timelines>
<Transcode startTime="31404" endTime="31451" complete="1" fileType="av" variant="04f9b0a5-b497-44a3-95a8-d55d99cb96c1" />
</Timelines>
</Segment>
<Segment duration="3568" startOffset="2815491" endOffset="2819059">
<File name="chunk-00517" type="av">
<FileVariant size="81" variant="04f9b0a5-b497-44a3-95a8-d55d99cb96c1" />
</File>
<Timelines>
<Transcode startTime="31451" endTime="31492" complete="1" fileType="av" variant="04f9b0a5-b497-44a3-95a8-d55d99cb96c1" />
</Timelines>
</Segment>
<Segment duration="4481" startOffset="2819060" endOffset="2823542">
<File name="chunk-00518" type="av">
<FileVariant size="87" variant="04f9b0a5-b497-44a3-95a8-d55d99cb96c1" />
</File>
<Timelines>
<Transcode startTime="31492" endTime="31578" complete="1" fileType="av" variant="04f9b0a5-b497-44a3-95a8-d55d99cb96c1" />
</Timelines>
</Segment>
<Segment duration="2000" startOffset="2823543" endOffset="2825544">
<File name="chunk-00519" type="av">
<FileVariant size="50" variant="04f9b0a5-b497-44a3-95a8-d55d99cb96c1" />
</File>
<Timelines>
<Transcode startTime="31578" endTime="31583" complete="1" fileType="av" variant="04f9b0a5-b497-44a3-95a8-d55d99cb96c1" />
</Timelines>
</Segment>
<Segment duration="4090" startOffset="2825545" endOffset="2829635">
<File name="chunk-00520" type="av">
<FileVariant size="92" variant="04f9b0a5-b497-44a3-95a8-d55d99cb96c1" />
</File>
<Timelines>
<Transcode startTime="31583" endTime="31639" complete="1" fileType="av" variant="04f9b0a5-b497-44a3-95a8-d55d99cb96c1" />
</Timelines>
</Segment>
<Segment duration="1914" startOffset="2829636" endOffset="2831550">
<File name="chunk-00521" type="av">
<FileVariant size="44" variant="04f9b0a5-b497-44a3-95a8-d55d99cb96c1" />
</File>
<Timelines>
<Transcode startTime="31639" endTime="31646" complete="1" fileType="av" variant="04f9b0a5-b497-44a3-95a8-d55d99cb96c1" />
</Timelines>
</Segment>
<Segment duration="1827" startOffset="2831551" endOffset="2833378">
<File name="chunk-00522" type="av">
<FileVariant size="63" variant="04f9b0a5-b497-44a3-95a8-d55d99cb96c1" />
</File>
<Timelines>
<Transcode startTime="31646" endTime="31669" complete="1" fileType="av" variant="04f9b0a5-b497-44a3-95a8-d55d99cb96c1" />
</Timelines>
</Segment>
<Segment duration="2958" startOffset="2833379" endOffset="2836337">
<File name="chunk-00523" type="av">
<FileVariant size="84" variant="04f9b0a5-b497-44a3-95a8-d55d99cb96c1" />
</File>
<Timelines>
<Transcode startTime="31669" endTime="31673" complete="1" fileType="av" variant="04f9b0a5-b497-44a3-95a8-d55d99cb96c1" />
</Timelines>
</Segment>
<Segment duration="2523" startOffset="2836338" endOffset="2838862">
<File name="chunk-00524" type="av">
<FileVariant size="70" variant="04f9b0a5-b497-44a3-95a8-d55d99cb96c1" />
</File>
<Timelines>
<Transcode startTime="31673" endTime="31712" complete="1" fileType="av" variant="04f9b0a5-b497-44a3-95a8-d55d99cb96c1" />
</Timelines>
</Segment>
<Segment duration="2131" startOffset="2838863" endOffset="2840994">
<File name="chunk-00525" type="av">
<FileVariant size="62" variant="04f9b0a5-b497-44a3-95a8-d55d99cb96c1" />
</File>
<Timelines>
<Transcode startTime="31712" endTime="31718" complete="1" fileType="av" variant="04f9b0a5-b497-44a3-95a8-d55d99cb96c1" />
</Timelines>
</Segment>
<Segment duration="2262" startOffset="2840995" endOffset="2843257">
<File name="chunk-00526" type="av">
<FileVariant size="79" variant="04f9b0a5-b497-44a3-95a8-d55d99cb96c1" />
</File>
<Timelines>
<Transcode startTime="31718" endTime="31781" complete="1" fileType="av" variant="04f9b0a5-b497-44a3-95a8-d55d99cb96c1" />
</Timelines>
</Segment>
<Segment duration="3089" startOffset="2843258" endOffset="2846347">
<File name="chunk-00527" type="av">
<FileVariant size="67" variant="04f9b0a5-b497-44a3-95a8-d55d99cb96c1" />
</File>
<Timelines>
<Transcode startTime="31781" endTime="31820" complete="1" fileType="av" variant="04f9b0a5-b497-44a3-95a8-d55d99cb96c1" />
</Timelines>
</Segment>
<Segment duration="1130" startOffset="2846348" endOffset="2847479">
<File name="chunk-00528" type="av">
<FileVariant size="57" variant="04f9b0a5-b497-44a3-95a8-d55d99cb96c1" />
</File>
<Timelines>
<Transcode startTime="31820" endTime="31820" complete="1" fileType="av" variant="04f9b0a5-b497-44a3-95a8-d55d99cb96c1" />
</Timelines>
</Segment>
<Segment duration="1130" startOffset="2847480" endOffset="2848610">
<File name="chunk-00529" type="av">
<FileVariant size="54" variant="04f9b0a5-b497-44a3-95a8-d55d99cb96c1" />
</File>
<Timelines>
<Transcode startTime="31820" endTime="31824" complete="1" fileType="av" variant="04f9b0a5-b497-44a3-95a8-d55d99cb96c1" />
</Timelines>
</Segment>
<Segment duration="2872" startOffset="2848611" endOffset="2851483">
<File name="chunk-00530" type="av">
<FileVariant size="62" variant="04f9b0a5-b497-44a3-95a8-d55d99cb96c1" />
</File>
<Timelines>
<Transcode startTime="31824" endTime="31871" complete="1" fileType="av" variant="04f9b0a5-b497-44a3-95a8-d55d99cb96c1" />
</Timelines>
</Segment>
<Segment duration="2393" startOffset="2851484" endOffset="2853877">
<File name="chunk-00531" type="av">
<FileVariant size="69" variant="04f9b0a5-b497-44a3-95a8-d55d99cb96c1" />
</File>
<Timelines>
<Transcode startTime="31871" endTime="31876" complete="1" fileType="av" variant="04f9b0a5-b497-44a3-95a8-d55d99cb96c1" />
</Timelines>
</Segment>
<Segment duration="3088" startOffset="2853878" endOffset="2856967">
<File name="chunk-00532" type="av">
<FileVariant size="80" variant="04f9b0a5-b497-44a3-95a8-d55d99cb96c1" />
</File>
<Timelines>
<Transcode startTime="31876" endTime="31886" complete="1" fileType="av" variant="04f9b0a5-b497-44a3-95a8-d55d99cb96c1" />
</Timelines>
</Segment>
<Segment duration="1739" startOffset="2856968" endOffset="2858707">
<File name="chunk-00533" type="av">
<FileVariant size="51" variant="04f9b0a5-b497-44a3-95a8-d55d99cb96c1" />
</File>
<Timelines>
<Transcode startTime="31886" endTime="31892" complete="1" fileType="av" variant="04f9b0a5-b497-44a3-95a8-d55d99cb96c1" />
</Timelines>
</Segment>
<Segment duration="3654" startOffset="2858708" endOffset="2862363">
<File name="chunk-00534" type="av">
<FileVariant size="60" variant="04f9b0a5-b497-44a3-95a8-d55d99cb96c1" />
</File>
<Timelines>
<Transcode startTime="31892" endTime="31929" complete="1" fileType="av" variant="04f9b0a5-b497-44a3-95a8-d55d99cb96c1" />
</Timelines>
</Segment>
<Segment duration="2653" startOffset="2862364" endOffset="2865018">
<File name="chunk-00535" type="av">
<FileVariant size="78" variant="04f9b0a5-b497-44a3-95a8-d55d99cb96c1" />
</File>
<Timelines>
<Transcode startTime="31929" endTime="31959" complete="1" fileType="av" variant="04f9b0a5-b497-44a3-95a8-d55d99cb96c1" />
</Timelines>
</Segment>
<Segment duration="3350" startOffset="2865019" endOffset="2868369">
<File name="chunk-00536" type="av">
<FileVariant size="93" variant="04f9b0a5-b497-44a3-95a8-d55d99cb96c1" />
</File>
<Timelines>
<Transcode startTime="31959" endTime="32032" complete="1" fileType="av" variant="04f9b0a5-b497-44a3-95a8-d55d99cb96c1" />
</Timelines>
</Segment>
<Segment duration="3088" startOffset="2870503" endOffset="2873592">
<File name="chunk-00537" type="av">
<FileVariant size="72" variant="04f9b0a5-b497-44a3-95a8-d55d99cb96c1" />
</File>
<Timelines>
<Transcode startTime="32032" endTime="32047" complete="1" fileType="av" variant="04f9b0a5-b497-44a3-95a8-d55d99cb96c1" />
</Timelines>
</Segment>
<Segment duration="2088" startOffset="2873593" endOffset="2875681">
<File name="chunk-00538" type="av">
<FileVariant size="57" variant="04f9b0a5-b497-44a3-95a8-d55d99cb96c1" />
</File>
<Timelines>
<Transcode startTime="32047" endTime="32054" complete="1" fileType="av" variant="04f9b0a5-b497-44a3-95a8-d55d99cb96c1" />
</Timelines>
</Segment>
<Segment duration="2393" startOffset="2875682" endOffset="2878075">
<File name="chunk-00539" type="av">
<FileVariant size="44" variant="04f9b0a5-b497-44a3-95a8-d55d99cb96c1" />
</File>
<Timelines>
<Transcode startTime="32054" endTime="32122" complete="1" fileType="av" variant="04f9b0a5-b497-44a3-95a8-d55d99cb96c1" />
</Timelines>
</Segment>
<Segment duration="1739" startOffset="2878076" endOffset="2879815">
<File name="chunk-00540" type="av">
<FileVariant size="52" variant="04f9b0a5-b497-44a3-95a8-d55d99cb96c1" />
</File>
<Timelines>
<Transcode startTime="32122" endTime="32127" complete="1" fileType="av" variant="04f9b0a5-b497-44a3-95a8-d55d99cb96c1" />
</Timelines>
</Segment>
<Segment duration="2567" startOffset="2879816" endOffset="2882383">
<File name="chunk-00541" type="av">
<FileVariant size="62" variant="04f9b0a5-b497-44a3-95a8-d55d99cb96c1" />
</File>
<Timelines>
<Transcode startTime="32127" endTime="32140" complete="1" fileType="av" variant="04f9b0a5-b497-44a3-95a8-d55d99cb96c1" />
</Timelines>
</Segment>
<Segment duration="1523" startOffset="2882384" endOffset="2883907">
<File name="chunk-00542" type="av">
<FileVariant size="72" variant="04f9b0a5-b497-44a3-95a8-d55d99cb96c1" />
</File>
<Timelines>
<Transcode startTime="32140" endTime="32251" complete="1" fileType="av" variant="04f9b0a5-b497-44a3-95a8-d55d99cb96c1" />
</Timelines>
</Segment>
<Segment duration="1000" startOffset="2886823" endOffset="2887823">
<File name="chunk-00543" type="av">
<FileVariant size="42" variant="04f9b0a5-b497-44a3-95a8-d55d99cb96c1" />
</File>
<Timelines>
<Transcode startTime="32251" endTime="32414" complete="1" fileType="av" variant="04f9b0a5-b497-44a3-95a8-d55d99cb96c1" />
</Timelines>
</Segment>
<Segment duration="1522" startOffset="2895528" endOffset="2897050">
<File name="chunk-00544" type="av">
<FileVariant size="41" variant="04f9b0a5-b497-44a3-95a8-d55d99cb96c1" />
</File>
<Timelines>
<Transcode startTime="32414" endTime="32644" complete="1" fileType="av" variant="04f9b0a5-b497-44a3-95a8-d55d99cb96c1" />
</Timelines>
</Segment>
<Segment duration="2263" startOffset="2902796" endOffset="2905059">
<File name="chunk-00545" type="av">
<FileVariant size="72" variant="04f9b0a5-b497-44a3-95a8-d55d99cb96c1" />
</File>
<Timelines>
<Transcode startTime="32644" endTime="32651" complete="1" fileType="av" variant="04f9b0a5-b497-44a3-95a8-d55d99cb96c1" />
</Timelines>
</Segment>
<Segment duration="1871" startOffset="2906234" endOffset="2908105">
<File name="chunk-00546" type="av">
<FileVariant size="52" variant="04f9b0a5-b497-44a3-95a8-d55d99cb96c1" />
</File>
<Timelines>
<Transcode startTime="32651" endTime="32688" complete="1" fileType="av" variant="04f9b0a5-b497-44a3-95a8-d55d99cb96c1" />
</Timelines>
</Segment>
<Segment duration="1087" startOffset="2908106" endOffset="2909194">
<File name="chunk-00547" type="av">
<FileVariant size="40" variant="04f9b0a5-b497-44a3-95a8-d55d99cb96c1" />
</File>
<Timelines>
<Transcode startTime="32688" endTime="32700" complete="1" fileType="av" variant="04f9b0a5-b497-44a3-95a8-d55d99cb96c1" />
</Timelines>
</Segment>
<Segment duration="1392" startOffset="2910412" endOffset="2911804">
<File name="chunk-00548" type="av">
<FileVariant size="46" variant="04f9b0a5-b497-44a3-95a8-d55d99cb96c1" />
</File>
<Timelines>
<Transcode startTime="32700" endTime="32712" complete="1" fileType="av" variant="04f9b0a5-b497-44a3-95a8-d55d99cb96c1" />
</Timelines>
</Segment>
<Segment duration="3307" startOffset="2913415" endOffset="2916722">
<File name="chunk-00549" type="av">
<FileVariant size="41" variant="04f9b0a5-b497-44a3-95a8-d55d99cb96c1" />
</File>
<Timelines>
<Transcode startTime="32712" endTime="32722" complete="1" fileType="av" variant="04f9b0a5-b497-44a3-95a8-d55d99cb96c1" />
</Timelines>
</Segment>
<Segment duration="1782" startOffset="2916723" endOffset="2918506">
<File name="chunk-00550" type="av">
<FileVariant size="41" variant="04f9b0a5-b497-44a3-95a8-d55d99cb96c1" />
</File>
<Timelines>
<Transcode startTime="32722" endTime="32774" complete="1" fileType="av" variant="04f9b0a5-b497-44a3-95a8-d55d99cb96c1" />
</Timelines>
</Segment>
<Segment duration="1956" startOffset="2919639" endOffset="2921596">
<File name="chunk-00551" type="av">
<FileVariant size="45" variant="04f9b0a5-b497-44a3-95a8-d55d99cb96c1" />
</File>
<Timelines>
<Transcode startTime="32774" endTime="32812" complete="1" fileType="av" variant="04f9b0a5-b497-44a3-95a8-d55d99cb96c1" />
</Timelines>
</Segment>
<Segment duration="2436" startOffset="2921597" endOffset="2924034">
<File name="chunk-00552" type="av">
<FileVariant size="53" variant="04f9b0a5-b497-44a3-95a8-d55d99cb96c1" />
</File>
<Timelines>
<Transcode startTime="32812" endTime="32865" complete="1" fileType="av" variant="04f9b0a5-b497-44a3-95a8-d55d99cb96c1" />
</Timelines>
</Segment>
<Segment duration="1565" startOffset="2924035" endOffset="2925600">
<File name="chunk-00553" type="av">
<FileVariant size="47" variant="04f9b0a5-b497-44a3-95a8-d55d99cb96c1" />
</File>
<Timelines>
<Transcode startTime="32865" endTime="32975" complete="1" fileType="av" variant="04f9b0a5-b497-44a3-95a8-d55d99cb96c1" />
</Timelines>
</Segment>
<Segment duration="1087" startOffset="2927429" endOffset="2928517">
<File name="chunk-00554" type="av">
<FileVariant size="45" variant="04f9b0a5-b497-44a3-95a8-d55d99cb96c1" />
</File>
<Timelines>
<Transcode startTime="32975" endTime="33008" complete="1" fileType="av" variant="04f9b0a5-b497-44a3-95a8-d55d99cb96c1" />
</Timelines>
</Segment>
<Segment duration="1130" startOffset="2932434" endOffset="2933565">
<File name="chunk-00555" type="av">
<FileVariant size="45" variant="04f9b0a5-b497-44a3-95a8-d55d99cb96c1" />
</File>
<Timelines>
<Transcode startTime="33008" endTime="33156" complete="1" fileType="av" variant="04f9b0a5-b497-44a3-95a8-d55d99cb96c1" />
</Timelines>
</Segment>
<Segment duration="1608" startOffset="2941139" endOffset="2942748">
<File name="chunk-00556" type="av">
<FileVariant size="58" variant="04f9b0a5-b497-44a3-95a8-d55d99cb96c1" />
</File>
<Timelines>
<Transcode startTime="33156" endTime="33224" complete="1" fileType="av" variant="04f9b0a5-b497-44a3-95a8-d55d99cb96c1" />
</Timelines>
</Segment>
<Segment duration="1305" startOffset="2948450" endOffset="2949755">
<File name="chunk-00557" type="av">
<FileVariant size="46" variant="04f9b0a5-b497-44a3-95a8-d55d99cb96c1" />
</File>
<Timelines>
<Transcode startTime="33224" endTime="33230" complete="1" fileType="av" variant="04f9b0a5-b497-44a3-95a8-d55d99cb96c1" />
</Timelines>
</Segment>
<Segment duration="913" startOffset="2949756" endOffset="2950669">
<File name="chunk-00558" type="av">
<FileVariant size="40" variant="04f9b0a5-b497-44a3-95a8-d55d99cb96c1" />
</File>
<Timelines>
<Transcode startTime="33230" endTime="33366" complete="1" fileType="av" variant="04f9b0a5-b497-44a3-95a8-d55d99cb96c1" />
</Timelines>
</Segment>
<Segment duration="914" startOffset="2954500" endOffset="2955414">
<File name="chunk-00559" type="av">
<FileVariant size="41" variant="04f9b0a5-b497-44a3-95a8-d55d99cb96c1" />
</File>
<Timelines>
<Transcode startTime="33366" endTime="33415" complete="1" fileType="av" variant="04f9b0a5-b497-44a3-95a8-d55d99cb96c1" />
</Timelines>
</Segment>
<Segment duration="1173" startOffset="2960071" endOffset="2961245">
<File name="chunk-00560" type="av">
<FileVariant size="40" variant="04f9b0a5-b497-44a3-95a8-d55d99cb96c1" />
</File>
<Timelines>
<Transcode startTime="33415" endTime="33421" complete="1" fileType="av" variant="04f9b0a5-b497-44a3-95a8-d55d99cb96c1" />
</Timelines>
</Segment>
<Segment duration="1653" startOffset="2963683" endOffset="2965337">
<File name="chunk-00561" type="av">
<FileVariant size="41" variant="04f9b0a5-b497-44a3-95a8-d55d99cb96c1" />
</File>
<Timelines>
<Transcode startTime="33421" endTime="33439" complete="1" fileType="av" variant="04f9b0a5-b497-44a3-95a8-d55d99cb96c1" />
</Timelines>
</Segment>
<Segment duration="1087" startOffset="2965902" endOffset="2966990">
<File name="chunk-00562" type="av">
<FileVariant size="40" variant="04f9b0a5-b497-44a3-95a8-d55d99cb96c1" />
</File>
<Timelines>
<Transcode startTime="33439" endTime="33566" complete="1" fileType="av" variant="04f9b0a5-b497-44a3-95a8-d55d99cb96c1" />
</Timelines>
</Segment>
<Segment duration="1174" startOffset="2979438" endOffset="2980613">
<File name="chunk-00563" type="av">
<FileVariant size="45" variant="04f9b0a5-b497-44a3-95a8-d55d99cb96c1" />
</File>
<Timelines>
<Transcode startTime="33566" endTime="33820" complete="1" fileType="av" variant="04f9b0a5-b497-44a3-95a8-d55d99cb96c1" />
</Timelines>
</Segment>
<Segment duration="1522" startOffset="2997934" endOffset="2999457">
<File name="chunk-00564" type="av">
<FileVariant size="43" variant="04f9b0a5-b497-44a3-95a8-d55d99cb96c1" />
</File>
<Timelines>
<Transcode startTime="33820" endTime="33820" complete="1" fileType="av" variant="04f9b0a5-b497-44a3-95a8-d55d99cb96c1" />
</Timelines>
</Segment>
<Segment duration="1174" startOffset="2999458" endOffset="3000633">
<File name="chunk-00565" type="av">
<FileVariant size="41" variant="04f9b0a5-b497-44a3-95a8-d55d99cb96c1" />
</File>
<Timelines>
<Transcode startTime="33820" endTime="33938" complete="1" fileType="av" variant="04f9b0a5-b497-44a3-95a8-d55d99cb96c1" />
</Timelines>
</Segment>
<Segment duration="2478" startOffset="3003027" endOffset="3005506">
<File name="chunk-00566" type="av">
<FileVariant size="51" variant="04f9b0a5-b497-44a3-95a8-d55d99cb96c1" />
</File>
<Timelines>
<Transcode startTime="33938" endTime="34416" complete="1" fileType="av" variant="04f9b0a5-b497-44a3-95a8-d55d99cb96c1" />
</Timelines>
</Segment>
<Segment duration="1521" startOffset="3023438" endOffset="3024960">
<File name="chunk-00567" type="av">
<FileVariant size="85" variant="04f9b0a5-b497-44a3-95a8-d55d99cb96c1" />
</File>
<Timelines>
<Transcode startTime="34416" endTime="34420" complete="1" fileType="av" variant="04f9b0a5-b497-44a3-95a8-d55d99cb96c1" />
</Timelines>
</Segment>
<Segment duration="1479" startOffset="3024961" endOffset="3026440">
<File name="chunk-00568" type="av">
<FileVariant size="59" variant="04f9b0a5-b497-44a3-95a8-d55d99cb96c1" />
</File>
<Timelines>
<Transcode startTime="34420" endTime="34420" complete="1" fileType="av" variant="04f9b0a5-b497-44a3-95a8-d55d99cb96c1" />
</Timelines>
</Segment>
<Segment duration="3612" startOffset="3026441" endOffset="3030053">
<File name="chunk-00569" type="av">
<FileVariant size="82" variant="04f9b0a5-b497-44a3-95a8-d55d99cb96c1" />
</File>
<Timelines>
<Transcode startTime="34420" endTime="34456" complete="1" fileType="av" variant="04f9b0a5-b497-44a3-95a8-d55d99cb96c1" />
</Timelines>
</Segment>
<Segment duration="1739" startOffset="3030054" endOffset="3031793">
<File name="chunk-00570" type="av">
<FileVariant size="68" variant="04f9b0a5-b497-44a3-95a8-d55d99cb96c1" />
</File>
<Timelines>
<Transcode startTime="34456" endTime="34456" complete="1" fileType="av" variant="04f9b0a5-b497-44a3-95a8-d55d99cb96c1" />
</Timelines>
</Segment>
<Segment duration="2393" startOffset="3031794" endOffset="3034187">
<File name="chunk-00571" type="av">
<FileVariant size="63" variant="04f9b0a5-b497-44a3-95a8-d55d99cb96c1" />
</File>
<Timelines>
<Transcode startTime="34456" endTime="34463" complete="1" fileType="av" variant="04f9b0a5-b497-44a3-95a8-d55d99cb96c1" />
</Timelines>
</Segment>
<Segment duration="3873" startOffset="3034188" endOffset="3038061">
<File name="chunk-00572" type="av">
<FileVariant size="76" variant="04f9b0a5-b497-44a3-95a8-d55d99cb96c1" />
</File>
<Timelines>
<Transcode startTime="34463" endTime="34509" complete="1" fileType="av" variant="04f9b0a5-b497-44a3-95a8-d55d99cb96c1" />
</Timelines>
</Segment>
<Segment duration="1869" startOffset="3038062" endOffset="3039932">
<File name="chunk-00573" type="av">
<FileVariant size="56" variant="04f9b0a5-b497-44a3-95a8-d55d99cb96c1" />
</File>
<Timelines>
<Transcode startTime="34509" endTime="34515" complete="1" fileType="av" variant="04f9b0a5-b497-44a3-95a8-d55d99cb96c1" />
</Timelines>
</Segment>
<Segment duration="1130" startOffset="3039933" endOffset="3041064">
<File name="chunk-00574" type="av">
<FileVariant size="40" variant="04f9b0a5-b497-44a3-95a8-d55d99cb96c1" />
</File>
<Timelines>
<Transcode startTime="34515" endTime="34606" complete="1" fileType="av" variant="04f9b0a5-b497-44a3-95a8-d55d99cb96c1" />
</Timelines>
</Segment>
<Segment duration="2043" startOffset="3042762" endOffset="3044806">
<File name="chunk-00575" type="av">
<FileVariant size="60" variant="04f9b0a5-b497-44a3-95a8-d55d99cb96c1" />
</File>
<Timelines>
<Transcode startTime="34606" endTime="34607" complete="1" fileType="av" variant="04f9b0a5-b497-44a3-95a8-d55d99cb96c1" />
</Timelines>
</Segment>
<Segment duration="1480" startOffset="3044807" endOffset="3046287">
<File name="chunk-00576" type="av">
<FileVariant size="46" variant="04f9b0a5-b497-44a3-95a8-d55d99cb96c1" />
</File>
<Timelines>
<Transcode startTime="34607" endTime="34669" complete="1" fileType="av" variant="04f9b0a5-b497-44a3-95a8-d55d99cb96c1" />
</Timelines>
</Segment>
<Segment duration="913" startOffset="3046983" endOffset="3047896">
<File name="chunk-00577" type="av">
<FileVariant size="47" variant="04f9b0a5-b497-44a3-95a8-d55d99cb96c1" />
</File>
<Timelines>
<Transcode startTime="34669" endTime="34712" complete="1" fileType="av" variant="04f9b0a5-b497-44a3-95a8-d55d99cb96c1" />
</Timelines>
</Segment>
<Segment duration="1782" startOffset="3049029" endOffset="3050812">
<File name="chunk-00578" type="av">
<FileVariant size="62" variant="04f9b0a5-b497-44a3-95a8-d55d99cb96c1" />
</File>
<Timelines>
<Transcode startTime="34712" endTime="35206" complete="1" fileType="av" variant="04f9b0a5-b497-44a3-95a8-d55d99cb96c1" />
</Timelines>
</Segment>
<Segment duration="870" startOffset="3069528" endOffset="3070398">
<File name="chunk-00579" type="av">
<FileVariant size="40" variant="04f9b0a5-b497-44a3-95a8-d55d99cb96c1" />
</File>
<Timelines>
<Transcode startTime="35206" endTime="35519" complete="1" fileType="av" variant="04f9b0a5-b497-44a3-95a8-d55d99cb96c1" />
</Timelines>
</Segment>
<Segment duration="1782" startOffset="3086545" endOffset="3088328">
<File name="chunk-00580" type="av">
<FileVariant size="52" variant="04f9b0a5-b497-44a3-95a8-d55d99cb96c1" />
</File>
<Timelines>
<Transcode startTime="35519" endTime="35523" complete="1" fileType="av" variant="04f9b0a5-b497-44a3-95a8-d55d99cb96c1" />
</Timelines>
</Segment>
<Segment duration="3088" startOffset="3088329" endOffset="3091418">
<File name="chunk-00581" type="av">
<FileVariant size="77" variant="04f9b0a5-b497-44a3-95a8-d55d99cb96c1" />
</File>
<Timelines>
<Transcode startTime="35523" endTime="35553" complete="1" fileType="av" variant="04f9b0a5-b497-44a3-95a8-d55d99cb96c1" />
</Timelines>
</Segment>
<Segment duration="1260" startOffset="3091419" endOffset="3092680">
<File name="chunk-00582" type="av">
<FileVariant size="52" variant="04f9b0a5-b497-44a3-95a8-d55d99cb96c1" />
</File>
<Timelines>
<Transcode startTime="35553" endTime="35559" complete="1" fileType="av" variant="04f9b0a5-b497-44a3-95a8-d55d99cb96c1" />
</Timelines>
</Segment>
<Segment duration="1436" startOffset="3092681" endOffset="3094117">
<File name="chunk-00583" type="av">
<FileVariant size="57" variant="04f9b0a5-b497-44a3-95a8-d55d99cb96c1" />
</File>
<Timelines>
<Transcode startTime="35559" endTime="35595" complete="1" fileType="av" variant="04f9b0a5-b497-44a3-95a8-d55d99cb96c1" />
</Timelines>
</Segment>
<Segment duration="1434" startOffset="3094118" endOffset="3095553">
<File name="chunk-00584" type="av">
<FileVariant size="46" variant="04f9b0a5-b497-44a3-95a8-d55d99cb96c1" />
</File>
<Timelines>
<Transcode startTime="35595" endTime="35596" complete="1" fileType="av" variant="04f9b0a5-b497-44a3-95a8-d55d99cb96c1" />
</Timelines>
</Segment>
<Segment duration="2000" startOffset="3095554" endOffset="3097555">
<File name="chunk-00585" type="av">
<FileVariant size="66" variant="04f9b0a5-b497-44a3-95a8-d55d99cb96c1" />
</File>
<Timelines>
<Transcode startTime="35596" endTime="35634" complete="1" fileType="av" variant="04f9b0a5-b497-44a3-95a8-d55d99cb96c1" />
</Timelines>
</Segment>
<Segment duration="1347" startOffset="3097556" endOffset="3098904">
<File name="chunk-00586" type="av">
<FileVariant size="43" variant="04f9b0a5-b497-44a3-95a8-d55d99cb96c1" />
</File>
<Timelines>
<Transcode startTime="35634" endTime="35672" complete="1" fileType="av" variant="04f9b0a5-b497-44a3-95a8-d55d99cb96c1" />
</Timelines>
</Segment>
<Segment duration="1304" startOffset="3098905" endOffset="3100210">
<File name="chunk-00587" type="av">
<FileVariant size="43" variant="04f9b0a5-b497-44a3-95a8-d55d99cb96c1" />
</File>
<Timelines>
<Transcode startTime="35672" endTime="35677" complete="1" fileType="av" variant="04f9b0a5-b497-44a3-95a8-d55d99cb96c1" />
</Timelines>
</Segment>
<Segment duration="1130" startOffset="3100211" endOffset="3101341">
<File name="chunk-00588" type="av">
<FileVariant size="49" variant="04f9b0a5-b497-44a3-95a8-d55d99cb96c1" />
</File>
<Timelines>
<Transcode startTime="35677" endTime="35687" complete="1" fileType="av" variant="04f9b0a5-b497-44a3-95a8-d55d99cb96c1" />
</Timelines>
</Segment>
<Segment duration="2480" startOffset="3101342" endOffset="3103822">
<File name="chunk-00589" type="av">
<FileVariant size="74" variant="04f9b0a5-b497-44a3-95a8-d55d99cb96c1" />
</File>
<Timelines>
<Transcode startTime="35687" endTime="35725" complete="1" fileType="av" variant="04f9b0a5-b497-44a3-95a8-d55d99cb96c1" />
</Timelines>
</Segment>
<Segment duration="2349" startOffset="3103823" endOffset="3106172">
<File name="chunk-00590" type="av">
<FileVariant size="62" variant="04f9b0a5-b497-44a3-95a8-d55d99cb96c1" />
</File>
<Timelines>
<Transcode startTime="35725" endTime="35757" complete="1" fileType="av" variant="04f9b0a5-b497-44a3-95a8-d55d99cb96c1" />
</Timelines>
</Segment>
<Segment duration="1609" startOffset="3106173" endOffset="3107782">
<File name="chunk-00591" type="av">
<FileVariant size="52" variant="04f9b0a5-b497-44a3-95a8-d55d99cb96c1" />
</File>
<Timelines>
<Transcode startTime="35757" endTime="35761" complete="1" fileType="av" variant="04f9b0a5-b497-44a3-95a8-d55d99cb96c1" />
</Timelines>
</Segment>
<Segment duration="1349" startOffset="3107783" endOffset="3109132">
<File name="chunk-00592" type="av">
<FileVariant size="49" variant="04f9b0a5-b497-44a3-95a8-d55d99cb96c1" />
</File>
<Timelines>
<Transcode startTime="35761" endTime="35798" complete="1" fileType="av" variant="04f9b0a5-b497-44a3-95a8-d55d99cb96c1" />
</Timelines>
</Segment>
<Segment duration="1914" startOffset="3111352" endOffset="3113266">
<File name="chunk-00593" type="av">
<FileVariant size="59" variant="04f9b0a5-b497-44a3-95a8-d55d99cb96c1" />
</File>
<Timelines>
<Transcode startTime="35798" endTime="35866" complete="1" fileType="av" variant="04f9b0a5-b497-44a3-95a8-d55d99cb96c1" />
</Timelines>
</Segment>
<Segment duration="2958" startOffset="3116096" endOffset="3119054">
<File name="chunk-00594" type="av">
<FileVariant size="82" variant="04f9b0a5-b497-44a3-95a8-d55d99cb96c1" />
</File>
<Timelines>
<Transcode startTime="35866" endTime="35903" complete="1" fileType="av" variant="04f9b0a5-b497-44a3-95a8-d55d99cb96c1" />
</Timelines>
</Segment>
<Segment duration="3525" startOffset="3119055" endOffset="3122580">
<File name="chunk-00595" type="av">
<FileVariant size="70" variant="04f9b0a5-b497-44a3-95a8-d55d99cb96c1" />
</File>
<Timelines>
<Transcode startTime="35903" endTime="35973" complete="1" fileType="av" variant="04f9b0a5-b497-44a3-95a8-d55d99cb96c1" />
</Timelines>
</Segment>
<Segment duration="1043" startOffset="3126150" endOffset="3127194">
<File name="chunk-00596" type="av">
<FileVariant size="40" variant="04f9b0a5-b497-44a3-95a8-d55d99cb96c1" />
</File>
<Timelines>
<Transcode startTime="35973" endTime="36010" complete="1" fileType="av" variant="04f9b0a5-b497-44a3-95a8-d55d99cb96c1" />
</Timelines>
</Segment>
<Segment duration="1782" startOffset="3128326" endOffset="3130109">
<File name="chunk-00597" type="av">
<FileVariant size="49" variant="04f9b0a5-b497-44a3-95a8-d55d99cb96c1" />
</File>
<Timelines>
<Transcode startTime="36010" endTime="36015" complete="1" fileType="av" variant="04f9b0a5-b497-44a3-95a8-d55d99cb96c1" />
</Timelines>
</Segment>
<Segment duration="3262" startOffset="3130110" endOffset="3133373">
<File name="chunk-00598" type="av">
<FileVariant size="61" variant="04f9b0a5-b497-44a3-95a8-d55d99cb96c1" />
</File>
<Timelines>
<Transcode startTime="36015" endTime="36046" complete="1" fileType="av" variant="04f9b0a5-b497-44a3-95a8-d55d99cb96c1" />
</Timelines>
</Segment>
<Segment duration="2523" startOffset="3133374" endOffset="3135897">
<File name="chunk-00599" type="av">
<FileVariant size="76" variant="04f9b0a5-b497-44a3-95a8-d55d99cb96c1" />
</File>
<Timelines>
<Transcode startTime="36046" endTime="36052" complete="1" fileType="av" variant="04f9b0a5-b497-44a3-95a8-d55d99cb96c1" />
</Timelines>
</Segment>
<Segment duration="1217" startOffset="3135898" endOffset="3137116">
<File name="chunk-00600" type="av">
<FileVariant size="41" variant="04f9b0a5-b497-44a3-95a8-d55d99cb96c1" />
</File>
<Timelines>
<Transcode startTime="36052" endTime="36052" complete="1" fileType="av" variant="04f9b0a5-b497-44a3-95a8-d55d99cb96c1" />
</Timelines>
</Segment>
<Segment duration="2914" startOffset="3137117" endOffset="3140032">
<File name="chunk-00601" type="av">
<FileVariant size="69" variant="04f9b0a5-b497-44a3-95a8-d55d99cb96c1" />
</File>
<Timelines>
<Transcode startTime="36052" endTime="36092" complete="1" fileType="av" variant="04f9b0a5-b497-44a3-95a8-d55d99cb96c1" />
</Timelines>
</Segment>
<Segment duration="2088" startOffset="3140033" endOffset="3142121">
<File name="chunk-00602" type="av">
<FileVariant size="71" variant="04f9b0a5-b497-44a3-95a8-d55d99cb96c1" />
</File>
<Timelines>
<Transcode startTime="36092" endTime="36098" complete="1" fileType="av" variant="04f9b0a5-b497-44a3-95a8-d55d99cb96c1" />
</Timelines>
</Segment>
<Segment duration="1260" startOffset="3142122" endOffset="3143383">
<File name="chunk-00603" type="av">
<FileVariant size="45" variant="04f9b0a5-b497-44a3-95a8-d55d99cb96c1" />
</File>
<Timelines>
<Transcode startTime="36098" endTime="36098" complete="1" fileType="av" variant="04f9b0a5-b497-44a3-95a8-d55d99cb96c1" />
</Timelines>
</Segment>
<Segment duration="2349" startOffset="3143384" endOffset="3145733">
<File name="chunk-00604" type="av">
<FileVariant size="67" variant="04f9b0a5-b497-44a3-95a8-d55d99cb96c1" />
</File>
<Timelines>
<Transcode startTime="36098" endTime="36135" complete="1" fileType="av" variant="04f9b0a5-b497-44a3-95a8-d55d99cb96c1" />
</Timelines>
</Segment>
<Segment duration="1306" startOffset="3145734" endOffset="3147040">
<File name="chunk-00605" type="av">
<FileVariant size="44" variant="04f9b0a5-b497-44a3-95a8-d55d99cb96c1" />
</File>
<Timelines>
<Transcode startTime="36135" endTime="36195" complete="1" fileType="av" variant="04f9b0a5-b497-44a3-95a8-d55d99cb96c1" />
</Timelines>
</Segment>
<Segment duration="2131" startOffset="3152785" endOffset="3154916">
<File name="chunk-00606" type="av">
<FileVariant size="66" variant="04f9b0a5-b497-44a3-95a8-d55d99cb96c1" />
</File>
<Timelines>
<Transcode startTime="36195" endTime="36242" complete="1" fileType="av" variant="04f9b0a5-b497-44a3-95a8-d55d99cb96c1" />
</Timelines>
</Segment>
<Segment duration="2349" startOffset="3154917" endOffset="3157267">
<File name="chunk-00607" type="av">
<FileVariant size="77" variant="04f9b0a5-b497-44a3-95a8-d55d99cb96c1" />
</File>
<Timelines>
<Transcode startTime="36242" endTime="36248" complete="1" fileType="av" variant="04f9b0a5-b497-44a3-95a8-d55d99cb96c1" />
</Timelines>
</Segment>
<Segment duration="1739" startOffset="3157268" endOffset="3159007">
<File name="chunk-00608" type="av">
<FileVariant size="50" variant="04f9b0a5-b497-44a3-95a8-d55d99cb96c1" />
</File>
<Timelines>
<Transcode startTime="36248" endTime="36278" complete="1" fileType="av" variant="04f9b0a5-b497-44a3-95a8-d55d99cb96c1" />
</Timelines>
</Segment>
<Segment duration="2611" startOffset="3159008" endOffset="3161619">
<File name="chunk-00609" type="av">
<FileVariant size="57" variant="04f9b0a5-b497-44a3-95a8-d55d99cb96c1" />
</File>
<Timelines>
<Transcode startTime="36278" endTime="36284" complete="1" fileType="av" variant="04f9b0a5-b497-44a3-95a8-d55d99cb96c1" />
</Timelines>
</Segment>
<Segment duration="2523" startOffset="3161620" endOffset="3164143">
<File name="chunk-00610" type="av">
<FileVariant size="66" variant="04f9b0a5-b497-44a3-95a8-d55d99cb96c1" />
</File>
<Timelines>
<Transcode startTime="36284" endTime="36329" complete="1" fileType="av" variant="04f9b0a5-b497-44a3-95a8-d55d99cb96c1" />
</Timelines>
</Segment>
<Segment duration="2697" startOffset="3165101" endOffset="3167799">
<File name="chunk-00611" type="av">
<FileVariant size="71" variant="04f9b0a5-b497-44a3-95a8-d55d99cb96c1" />
</File>
<Timelines>
<Transcode startTime="36329" endTime="36430" complete="1" fileType="av" variant="04f9b0a5-b497-44a3-95a8-d55d99cb96c1" />
</Timelines>
</Segment>
<Segment duration="3567" startOffset="3167800" endOffset="3171368">
<File name="chunk-00612" type="av">
<FileVariant size="90" variant="04f9b0a5-b497-44a3-95a8-d55d99cb96c1" />
</File>
<Timelines>
<Transcode startTime="36430" endTime="36571" complete="1" fileType="av" variant="04f9b0a5-b497-44a3-95a8-d55d99cb96c1" />
</Timelines>
</Segment>
<Segment duration="1608" startOffset="3171369" endOffset="3172978">
<File name="chunk-00613" type="av">
<FileVariant size="55" variant="04f9b0a5-b497-44a3-95a8-d55d99cb96c1" />
</File>
<Timelines>
<Transcode startTime="36571" endTime="36577" complete="1" fileType="av" variant="04f9b0a5-b497-44a3-95a8-d55d99cb96c1" />
</Timelines>
</Segment>
<Segment duration="1435" startOffset="3172979" endOffset="3174414">
<File name="chunk-00614" type="av">
<FileVariant size="45" variant="04f9b0a5-b497-44a3-95a8-d55d99cb96c1" />
</File>
<Timelines>
<Transcode startTime="36577" endTime="36632" complete="1" fileType="av" variant="04f9b0a5-b497-44a3-95a8-d55d99cb96c1" />
</Timelines>
</Segment>
<Segment duration="3175" startOffset="3174415" endOffset="3177591">
<File name="chunk-00615" type="av">
<FileVariant size="70" variant="04f9b0a5-b497-44a3-95a8-d55d99cb96c1" />
</File>
<Timelines>
<Transcode startTime="36632" endTime="36743" complete="1" fileType="av" variant="04f9b0a5-b497-44a3-95a8-d55d99cb96c1" />
</Timelines>
</Segment>
<Segment duration="2914" startOffset="3179159" endOffset="3182074">
<File name="chunk-00616" type="av">
<FileVariant size="58" variant="04f9b0a5-b497-44a3-95a8-d55d99cb96c1" />
</File>
<Timelines>
<Transcode startTime="36743" endTime="36825" complete="1" fileType="av" variant="04f9b0a5-b497-44a3-95a8-d55d99cb96c1" />
</Timelines>
</Segment>
<Segment duration="2871" startOffset="3182075" endOffset="3184946">
<File name="chunk-00617" type="av">
<FileVariant size="74" variant="04f9b0a5-b497-44a3-95a8-d55d99cb96c1" />
</File>
<Timelines>
<Transcode startTime="36825" endTime="36875" complete="1" fileType="av" variant="04f9b0a5-b497-44a3-95a8-d55d99cb96c1" />
</Timelines>
</Segment>
<Segment duration="2610" startOffset="3184947" endOffset="3187558">
<File name="chunk-00618" type="av">
<FileVariant size="76" variant="04f9b0a5-b497-44a3-95a8-d55d99cb96c1" />
</File>
<Timelines>
<Transcode startTime="36875" endTime="36911" complete="1" fileType="av" variant="04f9b0a5-b497-44a3-95a8-d55d99cb96c1" />
</Timelines>
</Segment>
<Segment duration="2087" startOffset="3187559" endOffset="3189647">
<File name="chunk-00619" type="av">
<FileVariant size="59" variant="04f9b0a5-b497-44a3-95a8-d55d99cb96c1" />
</File>
<Timelines>
<Transcode startTime="36911" endTime="36949" complete="1" fileType="av" variant="04f9b0a5-b497-44a3-95a8-d55d99cb96c1" />
</Timelines>
</Segment>
<Segment duration="1695" startOffset="3189648" endOffset="3191344">
<File name="chunk-00620" type="av">
<FileVariant size="44" variant="04f9b0a5-b497-44a3-95a8-d55d99cb96c1" />
</File>
<Timelines>
<Transcode startTime="36949" endTime="37000" complete="1" fileType="av" variant="04f9b0a5-b497-44a3-95a8-d55d99cb96c1" />
</Timelines>
</Segment>
<Segment duration="1087" startOffset="3197699" endOffset="3198787">
<File name="chunk-00621" type="av">
<FileVariant size="47" variant="04f9b0a5-b497-44a3-95a8-d55d99cb96c1" />
</File>
<Timelines>
<Transcode startTime="37000" endTime="37050" complete="1" fileType="av" variant="04f9b0a5-b497-44a3-95a8-d55d99cb96c1" />
</Timelines>
</Segment>
<Segment duration="2914" startOffset="3200049" endOffset="3202964">
<File name="chunk-00622" type="av">
<FileVariant size="61" variant="04f9b0a5-b497-44a3-95a8-d55d99cb96c1" />
</File>
<Timelines>
<Transcode startTime="37050" endTime="37102" complete="1" fileType="av" variant="04f9b0a5-b497-44a3-95a8-d55d99cb96c1" />
</Timelines>
</Segment>
<Segment duration="1957" startOffset="3202965" endOffset="3204923">
<File name="chunk-00623" type="av">
<FileVariant size="61" variant="04f9b0a5-b497-44a3-95a8-d55d99cb96c1" />
</File>
<Timelines>
<Transcode startTime="37102" endTime="37108" complete="1" fileType="av" variant="04f9b0a5-b497-44a3-95a8-d55d99cb96c1" />
</Timelines>
</Segment>
<Segment duration="1740" startOffset="3204924" endOffset="3206664">
<File name="chunk-00624" type="av">
<FileVariant size="60" variant="04f9b0a5-b497-44a3-95a8-d55d99cb96c1" />
</File>
<Timelines>
<Transcode startTime="37108" endTime="37108" complete="1" fileType="av" variant="04f9b0a5-b497-44a3-95a8-d55d99cb96c1" />
</Timelines>
</Segment>
<Segment duration="2175" startOffset="3206665" endOffset="3208840">
<File name="chunk-00625" type="av">
<FileVariant size="50" variant="04f9b0a5-b497-44a3-95a8-d55d99cb96c1" />
</File>
<Timelines>
<Transcode startTime="37108" endTime="37146" complete="1" fileType="av" variant="04f9b0a5-b497-44a3-95a8-d55d99cb96c1" />
</Timelines>
</Segment>
<Segment duration="2567" startOffset="3208841" endOffset="3211408">
<File name="chunk-00626" type="av">
<FileVariant size="74" variant="04f9b0a5-b497-44a3-95a8-d55d99cb96c1" />
</File>
<Timelines>
<Transcode startTime="37146" endTime="37154" complete="1" fileType="av" variant="04f9b0a5-b497-44a3-95a8-d55d99cb96c1" />
</Timelines>
</Segment>
<Segment duration="2871" startOffset="3211409" endOffset="3214280">
<File name="chunk-00627" type="av">
<FileVariant size="82" variant="04f9b0a5-b497-44a3-95a8-d55d99cb96c1" />
</File>
<Timelines>
<Transcode startTime="37154" endTime="37184" complete="1" fileType="av" variant="04f9b0a5-b497-44a3-95a8-d55d99cb96c1" />
</Timelines>
</Segment>
<Segment duration="2306" startOffset="3214281" endOffset="3216587">
<File name="chunk-00628" type="av">
<FileVariant size="52" variant="04f9b0a5-b497-44a3-95a8-d55d99cb96c1" />
</File>
<Timelines>
<Transcode startTime="37184" endTime="37191" complete="1" fileType="av" variant="04f9b0a5-b497-44a3-95a8-d55d99cb96c1" />
</Timelines>
</Segment>
<Segment duration="2043" startOffset="3216588" endOffset="3218632">
<File name="chunk-00629" type="av">
<FileVariant size="65" variant="04f9b0a5-b497-44a3-95a8-d55d99cb96c1" />
</File>
<Timelines>
<Transcode startTime="37191" endTime="37227" complete="1" fileType="av" variant="04f9b0a5-b497-44a3-95a8-d55d99cb96c1" />
</Timelines>
</Segment>
<Segment duration="957" startOffset="3218633" endOffset="3219590">
<File name="chunk-00630" type="av">
<FileVariant size="41" variant="04f9b0a5-b497-44a3-95a8-d55d99cb96c1" />
</File>
<Timelines>
<Transcode startTime="37227" endTime="37232" complete="1" fileType="av" variant="04f9b0a5-b497-44a3-95a8-d55d99cb96c1" />
</Timelines>
</Segment>
<Segment duration="3436" startOffset="3219591" endOffset="3223028">
<File name="chunk-00631" type="av">
<FileVariant size="65" variant="04f9b0a5-b497-44a3-95a8-d55d99cb96c1" />
</File>
<Timelines>
<Transcode startTime="37232" endTime="37233" complete="1" fileType="av" variant="04f9b0a5-b497-44a3-95a8-d55d99cb96c1" />
</Timelines>
</Segment>
<Segment duration="2958" startOffset="3223029" endOffset="3225987">
<File name="chunk-00632" type="av">
<FileVariant size="44" variant="04f9b0a5-b497-44a3-95a8-d55d99cb96c1" />
</File>
<Timelines>
<Transcode startTime="37233" endTime="37278" complete="1" fileType="av" variant="04f9b0a5-b497-44a3-95a8-d55d99cb96c1" />
</Timelines>
</Segment>
<Segment duration="2698" startOffset="3225988" endOffset="3228686">
<File name="chunk-00633" type="av">
<FileVariant size="88" variant="04f9b0a5-b497-44a3-95a8-d55d99cb96c1" />
</File>
<Timelines>
<Transcode startTime="37278" endTime="37313" complete="1" fileType="av" variant="04f9b0a5-b497-44a3-95a8-d55d99cb96c1" />
</Timelines>
</Segment>
<Segment duration="1521" startOffset="3228687" endOffset="3230209">
<File name="chunk-00634" type="av">
<FileVariant size="45" variant="04f9b0a5-b497-44a3-95a8-d55d99cb96c1" />
</File>
<Timelines>
<Transcode startTime="37313" endTime="37336" complete="1" fileType="av" variant="04f9b0a5-b497-44a3-95a8-d55d99cb96c1" />
</Timelines>
</Segment>
<Segment duration="2653" startOffset="3230210" endOffset="3232864">
<File name="chunk-00635" type="av">
<FileVariant size="74" variant="04f9b0a5-b497-44a3-95a8-d55d99cb96c1" />
</File>
<Timelines>
<Transcode startTime="37336" endTime="37372" complete="1" fileType="av" variant="04f9b0a5-b497-44a3-95a8-d55d99cb96c1" />
</Timelines>
</Segment>
<Segment duration="1783" startOffset="3232865" endOffset="3234648">
<File name="chunk-00636" type="av">
<FileVariant size="57" variant="04f9b0a5-b497-44a3-95a8-d55d99cb96c1" />
</File>
<Timelines>
<Transcode startTime="37372" endTime="37374" complete="1" fileType="av" variant="04f9b0a5-b497-44a3-95a8-d55d99cb96c1" />
</Timelines>
</Segment>
<Segment duration="1131" startOffset="3234649" endOffset="3235780">
<File name="chunk-00637" type="av">
<FileVariant size="47" variant="04f9b0a5-b497-44a3-95a8-d55d99cb96c1" />
</File>
<Timelines>
<Transcode startTime="37374" endTime="37381" complete="1" fileType="av" variant="04f9b0a5-b497-44a3-95a8-d55d99cb96c1" />
</Timelines>
</Segment>
<Segment duration="1436" startOffset="3237913" endOffset="3239349">
<File name="chunk-00638" type="av">
<FileVariant size="51" variant="04f9b0a5-b497-44a3-95a8-d55d99cb96c1" />
</File>
<Timelines>
<Transcode startTime="37381" endTime="37411" complete="1" fileType="av" variant="04f9b0a5-b497-44a3-95a8-d55d99cb96c1" />
</Timelines>
</Segment>
<Segment duration="2305" startOffset="3239350" endOffset="3241655">
<File name="chunk-00639" type="av">
<FileVariant size="72" variant="04f9b0a5-b497-44a3-95a8-d55d99cb96c1" />
</File>
<Timelines>
<Transcode startTime="37411" endTime="37417" complete="1" fileType="av" variant="04f9b0a5-b497-44a3-95a8-d55d99cb96c1" />
</Timelines>
</Segment>
<Segment duration="1173" startOffset="3241656" endOffset="3242830">
<File name="chunk-00640" type="av">
<FileVariant size="45" variant="04f9b0a5-b497-44a3-95a8-d55d99cb96c1" />
</File>
<Timelines>
<Transcode startTime="37417" endTime="37445" complete="1" fileType="av" variant="04f9b0a5-b497-44a3-95a8-d55d99cb96c1" />
</Timelines>
</Segment>
<Segment duration="2827" startOffset="3242831" endOffset="3245659">
<File name="chunk-00641" type="av">
<FileVariant size="73" variant="04f9b0a5-b497-44a3-95a8-d55d99cb96c1" />
</File>
<Timelines>
<Transcode startTime="37445" endTime="37511" complete="1" fileType="av" variant="04f9b0a5-b497-44a3-95a8-d55d99cb96c1" />
</Timelines>
</Segment>
<Segment duration="1043" startOffset="3248881" endOffset="3249924">
<File name="chunk-00642" type="av">
<FileVariant size="41" variant="04f9b0a5-b497-44a3-95a8-d55d99cb96c1" />
</File>
<Timelines>
<Transcode startTime="37511" endTime="37515" complete="1" fileType="av" variant="04f9b0a5-b497-44a3-95a8-d55d99cb96c1" />
</Timelines>
</Segment>
<Segment duration="1957" startOffset="3249925" endOffset="3251883">
<File name="chunk-00643" type="av">
<FileVariant size="61" variant="04f9b0a5-b497-44a3-95a8-d55d99cb96c1" />
</File>
<Timelines>
<Transcode startTime="37515" endTime="37561" complete="1" fileType="av" variant="04f9b0a5-b497-44a3-95a8-d55d99cb96c1" />
</Timelines>
</Segment>
<Segment duration="2480" startOffset="3251884" endOffset="3254364">
<File name="chunk-00644" type="av">
<FileVariant size="55" variant="04f9b0a5-b497-44a3-95a8-d55d99cb96c1" />
</File>
<Timelines>
<Transcode startTime="37561" endTime="37613" complete="1" fileType="av" variant="04f9b0a5-b497-44a3-95a8-d55d99cb96c1" />
</Timelines>
</Segment>
<Segment duration="2131" startOffset="3254365" endOffset="3256496">
<File name="chunk-00645" type="av">
<FileVariant size="57" variant="04f9b0a5-b497-44a3-95a8-d55d99cb96c1" />
</File>
<Timelines>
<Transcode startTime="37613" endTime="37651" complete="1" fileType="av" variant="04f9b0a5-b497-44a3-95a8-d55d99cb96c1" />
</Timelines>
</Segment>
<Segment duration="1740" startOffset="3256497" endOffset="3258238">
<File name="chunk-00646" type="av">
<FileVariant size="54" variant="04f9b0a5-b497-44a3-95a8-d55d99cb96c1" />
</File>
<Timelines>
<Transcode startTime="37651" endTime="37655" complete="1" fileType="av" variant="04f9b0a5-b497-44a3-95a8-d55d99cb96c1" />
</Timelines>
</Segment>
<Segment duration="2349" startOffset="3259370" endOffset="3261720">
<File name="chunk-00647" type="av">
<FileVariant size="71" variant="04f9b0a5-b497-44a3-95a8-d55d99cb96c1" />
</File>
<Timelines>
<Transcode startTime="37655" endTime="37697" complete="1" fileType="av" variant="04f9b0a5-b497-44a3-95a8-d55d99cb96c1" />
</Timelines>
</Segment>
<Segment duration="1956" startOffset="3263156" endOffset="3265113">
<File name="chunk-00648" type="av">
<FileVariant size="42" variant="04f9b0a5-b497-44a3-95a8-d55d99cb96c1" />
</File>
<Timelines>
<Transcode startTime="37697" endTime="37701" complete="1" fileType="av" variant="04f9b0a5-b497-44a3-95a8-d55d99cb96c1" />
</Timelines>
</Segment>
<Segment duration="2306" startOffset="3265114" endOffset="3267420">
<File name="chunk-00649" type="av">
<FileVariant size="42" variant="04f9b0a5-b497-44a3-95a8-d55d99cb96c1" />
</File>
<Timelines>
<Transcode startTime="37701" endTime="37739" complete="1" fileType="av" variant="04f9b0a5-b497-44a3-95a8-d55d99cb96c1" />
</Timelines>
</Segment>
<Segment duration="1609" startOffset="3267421" endOffset="3269030">
<File name="chunk-00650" type="av">
<FileVariant size="55" variant="04f9b0a5-b497-44a3-95a8-d55d99cb96c1" />
</File>
<Timelines>
<Transcode startTime="37739" endTime="37785" complete="1" fileType="av" variant="04f9b0a5-b497-44a3-95a8-d55d99cb96c1" />
</Timelines>
</Segment>
<Segment duration="1260" startOffset="3270424" endOffset="3271685">
<File name="chunk-00651" type="av">
<FileVariant size="42" variant="04f9b0a5-b497-44a3-95a8-d55d99cb96c1" />
</File>
<Timelines>
<Transcode startTime="37785" endTime="37786" complete="1" fileType="av" variant="04f9b0a5-b497-44a3-95a8-d55d99cb96c1" />
</Timelines>
</Segment>
<Segment duration="2784" startOffset="3271686" endOffset="3274471">
<File name="chunk-00652" type="av">
<FileVariant size="65" variant="04f9b0a5-b497-44a3-95a8-d55d99cb96c1" />
</File>
<Timelines>
<Transcode startTime="37786" endTime="37820" complete="1" fileType="av" variant="04f9b0a5-b497-44a3-95a8-d55d99cb96c1" />
</Timelines>
</Segment>
<Segment duration="2391" startOffset="3274472" endOffset="3276864">
<File name="chunk-00653" type="av">
<FileVariant size="75" variant="04f9b0a5-b497-44a3-95a8-d55d99cb96c1" />
</File>
<Timelines>
<Transcode startTime="37820" endTime="37864" complete="1" fileType="av" variant="04f9b0a5-b497-44a3-95a8-d55d99cb96c1" />
</Timelines>
</Segment>
<Segment duration="1436" startOffset="3278127" endOffset="3279564">
<File name="chunk-00654" type="av">
<FileVariant size="63" variant="04f9b0a5-b497-44a3-95a8-d55d99cb96c1" />
</File>
<Timelines>
<Transcode startTime="37864" endTime="38064" complete="1" fileType="av" variant="04f9b0a5-b497-44a3-95a8-d55d99cb96c1" />
</Timelines>
</Segment>
<Segment duration="2958" startOffset="3290096" endOffset="3293054">
<File name="chunk-00655" type="av">
<FileVariant size="73" variant="04f9b0a5-b497-44a3-95a8-d55d99cb96c1" />
</File>
<Timelines>
<Transcode startTime="38064" endTime="38104" complete="1" fileType="av" variant="04f9b0a5-b497-44a3-95a8-d55d99cb96c1" />
</Timelines>
</Segment>
<Segment duration="2262" startOffset="3296232" endOffset="3298495">
<File name="chunk-00656" type="av">
<FileVariant size="40" variant="04f9b0a5-b497-44a3-95a8-d55d99cb96c1" />
</File>
<Timelines>
<Transcode startTime="38104" endTime="38227" complete="1" fileType="av" variant="04f9b0a5-b497-44a3-95a8-d55d99cb96c1" />
</Timelines>
</Segment>
<Segment duration="1480" startOffset="3303892" endOffset="3305372">
<File name="chunk-00657" type="av">
<FileVariant size="51" variant="04f9b0a5-b497-44a3-95a8-d55d99cb96c1" />
</File>
<Timelines>
<Transcode startTime="38227" endTime="38570" complete="1" fileType="av" variant="04f9b0a5-b497-44a3-95a8-d55d99cb96c1" />
</Timelines>
</Segment>
<Segment duration="1086" startOffset="3325218" endOffset="3326305">
<File name="chunk-00658" type="av">
<FileVariant size="44" variant="04f9b0a5-b497-44a3-95a8-d55d99cb96c1" />
</File>
<Timelines>
<Transcode startTime="38570" endTime="38614" complete="1" fileType="av" variant="04f9b0a5-b497-44a3-95a8-d55d99cb96c1" />
</Timelines>
</Segment>
<Segment duration="2653" startOffset="3330919" endOffset="3333573">
<File name="chunk-00659" type="av">
<FileVariant size="64" variant="04f9b0a5-b497-44a3-95a8-d55d99cb96c1" />
</File>
<Timelines>
<Transcode startTime="38614" endTime="38654" complete="1" fileType="av" variant="04f9b0a5-b497-44a3-95a8-d55d99cb96c1" />
</Timelines>
</Segment>
<Segment duration="1130" startOffset="3333574" endOffset="3334705">
<File name="chunk-00660" type="av">
<FileVariant size="41" variant="04f9b0a5-b497-44a3-95a8-d55d99cb96c1" />
</File>
<Timelines>
<Transcode startTime="38654" endTime="38661" complete="1" fileType="av" variant="04f9b0a5-b497-44a3-95a8-d55d99cb96c1" />
</Timelines>
</Segment>
<Segment duration="1086" startOffset="3334706" endOffset="3335793">
<File name="chunk-00661" type="av">
<FileVariant size="44" variant="04f9b0a5-b497-44a3-95a8-d55d99cb96c1" />
</File>
<Timelines>
<Transcode startTime="38661" endTime="38661" complete="1" fileType="av" variant="04f9b0a5-b497-44a3-95a8-d55d99cb96c1" />
</Timelines>
</Segment>
<Segment duration="1217" startOffset="3335794" endOffset="3337011">
<File name="chunk-00662" type="av">
<FileVariant size="52" variant="04f9b0a5-b497-44a3-95a8-d55d99cb96c1" />
</File>
<Timelines>
<Transcode startTime="38661" endTime="38698" complete="1" fileType="av" variant="04f9b0a5-b497-44a3-95a8-d55d99cb96c1" />
</Timelines>
</Segment>
<Segment duration="1522" startOffset="3337012" endOffset="3338535">
<File name="chunk-00663" type="av">
<FileVariant size="60" variant="04f9b0a5-b497-44a3-95a8-d55d99cb96c1" />
</File>
<Timelines>
<Transcode startTime="38698" endTime="38699" complete="1" fileType="av" variant="04f9b0a5-b497-44a3-95a8-d55d99cb96c1" />
</Timelines>
</Segment>
<Segment duration="956" startOffset="3338536" endOffset="3339492">
<File name="chunk-00664" type="av">
<FileVariant size="41" variant="04f9b0a5-b497-44a3-95a8-d55d99cb96c1" />
</File>
<Timelines>
<Transcode startTime="38699" endTime="38734" complete="1" fileType="av" variant="04f9b0a5-b497-44a3-95a8-d55d99cb96c1" />
</Timelines>
</Segment>
<Segment duration="1434" startOffset="3340973" endOffset="3342408">
<File name="chunk-00665" type="av">
<FileVariant size="49" variant="04f9b0a5-b497-44a3-95a8-d55d99cb96c1" />
</File>
<Timelines>
<Transcode startTime="38734" endTime="38735" complete="1" fileType="av" variant="04f9b0a5-b497-44a3-95a8-d55d99cb96c1" />
</Timelines>
</Segment>
<Segment duration="1782" startOffset="3342409" endOffset="3344192">
<File name="chunk-00666" type="av">
<FileVariant size="48" variant="04f9b0a5-b497-44a3-95a8-d55d99cb96c1" />
</File>
<Timelines>
<Transcode startTime="38735" endTime="38739" complete="1" fileType="av" variant="04f9b0a5-b497-44a3-95a8-d55d99cb96c1" />
</Timelines>
</Segment>
<Segment duration="1261" startOffset="3344193" endOffset="3345455">
<File name="chunk-00667" type="av">
<FileVariant size="54" variant="04f9b0a5-b497-44a3-95a8-d55d99cb96c1" />
</File>
<Timelines>
<Transcode startTime="38739" endTime="38824" complete="1" fileType="av" variant="04f9b0a5-b497-44a3-95a8-d55d99cb96c1" />
</Timelines>
</Segment>
<Segment duration="1086" startOffset="3350243" endOffset="3351330">
<File name="chunk-00668" type="av">
<FileVariant size="43" variant="04f9b0a5-b497-44a3-95a8-d55d99cb96c1" />
</File>
<Timelines>
<Transcode startTime="38824" endTime="38824" complete="1" fileType="av" variant="04f9b0a5-b497-44a3-95a8-d55d99cb96c1" />
</Timelines>
</Segment>
<Segment duration="1043" startOffset="3351331" endOffset="3352375">
<File name="chunk-00669" type="av">
<FileVariant size="41" variant="04f9b0a5-b497-44a3-95a8-d55d99cb96c1" />
</File>
<Timelines>
<Transcode startTime="38824" endTime="39135" complete="1" fileType="av" variant="04f9b0a5-b497-44a3-95a8-d55d99cb96c1" />
</Timelines>
</Segment>
<Segment duration="913" startOffset="3364605" endOffset="3365519">
<File name="chunk-00670" type="av">
<FileVariant size="40" variant="04f9b0a5-b497-44a3-95a8-d55d99cb96c1" />
</File>
<Timelines>
<Transcode startTime="39135" endTime="39141" complete="1" fileType="av" variant="04f9b0a5-b497-44a3-95a8-d55d99cb96c1" />
</Timelines>
</Segment>
<Segment duration="1521" startOffset="3366520" endOffset="3368042">
<File name="chunk-00671" type="av">
<FileVariant size="57" variant="04f9b0a5-b497-44a3-95a8-d55d99cb96c1" />
</File>
<Timelines>
<Transcode startTime="39141" endTime="39146" complete="1" fileType="av" variant="04f9b0a5-b497-44a3-95a8-d55d99cb96c1" />
</Timelines>
</Segment>
<Segment duration="1565" startOffset="3368043" endOffset="3369609">
<File name="chunk-00672" type="av">
<FileVariant size="55" variant="04f9b0a5-b497-44a3-95a8-d55d99cb96c1" />
</File>
<Timelines>
<Transcode startTime="39146" endTime="39211" complete="1" fileType="av" variant="04f9b0a5-b497-44a3-95a8-d55d99cb96c1" />
</Timelines>
</Segment>
<Segment duration="2567" startOffset="3372874" endOffset="3375441">
<File name="chunk-00673" type="av">
<FileVariant size="52" variant="04f9b0a5-b497-44a3-95a8-d55d99cb96c1" />
</File>
<Timelines>
<Transcode startTime="39211" endTime="39296" complete="1" fileType="av" variant="04f9b0a5-b497-44a3-95a8-d55d99cb96c1" />
</Timelines>
</Segment>
<Segment duration="1697" startOffset="3377923" endOffset="3379620">
<File name="chunk-00674" type="av">
<FileVariant size="40" variant="04f9b0a5-b497-44a3-95a8-d55d99cb96c1" />
</File>
<Timelines>
<Transcode startTime="39296" endTime="39300" complete="1" fileType="av" variant="04f9b0a5-b497-44a3-95a8-d55d99cb96c1" />
</Timelines>
</Segment>
<Segment duration="1261" startOffset="3380273" endOffset="3381535">
<File name="chunk-00675" type="av">
<FileVariant size="43" variant="04f9b0a5-b497-44a3-95a8-d55d99cb96c1" />
</File>
<Timelines>
<Transcode startTime="39300" endTime="39339" complete="1" fileType="av" variant="04f9b0a5-b497-44a3-95a8-d55d99cb96c1" />
</Timelines>
</Segment>
<Segment duration="1827" startOffset="3383232" endOffset="3385059">
<File name="chunk-00676" type="av">
<FileVariant size="41" variant="04f9b0a5-b497-44a3-95a8-d55d99cb96c1" />
</File>
<Timelines>
<Transcode startTime="39339" endTime="39345" complete="1" fileType="av" variant="04f9b0a5-b497-44a3-95a8-d55d99cb96c1" />
</Timelines>
</Segment>
<Segment duration="3046" startOffset="3385060" endOffset="3388106">
<File name="chunk-00677" type="av">
<FileVariant size="73" variant="04f9b0a5-b497-44a3-95a8-d55d99cb96c1" />
</File>
<Timelines>
<Transcode startTime="39345" endTime="39411" complete="1" fileType="av" variant="04f9b0a5-b497-44a3-95a8-d55d99cb96c1" />
</Timelines>
</Segment>
<Segment duration="2523" startOffset="3388107" endOffset="3390631">
<File name="chunk-00678" type="av">
<FileVariant size="74" variant="04f9b0a5-b497-44a3-95a8-d55d99cb96c1" />
</File>
<Timelines>
<Transcode startTime="39411" endTime="39416" complete="1" fileType="av" variant="04f9b0a5-b497-44a3-95a8-d55d99cb96c1" />
</Timelines>
</Segment>
<Segment duration="1434" startOffset="3391023" endOffset="3392458">
<File name="chunk-00679" type="av">
<FileVariant size="41" variant="04f9b0a5-b497-44a3-95a8-d55d99cb96c1" />
</File>
<Timelines>
<Transcode startTime="39416" endTime="39417" complete="1" fileType="av" variant="04f9b0a5-b497-44a3-95a8-d55d99cb96c1" />
</Timelines>
</Segment>
<Segment duration="1347" startOffset="3392459" endOffset="3393807">
<File name="chunk-00680" type="av">
<FileVariant size="50" variant="04f9b0a5-b497-44a3-95a8-d55d99cb96c1" />
</File>
<Timelines>
<Transcode startTime="39417" endTime="39462" complete="1" fileType="av" variant="04f9b0a5-b497-44a3-95a8-d55d99cb96c1" />
</Timelines>
</Segment>
<Segment duration="2393" startOffset="3393808" endOffset="3396201">
<File name="chunk-00681" type="av">
<FileVariant size="53" variant="04f9b0a5-b497-44a3-95a8-d55d99cb96c1" />
</File>
<Timelines>
<Transcode startTime="39462" endTime="39468" complete="1" fileType="av" variant="04f9b0a5-b497-44a3-95a8-d55d99cb96c1" />
</Timelines>
</Segment>
<Segment duration="2523" startOffset="3396202" endOffset="3398726">
<File name="chunk-00682" type="av">
<FileVariant size="66" variant="04f9b0a5-b497-44a3-95a8-d55d99cb96c1" />
</File>
<Timelines>
<Transcode startTime="39468" endTime="39585" complete="1" fileType="av" variant="04f9b0a5-b497-44a3-95a8-d55d99cb96c1" />
</Timelines>
</Segment>
<Segment duration="3567" startOffset="3407039" endOffset="3410607">
<File name="chunk-00683" type="av">
<FileVariant size="73" variant="04f9b0a5-b497-44a3-95a8-d55d99cb96c1" />
</File>
<Timelines>
<Transcode startTime="39585" endTime="39628" complete="1" fileType="av" variant="04f9b0a5-b497-44a3-95a8-d55d99cb96c1" />
</Timelines>
</Segment>
<Segment duration="5352" startOffset="3410608" endOffset="3415961">
<File name="chunk-00684" type="av">
<FileVariant size="82" variant="04f9b0a5-b497-44a3-95a8-d55d99cb96c1" />
</File>
<Timelines>
<Transcode startTime="39628" endTime="39801" complete="1" fileType="av" variant="04f9b0a5-b497-44a3-95a8-d55d99cb96c1" />
</Timelines>
</Segment>
<Segment duration="1392" startOffset="3417397" endOffset="3418789">
<File name="chunk-00685" type="av">
<FileVariant size="48" variant="04f9b0a5-b497-44a3-95a8-d55d99cb96c1" />
</File>
<Timelines>
<Transcode startTime="39801" endTime="40036" complete="1" fileType="av" variant="04f9b0a5-b497-44a3-95a8-d55d99cb96c1" />
</Timelines>
</Segment>
<Segment duration="2175" startOffset="3431585" endOffset="3433760">
<File name="chunk-00686" type="av">
<FileVariant size="49" variant="04f9b0a5-b497-44a3-95a8-d55d99cb96c1" />
</File>
<Timelines>
<Transcode startTime="40036" endTime="40049" complete="1" fileType="av" variant="04f9b0a5-b497-44a3-95a8-d55d99cb96c1" />
</Timelines>
</Segment>
<Segment duration="2088" startOffset="3433761" endOffset="3435849">
<File name="chunk-00687" type="av">
<FileVariant size="44" variant="04f9b0a5-b497-44a3-95a8-d55d99cb96c1" />
</File>
<Timelines>
<Transcode startTime="40049" endTime="40339" complete="1" fileType="av" variant="04f9b0a5-b497-44a3-95a8-d55d99cb96c1" />
</Timelines>
</Segment>
<Segment duration="2000" startOffset="3451083" endOffset="3453084">
<File name="chunk-00688" type="av">
<FileVariant size="42" variant="04f9b0a5-b497-44a3-95a8-d55d99cb96c1" />
</File>
<Timelines>
<Transcode startTime="40339" endTime="40378" complete="1" fileType="av" variant="04f9b0a5-b497-44a3-95a8-d55d99cb96c1" />
</Timelines>
</Segment>
<Segment duration="2480" startOffset="3453085" endOffset="3455565">
<File name="chunk-00689" type="av">
<FileVariant size="100" variant="04f9b0a5-b497-44a3-95a8-d55d99cb96c1" />
</File>
<Timelines>
<Transcode startTime="40378" endTime="40428" complete="1" fileType="av" variant="04f9b0a5-b497-44a3-95a8-d55d99cb96c1" />
</Timelines>
</Segment>
<Segment duration="2131" startOffset="3455566" endOffset="3457697">
<File name="chunk-00690" type="av">
<FileVariant size="64" variant="04f9b0a5-b497-44a3-95a8-d55d99cb96c1" />
</File>
<Timelines>
<Transcode startTime="40428" endTime="40461" complete="1" fileType="av" variant="04f9b0a5-b497-44a3-95a8-d55d99cb96c1" />
</Timelines>
</Segment>
<Segment duration="1827" startOffset="3457698" endOffset="3459525">
<File name="chunk-00691" type="av">
<FileVariant size="52" variant="04f9b0a5-b497-44a3-95a8-d55d99cb96c1" />
</File>
<Timelines>
<Transcode startTime="40461" endTime="40467" complete="1" fileType="av" variant="04f9b0a5-b497-44a3-95a8-d55d99cb96c1" />
</Timelines>
</Segment>
<Segment duration="2219" startOffset="3459526" endOffset="3461745">
<File name="chunk-00692" type="av">
<FileVariant size="66" variant="04f9b0a5-b497-44a3-95a8-d55d99cb96c1" />
</File>
<Timelines>
<Transcode startTime="40467" endTime="40828" complete="1" fileType="av" variant="04f9b0a5-b497-44a3-95a8-d55d99cb96c1" />
</Timelines>
</Segment>
<Segment duration="3045" startOffset="3478545" endOffset="3481591">
<File name="chunk-00693" type="av">
<FileVariant size="41" variant="04f9b0a5-b497-44a3-95a8-d55d99cb96c1" />
</File>
<Timelines>
<Transcode startTime="40828" endTime="40845" complete="1" fileType="av" variant="04f9b0a5-b497-44a3-95a8-d55d99cb96c1" />
</Timelines>
</Segment>
<Segment duration="2000" startOffset="3481592" endOffset="3483593">
<File name="chunk-00694" type="av">
<FileVariant size="49" variant="04f9b0a5-b497-44a3-95a8-d55d99cb96c1" />
</File>
<Timelines>
<Transcode startTime="40845" endTime="40851" complete="1" fileType="av" variant="04f9b0a5-b497-44a3-95a8-d55d99cb96c1" />
</Timelines>
</Segment>
<Segment duration="5525" startOffset="3483594" endOffset="3489120">
<File name="chunk-00695" type="av">
<FileVariant size="103" variant="04f9b0a5-b497-44a3-95a8-d55d99cb96c1" />
</File>
<Timelines>
<Transcode startTime="40851" endTime="40862" complete="1" fileType="av" variant="04f9b0a5-b497-44a3-95a8-d55d99cb96c1" />
</Timelines>
</Segment>
<Segment duration="2393" startOffset="3489121" endOffset="3491514">
<File name="chunk-00696" type="av">
<FileVariant size="70" variant="04f9b0a5-b497-44a3-95a8-d55d99cb96c1" />
</File>
<Timelines>
<Transcode startTime="40862" endTime="40930" complete="1" fileType="av" variant="04f9b0a5-b497-44a3-95a8-d55d99cb96c1" />
</Timelines>
</Segment>
<Segment duration="2218" startOffset="3491515" endOffset="3493733">
<File name="chunk-00697" type="av">
<FileVariant size="66" variant="04f9b0a5-b497-44a3-95a8-d55d99cb96c1" />
</File>
<Timelines>
<Transcode startTime="40930" endTime="40964" complete="1" fileType="av" variant="04f9b0a5-b497-44a3-95a8-d55d99cb96c1" />
</Timelines>
</Segment>
<Segment duration="3916" startOffset="3493734" endOffset="3497650">
<File name="chunk-00698" type="av">
<FileVariant size="83" variant="04f9b0a5-b497-44a3-95a8-d55d99cb96c1" />
</File>
<Timelines>
<Transcode startTime="40964" endTime="41008" complete="1" fileType="av" variant="04f9b0a5-b497-44a3-95a8-d55d99cb96c1" />
</Timelines>
</Segment>
<Segment duration="1958" startOffset="3497651" endOffset="3499609">
<File name="chunk-00699" type="av">
<FileVariant size="49" variant="04f9b0a5-b497-44a3-95a8-d55d99cb96c1" />
</File>
<Timelines>
<Transcode startTime="41008" endTime="41008" complete="1" fileType="av" variant="04f9b0a5-b497-44a3-95a8-d55d99cb96c1" />
</Timelines>
</Segment>
<Segment duration="3653" startOffset="3499610" endOffset="3503264">
<File name="chunk-00700" type="av">
<FileVariant size="92" variant="04f9b0a5-b497-44a3-95a8-d55d99cb96c1" />
</File>
<Timelines>
<Transcode startTime="41008" endTime="41016" complete="1" fileType="av" variant="04f9b0a5-b497-44a3-95a8-d55d99cb96c1" />
</Timelines>
</Segment>
<Segment duration="2698" startOffset="3503265" endOffset="3505963">
<File name="chunk-00701" type="av">
<FileVariant size="70" variant="04f9b0a5-b497-44a3-95a8-d55d99cb96c1" />
</File>
<Timelines>
<Transcode startTime="41016" endTime="41043" complete="1" fileType="av" variant="04f9b0a5-b497-44a3-95a8-d55d99cb96c1" />
</Timelines>
</Segment>
<Segment duration="2871" startOffset="3505964" endOffset="3508835">
<File name="chunk-00702" type="av">
<FileVariant size="69" variant="04f9b0a5-b497-44a3-95a8-d55d99cb96c1" />
</File>
<Timelines>
<Transcode startTime="41043" endTime="41095" complete="1" fileType="av" variant="04f9b0a5-b497-44a3-95a8-d55d99cb96c1" />
</Timelines>
</Segment>
<Segment duration="3481" startOffset="3508836" endOffset="3512317">
<File name="chunk-00703" type="av">
<FileVariant size="85" variant="04f9b0a5-b497-44a3-95a8-d55d99cb96c1" />
</File>
<Timelines>
<Transcode startTime="41095" endTime="41190" complete="1" fileType="av" variant="04f9b0a5-b497-44a3-95a8-d55d99cb96c1" />
</Timelines>
</Segment>
<Segment duration="2827" startOffset="3512318" endOffset="3515146">
<File name="chunk-00704" type="av">
<FileVariant size="73" variant="04f9b0a5-b497-44a3-95a8-d55d99cb96c1" />
</File>
<Timelines>
<Transcode startTime="41190" endTime="41198" complete="1" fileType="av" variant="04f9b0a5-b497-44a3-95a8-d55d99cb96c1" />
</Timelines>
</Segment>
<Segment duration="1043" startOffset="3515147" endOffset="3516190">
<File name="chunk-00705" type="av">
<FileVariant size="49" variant="04f9b0a5-b497-44a3-95a8-d55d99cb96c1" />
</File>
<Timelines>
<Transcode startTime="41198" endTime="41199" complete="1" fileType="av" variant="04f9b0a5-b497-44a3-95a8-d55d99cb96c1" />
</Timelines>
</Segment>
<Segment duration="1132" startOffset="3516191" endOffset="3517323">
<File name="chunk-00706" type="av">
<FileVariant size="41" variant="04f9b0a5-b497-44a3-95a8-d55d99cb96c1" />
</File>
<Timelines>
<Transcode startTime="41199" endTime="41235" complete="1" fileType="av" variant="04f9b0a5-b497-44a3-95a8-d55d99cb96c1" />
</Timelines>
</Segment>
<Segment duration="1347" startOffset="3518063" endOffset="3519411">
<File name="chunk-00707" type="av">
<FileVariant size="47" variant="04f9b0a5-b497-44a3-95a8-d55d99cb96c1" />
</File>
<Timelines>
<Transcode startTime="41235" endTime="41239" complete="1" fileType="av" variant="04f9b0a5-b497-44a3-95a8-d55d99cb96c1" />
</Timelines>
</Segment>
<Segment duration="3829" startOffset="3519412" endOffset="3523241">
<File name="chunk-00708" type="av">
<FileVariant size="82" variant="04f9b0a5-b497-44a3-95a8-d55d99cb96c1" />
</File>
<Timelines>
<Transcode startTime="41239" endTime="41284" complete="1" fileType="av" variant="04f9b0a5-b497-44a3-95a8-d55d99cb96c1" />
</Timelines>
</Segment>
<Segment duration="2348" startOffset="3523242" endOffset="3525591">
<File name="chunk-00709" type="av">
<FileVariant size="70" variant="04f9b0a5-b497-44a3-95a8-d55d99cb96c1" />
</File>
<Timelines>
<Transcode startTime="41284" endTime="41324" complete="1" fileType="av" variant="04f9b0a5-b497-44a3-95a8-d55d99cb96c1" />
</Timelines>
</Segment>
<Segment duration="2871" startOffset="3525592" endOffset="3528463">
<File name="chunk-00710" type="av">
<FileVariant size="74" variant="04f9b0a5-b497-44a3-95a8-d55d99cb96c1" />
</File>
<Timelines>
<Transcode startTime="41324" endTime="41368" complete="1" fileType="av" variant="04f9b0a5-b497-44a3-95a8-d55d99cb96c1" />
</Timelines>
</Segment>
<Segment duration="2133" startOffset="3528464" endOffset="3530597">
<File name="chunk-00711" type="av">
<FileVariant size="70" variant="04f9b0a5-b497-44a3-95a8-d55d99cb96c1" />
</File>
<Timelines>
<Transcode startTime="41368" endTime="41394" complete="1" fileType="av" variant="04f9b0a5-b497-44a3-95a8-d55d99cb96c1" />
</Timelines>
</Segment>
<Segment duration="2087" startOffset="3531206" endOffset="3533294">
<File name="chunk-00712" type="av">
<FileVariant size="49" variant="04f9b0a5-b497-44a3-95a8-d55d99cb96c1" />
</File>
<Timelines>
<Transcode startTime="41394" endTime="41478" complete="1" fileType="av" variant="04f9b0a5-b497-44a3-95a8-d55d99cb96c1" />
</Timelines>
</Segment>
<Segment duration="1610" startOffset="3533295" endOffset="3534905">
<File name="chunk-00713" type="av">
<FileVariant size="47" variant="04f9b0a5-b497-44a3-95a8-d55d99cb96c1" />
</File>
<Timelines>
<Transcode startTime="41478" endTime="41523" complete="1" fileType="av" variant="04f9b0a5-b497-44a3-95a8-d55d99cb96c1" />
</Timelines>
</Segment>
<Segment duration="1956" startOffset="3534906" endOffset="3536863">
<File name="chunk-00714" type="av">
<FileVariant size="65" variant="04f9b0a5-b497-44a3-95a8-d55d99cb96c1" />
</File>
<Timelines>
<Transcode startTime="41523" endTime="41575" complete="1" fileType="av" variant="04f9b0a5-b497-44a3-95a8-d55d99cb96c1" />
</Timelines>
</Segment>
<Segment duration="1304" startOffset="3536864" endOffset="3538169">
<File name="chunk-00715" type="av">
<FileVariant size="52" variant="04f9b0a5-b497-44a3-95a8-d55d99cb96c1" />
</File>
<Timelines>
<Transcode startTime="41575" endTime="41587" complete="1" fileType="av" variant="04f9b0a5-b497-44a3-95a8-d55d99cb96c1" />
</Timelines>
</Segment>
<Segment duration="1740" startOffset="3538170" endOffset="3539911">
<File name="chunk-00716" type="av">
<FileVariant size="53" variant="04f9b0a5-b497-44a3-95a8-d55d99cb96c1" />
</File>
<Timelines>
<Transcode startTime="41587" endTime="41634" complete="1" fileType="av" variant="04f9b0a5-b497-44a3-95a8-d55d99cb96c1" />
</Timelines>
</Segment>
<Segment duration="2740" startOffset="3543697" endOffset="3546438">
<File name="chunk-00717" type="av">
<FileVariant size="83" variant="04f9b0a5-b497-44a3-95a8-d55d99cb96c1" />
</File>
<Timelines>
<Transcode startTime="41634" endTime="41723" complete="1" fileType="av" variant="04f9b0a5-b497-44a3-95a8-d55d99cb96c1" />
</Timelines>
</Segment>
<Segment duration="1783" startOffset="3548789" endOffset="3550573">
<File name="chunk-00718" type="av">
<FileVariant size="46" variant="04f9b0a5-b497-44a3-95a8-d55d99cb96c1" />
</File>
<Timelines>
<Transcode startTime="41723" endTime="41760" complete="1" fileType="av" variant="04f9b0a5-b497-44a3-95a8-d55d99cb96c1" />
</Timelines>
</Segment>
<Segment duration="1739" startOffset="3550574" endOffset="3552313">
<File name="chunk-00719" type="av">
<FileVariant size="54" variant="04f9b0a5-b497-44a3-95a8-d55d99cb96c1" />
</File>
<Timelines>
<Transcode startTime="41760" endTime="41790" complete="1" fileType="av" variant="04f9b0a5-b497-44a3-95a8-d55d99cb96c1" />
</Timelines>
</Segment>
<Segment duration="1391" startOffset="3555491" endOffset="3556883">
<File name="chunk-00720" type="av">
<FileVariant size="56" variant="04f9b0a5-b497-44a3-95a8-d55d99cb96c1" />
</File>
<Timelines>
<Transcode startTime="41790" endTime="41794" complete="1" fileType="av" variant="04f9b0a5-b497-44a3-95a8-d55d99cb96c1" />
</Timelines>
</Segment>
<Segment duration="1697" startOffset="3556884" endOffset="3558581">
<File name="chunk-00721" type="av">
<FileVariant size="71" variant="04f9b0a5-b497-44a3-95a8-d55d99cb96c1" />
</File>
<Timelines>
<Transcode startTime="41794" endTime="41826" complete="1" fileType="av" variant="04f9b0a5-b497-44a3-95a8-d55d99cb96c1" />
</Timelines>
</Segment>
<Segment duration="1391" startOffset="3558582" endOffset="3559973">
<File name="chunk-00722" type="av">
<FileVariant size="55" variant="04f9b0a5-b497-44a3-95a8-d55d99cb96c1" />
</File>
<Timelines>
<Transcode startTime="41826" endTime="41827" complete="1" fileType="av" variant="04f9b0a5-b497-44a3-95a8-d55d99cb96c1" />
</Timelines>
</Segment>
<Segment duration="2653" startOffset="3559974" endOffset="3562628">
<File name="chunk-00723" type="av">
<FileVariant size="61" variant="04f9b0a5-b497-44a3-95a8-d55d99cb96c1" />
</File>
<Timelines>
<Transcode startTime="41827" endTime="41862" complete="1" fileType="av" variant="04f9b0a5-b497-44a3-95a8-d55d99cb96c1" />
</Timelines>
</Segment>
<Segment duration="2523" startOffset="3562629" endOffset="3565153">
<File name="chunk-00724" type="av">
<FileVariant size="72" variant="04f9b0a5-b497-44a3-95a8-d55d99cb96c1" />
</File>
<Timelines>
<Transcode startTime="41862" endTime="41934" complete="1" fileType="av" variant="04f9b0a5-b497-44a3-95a8-d55d99cb96c1" />
</Timelines>
</Segment>
<Segment duration="1740" startOffset="3571203" endOffset="3572943">
<File name="chunk-00725" type="av">
<FileVariant size="61" variant="04f9b0a5-b497-44a3-95a8-d55d99cb96c1" />
</File>
<Timelines>
<Transcode startTime="41934" endTime="41936" complete="1" fileType="av" variant="04f9b0a5-b497-44a3-95a8-d55d99cb96c1" />
</Timelines>
</Segment>
<Segment duration="1130" startOffset="3572944" endOffset="3574074">
<File name="chunk-00726" type="av">
<FileVariant size="45" variant="04f9b0a5-b497-44a3-95a8-d55d99cb96c1" />
</File>
<Timelines>
<Transcode startTime="41936" endTime="41936" complete="1" fileType="av" variant="04f9b0a5-b497-44a3-95a8-d55d99cb96c1" />
</Timelines>
</Segment>
<Segment duration="2393" startOffset="3574075" endOffset="3576468">
<File name="chunk-00727" type="av">
<FileVariant size="68" variant="04f9b0a5-b497-44a3-95a8-d55d99cb96c1" />
</File>
<Timelines>
<Transcode startTime="41936" endTime="41955" complete="1" fileType="av" variant="04f9b0a5-b497-44a3-95a8-d55d99cb96c1" />
</Timelines>
</Segment>
<Segment duration="1739" startOffset="3576469" endOffset="3578209">
<File name="chunk-00728" type="av">
<FileVariant size="63" variant="04f9b0a5-b497-44a3-95a8-d55d99cb96c1" />
</File>
<Timelines>
<Transcode startTime="41955" endTime="41958" complete="1" fileType="av" variant="04f9b0a5-b497-44a3-95a8-d55d99cb96c1" />
</Timelines>
</Segment>
<Segment duration="2523" startOffset="3578210" endOffset="3580733">
<File name="chunk-00729" type="av">
<FileVariant size="98" variant="04f9b0a5-b497-44a3-95a8-d55d99cb96c1" />
</File>
<Timelines>
<Transcode startTime="41958" endTime="41963" complete="1" fileType="av" variant="04f9b0a5-b497-44a3-95a8-d55d99cb96c1" />
</Timelines>
</Segment>
<Segment duration="1827" startOffset="3580734" endOffset="3582561">
<File name="chunk-00730" type="av">
<FileVariant size="55" variant="04f9b0a5-b497-44a3-95a8-d55d99cb96c1" />
</File>
<Timelines>
<Transcode startTime="41963" endTime="41975" complete="1" fileType="av" variant="04f9b0a5-b497-44a3-95a8-d55d99cb96c1" />
</Timelines>
</Segment>
<Segment duration="2480" startOffset="3583998" endOffset="3586478">
<File name="chunk-00731" type="av">
<FileVariant size="59" variant="04f9b0a5-b497-44a3-95a8-d55d99cb96c1" />
</File>
<Timelines>
<Transcode startTime="41975" endTime="41980" complete="1" fileType="av" variant="04f9b0a5-b497-44a3-95a8-d55d99cb96c1" />
</Timelines>
</Segment>
<Segment duration="2784" startOffset="3586479" endOffset="3589263">
<File name="chunk-00732" type="av">
<FileVariant size="72" variant="04f9b0a5-b497-44a3-95a8-d55d99cb96c1" />
</File>
<Timelines>
<Transcode startTime="41980" endTime="42019" complete="1" fileType="av" variant="04f9b0a5-b497-44a3-95a8-d55d99cb96c1" />
</Timelines>
</Segment>
<Segment duration="1000" startOffset="3589264" endOffset="3590265">
<File name="chunk-00733" type="av">
<FileVariant size="49" variant="04f9b0a5-b497-44a3-95a8-d55d99cb96c1" />
</File>
<Timelines>
<Transcode startTime="42019" endTime="42023" complete="1" fileType="av" variant="04f9b0a5-b497-44a3-95a8-d55d99cb96c1" />
</Timelines>
</Segment>
<Segment duration="2043" startOffset="3591963" endOffset="3594007">
<File name="chunk-00734" type="av">
<FileVariant size="61" variant="04f9b0a5-b497-44a3-95a8-d55d99cb96c1" />
</File>
<Timelines>
<Transcode startTime="42023" endTime="42024" complete="1" fileType="av" variant="04f9b0a5-b497-44a3-95a8-d55d99cb96c1" />
</Timelines>
</Segment>
<Segment duration="1697" startOffset="3594008" endOffset="3595705">
<File name="chunk-00735" type="av">
<FileVariant size="65" variant="04f9b0a5-b497-44a3-95a8-d55d99cb96c1" />
</File>
<Timelines>
<Transcode startTime="42024" endTime="42074" complete="1" fileType="av" variant="04f9b0a5-b497-44a3-95a8-d55d99cb96c1" />
</Timelines>
</Segment>
<Segment duration="2739" startOffset="3595706" endOffset="3598446">
<File name="chunk-00736" type="av">
<FileVariant size="59" variant="04f9b0a5-b497-44a3-95a8-d55d99cb96c1" />
</File>
<Timelines>
<Transcode startTime="42074" endTime="42131" complete="1" fileType="av" variant="04f9b0a5-b497-44a3-95a8-d55d99cb96c1" />
</Timelines>
</Segment>
<Segment duration="2393" startOffset="3600667" endOffset="3603060">
<File name="chunk-00737" type="av">
<FileVariant size="64" variant="04f9b0a5-b497-44a3-95a8-d55d99cb96c1" />
</File>
<Timelines>
<Transcode startTime="42131" endTime="42184" complete="1" fileType="av" variant="04f9b0a5-b497-44a3-95a8-d55d99cb96c1" />
</Timelines>
</Segment>
<Segment duration="3828" startOffset="3603061" endOffset="3606890">
<File name="chunk-00738" type="av">
<FileVariant size="61" variant="04f9b0a5-b497-44a3-95a8-d55d99cb96c1" />
</File>
<Timelines>
<Transcode startTime="42184" endTime="42288" complete="1" fileType="av" variant="04f9b0a5-b497-44a3-95a8-d55d99cb96c1" />
</Timelines>
</Segment>
<Segment duration="2436" startOffset="3606891" endOffset="3609327">
<File name="chunk-00739" type="av">
<FileVariant size="72" variant="04f9b0a5-b497-44a3-95a8-d55d99cb96c1" />
</File>
<Timelines>
<Transcode startTime="42288" endTime="42296" complete="1" fileType="av" variant="04f9b0a5-b497-44a3-95a8-d55d99cb96c1" />
</Timelines>
</Segment>
<Segment duration="2349" startOffset="3609328" endOffset="3611677">
<File name="chunk-00740" type="av">
<FileVariant size="54" variant="04f9b0a5-b497-44a3-95a8-d55d99cb96c1" />
</File>
<Timelines>
<Transcode startTime="42296" endTime="42394" complete="1" fileType="av" variant="04f9b0a5-b497-44a3-95a8-d55d99cb96c1" />
</Timelines>
</Segment>
<Segment duration="3133" startOffset="3611678" endOffset="3614811">
<File name="chunk-00741" type="av">
<FileVariant size="71" variant="04f9b0a5-b497-44a3-95a8-d55d99cb96c1" />
</File>
<Timelines>
<Transcode startTime="42394" endTime="42416" complete="1" fileType="av" variant="04f9b0a5-b497-44a3-95a8-d55d99cb96c1" />
</Timelines>
</Segment>
<Segment duration="3916" startOffset="3619817" endOffset="3623733">
<File name="chunk-00742" type="av">
<FileVariant size="83" variant="04f9b0a5-b497-44a3-95a8-d55d99cb96c1" />
</File>
<Timelines>
<Transcode startTime="42416" endTime="42466" complete="1" fileType="av" variant="04f9b0a5-b497-44a3-95a8-d55d99cb96c1" />
</Timelines>
</Segment>
<Segment duration="1826" startOffset="3623734" endOffset="3625560">
<File name="chunk-00743" type="av">
<FileVariant size="60" variant="04f9b0a5-b497-44a3-95a8-d55d99cb96c1" />
</File>
<Timelines>
<Transcode startTime="42466" endTime="42521" complete="1" fileType="av" variant="04f9b0a5-b497-44a3-95a8-d55d99cb96c1" />
</Timelines>
</Segment>
<Segment duration="2132" startOffset="3626519" endOffset="3628651">
<File name="chunk-00744" type="av">
<FileVariant size="53" variant="04f9b0a5-b497-44a3-95a8-d55d99cb96c1" />
</File>
<Timelines>
<Transcode startTime="42521" endTime="42526" complete="1" fileType="av" variant="04f9b0a5-b497-44a3-95a8-d55d99cb96c1" />
</Timelines>
</Segment>
<Segment duration="3654" startOffset="3630001" endOffset="3633656">
<File name="chunk-00745" type="av">
<FileVariant size="80" variant="04f9b0a5-b497-44a3-95a8-d55d99cb96c1" />
</File>
<Timelines>
<Transcode startTime="42526" endTime="42618" complete="1" fileType="av" variant="04f9b0a5-b497-44a3-95a8-d55d99cb96c1" />
</Timelines>
</Segment>
<Segment duration="2525" startOffset="3635223" endOffset="3637748">
<File name="chunk-00746" type="av">
<FileVariant size="68" variant="04f9b0a5-b497-44a3-95a8-d55d99cb96c1" />
</File>
<Timelines>
<Transcode startTime="42618" endTime="42630" complete="1" fileType="av" variant="04f9b0a5-b497-44a3-95a8-d55d99cb96c1" />
</Timelines>
</Segment>
<Segment duration="955" startOffset="3639358" endOffset="3640314">
<File name="chunk-00747" type="av">
<FileVariant size="40" variant="04f9b0a5-b497-44a3-95a8-d55d99cb96c1" />
</File>
<Timelines>
<Transcode startTime="42630" endTime="42667" complete="1" fileType="av" variant="04f9b0a5-b497-44a3-95a8-d55d99cb96c1" />
</Timelines>
</Segment>
<Segment duration="4351" startOffset="3642709" endOffset="3647060">
<File name="chunk-00748" type="av">
<FileVariant size="91" variant="04f9b0a5-b497-44a3-95a8-d55d99cb96c1" />
</File>
<Timelines>
<Transcode startTime="42667" endTime="42783" complete="1" fileType="av" variant="04f9b0a5-b497-44a3-95a8-d55d99cb96c1" />
</Timelines>
</Segment>
<Segment duration="2784" startOffset="3647061" endOffset="3649846">
<File name="chunk-00749" type="av">
<FileVariant size="68" variant="04f9b0a5-b497-44a3-95a8-d55d99cb96c1" />
</File>
<Timelines>
<Transcode startTime="42783" endTime="42840" complete="1" fileType="av" variant="04f9b0a5-b497-44a3-95a8-d55d99cb96c1" />
</Timelines>
</Segment>
<Segment duration="3785" startOffset="3649847" endOffset="3653633">
<File name="chunk-00750" type="av">
<FileVariant size="82" variant="04f9b0a5-b497-44a3-95a8-d55d99cb96c1" />
</File>
<Timelines>
<Transcode startTime="42840" endTime="43073" complete="1" fileType="av" variant="04f9b0a5-b497-44a3-95a8-d55d99cb96c1" />
</Timelines>
</Segment>
<Segment duration="2000" startOffset="3655896" endOffset="3657897">
<File name="chunk-00751" type="av">
<FileVariant size="71" variant="04f9b0a5-b497-44a3-95a8-d55d99cb96c1" />
</File>
<Timelines>
<Transcode startTime="43073" endTime="43107" complete="1" fileType="av" variant="04f9b0a5-b497-44a3-95a8-d55d99cb96c1" />
</Timelines>
</Segment>
<Segment duration="3697" startOffset="3657898" endOffset="3661596">
<File name="chunk-00752" type="av">
<FileVariant size="74" variant="04f9b0a5-b497-44a3-95a8-d55d99cb96c1" />
</File>
<Timelines>
<Transcode startTime="43107" endTime="43222" complete="1" fileType="av" variant="04f9b0a5-b497-44a3-95a8-d55d99cb96c1" />
</Timelines>
</Segment>
<Segment duration="2740" startOffset="3661597" endOffset="3664338">
<File name="chunk-00753" type="av">
<FileVariant size="71" variant="04f9b0a5-b497-44a3-95a8-d55d99cb96c1" />
</File>
<Timelines>
<Transcode startTime="43222" endTime="43252" complete="1" fileType="av" variant="04f9b0a5-b497-44a3-95a8-d55d99cb96c1" />
</Timelines>
</Segment>
<Segment duration="3394" startOffset="3664339" endOffset="3667733">
<File name="chunk-00754" type="av">
<FileVariant size="75" variant="04f9b0a5-b497-44a3-95a8-d55d99cb96c1" />
</File>
<Timelines>
<Transcode startTime="43252" endTime="43274" complete="1" fileType="av" variant="04f9b0a5-b497-44a3-95a8-d55d99cb96c1" />
</Timelines>
</Segment>
<Segment duration="3175" startOffset="3667734" endOffset="3670910">
<File name="chunk-00755" type="av">
<FileVariant size="82" variant="04f9b0a5-b497-44a3-95a8-d55d99cb96c1" />
</File>
<Timelines>
<Transcode startTime="43274" endTime="43316" complete="1" fileType="av" variant="04f9b0a5-b497-44a3-95a8-d55d99cb96c1" />
</Timelines>
</Segment>
<Segment duration="2523" startOffset="3670911" endOffset="3673435">
<File name="chunk-00756" type="av">
<FileVariant size="55" variant="04f9b0a5-b497-44a3-95a8-d55d99cb96c1" />
</File>
<Timelines>
<Transcode startTime="43316" endTime="43363" complete="1" fileType="av" variant="04f9b0a5-b497-44a3-95a8-d55d99cb96c1" />
</Timelines>
</Segment>
<Segment duration="4090" startOffset="3678832" endOffset="3682922">
<File name="chunk-00757" type="av">
<FileVariant size="86" variant="04f9b0a5-b497-44a3-95a8-d55d99cb96c1" />
</File>
<Timelines>
<Transcode startTime="43363" endTime="43383" complete="1" fileType="av" variant="04f9b0a5-b497-44a3-95a8-d55d99cb96c1" />
</Timelines>
</Segment>
<Segment duration="2219" startOffset="3682923" endOffset="3685142">
<File name="chunk-00758" type="av">
<FileVariant size="53" variant="04f9b0a5-b497-44a3-95a8-d55d99cb96c1" />
</File>
<Timelines>
<Transcode startTime="43383" endTime="43387" complete="1" fileType="av" variant="04f9b0a5-b497-44a3-95a8-d55d99cb96c1" />
</Timelines>
</Segment>
<Segment duration="2304" startOffset="3685143" endOffset="3687448">
<File name="chunk-00759" type="av">
<FileVariant size="66" variant="04f9b0a5-b497-44a3-95a8-d55d99cb96c1" />
</File>
<Timelines>
<Transcode startTime="43387" endTime="43388" complete="1" fileType="av" variant="04f9b0a5-b497-44a3-95a8-d55d99cb96c1" />
</Timelines>
</Segment>
<Segment duration="2436" startOffset="3687449" endOffset="3689886">
<File name="chunk-00760" type="av">
<FileVariant size="58" variant="04f9b0a5-b497-44a3-95a8-d55d99cb96c1" />
</File>
<Timelines>
<Transcode startTime="43388" endTime="43427" complete="1" fileType="av" variant="04f9b0a5-b497-44a3-95a8-d55d99cb96c1" />
</Timelines>
</Segment>
<Segment duration="1826" startOffset="3689887" endOffset="3691714">
<File name="chunk-00761" type="av">
<FileVariant size="73" variant="04f9b0a5-b497-44a3-95a8-d55d99cb96c1" />
</File>
<Timelines>
<Transcode startTime="43427" endTime="43427" complete="1" fileType="av" variant="04f9b0a5-b497-44a3-95a8-d55d99cb96c1" />
</Timelines>
</Segment>
<Segment duration="1608" startOffset="3691715" endOffset="3693324">
<File name="chunk-00762" type="av">
<FileVariant size="51" variant="04f9b0a5-b497-44a3-95a8-d55d99cb96c1" />
</File>
<Timelines>
<Transcode startTime="43427" endTime="43431" complete="1" fileType="av" variant="04f9b0a5-b497-44a3-95a8-d55d99cb96c1" />
</Timelines>
</Segment>
<Segment duration="2044" startOffset="3693325" endOffset="3695369">
<File name="chunk-00763" type="av">
<FileVariant size="71" variant="04f9b0a5-b497-44a3-95a8-d55d99cb96c1" />
</File>
<Timelines>
<Transcode startTime="43431" endTime="43432" complete="1" fileType="av" variant="04f9b0a5-b497-44a3-95a8-d55d99cb96c1" />
</Timelines>
</Segment>
<Segment duration="1958" startOffset="3695370" endOffset="3697328">
<File name="chunk-00764" type="av">
<FileVariant size="65" variant="04f9b0a5-b497-44a3-95a8-d55d99cb96c1" />
</File>
<Timelines>
<Transcode startTime="43432" endTime="43481" complete="1" fileType="av" variant="04f9b0a5-b497-44a3-95a8-d55d99cb96c1" />
</Timelines>
</Segment>
<Segment duration="1173" startOffset="3697329" endOffset="3698503">
<File name="chunk-00765" type="av">
<FileVariant size="49" variant="04f9b0a5-b497-44a3-95a8-d55d99cb96c1" />
</File>
<Timelines>
<Transcode startTime="43481" endTime="43481" complete="1" fileType="av" variant="04f9b0a5-b497-44a3-95a8-d55d99cb96c1" />
</Timelines>
</Segment>
<Segment duration="2349" startOffset="3698504" endOffset="3700853">
<File name="chunk-00766" type="av">
<FileVariant size="80" variant="04f9b0a5-b497-44a3-95a8-d55d99cb96c1" />
</File>
<Timelines>
<Transcode startTime="43481" endTime="43501" complete="1" fileType="av" variant="04f9b0a5-b497-44a3-95a8-d55d99cb96c1" />
</Timelines>
</Segment>
<Segment duration="2219" startOffset="3700854" endOffset="3703073">
<File name="chunk-00767" type="av">
<FileVariant size="68" variant="04f9b0a5-b497-44a3-95a8-d55d99cb96c1" />
</File>
<Timelines>
<Transcode startTime="43501" endTime="43502" complete="1" fileType="av" variant="04f9b0a5-b497-44a3-95a8-d55d99cb96c1" />
</Timelines>
</Segment>
<Segment duration="1347" startOffset="3703074" endOffset="3704422">
<File name="chunk-00768" type="av">
<FileVariant size="63" variant="04f9b0a5-b497-44a3-95a8-d55d99cb96c1" />
</File>
<Timelines>
<Transcode startTime="43502" endTime="43549" complete="1" fileType="av" variant="04f9b0a5-b497-44a3-95a8-d55d99cb96c1" />
</Timelines>
</Segment>
<Segment duration="2436" startOffset="3704423" endOffset="3706859">
<File name="chunk-00769" type="av">
<FileVariant size="73" variant="04f9b0a5-b497-44a3-95a8-d55d99cb96c1" />
</File>
<Timelines>
<Transcode startTime="43549" endTime="43555" complete="1" fileType="av" variant="04f9b0a5-b497-44a3-95a8-d55d99cb96c1" />
</Timelines>
</Segment>
<Segment duration="1130" startOffset="3706860" endOffset="3707991">
<File name="chunk-00770" type="av">
<FileVariant size="49" variant="04f9b0a5-b497-44a3-95a8-d55d99cb96c1" />
</File>
<Timelines>
<Transcode startTime="43555" endTime="43633" complete="1" fileType="av" variant="04f9b0a5-b497-44a3-95a8-d55d99cb96c1" />
</Timelines>
</Segment>
<Segment duration="2696" startOffset="3707992" endOffset="3710689">
<File name="chunk-00771" type="av">
<FileVariant size="69" variant="04f9b0a5-b497-44a3-95a8-d55d99cb96c1" />
</File>
<Timelines>
<Transcode startTime="43633" endTime="43708" complete="1" fileType="av" variant="04f9b0a5-b497-44a3-95a8-d55d99cb96c1" />
</Timelines>
</Segment>
<Segment duration="2958" startOffset="3710690" endOffset="3713648">
<File name="chunk-00772" type="av">
<FileVariant size="73" variant="04f9b0a5-b497-44a3-95a8-d55d99cb96c1" />
</File>
<Timelines>
<Transcode startTime="43708" endTime="43814" complete="1" fileType="av" variant="04f9b0a5-b497-44a3-95a8-d55d99cb96c1" />
</Timelines>
</Segment>
<Segment duration="2959" startOffset="3713649" endOffset="3716608">
<File name="chunk-00773" type="av">
<FileVariant size="73" variant="04f9b0a5-b497-44a3-95a8-d55d99cb96c1" />
</File>
<Timelines>
<Transcode startTime="43814" endTime="43925" complete="1" fileType="av" variant="04f9b0a5-b497-44a3-95a8-d55d99cb96c1" />
</Timelines>
</Segment>
<Segment duration="2697" startOffset="3716609" endOffset="3719307">
<File name="chunk-00774" type="av">
<FileVariant size="65" variant="04f9b0a5-b497-44a3-95a8-d55d99cb96c1" />
</File>
<Timelines>
<Transcode startTime="43925" endTime="44024" complete="1" fileType="av" variant="04f9b0a5-b497-44a3-95a8-d55d99cb96c1" />
</Timelines>
</Segment>
<Segment duration="1478" startOffset="3721266" endOffset="3722745">
<File name="chunk-00775" type="av">
<FileVariant size="46" variant="04f9b0a5-b497-44a3-95a8-d55d99cb96c1" />
</File>
<Timelines>
<Transcode startTime="44024" endTime="44071" complete="1" fileType="av" variant="04f9b0a5-b497-44a3-95a8-d55d99cb96c1" />
</Timelines>
</Segment>
<Segment duration="1088" startOffset="3724095" endOffset="3725183">
<File name="chunk-00776" type="av">
<FileVariant size="50" variant="04f9b0a5-b497-44a3-95a8-d55d99cb96c1" />
</File>
<Timelines>
<Transcode startTime="44071" endTime="44123" complete="1" fileType="av" variant="04f9b0a5-b497-44a3-95a8-d55d99cb96c1" />
</Timelines>
</Segment>
<Segment duration="1349" startOffset="3726488" endOffset="3727837">
<File name="chunk-00777" type="av">
<FileVariant size="41" variant="04f9b0a5-b497-44a3-95a8-d55d99cb96c1" />
</File>
<Timelines>
<Transcode startTime="44123" endTime="44228" complete="1" fileType="av" variant="04f9b0a5-b497-44a3-95a8-d55d99cb96c1" />
</Timelines>
</Segment>
<Segment duration="2307" startOffset="3730144" endOffset="3732451">
<File name="chunk-00778" type="av">
<FileVariant size="65" variant="04f9b0a5-b497-44a3-95a8-d55d99cb96c1" />
</File>
<Timelines>
<Transcode startTime="44228" endTime="44310" complete="1" fileType="av" variant="04f9b0a5-b497-44a3-95a8-d55d99cb96c1" />
</Timelines>
</Segment>
<Segment duration="2435" startOffset="3735106" endOffset="3737542">
<File name="chunk-00779" type="av">
<FileVariant size="59" variant="04f9b0a5-b497-44a3-95a8-d55d99cb96c1" />
</File>
<Timelines>
<Transcode startTime="44310" endTime="44320" complete="1" fileType="av" variant="04f9b0a5-b497-44a3-95a8-d55d99cb96c1" />
</Timelines>
</Segment>
<Segment duration="3828" startOffset="3737543" endOffset="3741372">
<File name="chunk-00780" type="av">
<FileVariant size="83" variant="04f9b0a5-b497-44a3-95a8-d55d99cb96c1" />
</File>
<Timelines>
<Transcode startTime="44320" endTime="44371" complete="1" fileType="av" variant="04f9b0a5-b497-44a3-95a8-d55d99cb96c1" />
</Timelines>
</Segment>
<Segment duration="1826" startOffset="3741373" endOffset="3743200">
<File name="chunk-00781" type="av">
<FileVariant size="51" variant="04f9b0a5-b497-44a3-95a8-d55d99cb96c1" />
</File>
<Timelines>
<Transcode startTime="44371" endTime="44461" complete="1" fileType="av" variant="04f9b0a5-b497-44a3-95a8-d55d99cb96c1" />
</Timelines>
</Segment>
<Segment duration="869" startOffset="3744550" endOffset="3745420">
<File name="chunk-00782" type="av">
<FileVariant size="48" variant="04f9b0a5-b497-44a3-95a8-d55d99cb96c1" />
</File>
<Timelines>
<Transcode startTime="44461" endTime="44513" complete="1" fileType="av" variant="04f9b0a5-b497-44a3-95a8-d55d99cb96c1" />
</Timelines>
</Segment>
<Segment duration="1782" startOffset="3747379" endOffset="3749162">
<File name="chunk-00783" type="av">
<FileVariant size="42" variant="04f9b0a5-b497-44a3-95a8-d55d99cb96c1" />
</File>
<Timelines>
<Transcode startTime="44513" endTime="44559" complete="1" fileType="av" variant="04f9b0a5-b497-44a3-95a8-d55d99cb96c1" />
</Timelines>
</Segment>
<Segment duration="1521" startOffset="3749163" endOffset="3750685">
<File name="chunk-00784" type="av">
<FileVariant size="46" variant="04f9b0a5-b497-44a3-95a8-d55d99cb96c1" />
</File>
<Timelines>
<Transcode startTime="44559" endTime="44590" complete="1" fileType="av" variant="04f9b0a5-b497-44a3-95a8-d55d99cb96c1" />
</Timelines>
</Segment>
<Segment duration="1219" startOffset="3750686" endOffset="3751905">
<File name="chunk-00785" type="av">
<FileVariant size="59" variant="04f9b0a5-b497-44a3-95a8-d55d99cb96c1" />
</File>
<Timelines>
<Transcode startTime="44590" endTime="44945" complete="1" fileType="av" variant="04f9b0a5-b497-44a3-95a8-d55d99cb96c1" />
</Timelines>
</Segment>
<Segment duration="1434" startOffset="3768835" endOffset="3770270">
<File name="chunk-00786" type="av">
<FileVariant size="43" variant="04f9b0a5-b497-44a3-95a8-d55d99cb96c1" />
</File>
<Timelines>
<Transcode startTime="44945" endTime="44988" complete="1" fileType="av" variant="04f9b0a5-b497-44a3-95a8-d55d99cb96c1" />
</Timelines>
</Segment>
<Segment duration="1913" startOffset="3770271" endOffset="3772185">
<File name="chunk-00787" type="av">
<FileVariant size="53" variant="04f9b0a5-b497-44a3-95a8-d55d99cb96c1" />
</File>
<Timelines>
<Transcode startTime="44988" endTime="45170" complete="1" fileType="av" variant="04f9b0a5-b497-44a3-95a8-d55d99cb96c1" />
</Timelines>
</Segment>
<Segment duration="2088" startOffset="3774449" endOffset="3776538">
<File name="chunk-00788" type="av">
<FileVariant size="54" variant="04f9b0a5-b497-44a3-95a8-d55d99cb96c1" />
</File>
<Timelines>
<Transcode startTime="45170" endTime="45322" complete="1" fileType="av" variant="04f9b0a5-b497-44a3-95a8-d55d99cb96c1" />
</Timelines>
</Segment>
<Segment duration="1086" startOffset="3777626" endOffset="3778713">
<File name="chunk-00789" type="av">
<FileVariant size="43" variant="04f9b0a5-b497-44a3-95a8-d55d99cb96c1" />
</File>
<Timelines>
<Transcode startTime="45322" endTime="45366" complete="1" fileType="av" variant="04f9b0a5-b497-44a3-95a8-d55d99cb96c1" />
</Timelines>
</Segment>
<Segment duration="2175" startOffset="3778714" endOffset="3780890">
<File name="chunk-00790" type="av">
<FileVariant size="55" variant="04f9b0a5-b497-44a3-95a8-d55d99cb96c1" />
</File>
<Timelines>
<Transcode startTime="45366" endTime="45464" complete="1" fileType="av" variant="04f9b0a5-b497-44a3-95a8-d55d99cb96c1" />
</Timelines>
</Segment>
<Segment duration="2391" startOffset="3780891" endOffset="3783283">
<File name="chunk-00791" type="av">
<FileVariant size="41" variant="04f9b0a5-b497-44a3-95a8-d55d99cb96c1" />
</File>
<Timelines>
<Transcode startTime="45464" endTime="45750" complete="1" fileType="av" variant="04f9b0a5-b497-44a3-95a8-d55d99cb96c1" />
</Timelines>
</Segment>
<Segment duration="1304" startOffset="3787158" endOffset="3788462">
<File name="chunk-00792" type="av">
<FileVariant size="40" variant="04f9b0a5-b497-44a3-95a8-d55d99cb96c1" />
</File>
<Timelines>
<Transcode startTime="45750" endTime="45799" complete="1" fileType="av" variant="04f9b0a5-b497-44a3-95a8-d55d99cb96c1" />
</Timelines>
</Segment>
<Segment duration="1652" startOffset="3788463" endOffset="3790116">
<File name="chunk-00793" type="av">
<FileVariant size="55" variant="04f9b0a5-b497-44a3-95a8-d55d99cb96c1" />
</File>
<Timelines>
<Transcode startTime="45799" endTime="45899" complete="1" fileType="av" variant="04f9b0a5-b497-44a3-95a8-d55d99cb96c1" />
</Timelines>
</Segment>
<Segment duration="2914" startOffset="3790117" endOffset="3793032">
<File name="chunk-00794" type="av">
<FileVariant size="64" variant="04f9b0a5-b497-44a3-95a8-d55d99cb96c1" />
</File>
<Timelines>
<Transcode startTime="45899" endTime="45989" complete="1" fileType="av" variant="04f9b0a5-b497-44a3-95a8-d55d99cb96c1" />
</Timelines>
</Segment>
<Segment duration="2610" startOffset="3793033" endOffset="3795643">
<File name="chunk-00795" type="av">
<FileVariant size="56" variant="04f9b0a5-b497-44a3-95a8-d55d99cb96c1" />
</File>
<Timelines>
<Transcode startTime="45989" endTime="46038" complete="1" fileType="av" variant="04f9b0a5-b497-44a3-95a8-d55d99cb96c1" />
</Timelines>
</Segment>
<Segment duration="1958" startOffset="3795644" endOffset="3797602">
<File name="chunk-00796" type="av">
<FileVariant size="40" variant="04f9b0a5-b497-44a3-95a8-d55d99cb96c1" />
</File>
<Timelines>
<Transcode startTime="46038" endTime="46629" complete="1" fileType="av" variant="04f9b0a5-b497-44a3-95a8-d55d99cb96c1" />
</Timelines>
</Segment>
<Segment duration="1478" startOffset="3820452" endOffset="3821931">
<File name="chunk-00797" type="av">
<FileVariant size="39" variant="04f9b0a5-b497-44a3-95a8-d55d99cb96c1" />
</File>
<Timelines>
<Transcode startTime="46629" endTime="46710" complete="1" fileType="av" variant="04f9b0a5-b497-44a3-95a8-d55d99cb96c1" />
</Timelines>
</Segment>
<Segment duration="1393" startOffset="3825065" endOffset="3826458">
<File name="chunk-00798" type="av">
<FileVariant size="43" variant="04f9b0a5-b497-44a3-95a8-d55d99cb96c1" />
</File>
<Timelines>
<Transcode startTime="46710" endTime="46716" complete="1" fileType="av" variant="04f9b0a5-b497-44a3-95a8-d55d99cb96c1" />
</Timelines>
</Segment>
<Segment duration="4221" startOffset="3827154" endOffset="3831375">
<File name="chunk-00799" type="av">
<FileVariant size="55" variant="04f9b0a5-b497-44a3-95a8-d55d99cb96c1" />
</File>
<Timelines>
<Transcode startTime="46716" endTime="46716" complete="1" fileType="av" variant="04f9b0a5-b497-44a3-95a8-d55d99cb96c1" />
</Timelines>
</Segment>
<Segment duration="2957" startOffset="3831376" endOffset="3834334">
<File name="chunk-00800" type="av">
<FileVariant size="57" variant="04f9b0a5-b497-44a3-95a8-d55d99cb96c1" />
</File>
<Timelines>
<Transcode startTime="46716" endTime="46725" complete="1" fileType="av" variant="04f9b0a5-b497-44a3-95a8-d55d99cb96c1" />
</Timelines>
</Segment>
<Segment duration="5396" startOffset="3834335" endOffset="3839731">
<File name="chunk-00801" type="av">
<FileVariant size="91" variant="04f9b0a5-b497-44a3-95a8-d55d99cb96c1" />
</File>
<Timelines>
<Transcode startTime="46725" endTime="46797" complete="1" fileType="av" variant="04f9b0a5-b497-44a3-95a8-d55d99cb96c1" />
</Timelines>
</Segment>
<Segment duration="1869" startOffset="3841386" endOffset="3843256">
<File name="chunk-00802" type="av">
<FileVariant size="60" variant="04f9b0a5-b497-44a3-95a8-d55d99cb96c1" />
</File>
<Timelines>
<Transcode startTime="46797" endTime="46829" complete="1" fileType="av" variant="04f9b0a5-b497-44a3-95a8-d55d99cb96c1" />
</Timelines>
</Segment>
<Segment duration="3567" startOffset="3843257" endOffset="3846825">
<File name="chunk-00803" type="av">
<FileVariant size="56" variant="04f9b0a5-b497-44a3-95a8-d55d99cb96c1" />
</File>
<Timelines>
<Transcode startTime="46829" endTime="46870" complete="1" fileType="av" variant="04f9b0a5-b497-44a3-95a8-d55d99cb96c1" />
</Timelines>
</Segment>
<Segment duration="1434" startOffset="3846826" endOffset="3848261">
<File name="chunk-00804" type="av">
<FileVariant size="40" variant="04f9b0a5-b497-44a3-95a8-d55d99cb96c1" />
</File>
<Timelines>
<Transcode startTime="46870" endTime="46891" complete="1" fileType="av" variant="04f9b0a5-b497-44a3-95a8-d55d99cb96c1" />
</Timelines>
</Segment>
<Segment duration="1913" startOffset="3848262" endOffset="3850176">
<File name="chunk-00805" type="av">
<FileVariant size="43" variant="04f9b0a5-b497-44a3-95a8-d55d99cb96c1" />
</File>
<Timelines>
<Transcode startTime="46891" endTime="47001" complete="1" fileType="av" variant="04f9b0a5-b497-44a3-95a8-d55d99cb96c1" />
</Timelines>
</Segment>
<Segment duration="2914" startOffset="3857706" endOffset="3860621">
<File name="chunk-00806" type="av">
<FileVariant size="69" variant="04f9b0a5-b497-44a3-95a8-d55d99cb96c1" />
</File>
<Timelines>
<Transcode startTime="47001" endTime="47038" complete="1" fileType="av" variant="04f9b0a5-b497-44a3-95a8-d55d99cb96c1" />
</Timelines>
</Segment>
<Segment duration="2959" startOffset="3862015" endOffset="3864974">
<File name="chunk-00807" type="av">
<FileVariant size="59" variant="04f9b0a5-b497-44a3-95a8-d55d99cb96c1" />
</File>
<Timelines>
<Transcode startTime="47038" endTime="47046" complete="1" fileType="av" variant="04f9b0a5-b497-44a3-95a8-d55d99cb96c1" />
</Timelines>
</Segment>
<Segment duration="956" startOffset="3864975" endOffset="3865931">
<File name="chunk-00808" type="av">
<FileVariant size="41" variant="04f9b0a5-b497-44a3-95a8-d55d99cb96c1" />
</File>
<Timelines>
<Transcode startTime="47046" endTime="47087" complete="1" fileType="av" variant="04f9b0a5-b497-44a3-95a8-d55d99cb96c1" />
</Timelines>
</Segment>
<Segment duration="5961" startOffset="3868848" endOffset="3874809">
<File name="chunk-00809" type="av">
<FileVariant size="75" variant="04f9b0a5-b497-44a3-95a8-d55d99cb96c1" />
</File>
<Timelines>
<Transcode startTime="47087" endTime="47107" complete="1" fileType="av" variant="04f9b0a5-b497-44a3-95a8-d55d99cb96c1" />
</Timelines>
</Segment>
<Segment duration="2219" startOffset="3874810" endOffset="3877029">
<File name="chunk-00810" type="av">
<FileVariant size="41" variant="04f9b0a5-b497-44a3-95a8-d55d99cb96c1" />
</File>
<Timelines>
<Transcode startTime="47107" endTime="47110" complete="1" fileType="av" variant="04f9b0a5-b497-44a3-95a8-d55d99cb96c1" />
</Timelines>
</Segment>
<Segment duration="4089" startOffset="3877030" endOffset="3881120">
<File name="chunk-00811" type="av">
<FileVariant size="77" variant="04f9b0a5-b497-44a3-95a8-d55d99cb96c1" />
</File>
<Timelines>
<Transcode startTime="47110" endTime="47117" complete="1" fileType="av" variant="04f9b0a5-b497-44a3-95a8-d55d99cb96c1" />
</Timelines>
</Segment>
<Segment duration="2827" startOffset="3881121" endOffset="3883949">
<File name="chunk-00812" type="av">
<FileVariant size="46" variant="04f9b0a5-b497-44a3-95a8-d55d99cb96c1" />
</File>
<Timelines>
<Transcode startTime="47117" endTime="47158" complete="1" fileType="av" variant="04f9b0a5-b497-44a3-95a8-d55d99cb96c1" />
</Timelines>
</Segment>
<Segment duration="1347" startOffset="3883950" endOffset="3885298">
<File name="chunk-00813" type="av">
<FileVariant size="40" variant="04f9b0a5-b497-44a3-95a8-d55d99cb96c1" />
</File>
<Timelines>
<Transcode startTime="47158" endTime="47163" complete="1" fileType="av" variant="04f9b0a5-b497-44a3-95a8-d55d99cb96c1" />
</Timelines>
</Segment>
<Segment duration="2914" startOffset="3885299" endOffset="3888214">
<File name="chunk-00814" type="av">
<FileVariant size="89" variant="04f9b0a5-b497-44a3-95a8-d55d99cb96c1" />
</File>
<Timelines>
<Transcode startTime="47163" endTime="47262" complete="1" fileType="av" variant="04f9b0a5-b497-44a3-95a8-d55d99cb96c1" />
</Timelines>
</Segment>
<Segment duration="2132" startOffset="3889956" endOffset="3892089">
<File name="chunk-00815" type="av">
<FileVariant size="65" variant="04f9b0a5-b497-44a3-95a8-d55d99cb96c1" />
</File>
<Timelines>
<Transcode startTime="47262" endTime="47271" complete="1" fileType="av" variant="04f9b0a5-b497-44a3-95a8-d55d99cb96c1" />
</Timelines>
</Segment>
<Segment duration="1956" startOffset="3894091" endOffset="3896048">
<File name="chunk-00816" type="av">
<FileVariant size="51" variant="04f9b0a5-b497-44a3-95a8-d55d99cb96c1" />
</File>
<Timelines>
<Transcode startTime="47271" endTime="47316" complete="1" fileType="av" variant="04f9b0a5-b497-44a3-95a8-d55d99cb96c1" />
</Timelines>
</Segment>
<Segment duration="1434" startOffset="3896049" endOffset="3897484">
<File name="chunk-00817" type="av">
<FileVariant size="41" variant="04f9b0a5-b497-44a3-95a8-d55d99cb96c1" />
</File>
<Timelines>
<Transcode startTime="47316" endTime="47321" complete="1" fileType="av" variant="04f9b0a5-b497-44a3-95a8-d55d99cb96c1" />
</Timelines>
</Segment>
<Segment duration="3699" startOffset="3897485" endOffset="3901184">
<File name="chunk-00818" type="av">
<FileVariant size="89" variant="04f9b0a5-b497-44a3-95a8-d55d99cb96c1" />
</File>
<Timelines>
<Transcode startTime="47321" endTime="47343" complete="1" fileType="av" variant="04f9b0a5-b497-44a3-95a8-d55d99cb96c1" />
</Timelines>
</Segment>
<Segment duration="2001" startOffset="3901185" endOffset="3903186">
<File name="chunk-00819" type="av">
<FileVariant size="71" variant="04f9b0a5-b497-44a3-95a8-d55d99cb96c1" />
</File>
<Timelines>
<Transcode startTime="47343" endTime="47392" complete="1" fileType="av" variant="04f9b0a5-b497-44a3-95a8-d55d99cb96c1" />
</Timelines>
</Segment>
<Segment duration="2784" startOffset="3903187" endOffset="3905971">
<File name="chunk-00820" type="av">
<FileVariant size="62" variant="04f9b0a5-b497-44a3-95a8-d55d99cb96c1" />
</File>
<Timelines>
<Transcode startTime="47392" endTime="47435" complete="1" fileType="av" variant="04f9b0a5-b497-44a3-95a8-d55d99cb96c1" />
</Timelines>
</Segment>
<Segment duration="3176" startOffset="3907365" endOffset="3910541">
<File name="chunk-00821" type="av">
<FileVariant size="87" variant="04f9b0a5-b497-44a3-95a8-d55d99cb96c1" />
</File>
<Timelines>
<Transcode startTime="47435" endTime="47456" complete="1" fileType="av" variant="04f9b0a5-b497-44a3-95a8-d55d99cb96c1" />
</Timelines>
</Segment>
<Segment duration="2697" startOffset="3910542" endOffset="3913239">
<File name="chunk-00822" type="av">
<FileVariant size="79" variant="04f9b0a5-b497-44a3-95a8-d55d99cb96c1" />
</File>
<Timelines>
<Transcode startTime="47456" endTime="47457" complete="1" fileType="av" variant="04f9b0a5-b497-44a3-95a8-d55d99cb96c1" />
</Timelines>
</Segment>
<Segment duration="3002" startOffset="3913240" endOffset="3916242">
<File name="chunk-00823" type="av">
<FileVariant size="59" variant="04f9b0a5-b497-44a3-95a8-d55d99cb96c1" />
</File>
<Timelines>
<Transcode startTime="47457" endTime="47501" complete="1" fileType="av" variant="04f9b0a5-b497-44a3-95a8-d55d99cb96c1" />
</Timelines>
</Segment>
<Segment duration="1434" startOffset="3916243" endOffset="3917678">
<File name="chunk-00824" type="av">
<FileVariant size="54" variant="04f9b0a5-b497-44a3-95a8-d55d99cb96c1" />
</File>
<Timelines>
<Transcode startTime="47501" endTime="47506" complete="1" fileType="av" variant="04f9b0a5-b497-44a3-95a8-d55d99cb96c1" />
</Timelines>
</Segment>
<Segment duration="3873" startOffset="3917679" endOffset="3921552">
<File name="chunk-00825" type="av">
<FileVariant size="91" variant="04f9b0a5-b497-44a3-95a8-d55d99cb96c1" />
</File>
<Timelines>
<Transcode startTime="47506" endTime="47538" complete="1" fileType="av" variant="04f9b0a5-b497-44a3-95a8-d55d99cb96c1" />
</Timelines>
</Segment>
<Segment duration="1393" startOffset="3921553" endOffset="3922946">
<File name="chunk-00826" type="av">
<FileVariant size="54" variant="04f9b0a5-b497-44a3-95a8-d55d99cb96c1" />
</File>
<Timelines>
<Transcode startTime="47538" endTime="47542" complete="1" fileType="av" variant="04f9b0a5-b497-44a3-95a8-d55d99cb96c1" />
</Timelines>
</Segment>
<Segment duration="2132" startOffset="3923685" endOffset="3925817">
<File name="chunk-00827" type="av">
<FileVariant size="52" variant="04f9b0a5-b497-44a3-95a8-d55d99cb96c1" />
</File>
<Timelines>
<Transcode startTime="47542" endTime="47581" complete="1" fileType="av" variant="04f9b0a5-b497-44a3-95a8-d55d99cb96c1" />
</Timelines>
</Segment>
<Segment duration="1956" startOffset="3925818" endOffset="3927775">
<File name="chunk-00828" type="av">
<FileVariant size="46" variant="04f9b0a5-b497-44a3-95a8-d55d99cb96c1" />
</File>
<Timelines>
<Transcode startTime="47581" endTime="47632" complete="1" fileType="av" variant="04f9b0a5-b497-44a3-95a8-d55d99cb96c1" />
</Timelines>
</Segment>
<Segment duration="1740" startOffset="3928995" endOffset="3930735">
<File name="chunk-00829" type="av">
<FileVariant size="39" variant="04f9b0a5-b497-44a3-95a8-d55d99cb96c1" />
</File>
<Timelines>
<Transcode startTime="47632" endTime="47771" complete="1" fileType="av" variant="04f9b0a5-b497-44a3-95a8-d55d99cb96c1" />
</Timelines>
</Segment>
<Segment duration="3393" startOffset="3933565" endOffset="3936959">
<File name="chunk-00830" type="av">
<FileVariant size="66" variant="04f9b0a5-b497-44a3-95a8-d55d99cb96c1" />
</File>
<Timelines>
<Transcode startTime="47771" endTime="47787" complete="1" fileType="av" variant="04f9b0a5-b497-44a3-95a8-d55d99cb96c1" />
</Timelines>
</Segment>
<Segment duration="1826" startOffset="3936960" endOffset="3938786">
<File name="chunk-00831" type="av">
<FileVariant size="55" variant="04f9b0a5-b497-44a3-95a8-d55d99cb96c1" />
</File>
<Timelines>
<Transcode startTime="47787" endTime="47792" complete="1" fileType="av" variant="04f9b0a5-b497-44a3-95a8-d55d99cb96c1" />
</Timelines>
</Segment>
<Segment duration="1262" startOffset="3938787" endOffset="3940049">
<File name="chunk-00832" type="av">
<FileVariant size="40" variant="04f9b0a5-b497-44a3-95a8-d55d99cb96c1" />
</File>
<Timelines>
<Transcode startTime="47792" endTime="47797" complete="1" fileType="av" variant="04f9b0a5-b497-44a3-95a8-d55d99cb96c1" />
</Timelines>
</Segment>
<Segment duration="1695" startOffset="3940050" endOffset="3941746">
<File name="chunk-00833" type="av">
<FileVariant size="41" variant="04f9b0a5-b497-44a3-95a8-d55d99cb96c1" />
</File>
<Timelines>
<Transcode startTime="47797" endTime="47808" complete="1" fileType="av" variant="04f9b0a5-b497-44a3-95a8-d55d99cb96c1" />
</Timelines>
</Segment>
<Segment duration="2480" startOffset="3941747" endOffset="3944227">
<File name="chunk-00834" type="av">
<FileVariant size="64" variant="04f9b0a5-b497-44a3-95a8-d55d99cb96c1" />
</File>
<Timelines>
<Transcode startTime="47808" endTime="47816" complete="1" fileType="av" variant="04f9b0a5-b497-44a3-95a8-d55d99cb96c1" />
</Timelines>
</Segment>
<Segment duration="3741" startOffset="3944228" endOffset="3947970">
<File name="chunk-00835" type="av">
<FileVariant size="83" variant="04f9b0a5-b497-44a3-95a8-d55d99cb96c1" />
</File>
<Timelines>
<Transcode startTime="47816" endTime="48060" complete="1" fileType="av" variant="04f9b0a5-b497-44a3-95a8-d55d99cb96c1" />
</Timelines>
</Segment>
<Segment duration="2088" startOffset="3972386" endOffset="3974475">
<File name="chunk-00836" type="av">
<FileVariant size="53" variant="04f9b0a5-b497-44a3-95a8-d55d99cb96c1" />
</File>
<Timelines>
<Transcode startTime="48060" endTime="48067" complete="1" fileType="av" variant="04f9b0a5-b497-44a3-95a8-d55d99cb96c1" />
</Timelines>
</Segment>
<Segment duration="2175" startOffset="3975781" endOffset="3977956">
<File name="chunk-00837" type="av">
<FileVariant size="61" variant="04f9b0a5-b497-44a3-95a8-d55d99cb96c1" />
</File>
<Timelines>
<Transcode startTime="48067" endTime="48072" complete="1" fileType="av" variant="04f9b0a5-b497-44a3-95a8-d55d99cb96c1" />
</Timelines>
</Segment>
<Segment duration="2958" startOffset="3977957" endOffset="3980915">
<File name="chunk-00838" type="av">
<FileVariant size="70" variant="04f9b0a5-b497-44a3-95a8-d55d99cb96c1" />
</File>
<Timelines>
<Transcode startTime="48072" endTime="48111" complete="1" fileType="av" variant="04f9b0a5-b497-44a3-95a8-d55d99cb96c1" />
</Timelines>
</Segment>
<Segment duration="3916" startOffset="3980916" endOffset="3984833">
<File name="chunk-00839" type="av">
<FileVariant size="79" variant="04f9b0a5-b497-44a3-95a8-d55d99cb96c1" />
</File>
<Timelines>
<Transcode startTime="48111" endTime="48117" complete="1" fileType="av" variant="04f9b0a5-b497-44a3-95a8-d55d99cb96c1" />
</Timelines>
</Segment>
<Segment duration="1869" startOffset="3986705" endOffset="3988575">
<File name="chunk-00840" type="av">
<FileVariant size="44" variant="04f9b0a5-b497-44a3-95a8-d55d99cb96c1" />
</File>
<Timelines>
<Transcode startTime="48117" endTime="48148" complete="1" fileType="av" variant="04f9b0a5-b497-44a3-95a8-d55d99cb96c1" />
</Timelines>
</Segment>
<Segment duration="1436" startOffset="3988576" endOffset="3990013">
<File name="chunk-00841" type="av">
<FileVariant size="44" variant="04f9b0a5-b497-44a3-95a8-d55d99cb96c1" />
</File>
<Timelines>
<Transcode startTime="48148" endTime="48152" complete="1" fileType="av" variant="04f9b0a5-b497-44a3-95a8-d55d99cb96c1" />
</Timelines>
</Segment>
<Segment duration="1523" startOffset="3990839" endOffset="3992363">
<File name="chunk-00842" type="av">
<FileVariant size="53" variant="04f9b0a5-b497-44a3-95a8-d55d99cb96c1" />
</File>
<Timelines>
<Transcode startTime="48152" endTime="48153" complete="1" fileType="av" variant="04f9b0a5-b497-44a3-95a8-d55d99cb96c1" />
</Timelines>
</Segment>
<Segment duration="1739" startOffset="3993190" endOffset="3994930">
<File name="chunk-00843" type="av">
<FileVariant size="53" variant="04f9b0a5-b497-44a3-95a8-d55d99cb96c1" />
</File>
<Timelines>
<Transcode startTime="48153" endTime="48189" complete="1" fileType="av" variant="04f9b0a5-b497-44a3-95a8-d55d99cb96c1" />
</Timelines>
</Segment>
<Segment duration="3045" startOffset="3997281" endOffset="4000326">
<File name="chunk-00844" type="av">
<FileVariant size="102" variant="04f9b0a5-b497-44a3-95a8-d55d99cb96c1" />
</File>
<Timelines>
<Transcode startTime="48189" endTime="48229" complete="1" fileType="av" variant="04f9b0a5-b497-44a3-95a8-d55d99cb96c1" />
</Timelines>
</Segment>
<Segment duration="4046" startOffset="4000327" endOffset="4004374">
<File name="chunk-00845" type="av">
<FileVariant size="94" variant="04f9b0a5-b497-44a3-95a8-d55d99cb96c1" />
</File>
<Timelines>
<Transcode startTime="48229" endTime="48233" complete="1" fileType="av" variant="04f9b0a5-b497-44a3-95a8-d55d99cb96c1" />
</Timelines>
</Segment>
<Segment duration="1871" startOffset="4004375" endOffset="4006246">
<File name="chunk-00846" type="av">
<FileVariant size="55" variant="04f9b0a5-b497-44a3-95a8-d55d99cb96c1" />
</File>
<Timelines>
<Transcode startTime="48233" endTime="48291" complete="1" fileType="av" variant="04f9b0a5-b497-44a3-95a8-d55d99cb96c1" />
</Timelines>
</Segment>
<Segment duration="4176" startOffset="4009032" endOffset="4013209">
<File name="chunk-00847" type="av">
<FileVariant size="79" variant="04f9b0a5-b497-44a3-95a8-d55d99cb96c1" />
</File>
<Timelines>
<Transcode startTime="48291" endTime="48472" complete="1" fileType="av" variant="04f9b0a5-b497-44a3-95a8-d55d99cb96c1" />
</Timelines>
</Segment>
<Segment duration="1652" startOffset="4013210" endOffset="4014862">
<File name="chunk-00848" type="av">
<FileVariant size="60" variant="04f9b0a5-b497-44a3-95a8-d55d99cb96c1" />
</File>
<Timelines>
<Transcode startTime="48472" endTime="48478" complete="1" fileType="av" variant="04f9b0a5-b497-44a3-95a8-d55d99cb96c1" />
</Timelines>
</Segment>
<Segment duration="3655" startOffset="4014863" endOffset="4018518">
<File name="chunk-00849" type="av">
<FileVariant size="60" variant="04f9b0a5-b497-44a3-95a8-d55d99cb96c1" />
</File>
<Timelines>
<Transcode startTime="48478" endTime="48757" complete="1" fileType="av" variant="04f9b0a5-b497-44a3-95a8-d55d99cb96c1" />
</Timelines>
</Segment>
<Segment duration="4090" startOffset="4028181" endOffset="4032271">
<File name="chunk-00850" type="av">
<FileVariant size="75" variant="04f9b0a5-b497-44a3-95a8-d55d99cb96c1" />
</File>
<Timelines>
<Transcode startTime="48757" endTime="48863" complete="1" fileType="av" variant="04f9b0a5-b497-44a3-95a8-d55d99cb96c1" />
</Timelines>
</Segment>
<Segment duration="2133" startOffset="4032272" endOffset="4034405">
<File name="chunk-00851" type="av">
<FileVariant size="72" variant="04f9b0a5-b497-44a3-95a8-d55d99cb96c1" />
</File>
<Timelines>
<Transcode startTime="48863" endTime="48909" complete="1" fileType="av" variant="04f9b0a5-b497-44a3-95a8-d55d99cb96c1" />
</Timelines>
</Segment>
<Segment duration="2436" startOffset="4036102" endOffset="4038538">
<File name="chunk-00852" type="av">
<FileVariant size="76" variant="04f9b0a5-b497-44a3-95a8-d55d99cb96c1" />
</File>
<Timelines>
<Transcode startTime="48909" endTime="48956" complete="1" fileType="av" variant="04f9b0a5-b497-44a3-95a8-d55d99cb96c1" />
</Timelines>
</Segment>
<Segment duration="4525" startOffset="4038539" endOffset="4043065">
<File name="chunk-00853" type="av">
<FileVariant size="91" variant="04f9b0a5-b497-44a3-95a8-d55d99cb96c1" />
</File>
<Timelines>
<Transcode startTime="48956" endTime="49004" complete="1" fileType="av" variant="04f9b0a5-b497-44a3-95a8-d55d99cb96c1" />
</Timelines>
</Segment>
<Segment duration="1523" startOffset="4043066" endOffset="4044589">
<File name="chunk-00854" type="av">
<FileVariant size="60" variant="04f9b0a5-b497-44a3-95a8-d55d99cb96c1" />
</File>
<Timelines>
<Transcode startTime="49004" endTime="49090" complete="1" fileType="av" variant="04f9b0a5-b497-44a3-95a8-d55d99cb96c1" />
</Timelines>
</Segment>
<Segment duration="2524" startOffset="4054729" endOffset="4057253">
<File name="chunk-00855" type="av">
<FileVariant size="79" variant="04f9b0a5-b497-44a3-95a8-d55d99cb96c1" />
</File>
<Timelines>
<Transcode startTime="49090" endTime="49151" complete="1" fileType="av" variant="04f9b0a5-b497-44a3-95a8-d55d99cb96c1" />
</Timelines>
</Segment>
<Segment duration="2697" startOffset="4057254" endOffset="4059951">
<File name="chunk-00856" type="av">
<FileVariant size="74" variant="04f9b0a5-b497-44a3-95a8-d55d99cb96c1" />
</File>
<Timelines>
<Transcode startTime="49151" endTime="49157" complete="1" fileType="av" variant="04f9b0a5-b497-44a3-95a8-d55d99cb96c1" />
</Timelines>
</Segment>
<Segment duration="3958" startOffset="4059952" endOffset="4063911">
<File name="chunk-00857" type="av">
<FileVariant size="87" variant="04f9b0a5-b497-44a3-95a8-d55d99cb96c1" />
</File>
<Timelines>
<Transcode startTime="49157" endTime="49196" complete="1" fileType="av" variant="04f9b0a5-b497-44a3-95a8-d55d99cb96c1" />
</Timelines>
</Segment>
<Segment duration="1088" startOffset="4063912" endOffset="4065000">
<File name="chunk-00858" type="av">
<FileVariant size="43" variant="04f9b0a5-b497-44a3-95a8-d55d99cb96c1" />
</File>
<Timelines>
<Transcode startTime="49196" endTime="49197" complete="1" fileType="av" variant="04f9b0a5-b497-44a3-95a8-d55d99cb96c1" />
</Timelines>
</Segment>
<Segment duration="1695" startOffset="4065784" endOffset="4067480">
<File name="chunk-00859" type="av">
<FileVariant size="41" variant="04f9b0a5-b497-44a3-95a8-d55d99cb96c1" />
</File>
<Timelines>
<Transcode startTime="49197" endTime="49202" complete="1" fileType="av" variant="04f9b0a5-b497-44a3-95a8-d55d99cb96c1" />
</Timelines>
</Segment>
<Segment duration="3828" startOffset="4067481" endOffset="4071310">
<File name="chunk-00860" type="av">
<FileVariant size="83" variant="04f9b0a5-b497-44a3-95a8-d55d99cb96c1" />
</File>
<Timelines>
<Transcode startTime="49202" endTime="49254" complete="1" fileType="av" variant="04f9b0a5-b497-44a3-95a8-d55d99cb96c1" />
</Timelines>
</Segment>
<Segment duration="2219" startOffset="4071311" endOffset="4073530">
<File name="chunk-00861" type="av">
<FileVariant size="69" variant="04f9b0a5-b497-44a3-95a8-d55d99cb96c1" />
</File>
<Timelines>
<Transcode startTime="49254" endTime="49305" complete="1" fileType="av" variant="04f9b0a5-b497-44a3-95a8-d55d99cb96c1" />
</Timelines>
</Segment>
<Segment duration="2958" startOffset="4073531" endOffset="4076490">
<File name="chunk-00862" type="av">
<FileVariant size="73" variant="04f9b0a5-b497-44a3-95a8-d55d99cb96c1" />
</File>
<Timelines>
<Transcode startTime="49305" endTime="49423" complete="1" fileType="av" variant="04f9b0a5-b497-44a3-95a8-d55d99cb96c1" />
</Timelines>
</Segment>
<Segment duration="1609" startOffset="4077709" endOffset="4079318">
<File name="chunk-00863" type="av">
<FileVariant size="73" variant="04f9b0a5-b497-44a3-95a8-d55d99cb96c1" />
</File>
<Timelines>
<Transcode startTime="49423" endTime="49455" complete="1" fileType="av" variant="04f9b0a5-b497-44a3-95a8-d55d99cb96c1" />
</Timelines>
</Segment>
<Segment duration="2480" startOffset="4079319" endOffset="4081799">
<File name="chunk-00864" type="av">
<FileVariant size="84" variant="04f9b0a5-b497-44a3-95a8-d55d99cb96c1" />
</File>
<Timelines>
<Transcode startTime="49455" endTime="49458" complete="1" fileType="av" variant="04f9b0a5-b497-44a3-95a8-d55d99cb96c1" />
</Timelines>
</Segment>
<Segment duration="1521" startOffset="4081800" endOffset="4083322">
<File name="chunk-00865" type="av">
<FileVariant size="59" variant="04f9b0a5-b497-44a3-95a8-d55d99cb96c1" />
</File>
<Timelines>
<Transcode startTime="49458" endTime="49489" complete="1" fileType="av" variant="04f9b0a5-b497-44a3-95a8-d55d99cb96c1" />
</Timelines>
</Segment>
<Segment duration="1218" startOffset="4083323" endOffset="4084541">
<File name="chunk-00866" type="av">
<FileVariant size="90" variant="04f9b0a5-b497-44a3-95a8-d55d99cb96c1" />
</File>
<Timelines>
<Transcode startTime="49489" endTime="49495" complete="1" fileType="av" variant="04f9b0a5-b497-44a3-95a8-d55d99cb96c1" />
</Timelines>
</Segment>
<Segment duration="1347" startOffset="4084542" endOffset="4085890">
<File name="chunk-00867" type="av">
<FileVariant size="82" variant="04f9b0a5-b497-44a3-95a8-d55d99cb96c1" />
</File>
<Timelines>
<Transcode startTime="49495" endTime="49543" complete="1" fileType="av" variant="04f9b0a5-b497-44a3-95a8-d55d99cb96c1" />
</Timelines>
</Segment>
<Segment duration="1826" startOffset="4085891" endOffset="4087718">
<File name="chunk-00868" type="av">
<FileVariant size="78" variant="04f9b0a5-b497-44a3-95a8-d55d99cb96c1" />
</File>
<Timelines>
<Transcode startTime="49543" endTime="49553" complete="1" fileType="av" variant="04f9b0a5-b497-44a3-95a8-d55d99cb96c1" />
</Timelines>
</Segment>
<Segment duration="1565" startOffset="4087719" endOffset="4089285">
<File name="chunk-00869" type="av">
<FileVariant size="103" variant="04f9b0a5-b497-44a3-95a8-d55d99cb96c1" />
</File>
<Timelines>
<Transcode startTime="49553" endTime="49559" complete="1" fileType="av" variant="04f9b0a5-b497-44a3-95a8-d55d99cb96c1" />
</Timelines>
</Segment>
<Segment duration="1695" startOffset="4089286" endOffset="4090982">
<File name="chunk-00870" type="av">
<FileVariant size="46" variant="04f9b0a5-b497-44a3-95a8-d55d99cb96c1" />
</File>
<Timelines>
<Transcode startTime="49559" endTime="49565" complete="1" fileType="av" variant="04f9b0a5-b497-44a3-95a8-d55d99cb96c1" />
</Timelines>
</Segment>
<Segment duration="4263" startOffset="4090983" endOffset="4095247">
<File name="chunk-00871" type="av">
<FileVariant size="95" variant="04f9b0a5-b497-44a3-95a8-d55d99cb96c1" />
</File>
<Timelines>
<Transcode startTime="49565" endTime="49577" complete="1" fileType="av" variant="04f9b0a5-b497-44a3-95a8-d55d99cb96c1" />
</Timelines>
</Segment>
<Segment duration="1610" startOffset="4095248" endOffset="4096858">
<File name="chunk-00872" type="av">
<FileVariant size="62" variant="04f9b0a5-b497-44a3-95a8-d55d99cb96c1" />
</File>
<Timelines>
<Transcode startTime="49577" endTime="49621" complete="1" fileType="av" variant="04f9b0a5-b497-44a3-95a8-d55d99cb96c1" />
</Timelines>
</Segment>
<Segment duration="2784" startOffset="4097772" endOffset="4100557">
<File name="chunk-00873" type="av">
<FileVariant size="49" variant="04f9b0a5-b497-44a3-95a8-d55d99cb96c1" />
</File>
<Timelines>
<Transcode startTime="49621" endTime="49628" complete="1" fileType="av" variant="04f9b0a5-b497-44a3-95a8-d55d99cb96c1" />
</Timelines>
</Segment>
<Segment duration="3219" startOffset="4100558" endOffset="4103777">
<File name="chunk-00874" type="av">
<FileVariant size="94" variant="04f9b0a5-b497-44a3-95a8-d55d99cb96c1" />
</File>
<Timelines>
<Transcode startTime="49628" endTime="49674" complete="1" fileType="av" variant="04f9b0a5-b497-44a3-95a8-d55d99cb96c1" />
</Timelines>
</Segment>
<Segment duration="1523" startOffset="4103778" endOffset="4105301">
<File name="chunk-00875" type="av">
<FileVariant size="59" variant="04f9b0a5-b497-44a3-95a8-d55d99cb96c1" />
</File>
<Timelines>
<Transcode startTime="49674" endTime="49677" complete="1" fileType="av" variant="04f9b0a5-b497-44a3-95a8-d55d99cb96c1" />
</Timelines>
</Segment>
<Segment duration="2654" startOffset="4105301" endOffset="4107956">
<File name="chunk-00876" type="av">
<FileVariant size="69" variant="04f9b0a5-b497-44a3-95a8-d55d99cb96c1" />
</File>
<Timelines>
<Transcode startTime="49677" endTime="49825" complete="1" fileType="av" variant="04f9b0a5-b497-44a3-95a8-d55d99cb96c1" />
</Timelines>
</Segment>
<Segment duration="4351" startOffset="4114310" endOffset="4118662">
<File name="chunk-00877" type="av">
<FileVariant size="92" variant="04f9b0a5-b497-44a3-95a8-d55d99cb96c1" />
</File>
<Timelines>
<Transcode startTime="49825" endTime="49832" complete="1" fileType="av" variant="04f9b0a5-b497-44a3-95a8-d55d99cb96c1" />
</Timelines>
</Segment>
<Segment duration="3569" startOffset="4118662" endOffset="4122232">
<File name="chunk-00878" type="av">
<FileVariant size="79" variant="04f9b0a5-b497-44a3-95a8-d55d99cb96c1" />
</File>
<Timelines>
<Transcode startTime="49832" endTime="49897" complete="1" fileType="av" variant="04f9b0a5-b497-44a3-95a8-d55d99cb96c1" />
</Timelines>
</Segment>
<Segment duration="3394" startOffset="4123624" endOffset="4127018">
<File name="chunk-00879" type="av">
<FileVariant size="61" variant="04f9b0a5-b497-44a3-95a8-d55d99cb96c1" />
</File>
<Timelines>
<Transcode startTime="49897" endTime="49903" complete="1" fileType="av" variant="04f9b0a5-b497-44a3-95a8-d55d99cb96c1" />
</Timelines>
</Segment>
<Segment duration="2045" startOffset="4127019" endOffset="4129064">
<File name="chunk-00880" type="av">
<FileVariant size="49" variant="04f9b0a5-b497-44a3-95a8-d55d99cb96c1" />
</File>
<Timelines>
<Transcode startTime="49903" endTime="49978" complete="1" fileType="av" variant="04f9b0a5-b497-44a3-95a8-d55d99cb96c1" />
</Timelines>
</Segment>
<Segment duration="1654" startOffset="4130022" endOffset="4131676">
<File name="chunk-00881" type="av">
<FileVariant size="51" variant="04f9b0a5-b497-44a3-95a8-d55d99cb96c1" />
</File>
<Timelines>
<Transcode startTime="49978" endTime="50043" complete="1" fileType="av" variant="04f9b0a5-b497-44a3-95a8-d55d99cb96c1" />
</Timelines>
</Segment>
<Segment duration="2261" startOffset="4133591" endOffset="4135853">
<File name="chunk-00882" type="av">
<FileVariant size="58" variant="04f9b0a5-b497-44a3-95a8-d55d99cb96c1" />
</File>
<Timelines>
<Transcode startTime="50043" endTime="50052" complete="1" fileType="av" variant="04f9b0a5-b497-44a3-95a8-d55d99cb96c1" />
</Timelines>
</Segment>
<Segment duration="2261" startOffset="4135854" endOffset="4138116">
<File name="chunk-00883" type="av">
<FileVariant size="51" variant="04f9b0a5-b497-44a3-95a8-d55d99cb96c1" />
</File>
<Timelines>
<Transcode startTime="50052" endTime="50105" complete="1" fileType="av" variant="04f9b0a5-b497-44a3-95a8-d55d99cb96c1" />
</Timelines>
</Segment>
<Segment duration="3610" startOffset="4138117" endOffset="4141728">
<File name="chunk-00884" type="av">
<FileVariant size="110" variant="04f9b0a5-b497-44a3-95a8-d55d99cb96c1" />
</File>
<Timelines>
<Transcode startTime="50105" endTime="50158" complete="1" fileType="av" variant="04f9b0a5-b497-44a3-95a8-d55d99cb96c1" />
</Timelines>
</Segment>
<Segment duration="1347" startOffset="4141729" endOffset="4143077">
<File name="chunk-00885" type="av">
<FileVariant size="48" variant="04f9b0a5-b497-44a3-95a8-d55d99cb96c1" />
</File>
<Timelines>
<Transcode startTime="50158" endTime="50159" complete="1" fileType="av" variant="04f9b0a5-b497-44a3-95a8-d55d99cb96c1" />
</Timelines>
</Segment>
<Segment duration="2175" startOffset="4143078" endOffset="4145254">
<File name="chunk-00886" type="av">
<FileVariant size="72" variant="04f9b0a5-b497-44a3-95a8-d55d99cb96c1" />
</File>
<Timelines>
<Transcode startTime="50159" endTime="50210" complete="1" fileType="av" variant="04f9b0a5-b497-44a3-95a8-d55d99cb96c1" />
</Timelines>
</Segment>
<Segment duration="2567" startOffset="4146386" endOffset="4148953">
<File name="chunk-00887" type="av">
<FileVariant size="77" variant="04f9b0a5-b497-44a3-95a8-d55d99cb96c1" />
</File>
<Timelines>
<Transcode startTime="50210" endTime="50309" complete="1" fileType="av" variant="04f9b0a5-b497-44a3-95a8-d55d99cb96c1" />
</Timelines>
</Segment>
<Segment duration="4873" startOffset="4151652" endOffset="4156526">
<File name="chunk-00888" type="av">
<FileVariant size="96" variant="04f9b0a5-b497-44a3-95a8-d55d99cb96c1" />
</File>
<Timelines>
<Transcode startTime="50309" endTime="50545" complete="1" fileType="av" variant="04f9b0a5-b497-44a3-95a8-d55d99cb96c1" />
</Timelines>
</Segment>
<Segment duration="3262" startOffset="4156527" endOffset="4159790">
<File name="chunk-00889" type="av">
<FileVariant size="78" variant="04f9b0a5-b497-44a3-95a8-d55d99cb96c1" />
</File>
<Timelines>
<Transcode startTime="50545" endTime="50734" complete="1" fileType="av" variant="04f9b0a5-b497-44a3-95a8-d55d99cb96c1" />
</Timelines>
</Segment>
<Segment duration="2783" startOffset="4159791" endOffset="4162575">
<File name="chunk-00890" type="av">
<FileVariant size="72" variant="04f9b0a5-b497-44a3-95a8-d55d99cb96c1" />
</File>
<Timelines>
<Transcode startTime="50734" endTime="50999" complete="1" fileType="av" variant="04f9b0a5-b497-44a3-95a8-d55d99cb96c1" />
</Timelines>
</Segment>
<Segment duration="2217" startOffset="4164448" endOffset="4166666">
<File name="chunk-00891" type="av">
<FileVariant size="55" variant="04f9b0a5-b497-44a3-95a8-d55d99cb96c1" />
</File>
<Timelines>
<Transcode startTime="50999" endTime="51042" complete="1" fileType="av" variant="04f9b0a5-b497-44a3-95a8-d55d99cb96c1" />
</Timelines>
</Segment>
<Segment duration="2261" startOffset="4166667" endOffset="4168929">
<File name="chunk-00892" type="av">
<FileVariant size="80" variant="04f9b0a5-b497-44a3-95a8-d55d99cb96c1" />
</File>
<Timelines>
<Transcode startTime="51042" endTime="51049" complete="1" fileType="av" variant="04f9b0a5-b497-44a3-95a8-d55d99cb96c1" />
</Timelines>
</Segment>
<Segment duration="1913" startOffset="4168930" endOffset="4170844">
<File name="chunk-00893" type="av">
<FileVariant size="70" variant="04f9b0a5-b497-44a3-95a8-d55d99cb96c1" />
</File>
<Timelines>
<Transcode startTime="51049" endTime="51198" complete="1" fileType="av" variant="04f9b0a5-b497-44a3-95a8-d55d99cb96c1" />
</Timelines>
</Segment>
<Segment duration="1827" startOffset="4170845" endOffset="4172673">
<File name="chunk-00894" type="av">
<FileVariant size="61" variant="04f9b0a5-b497-44a3-95a8-d55d99cb96c1" />
</File>
<Timelines>
<Transcode startTime="51198" endTime="51337" complete="1" fileType="av" variant="04f9b0a5-b497-44a3-95a8-d55d99cb96c1" />
</Timelines>
</Segment>
<Segment duration="1652" startOffset="4173805" endOffset="4175457">
<File name="chunk-00895" type="av">
<FileVariant size="52" variant="04f9b0a5-b497-44a3-95a8-d55d99cb96c1" />
</File>
<Timelines>
<Transcode startTime="51337" endTime="51345" complete="1" fileType="av" variant="04f9b0a5-b497-44a3-95a8-d55d99cb96c1" />
</Timelines>
</Segment>
<Segment duration="1913" startOffset="4175459" endOffset="4177372">
<File name="chunk-00896" type="av">
<FileVariant size="47" variant="04f9b0a5-b497-44a3-95a8-d55d99cb96c1" />
</File>
<Timelines>
<Transcode startTime="51345" endTime="51488" complete="1" fileType="av" variant="04f9b0a5-b497-44a3-95a8-d55d99cb96c1" />
</Timelines>
</Segment>
<Segment duration="2131" startOffset="4177374" endOffset="4179505">
<File name="chunk-00897" type="av">
<FileVariant size="64" variant="04f9b0a5-b497-44a3-95a8-d55d99cb96c1" />
</File>
<Timelines>
<Transcode startTime="51488" endTime="51694" complete="1" fileType="av" variant="04f9b0a5-b497-44a3-95a8-d55d99cb96c1" />
</Timelines>
</Segment>
<Segment duration="1826" startOffset="4179506" endOffset="4181332">
<File name="chunk-00898" type="av">
<FileVariant size="68" variant="04f9b0a5-b497-44a3-95a8-d55d99cb96c1" />
</File>
<Timelines>
<Transcode startTime="51694" endTime="51695" complete="1" fileType="av" variant="04f9b0a5-b497-44a3-95a8-d55d99cb96c1" />
</Timelines>
</Segment>
<Segment duration="2132" startOffset="4181334" endOffset="4183466">
<File name="chunk-00899" type="av">
<FileVariant size="68" variant="04f9b0a5-b497-44a3-95a8-d55d99cb96c1" />
</File>
<Timelines>
<Transcode startTime="51695" endTime="51821" complete="1" fileType="av" variant="04f9b0a5-b497-44a3-95a8-d55d99cb96c1" />
</Timelines>
</Segment>
<Segment duration="3351" startOffset="4183466" endOffset="4186818">
<File name="chunk-00900" type="av">
<FileVariant size="103" variant="04f9b0a5-b497-44a3-95a8-d55d99cb96c1" />
</File>
<Timelines>
<Transcode startTime="51821" endTime="51972" complete="1" fileType="av" variant="04f9b0a5-b497-44a3-95a8-d55d99cb96c1" />
</Timelines>
</Segment>
<Segment duration="3134" startOffset="4191256" endOffset="4194391">
<File name="chunk-00901" type="av">
<FileVariant size="60" variant="04f9b0a5-b497-44a3-95a8-d55d99cb96c1" />
</File>
<Timelines>
<Transcode startTime="51972" endTime="52078" complete="1" fileType="av" variant="04f9b0a5-b497-44a3-95a8-d55d99cb96c1" />
</Timelines>
</Segment>
<Segment duration="1697" startOffset="4195740" endOffset="4197437">
<File name="chunk-00902" type="av">
<FileVariant size="53" variant="04f9b0a5-b497-44a3-95a8-d55d99cb96c1" />
</File>
<Timelines>
<Transcode startTime="52078" endTime="52181" complete="1" fileType="av" variant="04f9b0a5-b497-44a3-95a8-d55d99cb96c1" />
</Timelines>
</Segment>
<Segment duration="2610" startOffset="4199918" endOffset="4202528">
<File name="chunk-00903" type="av">
<FileVariant size="49" variant="04f9b0a5-b497-44a3-95a8-d55d99cb96c1" />
</File>
<Timelines>
<Transcode startTime="52181" endTime="52221" complete="1" fileType="av" variant="04f9b0a5-b497-44a3-95a8-d55d99cb96c1" />
</Timelines>
</Segment>
<Segment duration="2567" startOffset="4202529" endOffset="4205097">
<File name="chunk-00904" type="av">
<FileVariant size="53" variant="04f9b0a5-b497-44a3-95a8-d55d99cb96c1" />
</File>
<Timelines>
<Transcode startTime="52221" endTime="52463" complete="1" fileType="av" variant="04f9b0a5-b497-44a3-95a8-d55d99cb96c1" />
</Timelines>
</Segment>
<Segment duration="1393" startOffset="4209144" endOffset="4210537">
<File name="chunk-00905" type="av">
<FileVariant size="52" variant="04f9b0a5-b497-44a3-95a8-d55d99cb96c1" />
</File>
<Timelines>
<Transcode startTime="52463" endTime="52619" complete="1" fileType="av" variant="04f9b0a5-b497-44a3-95a8-d55d99cb96c1" />
</Timelines>
</Segment>
<Segment duration="3131" startOffset="4211930" endOffset="4215062">
<File name="chunk-00906" type="av">
<FileVariant size="53" variant="04f9b0a5-b497-44a3-95a8-d55d99cb96c1" />
</File>
<Timelines>
<Transcode startTime="52619" endTime="52711" complete="1" fileType="av" variant="04f9b0a5-b497-44a3-95a8-d55d99cb96c1" />
</Timelines>
</Segment>
<Segment duration="2742" startOffset="4215063" endOffset="4217805">
<File name="chunk-00907" type="av">
<FileVariant size="40" variant="04f9b0a5-b497-44a3-95a8-d55d99cb96c1" />
</File>
<Timelines>
<Transcode startTime="52711" endTime="53131" complete="1" fileType="av" variant="04f9b0a5-b497-44a3-95a8-d55d99cb96c1" />
</Timelines>
</Segment>
<Segment duration="912" startOffset="4225248" endOffset="4226160">
<File name="chunk-00908" type="av">
<FileVariant size="42" variant="04f9b0a5-b497-44a3-95a8-d55d99cb96c1" />
</File>
<Timelines>
<Transcode startTime="53131" endTime="53888" complete="1" fileType="av" variant="04f9b0a5-b497-44a3-95a8-d55d99cb96c1" />
</Timelines>
</Segment>
<Segment duration="2699" startOffset="4244571" endOffset="4247270">
<File name="chunk-00909" type="av">
<FileVariant size="49" variant="04f9b0a5-b497-44a3-95a8-d55d99cb96c1" />
</File>
<Timelines>
<Transcode startTime="53888" endTime="53930" complete="1" fileType="av" variant="04f9b0a5-b497-44a3-95a8-d55d99cb96c1" />
</Timelines>
</Segment>
<Segment duration="1175" startOffset="4247879" endOffset="4249054">
<File name="chunk-00910" type="av">
<FileVariant size="45" variant="04f9b0a5-b497-44a3-95a8-d55d99cb96c1" />
</File>
<Timelines>
<Transcode startTime="53930" endTime="54111" complete="1" fileType="av" variant="04f9b0a5-b497-44a3-95a8-d55d99cb96c1" />
</Timelines>
</Segment>
<Segment duration="3002" startOffset="4262937" endOffset="4265939">
<File name="chunk-00911" type="av">
<FileVariant size="73" variant="04f9b0a5-b497-44a3-95a8-d55d99cb96c1" />
</File>
<Timelines>
<Transcode startTime="54111" endTime="54332" complete="1" fileType="av" variant="04f9b0a5-b497-44a3-95a8-d55d99cb96c1" />
</Timelines>
</Segment>
<Segment duration="914" startOffset="4276516" endOffset="4277430">
<File name="chunk-00912" type="av">
<FileVariant size="40" variant="04f9b0a5-b497-44a3-95a8-d55d99cb96c1" />
</File>
<Timelines>
<Transcode startTime="54332" endTime="54390" complete="1" fileType="av" variant="04f9b0a5-b497-44a3-95a8-d55d99cb96c1" />
</Timelines>
</Segment>
<Segment duration="1435" startOffset="4280390" endOffset="4281826">
<File name="chunk-00913" type="av">
<FileVariant size="50" variant="04f9b0a5-b497-44a3-95a8-d55d99cb96c1" />
</File>
<Timelines>
<Transcode startTime="54390" endTime="54440" complete="1" fileType="av" variant="04f9b0a5-b497-44a3-95a8-d55d99cb96c1" />
</Timelines>
</Segment>
<Segment duration="2349" startOffset="4283306" endOffset="4285655">
<File name="chunk-00914" type="av">
<FileVariant size="71" variant="04f9b0a5-b497-44a3-95a8-d55d99cb96c1" />
</File>
<Timelines>
<Transcode startTime="54440" endTime="54530" complete="1" fileType="av" variant="04f9b0a5-b497-44a3-95a8-d55d99cb96c1" />
</Timelines>
</Segment>
<Segment duration="1435" startOffset="4285656" endOffset="4287091">
<File name="chunk-00915" type="av">
<FileVariant size="40" variant="04f9b0a5-b497-44a3-95a8-d55d99cb96c1" />
</File>
<Timelines>
<Transcode startTime="54530" endTime="54577" complete="1" fileType="av" variant="04f9b0a5-b497-44a3-95a8-d55d99cb96c1" />
</Timelines>
</Segment>
<Segment duration="2610" startOffset="4287092" endOffset="4289702">
<File name="chunk-00916" type="av">
<FileVariant size="64" variant="04f9b0a5-b497-44a3-95a8-d55d99cb96c1" />
</File>
<Timelines>
<Transcode startTime="54577" endTime="54616" complete="1" fileType="av" variant="04f9b0a5-b497-44a3-95a8-d55d99cb96c1" />
</Timelines>
</Segment>
<Segment duration="3393" startOffset="4289703" endOffset="4293097">
<File name="chunk-00917" type="av">
<FileVariant size="89" variant="04f9b0a5-b497-44a3-95a8-d55d99cb96c1" />
</File>
<Timelines>
<Transcode startTime="54616" endTime="54642" complete="1" fileType="av" variant="04f9b0a5-b497-44a3-95a8-d55d99cb96c1" />
</Timelines>
</Segment>
<Segment duration="4002" startOffset="4293098" endOffset="4297101">
<File name="chunk-00918" type="av">
<FileVariant size="72" variant="04f9b0a5-b497-44a3-95a8-d55d99cb96c1" />
</File>
<Timelines>
<Transcode startTime="54642" endTime="54718" complete="1" fileType="av" variant="04f9b0a5-b497-44a3-95a8-d55d99cb96c1" />
</Timelines>
</Segment>
<Segment duration="6398" startOffset="4297102" endOffset="4303500">
<File name="chunk-00919" type="av">
<FileVariant size="108" variant="04f9b0a5-b497-44a3-95a8-d55d99cb96c1" />
</File>
<Timelines>
<Transcode startTime="54718" endTime="54793" complete="1" fileType="av" variant="04f9b0a5-b497-44a3-95a8-d55d99cb96c1" />
</Timelines>
</Segment>
<Segment duration="1306" startOffset="4304544" endOffset="4305850">
<File name="chunk-00920" type="av">
<FileVariant size="43" variant="04f9b0a5-b497-44a3-95a8-d55d99cb96c1" />
</File>
<Timelines>
<Transcode startTime="54793" endTime="55296" complete="1" fileType="av" variant="04f9b0a5-b497-44a3-95a8-d55d99cb96c1" />
</Timelines>
</Segment>
<Segment duration="3654" startOffset="4323563" endOffset="4327218">
<File name="chunk-00921" type="av">
<FileVariant size="94" variant="04f9b0a5-b497-44a3-95a8-d55d99cb96c1" />
</File>
<Timelines>
<Transcode startTime="55296" endTime="55417" complete="1" fileType="av" variant="04f9b0a5-b497-44a3-95a8-d55d99cb96c1" />
</Timelines>
</Segment>
<Segment duration="1957" startOffset="4328351" endOffset="4330308">
<File name="chunk-00922" type="av">
<FileVariant size="76" variant="04f9b0a5-b497-44a3-95a8-d55d99cb96c1" />
</File>
<Timelines>
<Transcode startTime="55417" endTime="55509" complete="1" fileType="av" variant="04f9b0a5-b497-44a3-95a8-d55d99cb96c1" />
</Timelines>
</Segment>
<Segment duration="1782" startOffset="4330309" endOffset="4332092">
<File name="chunk-00923" type="av">
<FileVariant size="53" variant="04f9b0a5-b497-44a3-95a8-d55d99cb96c1" />
</File>
<Timelines>
<Transcode startTime="55509" endTime="55627" complete="1" fileType="av" variant="04f9b0a5-b497-44a3-95a8-d55d99cb96c1" />
</Timelines>
</Segment>
<Segment duration="2610" startOffset="4333530" endOffset="4336141">
<File name="chunk-00924" type="av">
<FileVariant size="69" variant="04f9b0a5-b497-44a3-95a8-d55d99cb96c1" />
</File>
<Timelines>
<Transcode startTime="55627" endTime="55734" complete="1" fileType="av" variant="04f9b0a5-b497-44a3-95a8-d55d99cb96c1" />
</Timelines>
</Segment>
<Segment duration="1131" startOffset="4337360" endOffset="4338491">
<File name="chunk-00925" type="av">
<FileVariant size="41" variant="04f9b0a5-b497-44a3-95a8-d55d99cb96c1" />
</File>
<Timelines>
<Transcode startTime="55734" endTime="55833" complete="1" fileType="av" variant="04f9b0a5-b497-44a3-95a8-d55d99cb96c1" />
</Timelines>
</Segment>
<Segment duration="8355" startOffset="4339797" endOffset="4348152">
<File name="chunk-00926" type="av">
<FileVariant size="46" variant="04f9b0a5-b497-44a3-95a8-d55d99cb96c1" />
</File>
<Timelines>
<Transcode startTime="55833" endTime="56023" complete="1" fileType="av" variant="04f9b0a5-b497-44a3-95a8-d55d99cb96c1" />
</Timelines>
</Segment>
<Segment duration="2175" startOffset="4348153" endOffset="4350328">
<File name="chunk-00927" type="av">
<FileVariant size="57" variant="04f9b0a5-b497-44a3-95a8-d55d99cb96c1" />
</File>
<Timelines>
<Transcode startTime="56023" endTime="56027" complete="1" fileType="av" variant="04f9b0a5-b497-44a3-95a8-d55d99cb96c1" />
</Timelines>
</Segment>
<Segment duration="1521" startOffset="4350329" endOffset="4351851">
<File name="chunk-00928" type="av">
<FileVariant size="40" variant="04f9b0a5-b497-44a3-95a8-d55d99cb96c1" />
</File>
<Timelines>
<Transcode startTime="56027" endTime="56057" complete="1" fileType="av" variant="04f9b0a5-b497-44a3-95a8-d55d99cb96c1" />
</Timelines>
</Segment>
<Segment duration="1087" startOffset="4353245" endOffset="4354333">
<File name="chunk-00929" type="av">
<FileVariant size="41" variant="04f9b0a5-b497-44a3-95a8-d55d99cb96c1" />
</File>
<Timelines>
<Transcode startTime="56057" endTime="56094" complete="1" fileType="av" variant="04f9b0a5-b497-44a3-95a8-d55d99cb96c1" />
</Timelines>
</Segment>
<Segment duration="3002" startOffset="4355378" endOffset="4358380">
<File name="chunk-00930" type="av">
<FileVariant size="53" variant="04f9b0a5-b497-44a3-95a8-d55d99cb96c1" />
</File>
<Timelines>
<Transcode startTime="56094" endTime="56146" complete="1" fileType="av" variant="04f9b0a5-b497-44a3-95a8-d55d99cb96c1" />
</Timelines>
</Segment>
<Segment duration="2000" startOffset="4358381" endOffset="4360382">
<File name="chunk-00931" type="av">
<FileVariant size="65" variant="04f9b0a5-b497-44a3-95a8-d55d99cb96c1" />
</File>
<Timelines>
<Transcode startTime="56146" endTime="56385" complete="1" fileType="av" variant="04f9b0a5-b497-44a3-95a8-d55d99cb96c1" />
</Timelines>
</Segment>
<Segment duration="1261" startOffset="4362689" endOffset="4363951">
<File name="chunk-00932" type="av">
<FileVariant size="41" variant="04f9b0a5-b497-44a3-95a8-d55d99cb96c1" />
</File>
<Timelines>
<Transcode startTime="56385" endTime="56491" complete="1" fileType="av" variant="04f9b0a5-b497-44a3-95a8-d55d99cb96c1" />
</Timelines>
</Segment>
<Segment duration="1565" startOffset="4365170" endOffset="4366736">
<File name="chunk-00933" type="av">
<FileVariant size="61" variant="04f9b0a5-b497-44a3-95a8-d55d99cb96c1" />
</File>
<Timelines>
<Transcode startTime="56491" endTime="56532" complete="1" fileType="av" variant="04f9b0a5-b497-44a3-95a8-d55d99cb96c1" />
</Timelines>
</Segment>
<Segment duration="1564" startOffset="4366737" endOffset="4368302">
<File name="chunk-00934" type="av">
<FileVariant size="48" variant="04f9b0a5-b497-44a3-95a8-d55d99cb96c1" />
</File>
<Timelines>
<Transcode startTime="56532" endTime="56578" complete="1" fileType="av" variant="04f9b0a5-b497-44a3-95a8-d55d99cb96c1" />
</Timelines>
</Segment>
<Segment duration="1653" startOffset="4368303" endOffset="4369956">
<File name="chunk-00935" type="av">
<FileVariant size="44" variant="04f9b0a5-b497-44a3-95a8-d55d99cb96c1" />
</File>
<Timelines>
<Transcode startTime="56578" endTime="56609" complete="1" fileType="av" variant="04f9b0a5-b497-44a3-95a8-d55d99cb96c1" />
</Timelines>
</Segment>
<Segment duration="1565" startOffset="4369957" endOffset="4371523">
<File name="chunk-00936" type="av">
<FileVariant size="43" variant="04f9b0a5-b497-44a3-95a8-d55d99cb96c1" />
</File>
<Timelines>
<Transcode startTime="56609" endTime="56622" complete="1" fileType="av" variant="04f9b0a5-b497-44a3-95a8-d55d99cb96c1" />
</Timelines>
</Segment>
<Segment duration="3741" startOffset="4371524" endOffset="4375266">
<File name="chunk-00937" type="av">
<FileVariant size="60" variant="04f9b0a5-b497-44a3-95a8-d55d99cb96c1" />
</File>
<Timelines>
<Transcode startTime="56622" endTime="56820" complete="1" fileType="av" variant="04f9b0a5-b497-44a3-95a8-d55d99cb96c1" />
</Timelines>
</Segment>
<Segment duration="3088" startOffset="4375267" endOffset="4378356">
<File name="chunk-00938" type="av">
<FileVariant size="51" variant="04f9b0a5-b497-44a3-95a8-d55d99cb96c1" />
</File>
<Timelines>
<Transcode startTime="56820" endTime="56895" complete="1" fileType="av" variant="04f9b0a5-b497-44a3-95a8-d55d99cb96c1" />
</Timelines>
</Segment>
<Segment duration="1087" startOffset="4378357" endOffset="4379444">
<File name="chunk-00939" type="av">
<FileVariant size="40" variant="04f9b0a5-b497-44a3-95a8-d55d99cb96c1" />
</File>
<Timelines>
<Transcode startTime="56895" endTime="56973" complete="1" fileType="av" variant="04f9b0a5-b497-44a3-95a8-d55d99cb96c1" />
</Timelines>
</Segment>
<Segment duration="3394" startOffset="4379445" endOffset="4382839">
<File name="chunk-00940" type="av">
<FileVariant size="64" variant="04f9b0a5-b497-44a3-95a8-d55d99cb96c1" />
</File>
<Timelines>
<Transcode startTime="56973" endTime="57044" complete="1" fileType="av" variant="04f9b0a5-b497-44a3-95a8-d55d99cb96c1" />
</Timelines>
</Segment>
<Segment duration="6135" startOffset="4382840" endOffset="4388976">
<File name="chunk-00941" type="av">
<FileVariant size="75" variant="04f9b0a5-b497-44a3-95a8-d55d99cb96c1" />
</File>
<Timelines>
<Transcode startTime="57044" endTime="57188" complete="1" fileType="av" variant="04f9b0a5-b497-44a3-95a8-d55d99cb96c1" />
</Timelines>
</Segment>
<Segment duration="1913" startOffset="4391979" endOffset="4393893">
<File name="chunk-00942" type="av">
<FileVariant size="64" variant="04f9b0a5-b497-44a3-95a8-d55d99cb96c1" />
</File>
<Timelines>
<Transcode startTime="57188" endTime="57197" complete="1" fileType="av" variant="04f9b0a5-b497-44a3-95a8-d55d99cb96c1" />
</Timelines>
</Segment>
<Segment duration="4046" startOffset="4393894" endOffset="4397941">
<File name="chunk-00943" type="av">
<FileVariant size="93" variant="04f9b0a5-b497-44a3-95a8-d55d99cb96c1" />
</File>
<Timelines>
<Transcode startTime="57197" endTime="57337" complete="1" fileType="av" variant="04f9b0a5-b497-44a3-95a8-d55d99cb96c1" />
</Timelines>
</Segment>
<Segment duration="2001" startOffset="4397942" endOffset="4399943">
<File name="chunk-00944" type="av">
<FileVariant size="58" variant="04f9b0a5-b497-44a3-95a8-d55d99cb96c1" />
</File>
<Timelines>
<Transcode startTime="57337" endTime="57381" complete="1" fileType="av" variant="04f9b0a5-b497-44a3-95a8-d55d99cb96c1" />
</Timelines>
</Segment>
<Segment duration="2000" startOffset="4399944" endOffset="4401945">
<File name="chunk-00945" type="av">
<FileVariant size="59" variant="04f9b0a5-b497-44a3-95a8-d55d99cb96c1" />
</File>
<Timelines>
<Transcode startTime="57381" endTime="57426" complete="1" fileType="av" variant="04f9b0a5-b497-44a3-95a8-d55d99cb96c1" />
</Timelines>
</Segment>
<Segment duration="6005" startOffset="4401946" endOffset="4407951">
<File name="chunk-00946" type="av">
<FileVariant size="94" variant="04f9b0a5-b497-44a3-95a8-d55d99cb96c1" />
</File>
<Timelines>
<Transcode startTime="57426" endTime="57544" complete="1" fileType="av" variant="04f9b0a5-b497-44a3-95a8-d55d99cb96c1" />
</Timelines>
</Segment>
<Segment duration="2783" startOffset="4407952" endOffset="4410736">
<File name="chunk-00947" type="av">
<FileVariant size="54" variant="04f9b0a5-b497-44a3-95a8-d55d99cb96c1" />
</File>
<Timelines>
<Transcode startTime="57544" endTime="57592" complete="1" fileType="av" variant="04f9b0a5-b497-44a3-95a8-d55d99cb96c1" />
</Timelines>
</Segment>
<Segment duration="1479" startOffset="4410737" endOffset="4412216">
<File name="chunk-00948" type="av">
<FileVariant size="63" variant="04f9b0a5-b497-44a3-95a8-d55d99cb96c1" />
</File>
<Timelines>
<Transcode startTime="57592" endTime="57599" complete="1" fileType="av" variant="04f9b0a5-b497-44a3-95a8-d55d99cb96c1" />
</Timelines>
</Segment>
<Segment duration="3220" startOffset="4412217" endOffset="4415437">
<File name="chunk-00949" type="av">
<FileVariant size="71" variant="04f9b0a5-b497-44a3-95a8-d55d99cb96c1" />
</File>
<Timelines>
<Transcode startTime="57599" endTime="57690" complete="1" fileType="av" variant="04f9b0a5-b497-44a3-95a8-d55d99cb96c1" />
</Timelines>
</Segment>
<Segment duration="4786" startOffset="4415438" endOffset="4420224">
<File name="chunk-00950" type="av">
<FileVariant size="106" variant="04f9b0a5-b497-44a3-95a8-d55d99cb96c1" />
</File>
<Timelines>
<Transcode startTime="57690" endTime="57764" complete="1" fileType="av" variant="04f9b0a5-b497-44a3-95a8-d55d99cb96c1" />
</Timelines>
</Segment>
<Segment duration="2087" startOffset="4420225" endOffset="4422313">
<File name="chunk-00951" type="av">
<FileVariant size="61" variant="04f9b0a5-b497-44a3-95a8-d55d99cb96c1" />
</File>
<Timelines>
<Transcode startTime="57764" endTime="57770" complete="1" fileType="av" variant="04f9b0a5-b497-44a3-95a8-d55d99cb96c1" />
</Timelines>
</Segment>
<Segment duration="3001" startOffset="4422314" endOffset="4425316">
<File name="chunk-00952" type="av">
<FileVariant size="82" variant="04f9b0a5-b497-44a3-95a8-d55d99cb96c1" />
</File>
<Timelines>
<Transcode startTime="57770" endTime="57806" complete="1" fileType="av" variant="04f9b0a5-b497-44a3-95a8-d55d99cb96c1" />
</Timelines>
</Segment>
<Segment duration="4090" startOffset="4425317" endOffset="4429407">
<File name="chunk-00953" type="av">
<FileVariant size="103" variant="04f9b0a5-b497-44a3-95a8-d55d99cb96c1" />
</File>
<Timelines>
<Transcode startTime="57806" endTime="57867" complete="1" fileType="av" variant="04f9b0a5-b497-44a3-95a8-d55d99cb96c1" />
</Timelines>
</Segment>
<Segment duration="2348" startOffset="4429408" endOffset="4431757">
<File name="chunk-00954" type="av">
<FileVariant size="70" variant="04f9b0a5-b497-44a3-95a8-d55d99cb96c1" />
</File>
<Timelines>
<Transcode startTime="57867" endTime="57876" complete="1" fileType="av" variant="04f9b0a5-b497-44a3-95a8-d55d99cb96c1" />
</Timelines>
</Segment>
<Segment duration="4090" startOffset="4431758" endOffset="4435848">
<File name="chunk-00955" type="av">
<FileVariant size="81" variant="04f9b0a5-b497-44a3-95a8-d55d99cb96c1" />
</File>
<Timelines>
<Transcode startTime="57876" endTime="57885" complete="1" fileType="av" variant="04f9b0a5-b497-44a3-95a8-d55d99cb96c1" />
</Timelines>
</Segment>
<Segment duration="2349" startOffset="4435849" endOffset="4438198">
<File name="chunk-00956" type="av">
<FileVariant size="53" variant="04f9b0a5-b497-44a3-95a8-d55d99cb96c1" />
</File>
<Timelines>
<Transcode startTime="57885" endTime="57888" complete="1" fileType="av" variant="04f9b0a5-b497-44a3-95a8-d55d99cb96c1" />
</Timelines>
</Segment>
<Segment duration="6571" startOffset="4438199" endOffset="4444770">
<File name="chunk-00957" type="av">
<FileVariant size="100" variant="04f9b0a5-b497-44a3-95a8-d55d99cb96c1" />
</File>
<Timelines>
<Transcode startTime="57888" endTime="57941" complete="1" fileType="av" variant="04f9b0a5-b497-44a3-95a8-d55d99cb96c1" />
</Timelines>
</Segment>
<Segment duration="2914" startOffset="4444771" endOffset="4447686">
<File name="chunk-00958" type="av">
<FileVariant size="73" variant="04f9b0a5-b497-44a3-95a8-d55d99cb96c1" />
</File>
<Timelines>
<Transcode startTime="57941" endTime="57977" complete="1" fileType="av" variant="04f9b0a5-b497-44a3-95a8-d55d99cb96c1" />
</Timelines>
</Segment>
<Segment duration="1305" startOffset="4447687" endOffset="4448992">
<File name="chunk-00959" type="av">
<FileVariant size="51" variant="04f9b0a5-b497-44a3-95a8-d55d99cb96c1" />
</File>
<Timelines>
<Transcode startTime="57977" endTime="58008" complete="1" fileType="av" variant="04f9b0a5-b497-44a3-95a8-d55d99cb96c1" />
</Timelines>
</Segment>
<Segment duration="2391" startOffset="4448993" endOffset="4451385">
<File name="chunk-00960" type="av">
<FileVariant size="85" variant="04f9b0a5-b497-44a3-95a8-d55d99cb96c1" />
</File>
<Timelines>
<Transcode startTime="58008" endTime="58044" complete="1" fileType="av" variant="04f9b0a5-b497-44a3-95a8-d55d99cb96c1" />
</Timelines>
</Segment>
<Segment duration="3915" startOffset="4451386" endOffset="4455302">
<File name="chunk-00961" type="av">
<FileVariant size="72" variant="04f9b0a5-b497-44a3-95a8-d55d99cb96c1" />
</File>
<Timelines>
<Transcode startTime="58044" endTime="58074" complete="1" fileType="av" variant="04f9b0a5-b497-44a3-95a8-d55d99cb96c1" />
</Timelines>
</Segment>
<Segment duration="2306" startOffset="4455303" endOffset="4457609">
<File name="chunk-00962" type="av">
<FileVariant size="60" variant="04f9b0a5-b497-44a3-95a8-d55d99cb96c1" />
</File>
<Timelines>
<Transcode startTime="58074" endTime="58116" complete="1" fileType="av" variant="04f9b0a5-b497-44a3-95a8-d55d99cb96c1" />
</Timelines>
</Segment>
<Segment duration="3829" startOffset="4457610" endOffset="4461439">
<File name="chunk-00963" type="av">
<FileVariant size="87" variant="04f9b0a5-b497-44a3-95a8-d55d99cb96c1" />
</File>
<Timelines>
<Transcode startTime="58116" endTime="58168" complete="1" fileType="av" variant="04f9b0a5-b497-44a3-95a8-d55d99cb96c1" />
</Timelines>
</Segment>
<Segment duration="2393" startOffset="4461440" endOffset="4463833">
<File name="chunk-00964" type="av">
<FileVariant size="60" variant="04f9b0a5-b497-44a3-95a8-d55d99cb96c1" />
</File>
<Timelines>
<Transcode startTime="58168" endTime="58273" complete="1" fileType="av" variant="04f9b0a5-b497-44a3-95a8-d55d99cb96c1" />
</Timelines>
</Segment>
<Segment duration="1610" startOffset="4466053" endOffset="4467664">
<File name="chunk-00965" type="av">
<FileVariant size="47" variant="04f9b0a5-b497-44a3-95a8-d55d99cb96c1" />
</File>
<Timelines>
<Transcode startTime="58273" endTime="58284" complete="1" fileType="av" variant="04f9b0a5-b497-44a3-95a8-d55d99cb96c1" />
</Timelines>
</Segment>
<Segment duration="913" startOffset="4468316" endOffset="4469229">
<File name="chunk-00966" type="av">
<FileVariant size="40" variant="04f9b0a5-b497-44a3-95a8-d55d99cb96c1" />
</File>
<Timelines>
<Transcode startTime="58284" endTime="58353" complete="1" fileType="av" variant="04f9b0a5-b497-44a3-95a8-d55d99cb96c1" />
</Timelines>
</Segment>
<Segment duration="2087" startOffset="4474497" endOffset="4476585">
<File name="chunk-00967" type="av">
<FileVariant size="51" variant="04f9b0a5-b497-44a3-95a8-d55d99cb96c1" />
</File>
<Timelines>
<Transcode startTime="58353" endTime="58406" complete="1" fileType="av" variant="04f9b0a5-b497-44a3-95a8-d55d99cb96c1" />
</Timelines>
</Segment>
<Segment duration="1434" startOffset="4476586" endOffset="4478021">
<File name="chunk-00968" type="av">
<FileVariant size="49" variant="04f9b0a5-b497-44a3-95a8-d55d99cb96c1" />
</File>
<Timelines>
<Transcode startTime="58406" endTime="58444" complete="1" fileType="av" variant="04f9b0a5-b497-44a3-95a8-d55d99cb96c1" />
</Timelines>
</Segment>
<Segment duration="2524" startOffset="4478022" endOffset="4480546">
<File name="chunk-00969" type="av">
<FileVariant size="64" variant="04f9b0a5-b497-44a3-95a8-d55d99cb96c1" />
</File>
<Timelines>
<Transcode startTime="58444" endTime="58490" complete="1" fileType="av" variant="04f9b0a5-b497-44a3-95a8-d55d99cb96c1" />
</Timelines>
</Segment>
<Segment duration="2697" startOffset="4481460" endOffset="4484157">
<File name="chunk-00970" type="av">
<FileVariant size="55" variant="04f9b0a5-b497-44a3-95a8-d55d99cb96c1" />
</File>
<Timelines>
<Transcode startTime="58490" endTime="58525" complete="1" fileType="av" variant="04f9b0a5-b497-44a3-95a8-d55d99cb96c1" />
</Timelines>
</Segment>
<Segment duration="3220" startOffset="4484158" endOffset="4487379">
<File name="chunk-00971" type="av">
<FileVariant size="63" variant="04f9b0a5-b497-44a3-95a8-d55d99cb96c1" />
</File>
<Timelines>
<Transcode startTime="58525" endTime="58566" complete="1" fileType="av" variant="04f9b0a5-b497-44a3-95a8-d55d99cb96c1" />
</Timelines>
</Segment>
<Segment duration="1349" startOffset="4489816" endOffset="4491165">
<File name="chunk-00972" type="av">
<FileVariant size="49" variant="04f9b0a5-b497-44a3-95a8-d55d99cb96c1" />
</File>
<Timelines>
<Transcode startTime="58566" endTime="58601" complete="1" fileType="av" variant="04f9b0a5-b497-44a3-95a8-d55d99cb96c1" />
</Timelines>
</Segment>
<Segment duration="869" startOffset="4491862" endOffset="4492732">
<File name="chunk-00973" type="av">
<FileVariant size="45" variant="04f9b0a5-b497-44a3-95a8-d55d99cb96c1" />
</File>
<Timelines>
<Transcode startTime="58601" endTime="58643" complete="1" fileType="av" variant="04f9b0a5-b497-44a3-95a8-d55d99cb96c1" />
</Timelines>
</Segment>
<Segment duration="1479" startOffset="4493428" endOffset="4494907">
<File name="chunk-00974" type="av">
<FileVariant size="56" variant="04f9b0a5-b497-44a3-95a8-d55d99cb96c1" />
</File>
<Timelines>
<Transcode startTime="58643" endTime="58675" complete="1" fileType="av" variant="04f9b0a5-b497-44a3-95a8-d55d99cb96c1" />
</Timelines>
</Segment>
<Segment duration="1000" startOffset="4494908" endOffset="4495908">
<File name="chunk-00975" type="av">
<FileVariant size="40" variant="04f9b0a5-b497-44a3-95a8-d55d99cb96c1" />
</File>
<Timelines>
<Transcode startTime="58675" endTime="58676" complete="1" fileType="av" variant="04f9b0a5-b497-44a3-95a8-d55d99cb96c1" />
</Timelines>
</Segment>
<Segment duration="958" startOffset="4495909" endOffset="4496867">
<File name="chunk-00976" type="av">
<FileVariant size="40" variant="04f9b0a5-b497-44a3-95a8-d55d99cb96c1" />
</File>
<Timelines>
<Transcode startTime="58676" endTime="58790" complete="1" fileType="av" variant="04f9b0a5-b497-44a3-95a8-d55d99cb96c1" />
</Timelines>
</Segment>
<Segment duration="2567" startOffset="4501219" endOffset="4503786">
<File name="chunk-00977" type="av">
<FileVariant size="56" variant="04f9b0a5-b497-44a3-95a8-d55d99cb96c1" />
</File>
<Timelines>
<Transcode startTime="58790" endTime="58893" complete="1" fileType="av" variant="04f9b0a5-b497-44a3-95a8-d55d99cb96c1" />
</Timelines>
</Segment>
<Segment duration="1608" startOffset="4503787" endOffset="4505396">
<File name="chunk-00978" type="av">
<FileVariant size="57" variant="04f9b0a5-b497-44a3-95a8-d55d99cb96c1" />
</File>
<Timelines>
<Transcode startTime="58893" endTime="58929" complete="1" fileType="av" variant="04f9b0a5-b497-44a3-95a8-d55d99cb96c1" />
</Timelines>
</Segment>
<Segment duration="2914" startOffset="4505397" endOffset="4508312">
<File name="chunk-00979" type="av">
<FileVariant size="68" variant="04f9b0a5-b497-44a3-95a8-d55d99cb96c1" />
</File>
<Timelines>
<Transcode startTime="58929" endTime="59002" complete="1" fileType="av" variant="04f9b0a5-b497-44a3-95a8-d55d99cb96c1" />
</Timelines>
</Segment>
<Segment duration="2131" startOffset="4508313" endOffset="4510444">
<File name="chunk-00980" type="av">
<FileVariant size="58" variant="04f9b0a5-b497-44a3-95a8-d55d99cb96c1" />
</File>
<Timelines>
<Transcode startTime="59002" endTime="59023" complete="1" fileType="av" variant="04f9b0a5-b497-44a3-95a8-d55d99cb96c1" />
</Timelines>
</Segment>
<Segment duration="1958" startOffset="4510445" endOffset="4512403">
<File name="chunk-00981" type="av">
<FileVariant size="44" variant="04f9b0a5-b497-44a3-95a8-d55d99cb96c1" />
</File>
<Timelines>
<Transcode startTime="59023" endTime="59099" complete="1" fileType="av" variant="04f9b0a5-b497-44a3-95a8-d55d99cb96c1" />
</Timelines>
</Segment>
<Segment duration="2914" startOffset="4512404" endOffset="4515319">
<File name="chunk-00982" type="av">
<FileVariant size="66" variant="04f9b0a5-b497-44a3-95a8-d55d99cb96c1" />
</File>
<Timelines>
<Transcode startTime="59099" endTime="59146" complete="1" fileType="av" variant="04f9b0a5-b497-44a3-95a8-d55d99cb96c1" />
</Timelines>
</Segment>
<Segment duration="3045" startOffset="4515320" endOffset="4518365">
<File name="chunk-00983" type="av">
<FileVariant size="63" variant="04f9b0a5-b497-44a3-95a8-d55d99cb96c1" />
</File>
<Timelines>
<Transcode startTime="59146" endTime="59197" complete="1" fileType="av" variant="04f9b0a5-b497-44a3-95a8-d55d99cb96c1" />
</Timelines>
</Segment>
<Segment duration="2524" startOffset="4518366" endOffset="4520891">
<File name="chunk-00984" type="av">
<FileVariant size="68" variant="04f9b0a5-b497-44a3-95a8-d55d99cb96c1" />
</File>
<Timelines>
<Transcode startTime="59197" endTime="59265" complete="1" fileType="av" variant="04f9b0a5-b497-44a3-95a8-d55d99cb96c1" />
</Timelines>
</Segment>
<Segment duration="1175" startOffset="4523371" endOffset="4524547">
<File name="chunk-00985" type="av">
<FileVariant size="40" variant="04f9b0a5-b497-44a3-95a8-d55d99cb96c1" />
</File>
<Timelines>
<Transcode startTime="59265" endTime="59378" complete="1" fileType="av" variant="04f9b0a5-b497-44a3-95a8-d55d99cb96c1" />
</Timelines>
</Segment>
<Segment duration="2001" startOffset="4531989" endOffset="4533990">
<File name="chunk-00986" type="av">
<FileVariant size="40" variant="04f9b0a5-b497-44a3-95a8-d55d99cb96c1" />
</File>
<Timelines>
<Transcode startTime="59378" endTime="59471" complete="1" fileType="av" variant="04f9b0a5-b497-44a3-95a8-d55d99cb96c1" />
</Timelines>
</Segment>
<Segment duration="1391" startOffset="4533991" endOffset="4535383">
<File name="chunk-00987" type="av">
<FileVariant size="54" variant="04f9b0a5-b497-44a3-95a8-d55d99cb96c1" />
</File>
<Timelines>
<Transcode startTime="59471" endTime="59539" complete="1" fileType="av" variant="04f9b0a5-b497-44a3-95a8-d55d99cb96c1" />
</Timelines>
</Segment>
<Segment duration="913" startOffset="4536689" endOffset="4537603">
<File name="chunk-00988" type="av">
<FileVariant size="47" variant="04f9b0a5-b497-44a3-95a8-d55d99cb96c1" />
</File>
<Timelines>
<Transcode startTime="59539" endTime="59570" complete="1" fileType="av" variant="04f9b0a5-b497-44a3-95a8-d55d99cb96c1" />
</Timelines>
</Segment>
<Segment duration="1001" startOffset="4538561" endOffset="4539562">
<File name="chunk-00989" type="av">
<FileVariant size="45" variant="04f9b0a5-b497-44a3-95a8-d55d99cb96c1" />
</File>
<Timelines>
<Transcode startTime="59570" endTime="59757" complete="1" fileType="av" variant="04f9b0a5-b497-44a3-95a8-d55d99cb96c1" />
</Timelines>
</Segment>
<Segment duration="1608" startOffset="4550921" endOffset="4552530">
<File name="chunk-00990" type="av">
<FileVariant size="46" variant="04f9b0a5-b497-44a3-95a8-d55d99cb96c1" />
</File>
<Timelines>
<Transcode startTime="59757" endTime="59802" complete="1" fileType="av" variant="04f9b0a5-b497-44a3-95a8-d55d99cb96c1" />
</Timelines>
</Segment>
<Segment duration="3698" startOffset="4552531" endOffset="4556229">
<File name="chunk-00991" type="av">
<FileVariant size="83" variant="04f9b0a5-b497-44a3-95a8-d55d99cb96c1" />
</File>
<Timelines>
<Transcode startTime="59802" endTime="59954" complete="1" fileType="av" variant="04f9b0a5-b497-44a3-95a8-d55d99cb96c1" />
</Timelines>
</Segment>
<Segment duration="870" startOffset="4557449" endOffset="4558319">
<File name="chunk-00992" type="av">
<FileVariant size="40" variant="04f9b0a5-b497-44a3-95a8-d55d99cb96c1" />
</File>
<Timelines>
<Transcode startTime="59954" endTime="60106" complete="1" fileType="av" variant="04f9b0a5-b497-44a3-95a8-d55d99cb96c1" />
</Timelines>
</Segment>
<Segment duration="2872" startOffset="4562280" endOffset="4565152">
<File name="chunk-00993" type="av">
<FileVariant size="41" variant="04f9b0a5-b497-44a3-95a8-d55d99cb96c1" />
</File>
<Timelines>
<Transcode startTime="60106" endTime="60337" complete="1" fileType="av" variant="04f9b0a5-b497-44a3-95a8-d55d99cb96c1" />
</Timelines>
</Segment>
<Segment duration="4264" startOffset="4565805" endOffset="4570069">
<File name="chunk-00994" type="av">
<FileVariant size="91" variant="04f9b0a5-b497-44a3-95a8-d55d99cb96c1" />
</File>
<Timelines>
<Transcode startTime="60337" endTime="60468" complete="1" fileType="av" variant="04f9b0a5-b497-44a3-95a8-d55d99cb96c1" />
</Timelines>
</Segment>
<Segment duration="1043" startOffset="4570070" endOffset="4571114">
<File name="chunk-00995" type="av">
<FileVariant size="40" variant="04f9b0a5-b497-44a3-95a8-d55d99cb96c1" />
</File>
<Timelines>
<Transcode startTime="60468" endTime="60789" complete="1" fileType="av" variant="04f9b0a5-b497-44a3-95a8-d55d99cb96c1" />
</Timelines>
</Segment>
<Segment duration="3567" startOffset="4576686" endOffset="4580253">
<File name="chunk-00996" type="av">
<FileVariant size="74" variant="04f9b0a5-b497-44a3-95a8-d55d99cb96c1" />
</File>
<Timelines>
<Transcode startTime="60789" endTime="60848" complete="1" fileType="av" variant="04f9b0a5-b497-44a3-95a8-d55d99cb96c1" />
</Timelines>
</Segment>
<Segment duration="3306" startOffset="4580254" endOffset="4583561">
<File name="chunk-00997" type="av">
<FileVariant size="83" variant="04f9b0a5-b497-44a3-95a8-d55d99cb96c1" />
</File>
<Timelines>
<Transcode startTime="60848" endTime="60900" complete="1" fileType="av" variant="04f9b0a5-b497-44a3-95a8-d55d99cb96c1" />
</Timelines>
</Segment>
<Segment duration="2872" startOffset="4583562" endOffset="4586434">
<File name="chunk-00998" type="av">
<FileVariant size="74" variant="04f9b0a5-b497-44a3-95a8-d55d99cb96c1" />
</File>
<Timelines>
<Transcode startTime="60900" endTime="61122" complete="1" fileType="av" variant="04f9b0a5-b497-44a3-95a8-d55d99cb96c1" />
</Timelines>
</Segment>
<Segment duration="1219" startOffset="4592266" endOffset="4593485">
<File name="chunk-00999" type="av">
<FileVariant size="41" variant="04f9b0a5-b497-44a3-95a8-d55d99cb96c1" />
</File>
<Timelines>
<Transcode startTime="61122" endTime="61392" complete="1" fileType="av" variant="04f9b0a5-b497-44a3-95a8-d55d99cb96c1" />
</Timelines>
</Segment>
<Segment duration="2262" startOffset="4600361" endOffset="4602624">
<File name="chunk-01000" type="av">
<FileVariant size="60" variant="04f9b0a5-b497-44a3-95a8-d55d99cb96c1" />
</File>
<Timelines>
<Transcode startTime="61392" endTime="61444" complete="1" fileType="av" variant="04f9b0a5-b497-44a3-95a8-d55d99cb96c1" />
</Timelines>
</Segment>
<Segment duration="4480" startOffset="4602625" endOffset="4607106">
<File name="chunk-01001" type="av">
<FileVariant size="62" variant="04f9b0a5-b497-44a3-95a8-d55d99cb96c1" />
</File>
<Timelines>
<Transcode startTime="61444" endTime="61508" complete="1" fileType="av" variant="04f9b0a5-b497-44a3-95a8-d55d99cb96c1" />
</Timelines>
</Segment>
<Segment duration="2175" startOffset="4607107" endOffset="4609282">
<File name="chunk-01002" type="av">
<FileVariant size="53" variant="04f9b0a5-b497-44a3-95a8-d55d99cb96c1" />
</File>
<Timelines>
<Transcode startTime="61508" endTime="61522" complete="1" fileType="av" variant="04f9b0a5-b497-44a3-95a8-d55d99cb96c1" />
</Timelines>
</Segment>
<Segment duration="1349" startOffset="4609283" endOffset="4610633">
<File name="chunk-01003" type="av">
<FileVariant size="54" variant="04f9b0a5-b497-44a3-95a8-d55d99cb96c1" />
</File>
<Timelines>
<Transcode startTime="61522" endTime="61558" complete="1" fileType="av" variant="04f9b0a5-b497-44a3-95a8-d55d99cb96c1" />
</Timelines>
</Segment>
<Segment duration="1390" startOffset="4613157" endOffset="4614548">
<File name="chunk-01004" type="av">
<FileVariant size="41" variant="04f9b0a5-b497-44a3-95a8-d55d99cb96c1" />
</File>
<Timelines>
<Transcode startTime="61558" endTime="61563" complete="1" fileType="av" variant="04f9b0a5-b497-44a3-95a8-d55d99cb96c1" />
</Timelines>
</Segment>
<Segment duration="3654" startOffset="4614549" endOffset="4618204">
<File name="chunk-01005" type="av">
<FileVariant size="90" variant="04f9b0a5-b497-44a3-95a8-d55d99cb96c1" />
</File>
<Timelines>
<Transcode startTime="61563" endTime="61595" complete="1" fileType="av" variant="04f9b0a5-b497-44a3-95a8-d55d99cb96c1" />
</Timelines>
</Segment>
<Segment duration="1654" startOffset="4618205" endOffset="4619859">
<File name="chunk-01006" type="av">
<FileVariant size="43" variant="04f9b0a5-b497-44a3-95a8-d55d99cb96c1" />
</File>
<Timelines>
<Transcode startTime="61595" endTime="61631" complete="1" fileType="av" variant="04f9b0a5-b497-44a3-95a8-d55d99cb96c1" />
</Timelines>
</Segment>
<Segment duration="1349" startOffset="4621165" endOffset="4622514">
<File name="chunk-01007" type="av">
<FileVariant size="43" variant="04f9b0a5-b497-44a3-95a8-d55d99cb96c1" />
</File>
<Timelines>
<Transcode startTime="61631" endTime="61637" complete="1" fileType="av" variant="04f9b0a5-b497-44a3-95a8-d55d99cb96c1" />
</Timelines>
</Segment>
<Segment duration="2742" startOffset="4623254" endOffset="4625996">
<File name="chunk-01008" type="av">
<FileVariant size="43" variant="04f9b0a5-b497-44a3-95a8-d55d99cb96c1" />
</File>
<Timelines>
<Transcode startTime="61637" endTime="61736" complete="1" fileType="av" variant="04f9b0a5-b497-44a3-95a8-d55d99cb96c1" />
</Timelines>
</Segment>
<Segment duration="2132" startOffset="4629390" endOffset="4631523">
<File name="chunk-01009" type="av">
<FileVariant size="54" variant="04f9b0a5-b497-44a3-95a8-d55d99cb96c1" />
</File>
<Timelines>
<Transcode startTime="61736" endTime="61787" complete="1" fileType="av" variant="04f9b0a5-b497-44a3-95a8-d55d99cb96c1" />
</Timelines>
</Segment>
<Segment duration="1698" startOffset="4632959" endOffset="4634657">
<File name="chunk-01010" type="av">
<FileVariant size="46" variant="04f9b0a5-b497-44a3-95a8-d55d99cb96c1" />
</File>
<Timelines>
<Transcode startTime="61787" endTime="61972" complete="1" fileType="av" variant="04f9b0a5-b497-44a3-95a8-d55d99cb96c1" />
</Timelines>
</Segment>
<Segment duration="1001" startOffset="4640532" endOffset="4641533">
<File name="chunk-01011" type="av">
<FileVariant size="41" variant="04f9b0a5-b497-44a3-95a8-d55d99cb96c1" />
</File>
<Timelines>
<Transcode startTime="61972" endTime="62311" complete="1" fileType="av" variant="04f9b0a5-b497-44a3-95a8-d55d99cb96c1" />
</Timelines>
</Segment>
<Segment duration="1001" startOffset="4651543" endOffset="4652544">
<File name="chunk-01012" type="av">
<FileVariant size="46" variant="04f9b0a5-b497-44a3-95a8-d55d99cb96c1" />
</File>
<Timelines>
<Transcode startTime="62311" endTime="62636" complete="1" fileType="av" variant="04f9b0a5-b497-44a3-95a8-d55d99cb96c1" />
</Timelines>
</Segment>
<Segment duration="1001" startOffset="4653197" endOffset="4654198">
<File name="chunk-01013" type="av">
<FileVariant size="41" variant="04f9b0a5-b497-44a3-95a8-d55d99cb96c1" />
</File>
<Timelines>
<Transcode startTime="62636" endTime="62680" complete="1" fileType="av" variant="04f9b0a5-b497-44a3-95a8-d55d99cb96c1" />
</Timelines>
</Segment>
<Segment duration="5742" startOffset="4654764" endOffset="4660507">
<File name="chunk-01014" type="av">
<FileVariant size="40" variant="04f9b0a5-b497-44a3-95a8-d55d99cb96c1" />
</File>
<Timelines>
<Transcode startTime="62680" endTime="62855" complete="1" fileType="av" variant="04f9b0a5-b497-44a3-95a8-d55d99cb96c1" />
</Timelines>
</Segment>
<Segment duration="2698" startOffset="4660508" endOffset="4663206">
<File name="chunk-01015" type="av">
<FileVariant size="42" variant="04f9b0a5-b497-44a3-95a8-d55d99cb96c1" />
</File>
<Timelines>
<Transcode startTime="62855" endTime="62863" complete="1" fileType="av" variant="04f9b0a5-b497-44a3-95a8-d55d99cb96c1" />
</Timelines>
</Segment>
<Segment duration="1173" startOffset="4663207" endOffset="4664381">
<File name="chunk-01016" type="av">
<FileVariant size="49" variant="04f9b0a5-b497-44a3-95a8-d55d99cb96c1" />
</File>
<Timelines>
<Transcode startTime="62863" endTime="62876" complete="1" fileType="av" variant="04f9b0a5-b497-44a3-95a8-d55d99cb96c1" />
</Timelines>
</Segment>
<Segment duration="1957" startOffset="4667124" endOffset="4669081">
<File name="chunk-01017" type="av">
<FileVariant size="49" variant="04f9b0a5-b497-44a3-95a8-d55d99cb96c1" />
</File>
<Timelines>
<Transcode startTime="62876" endTime="62887" complete="1" fileType="av" variant="04f9b0a5-b497-44a3-95a8-d55d99cb96c1" />
</Timelines>
</Segment>
<Segment duration="4568" startOffset="4669082" endOffset="4673651">
<File name="chunk-01018" type="av">
<FileVariant size="83" variant="04f9b0a5-b497-44a3-95a8-d55d99cb96c1" />
</File>
<Timelines>
<Transcode startTime="62887" endTime="62907" complete="1" fileType="av" variant="04f9b0a5-b497-44a3-95a8-d55d99cb96c1" />
</Timelines>
</Segment>
<Segment duration="3350" startOffset="4673652" endOffset="4677002">
<File name="chunk-01019" type="av">
<FileVariant size="76" variant="04f9b0a5-b497-44a3-95a8-d55d99cb96c1" />
</File>
<Timelines>
<Transcode startTime="62907" endTime="62982" complete="1" fileType="av" variant="04f9b0a5-b497-44a3-95a8-d55d99cb96c1" />
</Timelines>
</Segment>
<Segment duration="4309" startOffset="4677003" endOffset="4681312">
<File name="chunk-01020" type="av">
<FileVariant size="74" variant="04f9b0a5-b497-44a3-95a8-d55d99cb96c1" />
</File>
<Timelines>
<Transcode startTime="62982" endTime="63156" complete="1" fileType="av" variant="04f9b0a5-b497-44a3-95a8-d55d99cb96c1" />
</Timelines>
</Segment>
<Segment duration="3176" startOffset="4686317" endOffset="4689494">
<File name="chunk-01021" type="av">
<FileVariant size="64" variant="04f9b0a5-b497-44a3-95a8-d55d99cb96c1" />
</File>
<Timelines>
<Transcode startTime="63156" endTime="63593" complete="1" fileType="av" variant="04f9b0a5-b497-44a3-95a8-d55d99cb96c1" />
</Timelines>
</Segment>
<Segment duration="4089" startOffset="4703551" endOffset="4707641">
<File name="chunk-01022" type="av">
<FileVariant size="85" variant="04f9b0a5-b497-44a3-95a8-d55d99cb96c1" />
</File>
<Timelines>
<Transcode startTime="63593" endTime="63605" complete="1" fileType="av" variant="04f9b0a5-b497-44a3-95a8-d55d99cb96c1" />
</Timelines>
</Segment>
<Segment duration="5657" startOffset="4707642" endOffset="4713299">
<File name="chunk-01023" type="av">
<FileVariant size="106" variant="04f9b0a5-b497-44a3-95a8-d55d99cb96c1" />
</File>
<Timelines>
<Transcode startTime="63605" endTime="63643" complete="1" fileType="av" variant="04f9b0a5-b497-44a3-95a8-d55d99cb96c1" />
</Timelines>
</Segment>
<Segment duration="4176" startOffset="4713300" endOffset="4717477">
<File name="chunk-01024" type="av">
<FileVariant size="92" variant="04f9b0a5-b497-44a3-95a8-d55d99cb96c1" />
</File>
<Timelines>
<Transcode startTime="63643" endTime="63645" complete="1" fileType="av" variant="04f9b0a5-b497-44a3-95a8-d55d99cb96c1" />
</Timelines>
</Segment>
<Segment duration="3612" startOffset="4717478" endOffset="4721090">
<File name="chunk-01025" type="av">
<FileVariant size="76" variant="04f9b0a5-b497-44a3-95a8-d55d99cb96c1" />
</File>
<Timelines>
<Transcode startTime="63645" endTime="63679" complete="1" fileType="av" variant="04f9b0a5-b497-44a3-95a8-d55d99cb96c1" />
</Timelines>
</Segment>
<Segment duration="2131" startOffset="4723093" endOffset="4725224">
<File name="chunk-01026" type="av">
<FileVariant size="63" variant="04f9b0a5-b497-44a3-95a8-d55d99cb96c1" />
</File>
<Timelines>
<Transcode startTime="63679" endTime="63720" complete="1" fileType="av" variant="04f9b0a5-b497-44a3-95a8-d55d99cb96c1" />
</Timelines>
</Segment>
<Segment duration="1696" startOffset="4725225" endOffset="4726922">
<File name="chunk-01027" type="av">
<FileVariant size="49" variant="04f9b0a5-b497-44a3-95a8-d55d99cb96c1" />
</File>
<Timelines>
<Transcode startTime="63720" endTime="63726" complete="1" fileType="av" variant="04f9b0a5-b497-44a3-95a8-d55d99cb96c1" />
</Timelines>
</Segment>
<Segment duration="2828" startOffset="4726923" endOffset="4729751">
<File name="chunk-01028" type="av">
<FileVariant size="52" variant="04f9b0a5-b497-44a3-95a8-d55d99cb96c1" />
</File>
<Timelines>
<Transcode startTime="63726" endTime="63763" complete="1" fileType="av" variant="04f9b0a5-b497-44a3-95a8-d55d99cb96c1" />
</Timelines>
</Segment>
<Segment duration="2739" startOffset="4729752" endOffset="4732492">
<File name="chunk-01029" type="av">
<FileVariant size="72" variant="04f9b0a5-b497-44a3-95a8-d55d99cb96c1" />
</File>
<Timelines>
<Transcode startTime="63763" endTime="63768" complete="1" fileType="av" variant="04f9b0a5-b497-44a3-95a8-d55d99cb96c1" />
</Timelines>
</Segment>
<Segment duration="2871" startOffset="4732493" endOffset="4735365">
<File name="chunk-01030" type="av">
<FileVariant size="72" variant="04f9b0a5-b497-44a3-95a8-d55d99cb96c1" />
</File>
<Timelines>
<Transcode startTime="63768" endTime="63861" complete="1" fileType="av" variant="04f9b0a5-b497-44a3-95a8-d55d99cb96c1" />
</Timelines>
</Segment>
<Segment duration="1958" startOffset="4737890" endOffset="4739849">
<File name="chunk-01031" type="av">
<FileVariant size="62" variant="04f9b0a5-b497-44a3-95a8-d55d99cb96c1" />
</File>
<Timelines>
<Transcode startTime="63861" endTime="63889" complete="1" fileType="av" variant="04f9b0a5-b497-44a3-95a8-d55d99cb96c1" />
</Timelines>
</Segment>
<Segment duration="1869" startOffset="4740719" endOffset="4742589">
<File name="chunk-01032" type="av">
<FileVariant size="58" variant="04f9b0a5-b497-44a3-95a8-d55d99cb96c1" />
</File>
<Timelines>
<Transcode startTime="63889" endTime="63890" complete="1" fileType="av" variant="04f9b0a5-b497-44a3-95a8-d55d99cb96c1" />
</Timelines>
</Segment>
<Segment duration="3872" startOffset="4742590" endOffset="4746463">
<File name="chunk-01033" type="av">
<FileVariant size="97" variant="04f9b0a5-b497-44a3-95a8-d55d99cb96c1" />
</File>
<Timelines>
<Transcode startTime="63890" endTime="63925" complete="1" fileType="av" variant="04f9b0a5-b497-44a3-95a8-d55d99cb96c1" />
</Timelines>
</Segment>
<Segment duration="2914" startOffset="4746464" endOffset="4749379">
<File name="chunk-01034" type="av">
<FileVariant size="85" variant="04f9b0a5-b497-44a3-95a8-d55d99cb96c1" />
</File>
<Timelines>
<Transcode startTime="63925" endTime="63927" complete="1" fileType="av" variant="04f9b0a5-b497-44a3-95a8-d55d99cb96c1" />
</Timelines>
</Segment>
<Segment duration="2087" startOffset="4749380" endOffset="4751468">
<File name="chunk-01035" type="av">
<FileVariant size="66" variant="04f9b0a5-b497-44a3-95a8-d55d99cb96c1" />
</File>
<Timelines>
<Transcode startTime="63927" endTime="63928" complete="1" fileType="av" variant="04f9b0a5-b497-44a3-95a8-d55d99cb96c1" />
</Timelines>
</Segment>
<Segment duration="2305" startOffset="4751469" endOffset="4753775">
<File name="chunk-01036" type="av">
<FileVariant size="63" variant="04f9b0a5-b497-44a3-95a8-d55d99cb96c1" />
</File>
<Timelines>
<Transcode startTime="63928" endTime="63931" complete="1" fileType="av" variant="04f9b0a5-b497-44a3-95a8-d55d99cb96c1" />
</Timelines>
</Segment>
<Segment duration="2131" startOffset="4753776" endOffset="4755907">
<File name="chunk-01037" type="av">
<FileVariant size="58" variant="04f9b0a5-b497-44a3-95a8-d55d99cb96c1" />
</File>
<Timelines>
<Transcode startTime="63931" endTime="63961" complete="1" fileType="av" variant="04f9b0a5-b497-44a3-95a8-d55d99cb96c1" />
</Timelines>
</Segment>
<Segment duration="2393" startOffset="4755908" endOffset="4758301">
<File name="chunk-01038" type="av">
<FileVariant size="62" variant="04f9b0a5-b497-44a3-95a8-d55d99cb96c1" />
</File>
<Timelines>
<Transcode startTime="63961" endTime="63963" complete="1" fileType="av" variant="04f9b0a5-b497-44a3-95a8-d55d99cb96c1" />
</Timelines>
</Segment>
<Segment duration="1131" startOffset="4758302" endOffset="4759433">
<File name="chunk-01039" type="av">
<FileVariant size="41" variant="04f9b0a5-b497-44a3-95a8-d55d99cb96c1" />
</File>
<Timelines>
<Transcode startTime="63963" endTime="63998" complete="1" fileType="av" variant="04f9b0a5-b497-44a3-95a8-d55d99cb96c1" />
</Timelines>
</Segment>
<Segment duration="2046" startOffset="4761696" endOffset="4763742">
<File name="chunk-01040" type="av">
<FileVariant size="61" variant="04f9b0a5-b497-44a3-95a8-d55d99cb96c1" />
</File>
<Timelines>
<Transcode startTime="63998" endTime="64040" complete="1" fileType="av" variant="04f9b0a5-b497-44a3-95a8-d55d99cb96c1" />
</Timelines>
</Segment>
<Segment duration="1435" startOffset="4766571" endOffset="4768006">
<File name="chunk-01041" type="av">
<FileVariant size="42" variant="04f9b0a5-b497-44a3-95a8-d55d99cb96c1" />
</File>
<Timelines>
<Transcode startTime="64040" endTime="64081" complete="1" fileType="av" variant="04f9b0a5-b497-44a3-95a8-d55d99cb96c1" />
</Timelines>
</Segment>
<Segment duration="3481" startOffset="4768007" endOffset="4771488">
<File name="chunk-01042" type="av">
<FileVariant size="88" variant="04f9b0a5-b497-44a3-95a8-d55d99cb96c1" />
</File>
<Timelines>
<Transcode startTime="64081" endTime="64081" complete="1" fileType="av" variant="04f9b0a5-b497-44a3-95a8-d55d99cb96c1" />
</Timelines>
</Segment>
<Segment duration="6397" startOffset="4771489" endOffset="4777886">
<File name="chunk-01043" type="av">
<FileVariant size="97" variant="04f9b0a5-b497-44a3-95a8-d55d99cb96c1" />
</File>
<Timelines>
<Transcode startTime="64081" endTime="64123" complete="1" fileType="av" variant="04f9b0a5-b497-44a3-95a8-d55d99cb96c1" />
</Timelines>
</Segment>
<Segment duration="2436" startOffset="4777887" endOffset="4780323">
<File name="chunk-01044" type="av">
<FileVariant size="51" variant="04f9b0a5-b497-44a3-95a8-d55d99cb96c1" />
</File>
<Timelines>
<Transcode startTime="64123" endTime="64124" complete="1" fileType="av" variant="04f9b0a5-b497-44a3-95a8-d55d99cb96c1" />
</Timelines>
</Segment>
<Segment duration="4438" startOffset="4780324" endOffset="4784762">
<File name="chunk-01045" type="av">
<FileVariant size="82" variant="04f9b0a5-b497-44a3-95a8-d55d99cb96c1" />
</File>
<Timelines>
<Transcode startTime="64124" endTime="64179" complete="1" fileType="av" variant="04f9b0a5-b497-44a3-95a8-d55d99cb96c1" />
</Timelines>
</Segment>
<Segment duration="1567" startOffset="4784763" endOffset="4786330">
<File name="chunk-01046" type="av">
<FileVariant size="72" variant="04f9b0a5-b497-44a3-95a8-d55d99cb96c1" />
</File>
<Timelines>
<Transcode startTime="64179" endTime="64288" complete="1" fileType="av" variant="04f9b0a5-b497-44a3-95a8-d55d99cb96c1" />
</Timelines>
</Segment>
<Segment duration="1567" startOffset="4796122" endOffset="4797689">
<File name="chunk-01047" type="av">
<FileVariant size="46" variant="04f9b0a5-b497-44a3-95a8-d55d99cb96c1" />
</File>
<Timelines>
<Transcode startTime="64288" endTime="64342" complete="1" fileType="av" variant="04f9b0a5-b497-44a3-95a8-d55d99cb96c1" />
</Timelines>
</Segment>
<Segment duration="2783" startOffset="4799256" endOffset="4802040">
<File name="chunk-01048" type="av">
<FileVariant size="62" variant="04f9b0a5-b497-44a3-95a8-d55d99cb96c1" />
</File>
<Timelines>
<Transcode startTime="64342" endTime="64392" complete="1" fileType="av" variant="04f9b0a5-b497-44a3-95a8-d55d99cb96c1" />
</Timelines>
</Segment>
<Segment duration="2436" startOffset="4802041" endOffset="4804478">
<File name="chunk-01049" type="av">
<FileVariant size="62" variant="04f9b0a5-b497-44a3-95a8-d55d99cb96c1" />
</File>
<Timelines>
<Transcode startTime="64392" endTime="64394" complete="1" fileType="av" variant="04f9b0a5-b497-44a3-95a8-d55d99cb96c1" />
</Timelines>
</Segment>
<Segment duration="1521" startOffset="4804957" endOffset="4806479">
<File name="chunk-01050" type="av">
<FileVariant size="42" variant="04f9b0a5-b497-44a3-95a8-d55d99cb96c1" />
</File>
<Timelines>
<Transcode startTime="64394" endTime="64397" complete="1" fileType="av" variant="04f9b0a5-b497-44a3-95a8-d55d99cb96c1" />
</Timelines>
</Segment>
<Segment duration="3481" startOffset="4806480" endOffset="4809961">
<File name="chunk-01051" type="av">
<FileVariant size="97" variant="04f9b0a5-b497-44a3-95a8-d55d99cb96c1" />
</File>
<Timelines>
<Transcode startTime="64397" endTime="64529" complete="1" fileType="av" variant="04f9b0a5-b497-44a3-95a8-d55d99cb96c1" />
</Timelines>
</Segment>
<Segment duration="2479" startOffset="4817796" endOffset="4820276">
<File name="chunk-01052" type="av">
<FileVariant size="69" variant="04f9b0a5-b497-44a3-95a8-d55d99cb96c1" />
</File>
<Timelines>
<Transcode startTime="64529" endTime="64544" complete="1" fileType="av" variant="04f9b0a5-b497-44a3-95a8-d55d99cb96c1" />
</Timelines>
</Segment>
<Segment duration="1435" startOffset="4820277" endOffset="4821712">
<File name="chunk-01053" type="av">
<FileVariant size="71" variant="04f9b0a5-b497-44a3-95a8-d55d99cb96c1" />
</File>
<Timelines>
<Transcode startTime="64544" endTime="64726" complete="1" fileType="av" variant="04f9b0a5-b497-44a3-95a8-d55d99cb96c1" />
</Timelines>
</Segment>
<Segment duration="1739" startOffset="4828198" endOffset="4829938">
<File name="chunk-01054" type="av">
<FileVariant size="69" variant="04f9b0a5-b497-44a3-95a8-d55d99cb96c1" />
</File>
<Timelines>
<Transcode startTime="64726" endTime="64763" complete="1" fileType="av" variant="04f9b0a5-b497-44a3-95a8-d55d99cb96c1" />
</Timelines>
</Segment>
<Segment duration="1478" startOffset="4829939" endOffset="4831418">
<File name="chunk-01055" type="av">
<FileVariant size="58" variant="04f9b0a5-b497-44a3-95a8-d55d99cb96c1" />
</File>
<Timelines>
<Transcode startTime="64763" endTime="73836" complete="1" fileType="av" variant="04f9b0a5-b497-44a3-95a8-d55d99cb96c1" />
</Timelines>
</Segment>
</SegmentList>
<PlaybackReports>
<Playback startTime="8588" endTime="18566" state="playing" progress="909219" />
<Playback startTime="18566" endTime="29338" state="playing" progress="919243" />
<Playback startTime="29338" endTime="39384" state="playing" progress="930022" />
<Playback startTime="39384" endTime="49398" state="playing" progress="940042" />
<Playback startTime="49398" endTime="59444" state="playing" progress="950064" />
<Playback startTime="59444" endTime="69501" state="playing" progress="960087" />
<Playback startTime="69501" endTime="79445" state="playing" progress="970104" />
<Playback startTime="79445" endTime="89460" state="playing" progress="980126" />
<Playback startTime="89460" endTime="99489" state="playing" progress="990151" />
<Playback startTime="99489" endTime="101076" state="playing" progress="1000173" />
</PlaybackReports>
<StateReports />
<StateReports />
</SessionReport>
