Sep 10, 2026 14:14:46.760 [137956092500792] INFO - Plex Media Server v1.43.3.10828-00f62d37d - Docker Docker Container (LinuxServer.io) x86_64 - build: linux-x86_64 debian - GMT 02:00
Sep 10, 2026 14:14:46.760 [137956092500792] INFO - Linux version: 7.0.0-31-generic, language: en-US
Sep 10, 2026 14:14:46.761 [137956092500792] INFO - Processor: 12-core AMD Ryzen 5 3600 6-Core Processor
Sep 10, 2026 14:14:46.761 [137956092500792] INFO - Compiler is - Clang 11.0.1 (https://plex.tv 9b997da8e5b47bdb4a9425b3a3b290be393b4b1f)
Sep 10, 2026 14:14:46.761 [137956092500792] INFO - /usr/lib/plexmediaserver/Plex Media Server
Sep 10, 2026 14:14:46.689 [137956095044240] DEBUG - BPQ: [Idle] -> [Starting]
Sep 10, 2026 14:14:46.877 [137956095044240] DEBUG - FeatureManager: Using cached data for features list
Sep 10, 2026 14:14:46.914 [137956095044240] DEBUG - MyPlex: mapping state set to 'Unknown'.
Sep 10, 2026 14:14:46.971 [137956095044240] DEBUG - Relay: read 11 cached entries from hosts file
Sep 10, 2026 14:14:46.972 [137956095044240] DEBUG - Opening 20 database sessions to library (com.plexapp.plugins.library), SQLite 3.39.4, threadsafe=1
Sep 10, 2026 14:14:47.296 [137956095044240] INFO - SQLITE3:0x80000001, 283, recovered 930 frames from WAL file /config/Library/Application Support/Plex Media Server/Plug-in Support/Databases/com.plexapp.plugins.library.db-wal
Sep 10, 2026 14:14:47.503 [137956095044240] DEBUG - MyPlex: using cached data for request for https://servers.plex.tv/api/v2/server/users/features?filterFeatures[]=b83c8dc9-5a01-4b7a-a7c9-5870c8a6e21b&filterFeatures[]=926bc176-58ca-47da-b8e3-080ed14ea6ba&filterFeatures[]=ea791163-c28d-4b7c-af88-bcc9553b206d&filterFeatures[]=6ab6677b-ad9b-444f-9ca1-b8027d05b3e1&filterFeatures[]=56cd352b-0d47-436d-aced-f20db3508de5
Sep 10, 2026 14:14:47.683 [137956095044240] DEBUG - [CERT] Subject name is /CN=*.71cb29790efb4e41a46396a70bec7f27.plex.direct
Sep 10, 2026 14:14:47.683 [137956095044240] DEBUG - [CERT] Installed certificate with fingerprint 14:c4:f4:89:bb:b4:60:14:19:5a:ea:09:c4:a4:95:74:8f:45:8e:2f.
Sep 10, 2026 14:14:47.683 [137956095044240] DEBUG - [CERT/OCSP] no URL available
Sep 10, 2026 14:14:47.683 [137956095044240] WARN - [CERT/OCSP] getCertInfo failed; skipping stapling
Sep 10, 2026 14:14:47.683 [137956095044240] DEBUG - HttpServer: Listening on port 32400.
Sep 10, 2026 14:14:47.683 [137956095044240] DEBUG - HttpServer: Listening on port 32401.
Sep 10, 2026 14:14:47.683 [137956095044240] DEBUG - Running server...
Sep 10, 2026 14:14:47.683 [137956074543928] DEBUG - HttpServer: Set up a thread pool with 2 threads.
Sep 10, 2026 14:14:47.684 [137956095044240] INFO - Running migrations. (EPG 0)
Sep 10, 2026 14:14:47.684 [137956095044240] DEBUG - Captured session 0.
Sep 10, 2026 14:14:47.684 [137956095044240] DEBUG - Captured session 1.
Sep 10, 2026 14:14:47.684 [137956095044240] DEBUG - Captured session 2.
Sep 10, 2026 14:14:47.684 [137956095044240] DEBUG - Captured session 3.
Sep 10, 2026 14:14:47.684 [137956095044240] DEBUG - Captured session 4.
Sep 10, 2026 14:14:47.684 [137956095044240] DEBUG - Captured session 5.
Sep 10, 2026 14:14:47.684 [137956095044240] DEBUG - Captured session 6.
Sep 10, 2026 14:14:47.684 [137956095044240] DEBUG - Captured session 7.
Sep 10, 2026 14:14:47.684 [137956095044240] DEBUG - Captured session 8.
Sep 10, 2026 14:14:47.684 [137956095044240] DEBUG - Captured session 9.
Sep 10, 2026 14:14:47.684 [137956095044240] DEBUG - Captured session 10.
Sep 10, 2026 14:14:47.684 [137956095044240] DEBUG - Captured session 11.
Sep 10, 2026 14:14:47.684 [137956095044240] DEBUG - Captured session 12.
Sep 10, 2026 14:14:47.684 [137956095044240] DEBUG - Captured session 13.
Sep 10, 2026 14:14:47.684 [137956095044240] DEBUG - Captured session 14.
Sep 10, 2026 14:14:47.684 [137956095044240] DEBUG - Captured session 15.
Sep 10, 2026 14:14:47.684 [137956095044240] DEBUG - Captured session 16.
Sep 10, 2026 14:14:47.684 [137956095044240] DEBUG - Captured session 17.
Sep 10, 2026 14:14:47.684 [137956095044240] DEBUG - Captured session 18.
Sep 10, 2026 14:14:47.684 [137956095044240] DEBUG - Captured session 19.
Sep 10, 2026 14:14:47.860 [137956095044240] DEBUG - ChangestampAllocator: initialized to 40518
Sep 10, 2026 14:14:47.862 [137956095044240] DEBUG - Opening 2 database sessions to library (com.plexapp.plugins.library.blobs), SQLite 3.39.4, threadsafe=1
Sep 10, 2026 14:14:48.049 [137956095044240] INFO - SQLITE3:0x80000001, 283, recovered 679 frames from WAL file /config/Library/Application Support/Plex Media Server/Plug-in Support/Databases/com.plexapp.plugins.library.blobs.db-wal
Sep 10, 2026 14:14:48.052 [137956095044240] INFO - Running migrations. (EPG 0)
Sep 10, 2026 14:14:48.053 [137956095044240] DEBUG - Captured session 0.
Sep 10, 2026 14:14:48.053 [137956095044240] DEBUG - Captured session 1.
Sep 10, 2026 14:14:48.467 [137956077792056] DEBUG - Request: didn't get any data from 127.0.0.1:53774: End of file
Sep 10, 2026 14:14:48.627 [137956087745336] DEBUG - [JobRunner] Job running: /usr/lib/plexmediaserver/CrashUploader "--directory=/config/Library/Application Support/Plex Media Server/Crash Reports/1.43.3.10828-00f62d37d" --version=1.43.3.10828-00f62d37d --platform=Linux --platformVersion=7.0.0-31-generic --serverUuid=83941f65c7406d3beb41458ac8f0f939d9b111d4 --userId=lcorream@lcorream.com --sentryUrl=https://o17675.ingest.sentry.io/api/1233455/ --sentryKey=xxxxxxxxxxxxxxxxxxxxxxxxxxxxxxxx --vendor=Docker --model=x86_64 "--device=Docker Container (LinuxServer.io)"
Sep 10, 2026 14:14:48.628 [137956087745336] DEBUG - [JobRunner] Jobs: Starting child process with pid 212
Sep 10, 2026 14:14:48.717 [137956090301240] DEBUG - Jobs: '/usr/lib/plexmediaserver/CrashUploader' exit code for process 212 is 0 (success)
Sep 10, 2026 14:14:48.866 [137956087745336] DEBUG - Grabber: Cleaning up orphaned grabs.
Sep 10, 2026 14:14:48.867 [137956095044240] DEBUG - Media Provider: Registering provider com.plexapp.plugins.library
Sep 10, 2026 14:14:48.867 [137956095044240] DEBUG - Auth: Refreshing tokens inside the token-based authentication filter.
Sep 10, 2026 14:14:48.867 [137956095044240] DEBUG - MyPlex: using cached data for request for https://servers.plex.tv/api/v2/server/access_tokens?auth_token=xxxxxxxxxxxxxxxxxxxx
Sep 10, 2026 14:14:48.887 [137956095044240] DEBUG - MyPlex: updating with 6 access tokens
Sep 10, 2026 14:14:48.887 [137956087745336] DEBUG - Grabber: Cleaned up 0 decrepit directories in 0.0 sec.
Sep 10, 2026 14:14:48.887 [137956095044240] DEBUG - MyPlex: using cached data for request for https://servers.plex.tv/api/v2/server/users?auth_token=xxxxxxxxxxxxxxxxxxxx
Sep 10, 2026 14:14:48.909 [137956095044240] DEBUG - MyPlex: using cached data for request for https://servers.plex.tv/api/v2/server/users/subscriptions?auth_token=xxxxxxxxxxxxxxxxxxxx
Sep 10, 2026 14:14:48.936 [137956095044240] DEBUG - MyPlex: using cached data for request for https://servers.plex.tv/api/v2/server/users/services?auth_token=xxxxxxxxxxxxxxxxxxxx
Sep 10, 2026 14:14:48.961 [137956087745336] DEBUG - Auth: Refreshing tokens inside the token-based authentication filter.
Sep 10, 2026 14:14:48.961 [137956095044240] DEBUG - Opening 1 database sessions to library (), SQLite 3.39.4, threadsafe=1
Sep 10, 2026 14:14:48.961 [137956087745336] DEBUG - [HCl#1] HTTP requesting GET https://servers.plex.tv/api/v2/server/access_tokens?auth_token=xxxxxxxxxxxxxxxxxxxx
Sep 10, 2026 14:14:48.964 [137955976874808] DEBUG - File "/usr/lib/plexmediaserver/Resources/Plug-ins-00f62d37d" changed: -1 => 2026-07-14 21:41:53 (1784058113).
Sep 10, 2026 14:14:48.964 [137955976874808] DEBUG - File "/config/Library/Application Support/Plex Media Server/Plug-ins" changed: -1 => 2026-04-17 17:33:22 (1776440002).
Sep 10, 2026 14:14:48.964 [137955976874808] DEBUG - Scanning for plug-ins in "/usr/lib/plexmediaserver/Resources/Plug-ins-00f62d37d"
Sep 10, 2026 14:14:48.979 [137955976874808] DEBUG - Scanning for plug-ins in "/config/Library/Application Support/Plex Media Server/Plug-ins"
Sep 10, 2026 14:14:49.002 [137955976874808] DEBUG - PluginRepository::setStartState: 1, startingSystem
Sep 10, 2026 14:14:49.002 [137955976874808] DEBUG - Starting plug-in /usr/lib/plexmediaserver/Resources/Plug-ins-00f62d37d/System.bundle.
Sep 10, 2026 14:14:49.002 [137955976874808] DEBUG - [com.plexapp.system] Setting plug-in to always running (daemon mode).
Sep 10, 2026 14:14:49.003 [137955976874808] DEBUG - Starting file watcher for com.plexapp.system
Sep 10, 2026 14:14:49.003 [137955976874808] DEBUG - Plugin: setting environment variable: 'PYTHONHOME=/usr/lib/plexmediaserver/Resources/Python'
Sep 10, 2026 14:14:49.003 [137955976874808] DEBUG - Plugin: setting environment variable: 'PYTHONPATH=/usr/lib/plexmediaserver/Resources/Python/python27.zip:/usr/lib/plexmediaserver/Resources/Python/lib/python2.7/site-packages'
Sep 10, 2026 14:14:49.004 [137955976874808] DEBUG - Spawned plug-in com.plexapp.system with PID 221
Sep 10, 2026 14:14:49.004 [137955976874808] DEBUG - [com.plexapp.system] Sending command: GET /:/prefixes
Sep 10, 2026 14:14:49.345 [137955981093688] DEBUG - [HttpClient/HCl#1] HTTP/2.0 (0.4s) 200 response from GET https://servers.plex.tv/api/v2/server/access_tokens?auth_token=xxxxxxxxxxxxxxxxxxxx
Sep 10, 2026 14:14:49.345 [137956087745336] DEBUG - MyPlex: updating with 6 access tokens
Sep 10, 2026 14:14:49.345 [137956087745336] DEBUG - [HCl#2] HTTP requesting GET https://servers.plex.tv/api/v2/server/users?auth_token=xxxxxxxxxxxxxxxxxxxx
Sep 10, 2026 14:14:49.491 [137955981093688] DEBUG - [HttpClient/HCl#2] HTTP/2.0 (0.1s) 200 response from GET https://servers.plex.tv/api/v2/server/users?auth_token=xxxxxxxxxxxxxxxxxxxx (reused)
Sep 10, 2026 14:14:49.492 [137955974765368] DEBUG - [HCl#3] HTTP requesting GET https://servers.plex.tv/api/v2/server/users/subscriptions?auth_token=xxxxxxxxxxxxxxxxxxxx
Sep 10, 2026 14:14:49.646 [137955981093688] DEBUG - [HttpClient/HCl#3] HTTP/2.0 (0.2s) 200 response from GET https://servers.plex.tv/api/v2/server/users/subscriptions?auth_token=xxxxxxxxxxxxxxxxxxxx (reused)
Sep 10, 2026 14:14:49.646 [137955974765368] DEBUG - MyPlex: using cached data for request for https://servers.plex.tv/api/v2/server/users/services?auth_token=xxxxxxxxxxxxxxxxxxxx
Sep 10, 2026 14:14:50.055 [137955972655928] DEBUG - Request: [127.0.0.1:53826 (Loopback)] GET /:/plugins/com.plexapp.system/messaging/function/X0J1bmRsZVNlcnZpY2U6QWxsU2VydmljZXM_/Y2VyZWFsMQoxCmxpc3QKMApyMAo_/Y2VyZWFsMQoxCmRpY3QKMApyMAo_ (3 live) #3 GZIP Token ()
Sep 10, 2026 14:14:50.056 [137956079901496] DEBUG - Completed: [127.0.0.1:53826] 503 GET /:/plugins/com.plexapp.system/messaging/function/X0J1bmRsZVNlcnZpY2U6QWxsU2VydmljZXM_/Y2VyZWFsMQoxCmxpc3QKMApyMAo_/Y2VyZWFsMQoxCmRpY3QKMApyMAo_ (3 live) #3 GZIP 0ms 436 bytes
Sep 10, 2026 14:14:50.057 [137955972655928] DEBUG - Request: [127.0.0.1:53842 (Loopback)] GET / (3 live) #4 GZIP Token ()
Sep 10, 2026 14:14:50.057 [137956077792056] DEBUG - Completed: [127.0.0.1:53842] 503 GET / (3 live) #4 GZIP 0ms 436 bytes
Sep 10, 2026 14:14:50.652 [137955972655928] DEBUG - Request: [127.0.0.1:53858 (Loopback)] GET /servers (3 live) #7 GZIP Token ()
Sep 10, 2026 14:14:50.653 [137956077792056] DEBUG - Completed: [127.0.0.1:53858] 503 GET /servers (3 live) #7 GZIP 0ms 436 bytes
Sep 10, 2026 14:14:50.684 [137955976874808] DEBUG - Reading 486 bytes in the body, code is 200
Sep 10, 2026 14:14:50.684 [137955976874808] DEBUG - [com.plexapp.system] Plug-in running on port 43175.
Sep 10, 2026 14:14:50.684 [137955976874808] DEBUG -  * Plug-in handles prefix: /system
Sep 10, 2026 14:14:50.684 [137955976874808] DEBUG -  * Plug-in handles prefix: /player
Sep 10, 2026 14:14:50.684 [137955976874808] DEBUG - Read configuration for [com.plexapp.system], had 2 prefixes
Sep 10, 2026 14:14:50.684 [137955976874808] DEBUG - Done with 1 synchronous plug-in starts, starting the rest in parallel.
Sep 10, 2026 14:14:50.684 [137955976874808] DEBUG - PluginRepository::setStartState: 2, startingPlugins
Sep 10, 2026 14:14:50.684 [137955976874808] DEBUG - Updating the list of agents known by the system.
Sep 10, 2026 14:14:50.684 [137955976874808] DEBUG - [com.plexapp.system] Sending command over HTTP (GET): /system/agents
Sep 10, 2026 14:14:50.684 [137955976874808] DEBUG - [HCl#4] HTTP requesting GET http://127.0.0.1:43175/system/agents
Sep 10, 2026 14:14:50.685 [137956095044240] DEBUG - Image transcode cache directory: "/config/Library/Application Support/Plex Media Server/Cache/PhotoTranscoder"
Sep 10, 2026 14:14:50.704 [137956095044240] DEBUG - Transcoder: Cleaning old transcode directories.
Sep 10, 2026 14:14:50.736 [137956095044240] DEBUG - MyPlex: using cached data for request for https://servers.plex.tv/api/v2/server/access_tokens?auth_token=xxxxxxxxxxxxxxxxxxxx
Sep 10, 2026 14:14:50.736 [137956095044240] DEBUG - MyPlex: updating with 6 access tokens
Sep 10, 2026 14:14:50.736 [137956095044240] DEBUG - MyPlex: using cached data for request for https://servers.plex.tv/api/v2/server/users?auth_token=xxxxxxxxxxxxxxxxxxxx
Sep 10, 2026 14:14:50.737 [137956095044240] DEBUG - MyPlex: using cached data for request for https://servers.plex.tv/api/v2/server/users/subscriptions?auth_token=xxxxxxxxxxxxxxxxxxxx
Sep 10, 2026 14:14:50.737 [137956095044240] DEBUG - MyPlex: using cached data for request for https://servers.plex.tv/api/v2/server/users/services?auth_token=xxxxxxxxxxxxxxxxxxxx
Sep 10, 2026 14:14:50.737 [137956095044240] DEBUG - MyPlex: using cached data for request for https://servers.plex.tv/api/v2/user?includeSubscriptions=1&includeProviders=1
Sep 10, 2026 14:14:50.744 [137955981093688] DEBUG - [HttpClient/HCl#4] HTTP/1.1 (0.1s) 200 response from GET http://127.0.0.1:43175/system/agents
Sep 10, 2026 14:14:50.744 [137955976874808] DEBUG - [com.plexapp.system] HTTP reply status 200, with 8986 bytes of content.
Sep 10, 2026 14:14:50.746 [137955976874808] DEBUG - The system knows about 12 agents.
Sep 10, 2026 14:14:50.746 [137955968437048] DEBUG - Starting plug-in /usr/lib/plexmediaserver/Resources/Plug-ins-00f62d37d/HTbackdrops.bundle.
Sep 10, 2026 14:14:50.746 [137955966327608] DEBUG - Starting plug-in /usr/lib/plexmediaserver/Resources/Plug-ins-00f62d37d/Framework.bundle.
Sep 10, 2026 14:14:50.746 [137955964218168] DEBUG - Starting plug-in /usr/lib/plexmediaserver/Resources/Plug-ins-00f62d37d/PlexThemeMusic.bundle.
Sep 10, 2026 14:14:50.746 [137955976874808] DEBUG - Waiting for 16 plug-ins to finish starting.
Sep 10, 2026 14:14:50.747 [137955968437048] DEBUG - Perfect cache hit, we don't need to start [com.plexapp.agents.htbackdrops] yet.
Sep 10, 2026 14:14:50.747 [137955968437048] DEBUG - Starting plug-in /usr/lib/plexmediaserver/Resources/Plug-ins-00f62d37d/PersonalMedia.bundle.
Sep 10, 2026 14:14:50.747 [137955966327608] DEBUG - Starting plug-in /usr/lib/plexmediaserver/Resources/Plug-ins-00f62d37d/TheMovieDB.bundle.
Sep 10, 2026 14:14:50.748 [137955964218168] DEBUG - Perfect cache hit, we don't need to start [com.plexapp.agents.plexthememusic] yet.
Sep 10, 2026 14:14:50.748 [137955964218168] DEBUG - Starting plug-in /usr/lib/plexmediaserver/Resources/Plug-ins-00f62d37d/TheTVDBv4.bundle.
Sep 10, 2026 14:14:50.749 [137955968437048] DEBUG - Perfect cache hit, we don't need to start [com.plexapp.agents.none] yet.
Sep 10, 2026 14:14:50.749 [137955968437048] DEBUG - Starting plug-in /usr/lib/plexmediaserver/Resources/Plug-ins-00f62d37d/WebClient.bundle.
Sep 10, 2026 14:14:50.749 [137955966327608] DEBUG - Perfect cache hit, we don't need to start [com.plexapp.agents.themoviedb] yet.
Sep 10, 2026 14:14:50.749 [137955966327608] DEBUG - Starting plug-in /usr/lib/plexmediaserver/Resources/Plug-ins-00f62d37d/MoviePosterDB.bundle.
Sep 10, 2026 14:14:50.750 [137955964218168] DEBUG - Perfect cache hit, we don't need to start [com.plexapp.agents.thetvdb] yet.
Sep 10, 2026 14:14:50.750 [137955964218168] DEBUG - Starting plug-in /usr/lib/plexmediaserver/Resources/Plug-ins-00f62d37d/Scanners.bundle.
Sep 10, 2026 14:14:50.751 [137955966327608] DEBUG - Perfect cache hit, we don't need to start [com.plexapp.agents.movieposterdb] yet.
Sep 10, 2026 14:14:50.751 [137955968437048] DEBUG - Starting plug-in /usr/lib/plexmediaserver/Resources/Plug-ins-00f62d37d/LyricFind.bundle.
Sep 10, 2026 14:14:50.751 [137955966327608] DEBUG - Starting plug-in /usr/lib/plexmediaserver/Resources/Plug-ins-00f62d37d/Media-Flags.bundle.
Sep 10, 2026 14:14:50.752 [137955964218168] DEBUG - Starting plug-in /usr/lib/plexmediaserver/Resources/Plug-ins-00f62d37d/Fanart-TV.bundle.
Sep 10, 2026 14:14:50.753 [137955966327608] DEBUG - Starting plug-in /usr/lib/plexmediaserver/Resources/Plug-ins-00f62d37d/LastFM.bundle.
Sep 10, 2026 14:14:50.753 [137955968437048] DEBUG - Perfect cache hit, we don't need to start [com.plexapp.agents.lyricfind] yet.
Sep 10, 2026 14:14:50.753 [137955968437048] DEBUG - Starting plug-in /usr/lib/plexmediaserver/Resources/Plug-ins-00f62d37d/Musicbrainz.bundle.
Sep 10, 2026 14:14:50.754 [137955966327608] DEBUG - Perfect cache hit, we don't need to start [com.plexapp.agents.lastfm] yet.
Sep 10, 2026 14:14:50.754 [137955966327608] DEBUG - Starting plug-in /usr/lib/plexmediaserver/Resources/Plug-ins-00f62d37d/LocalMedia.bundle.
Sep 10, 2026 14:14:50.754 [137955968437048] DEBUG - Perfect cache hit, we don't need to start [org.musicbrainz.agents.music] yet.
Sep 10, 2026 14:14:50.754 [137955968437048] DEBUG - Starting plug-in /usr/lib/plexmediaserver/Resources/Plug-ins-00f62d37d/PlexMovie.bundle.
Sep 10, 2026 14:14:50.754 [137955964218168] DEBUG - Perfect cache hit, we don't need to start [com.plexapp.agents.fanarttv] yet.
Sep 10, 2026 14:14:50.755 [137955968437048] DEBUG - Perfect cache hit, we don't need to start [com.plexapp.agents.imdb] yet.
Sep 10, 2026 14:14:50.755 [137955966327608] DEBUG - Perfect cache hit, we don't need to start [com.plexapp.agents.localmedia] yet.
Sep 10, 2026 14:14:50.755 [137955976874808] DEBUG - Starting scheduled updates, every 3600 seconds
Sep 10, 2026 14:14:50.755 [137955976874808] INFO - Refreshing paths watched by LibraryUpdateManager
Sep 10, 2026 14:14:50.756 [137955976874808] DEBUG - LibraryUpdateManager will start watching /media/movies
Sep 10, 2026 14:14:50.756 [137955976874808] DEBUG - LibraryUpdateManager will start watching /media/tv
Sep 10, 2026 14:14:50.756 [137955976874808] DEBUG - [Notify] Initializing.
Sep 10, 2026 14:14:50.756 [137955947342648] DEBUG - [Notify] Waiting for inotify notifications...
Sep 10, 2026 14:14:50.756 [137955945233208] DEBUG - [Notify] Now watching "/media/movies"
Sep 10, 2026 14:14:50.756 [137955976874808] DEBUG - Done waiting for all plug-ins to start.
Sep 10, 2026 14:14:50.756 [137955976874808] DEBUG - Creating NetworkServices singleton.
Sep 10, 2026 14:14:50.756 [137955976874808] DEBUG - PluginRepository::setStartState: 3, complete
Sep 10, 2026 14:14:50.756 [137955945233208] DEBUG - [Notify] Now watching "/media/movies/Project Hail Mary (2026)"
Sep 10, 2026 14:14:50.756 [137955943123768] DEBUG - Downloading document http://127.0.0.1:32400/:/plugins/com.plexapp.agents.imdb/prefs
Sep 10, 2026 14:14:50.757 [137955943123768] DEBUG - Translator: Found locale en
Sep 10, 2026 14:14:50.757 [137955943123768] DEBUG - Translator: Found locale sv
Sep 10, 2026 14:14:50.757 [137955943123768] DEBUG - Translator: Found locale pt
Sep 10, 2026 14:14:50.757 [137955943123768] DEBUG - Translator: Found locale ru
Sep 10, 2026 14:14:50.757 [137955943123768] DEBUG - Translator: Found locale af
Sep 10, 2026 14:14:50.757 [137955943123768] DEBUG - Translator: Found locale uk
Sep 10, 2026 14:14:50.757 [137955943123768] DEBUG - Translator: Found locale lt
Sep 10, 2026 14:14:50.757 [137955943123768] DEBUG - Translator: Found locale sl
Sep 10, 2026 14:14:50.757 [137955943123768] DEBUG - Translator: Found locale fr
Sep 10, 2026 14:14:50.757 [137955943123768] DEBUG - Translator: Found locale hr_HR
Sep 10, 2026 14:14:50.757 [137955943123768] DEBUG - Translator: Found locale ja_JP
Sep 10, 2026 14:14:50.757 [137955943123768] DEBUG - Translator: Found locale ro
Sep 10, 2026 14:14:50.757 [137955943123768] DEBUG - Translator: Found locale he
Sep 10, 2026 14:14:50.757 [137955943123768] DEBUG - Translator: Found locale zh_CN
Sep 10, 2026 14:14:50.757 [137955943123768] DEBUG - Translator: Found locale nl
Sep 10, 2026 14:14:50.757 [137955943123768] DEBUG - Translator: Found locale et_EE
Sep 10, 2026 14:14:50.757 [137955943123768] DEBUG - Translator: Found locale sk
Sep 10, 2026 14:14:50.757 [137955943123768] DEBUG - Translator: Found locale es
Sep 10, 2026 14:14:50.757 [137955943123768] DEBUG - Translator: Found locale da
Sep 10, 2026 14:14:50.757 [137955943123768] DEBUG - Translator: Found locale no
Sep 10, 2026 14:14:50.757 [137955943123768] DEBUG - Translator: Found locale sr
Sep 10, 2026 14:14:50.757 [137955943123768] DEBUG - Translator: Found locale fi
Sep 10, 2026 14:14:50.757 [137955943123768] DEBUG - Translator: Found locale de
Sep 10, 2026 14:14:50.757 [137955943123768] DEBUG - Translator: Found locale pl
Sep 10, 2026 14:14:50.757 [137955943123768] DEBUG - Translator: Found locale cs_CZ
Sep 10, 2026 14:14:50.757 [137955943123768] DEBUG - Translator: Found locale hu
Sep 10, 2026 14:14:50.757 [137955943123768] DEBUG - Translator: Found locale it
Sep 10, 2026 14:14:50.757 [137955943123768] DEBUG - Translator: Found locale pt_BR
Sep 10, 2026 14:14:50.757 [137955943123768] DEBUG - Translator: Found locale hu_HU
Sep 10, 2026 14:14:50.757 [137955943123768] DEBUG - Translator: Found locale ar
Sep 10, 2026 14:14:50.757 [137955943123768] DEBUG - Translator: Found locale nl_BE
Sep 10, 2026 14:14:50.757 [137955943123768] DEBUG - Translator: Found locale ko
Sep 10, 2026 14:14:50.760 [137955943123768] DEBUG - [Req#b] Starting file watcher for com.plexapp.agents.imdb
Sep 10, 2026 14:14:50.761 [137955943123768] DEBUG - [Req#b] Plugin: setting environment variable: 'PYTHONHOME=/usr/lib/plexmediaserver/Resources/Python'
Sep 10, 2026 14:14:50.761 [137955943123768] DEBUG - [Req#b] Plugin: setting environment variable: 'PYTHONPATH=/usr/lib/plexmediaserver/Resources/Python/python27.zip:/usr/lib/plexmediaserver/Resources/Python/lib/python2.7/site-packages'
Sep 10, 2026 14:14:50.761 [137955943123768] DEBUG - [Req#b] Spawned plug-in com.plexapp.agents.imdb with PID 281
Sep 10, 2026 14:14:50.761 [137955943123768] DEBUG - [Req#b] [com.plexapp.agents.imdb] Sending command: GET /:/prefixes
Sep 10, 2026 14:14:50.805 [137956095044240] DEBUG - MyPlex: username is lcorream, login is lcorream@lcorream.com, home is 1, no pin
Sep 10, 2026 14:14:50.842 [137955945233208] DEBUG - [Notify] Now watching "/media/movies/Despicable Me 2 (2013)"
Sep 10, 2026 14:14:50.843 [137956095044240] DEBUG - MyPlex: start public ip check and mapping - current mapped state: 'Unknown'.
Sep 10, 2026 14:14:50.843 [137956095044240] DEBUG - MyPlex: mapping state set to 'Not Mapped'.
Sep 10, 2026 14:14:50.843 [137956095044240] DEBUG - PublicAddressManager: Starting.
Sep 10, 2026 14:14:50.843 [137956095044240] DEBUG - PublicAddressManager: Obtaining public address and mapping port.
Sep 10, 2026 14:14:50.843 [137955983203128] DEBUG - NAT: UPnP, attempting port mapping.
Sep 10, 2026 14:14:50.843 [137955985312568] DEBUG - PublicAddressManager: Obtaining public IP.
Sep 10, 2026 14:14:50.843 [137955985312568] DEBUG - [HCl#5] HTTP requesting GET https://v4.plex.tv/pms/:/ip
Sep 10, 2026 14:14:50.843 [137955966327608] DEBUG - [HCl#6] HTTP requesting GET https://servers.plex.tv/api/v2/user?includeSubscriptions=1&includeProviders=1
Sep 10, 2026 14:14:50.844 [137956095044240] DEBUG - NetworkInterface: Starting watch thread.
Sep 10, 2026 14:14:50.844 [137956095044240] DEBUG - Network change.
Sep 10, 2026 14:14:50.844 [137956095044240] DEBUG - NetworkInterface: Notified of network changed (force=0)
Sep 10, 2026 14:14:50.844 [137955938904888] DEBUG - NetworkInterface: Watching for changes on the interfaces.
Sep 10, 2026 14:14:50.845 [137956095044240] DEBUG - Detected primary interface: 192.168.50.198
Sep 10, 2026 14:14:50.845 [137956095044240] DEBUG - Network interfaces:
Sep 10, 2026 14:14:50.845 [137956095044240] DEBUG -  * 1 lo (127.0.0.1) (00-00-00-00-00-00) (loopback: 1)
Sep 10, 2026 14:14:50.845 [137956095044240] DEBUG -  * 4 br0 (192.168.50.198) (6E-80-77-2F-98-79) (loopback: 0)
Sep 10, 2026 14:14:50.845 [137956095044240] DEBUG -  * 6 docker0 (172.17.0.1) (3A-6E-ED-1B-8C-D7) (loopback: 0)
Sep 10, 2026 14:14:50.845 [137956095044240] DEBUG -  * 7 br-235f6dd74ae4 (172.19.0.1) (8E-7C-B9-1F-92-22) (loopback: 0)
Sep 10, 2026 14:14:50.845 [137956095044240] DEBUG -  * 8 br-53c797451b25 (172.18.0.1) (FE-F6-7E-E4-5B-1A) (loopback: 0)
Sep 10, 2026 14:14:50.845 [137956095044240] DEBUG -  * 9 br-68775987df55 (172.21.0.1) (5A-84-03-14-C0-1E) (loopback: 0)
Sep 10, 2026 14:14:50.845 [137956095044240] DEBUG -  * 10 br-938933c6442d (172.20.0.1) (8A-D4-1F-5A-D2-CB) (loopback: 0)
Sep 10, 2026 14:14:50.845 [137956095044240] DEBUG - NetworkServices: Initializing...
Sep 10, 2026 14:14:50.845 [137956095044240] DEBUG - NetworkService: Creating new service.
Sep 10, 2026 14:14:50.845 [137956095044240] DEBUG - NetworkService: Got notification of changed network (first change: 1)
Sep 10, 2026 14:14:50.845 [137956095044240] DEBUG - NetworkService: Quick dispatch of network change.
Sep 10, 2026 14:14:50.845 [137956095044240] DEBUG - NetworkService: Creating new service.
Sep 10, 2026 14:14:50.845 [137955941014328] DEBUG - Network change for advertiser.
Sep 10, 2026 14:14:50.845 [137956095044240] DEBUG - NetworkService: Got notification of changed network (first change: 1)
Sep 10, 2026 14:14:50.845 [137956095044240] DEBUG - NetworkService: Quick dispatch of network change.
Sep 10, 2026 14:14:50.845 [137956095044240] DEBUG - NetworkService: Creating new service.
Sep 10, 2026 14:14:50.845 [137955941014328] DEBUG - NetworkService: Setting up multicast listener on 0.0.0.0:32414
Sep 10, 2026 14:14:50.845 [137956095044240] DEBUG - NetworkService: Got notification of changed network (first change: 1)
Sep 10, 2026 14:14:50.845 [137956095044240] DEBUG - NetworkService: Quick dispatch of network change.
Sep 10, 2026 14:14:50.845 [137956095044240] DEBUG - NetworkService: Creating new service.
Sep 10, 2026 14:14:50.845 [137956095044240] DEBUG - NetworkService: Got notification of changed network (first change: 1)
Sep 10, 2026 14:14:50.845 [137956095044240] DEBUG - NetworkService: Quick dispatch of network change.
Sep 10, 2026 14:14:50.845 [137956095044240] DEBUG - NetworkService: Creating new service.
Sep 10, 2026 14:14:50.845 [137956095044240] DEBUG - NetworkService: Got notification of changed network (first change: 1)
Sep 10, 2026 14:14:50.845 [137956095044240] DEBUG - NetworkService: Quick dispatch of network change.
Sep 10, 2026 14:14:50.845 [137956095044240] DEBUG - NetworkService: Creating new service.
Sep 10, 2026 14:14:50.845 [137956095044240] DEBUG - NetworkService: Got notification of changed network (first change: 1)
Sep 10, 2026 14:14:50.845 [137956095044240] DEBUG - NetworkService: Quick dispatch of network change.
Sep 10, 2026 14:14:50.846 [137955941014328] DEBUG - Network change for advertiser.
Sep 10, 2026 14:14:50.846 [137955941014328] DEBUG - NetworkService: Setting up multicast listener on 0.0.0.0:32410
Sep 10, 2026 14:14:50.846 [137955941014328] DEBUG - Network change for advertiser.
Sep 10, 2026 14:14:50.846 [137955941014328] DEBUG - NetworkService: Setting up multicast listener on 0.0.0.0:32412
Sep 10, 2026 14:14:50.846 [137955941014328] DEBUG - [NetworkService] Network change for browser (polled=0), closing 0 browse sockets.
Sep 10, 2026 14:14:50.846 [137955941014328] DEBUG - [NetworkService] NetworkService: Setting up multicast listener on 0.0.0.0:32413
Sep 10, 2026 14:14:50.846 [137955941014328] DEBUG - [NetworkService] Browsing on interface 127.0.0.1 on broadcast address 127.255.255.255 (index: 0)
Sep 10, 2026 14:14:50.846 [137955941014328] DEBUG - [NetworkService] Browsing on interface 192.168.50.198 on broadcast address 192.168.50.255 (index: 1)
Sep 10, 2026 14:14:50.846 [137955941014328] DEBUG - [NetworkService] Browsing on interface 172.17.0.1 on broadcast address 172.17.255.255 (index: 2)
Sep 10, 2026 14:14:50.846 [137955941014328] DEBUG - [NetworkService] Browsing on interface 172.19.0.1 on broadcast address 172.19.255.255 (index: 3)
Sep 10, 2026 14:14:50.846 [137955941014328] DEBUG - [NetworkService] Browsing on interface 172.18.0.1 on broadcast address 172.18.255.255 (index: 4)
Sep 10, 2026 14:14:50.846 [137955941014328] DEBUG - [NetworkService] Browsing on interface 172.21.0.1 on broadcast address 172.21.255.255 (index: 5)
Sep 10, 2026 14:14:50.846 [137955941014328] DEBUG - [NetworkService] Browsing on interface 172.20.0.1 on broadcast address 172.20.255.255 (index: 6)
Sep 10, 2026 14:14:50.846 [137955941014328] DEBUG - [NetworkService] Network change for browser (polled=1), closing 0 browse sockets.
Sep 10, 2026 14:14:50.846 [137955941014328] DEBUG - [NetworkService] Browsing on interface 127.0.0.1 on broadcast address 127.255.255.255 (index: 0)
Sep 10, 2026 14:14:50.846 [137955941014328] DEBUG - [NetworkService] Browsing on interface 192.168.50.198 on broadcast address 192.168.50.255 (index: 1)
Sep 10, 2026 14:14:50.846 [137955941014328] DEBUG - [NetworkService] Browsing on interface 172.17.0.1 on broadcast address 172.17.255.255 (index: 2)
Sep 10, 2026 14:14:50.846 [137955941014328] DEBUG - [NetworkService] Browsing on interface 172.19.0.1 on broadcast address 172.19.255.255 (index: 3)
Sep 10, 2026 14:14:50.846 [137955941014328] DEBUG - [NetworkService] Browsing on interface 172.18.0.1 on broadcast address 172.18.255.255 (index: 4)
Sep 10, 2026 14:14:50.846 [137955941014328] DEBUG - [NetworkService] Browsing on interface 172.21.0.1 on broadcast address 172.21.255.255 (index: 5)
Sep 10, 2026 14:14:50.846 [137955941014328] DEBUG - [NetworkService] Browsing on interface 172.20.0.1 on broadcast address 172.20.255.255 (index: 6)
Sep 10, 2026 14:14:50.846 [137955941014328] DEBUG - [NetworkService] Network change for browser (polled=0), closing 0 browse sockets.
Sep 10, 2026 14:14:50.846 [137955941014328] DEBUG - [NetworkService] NetworkService: Setting up multicast listener on 0.0.0.0:1901
Sep 10, 2026 14:14:50.846 [137955941014328] DEBUG - [NetworkService] Browsing on interface 192.168.50.198 on broadcast address 239.255.255.250 (index: 0)
Sep 10, 2026 14:14:50.846 [137955941014328] DEBUG - [NetworkService] Browsing on interface 172.17.0.1 on broadcast address 239.255.255.250 (index: 1)
Sep 10, 2026 14:14:50.846 [137955941014328] DEBUG - [NetworkService] Browsing on interface 172.19.0.1 on broadcast address 239.255.255.250 (index: 2)
Sep 10, 2026 14:14:50.846 [137955941014328] DEBUG - [NetworkService] Browsing on interface 172.18.0.1 on broadcast address 239.255.255.250 (index: 3)
Sep 10, 2026 14:14:50.846 [137955941014328] DEBUG - [NetworkService] Browsing on interface 172.21.0.1 on broadcast address 239.255.255.250 (index: 4)
Sep 10, 2026 14:14:50.846 [137955941014328] DEBUG - [NetworkService] Browsing on interface 172.20.0.1 on broadcast address 239.255.255.250 (index: 5)
Sep 10, 2026 14:14:50.847 [137955936795448] DEBUG - [ChildProcessMonitor] Plex Tuner Service starting.
Sep 10, 2026 14:14:50.847 [137955936795448] DEBUG - [ChildProcessMonitor/JobRunner] Job running: "/usr/lib/plexmediaserver/Plex Tuner Service" /usr/lib/plexmediaserver/Resources/Tuner/Private /usr/lib/plexmediaserver/Resources/Tuner/Shared 1.43.3.10828-00f62d37d 32600
Sep 10, 2026 14:14:50.847 [137955987422008] DEBUG - [DatabaseFixups] Running fix-ups.
Sep 10, 2026 14:14:50.847 [137955987422008] DEBUG - [DatabaseFixups/31DatabaseFixupsCleanupRetroGames] Executing fixup
Sep 10, 2026 14:14:50.847 [137955951561528] DEBUG - [HCl#7] HTTP requesting GET https://servers.plex.tv/api/v2/release_channels?X-Plex-Token=xxxxxxxxxxxxxxxxxxxx
Sep 10, 2026 14:14:50.847 [137955987422008] DEBUG - [DatabaseFixups/31DatabaseFixupsCleanupRetroGames] Fixup completed
Sep 10, 2026 14:14:50.847 [137955987422008] DEBUG - [DatabaseFixups/39DatabaseFixupsEnsureLibrarySectionUuids] Executing fixup
Sep 10, 2026 14:14:50.847 [137956095044240] DEBUG - Waiting for server condition to be signaled.
Sep 10, 2026 14:14:50.847 [137956087745336] DEBUG - [HCl#8] HTTP requesting GET https://servers.plex.tv/api/v2/user/privacy?X-Plex-Token=xxxxxxxxxxxxxxxxxxxx
Sep 10, 2026 14:14:50.847 [137955949452088] DEBUG - [HCl#9] HTTP requesting GET https://servers.plex.tv/api/v2/features?X-Plex-Token=xxxxxxxxxxxxxxxxxxxx
Sep 10, 2026 14:14:50.847 [137955959999288] DEBUG - DVR: Starting up.
Sep 10, 2026 14:14:50.847 [137955936795448] DEBUG - [ChildProcessMonitor/JobRunner] Jobs: Starting child process with pid 286
Sep 10, 2026 14:14:50.848 [137955987422008] DEBUG - [DatabaseFixups/39DatabaseFixupsEnsureLibrarySectionUuids] Fixup completed
Sep 10, 2026 14:14:50.848 [137955987422008] DEBUG - [DatabaseFixups/38DatabaseFixupsEnsureMetadataItemHashes] Executing fixup
Sep 10, 2026 14:14:50.848 [137955987422008] DEBUG - [DatabaseFixups/38DatabaseFixupsEnsureMetadataItemHashes] Fixup completed
Sep 10, 2026 14:14:50.848 [137955987422008] DEBUG - [DatabaseFixups/39DatabaseFixupsSetDefaultAccountLanguage] Executing fixup
Sep 10, 2026 14:14:50.848 [137955987422008] DEBUG - [DatabaseFixups/39DatabaseFixupsSetDefaultAccountLanguage] Fixup completed
Sep 10, 2026 14:14:50.848 [137955987422008] DEBUG - [DatabaseFixups/52DatabaseFixupsCreateDefaultMediaProcessingTargetTags] Executing fixup
Sep 10, 2026 14:14:50.848 [137955959999288] DEBUG - Activity: registered new activity 50fc85df-67f4-4e62-a6b9-f78850934ffe - "Processing subscriptions"
Sep 10, 2026 14:14:50.865 [137955953670968] DEBUG - PublicAddressManager: Obtaining public address and mapping port.
Sep 10, 2026 14:14:50.874 [137955945233208] DEBUG - [Notify] Now watching "/media/movies/The Secret Life of Pets 2 (2019)"
Sep 10, 2026 14:14:50.931 [137955945233208] DEBUG - [Notify] Now watching "/media/movies/Despicable Me 3 (2017)"
Sep 10, 2026 14:14:50.976 [137955945233208] DEBUG - [Notify] Now watching "/media/movies/The Hunger Games - The Ballad of Songbirds && Snakes (2023)"
Sep 10, 2026 14:14:50.998 [137955981093688] DEBUG - [HttpClient/HCl#8] HTTP/2.0 (0.2s) 200 response from GET https://servers.plex.tv/api/v2/user/privacy?X-Plex-Token=xxxxxxxxxxxxxxxxxxxx (reused)
Sep 10, 2026 14:14:51.010 [137955981093688] DEBUG - [HttpClient/HCl#7] HTTP/2.0 (0.2s) 200 response from GET https://servers.plex.tv/api/v2/release_channels?X-Plex-Token=xxxxxxxxxxxxxxxxxxxx (reused)
Sep 10, 2026 14:14:51.051 [137955945233208] DEBUG - [Notify] Now watching "/media/movies/Land of Bad (2024)"
Sep 10, 2026 14:14:51.053 [137955987422008] DEBUG - [DatabaseFixups/52DatabaseFixupsCreateDefaultMediaProcessingTargetTags] Fixup completed
Sep 10, 2026 14:14:51.053 [137955987422008] DEBUG - [DatabaseFixups/43DatabaseFixupsUpdateAutomaticLibraryFolders] Executing fixup
Sep 10, 2026 14:14:51.053 [137955987422008] DEBUG - [DatabaseFixups/43DatabaseFixupsUpdateAutomaticLibraryFolders] Fixup completed
Sep 10, 2026 14:14:51.053 [137955987422008] DEBUG - [DatabaseFixups/29DatabaseFixupsSyncCollections] Executing fixup
Sep 10, 2026 14:14:51.053 [137955945233208] DEBUG - [Notify] Now watching "/media/movies/Despicable Me (2010)"
Sep 10, 2026 14:14:51.054 [137955945233208] DEBUG - [Notify] Now watching "/media/movies/The SpongeBob Movie - Search for SquarePants (2025)"
Sep 10, 2026 14:14:51.054 [137955987422008] DEBUG - [DatabaseFixups/29DatabaseFixupsSyncCollections] Collections: Found 0 collections tags in section 1.
Sep 10, 2026 14:14:51.054 [137955987422008] DEBUG - [DatabaseFixups/29DatabaseFixupsSyncCollections] Collections: We had 0 collections in the library already.
Sep 10, 2026 14:14:51.054 [137955987422008] DEBUG - [DatabaseFixups/29DatabaseFixupsSyncCollections] Collections: Synced tags in section 1 in 0ms.
Sep 10, 2026 14:14:51.055 [137955987422008] DEBUG - [DatabaseFixups/29DatabaseFixupsSyncCollections] Collections: Refreshed attributes for 0 collections in section 1 in 1ms.
Sep 10, 2026 14:14:51.056 [137955987422008] DEBUG - [DatabaseFixups/29DatabaseFixupsSyncCollections] Collection: Refreshed visibility in section 1 in 0ms.
Sep 10, 2026 14:14:51.056 [137955987422008] DEBUG - [DatabaseFixups/29DatabaseFixupsSyncCollections] Collections: Found 0 collections tags in section 2.
Sep 10, 2026 14:14:51.056 [137955987422008] DEBUG - [DatabaseFixups/29DatabaseFixupsSyncCollections] Collections: We had 0 collections in the library already.
Sep 10, 2026 14:14:51.056 [137955987422008] DEBUG - [DatabaseFixups/29DatabaseFixupsSyncCollections] Collections: Synced tags in section 2 in 0ms.
Sep 10, 2026 14:14:51.056 [137955987422008] DEBUG - [DatabaseFixups/29DatabaseFixupsSyncCollections] Collections: Found 0 collections tags in section 2.
Sep 10, 2026 14:14:51.056 [137955987422008] DEBUG - [DatabaseFixups/29DatabaseFixupsSyncCollections] Collections: We had 0 collections in the library already.
Sep 10, 2026 14:14:51.056 [137955987422008] DEBUG - [DatabaseFixups/29DatabaseFixupsSyncCollections] Collections: Synced tags in section 2 in 0ms.
Sep 10, 2026 14:14:51.056 [137955987422008] DEBUG - [DatabaseFixups/29DatabaseFixupsSyncCollections] Collections: Found 0 collections tags in section 2.
Sep 10, 2026 14:14:51.056 [137955987422008] DEBUG - [DatabaseFixups/29DatabaseFixupsSyncCollections] Collections: We had 0 collections in the library already.
Sep 10, 2026 14:14:51.056 [137955987422008] DEBUG - [DatabaseFixups/29DatabaseFixupsSyncCollections] Collections: Synced tags in section 2 in 0ms.
Sep 10, 2026 14:14:51.058 [137955987422008] DEBUG - [DatabaseFixups/29DatabaseFixupsSyncCollections] Collections: Refreshed attributes for 0 collections in section 2 in 1ms.
Sep 10, 2026 14:14:51.058 [137955987422008] DEBUG - [DatabaseFixups/29DatabaseFixupsSyncCollections] Collection: Refreshed visibility in section 2 in 0ms.
Sep 10, 2026 14:14:51.058 [137955987422008] DEBUG - [DatabaseFixups/29DatabaseFixupsSyncCollections] Fixup completed
Sep 10, 2026 14:14:51.058 [137955987422008] DEBUG - [DatabaseFixups/31DatabaseFixupsCleanupActivities] Executing fixup
Sep 10, 2026 14:14:51.059 [137955981093688] DEBUG - [HttpClient/HCl#9] HTTP/2.0 (0.2s) 200 response from GET https://servers.plex.tv/api/v2/features?X-Plex-Token=xxxxxxxxxxxxxxxxxxxx (reused)
Sep 10, 2026 14:14:51.060 [137955949452088] DEBUG - [HCl#a] HTTP requesting GET https://servers.plex.tv/api/v2/server/users/features?filterFeatures[]=b83c8dc9-5a01-4b7a-a7c9-5870c8a6e21b&filterFeatures[]=926bc176-58ca-47da-b8e3-080ed14ea6ba&filterFeatures[]=ea791163-c28d-4b7c-af88-bcc9553b206d&filterFeatures[]=6ab6677b-ad9b-444f-9ca1-b8027d05b3e1&filterFeatures[]=56cd352b-0d47-436d-aced-f20db3508de5
Sep 10, 2026 14:14:51.072 [137955945233208] DEBUG - [Notify] Now watching "/media/movies/Avatar Aang - The Last Airbender (2026)"
Sep 10, 2026 14:14:51.105 [137955945233208] DEBUG - [Notify] Now watching "/media/movies/Toy Story 4 (2019)"
Sep 10, 2026 14:14:51.106 [137955945233208] DEBUG - [Notify] Now watching "/media/movies/Schindler's List (1993)"
Sep 10, 2026 14:14:51.125 [137955945233208] DEBUG - [Notify] Now watching "/media/movies/The Super Mario Galaxy Movie (2026)"
Sep 10, 2026 14:14:51.145 [137955981093688] DEBUG - [HttpClient/HCl#6] HTTP/2.0 (0.3s) 200 response from GET https://servers.plex.tv/api/v2/user?includeSubscriptions=1&includeProviders=1 (reused)
Sep 10, 2026 14:14:51.147 [137955974765368] DEBUG - MyPlex: username is lcorream, login is lcorream@lcorream.com, home is 1, no pin
Sep 10, 2026 14:14:51.185 [137955945233208] DEBUG - [Notify] Now watching "/media/movies/Sonic the Hedgehog 3 (2024)"
Sep 10, 2026 14:14:51.186 [137955945233208] DEBUG - [Notify] Now watching "/media/movies/No Hard Feelings (2023)"
Sep 10, 2026 14:14:51.187 [137955966327608] DEBUG - [HCl#b] HTTP requesting GET https://servers.plex.tv/api/v2/geoip
Sep 10, 2026 14:14:51.195 [137955945233208] DEBUG - [Notify] Now watching "/media/movies/Tom and Jerry - Forbidden Compass (2025)"
Sep 10, 2026 14:14:51.231 [137955981093688] DEBUG - [HttpClient/HCl#5] HTTP/1.1 (0.4s) 200 response from GET https://v4.plex.tv/pms/:/ip
Sep 10, 2026 14:14:51.231 [137955985312568] DEBUG - PublicAddressManager: Got public IP from v4.plex.tv: 83.29.212.5
Sep 10, 2026 14:14:51.233 [137955981093688] DEBUG - [HttpClient/HCl#a] HTTP/2.0 (0.2s) 200 response from GET https://servers.plex.tv/api/v2/server/users/features?filterFeatures[]=b83c8dc9-5a01-4b7a-a7c9-5870c8a6e21b&filterFeatures[]=926bc176-58ca-47da-b8e3-080ed14ea6ba&filterFeatures[]=ea791163-c28d-4b7c-af88-bcc9553b206d&filterFeatures[]=6ab6677b-ad9b-444f-9ca1-b8027d05b3e1&filterFeatures[]=56cd352b-0d47-436d-aced-f20db3508de5 (reused)
Sep 10, 2026 14:14:51.306 [137955945233208] DEBUG - [Notify] Now watching "/media/movies/Take the Lead (2006)"
Sep 10, 2026 14:14:51.338 [137955981093688] DEBUG - [HttpClient/HCl#b] HTTP/2.0 (0.2s) 200 response from GET https://servers.plex.tv/api/v2/geoip (reused)
Sep 10, 2026 14:14:51.338 [137955934686008] DEBUG - [HCl#c] HTTP requesting GET https://servers.plex.tv/api/v2/server/webhooks?X-Plex-Token=xxxxxxxxxxxxxxxxxxxx
Sep 10, 2026 14:14:51.338 [137956077792056] DEBUG - [EventSourceClient/pubsub/pubsub12.pop.fra.plex.bz:443] Resolving pubsub12.pop.fra.plex.bz port 443
Sep 10, 2026 14:14:51.338 [137955966327608] DEBUG - [HCl#d] HTTP requesting GET https://servers.plex.tv/api/v2/user/privacy?X-Plex-Token=xxxxxxxxxxxxxxxxxxxx
Sep 10, 2026 14:14:51.358 [137955945233208] DEBUG - [Notify] Now watching "/media/movies/PAW Patrol - The Mighty Movie (2023)"
Sep 10, 2026 14:14:51.374 [137956077792056] DEBUG - [EventSourceClient/pubsub/pubsub12.pop.fra.plex.bz:443] Resolved pubsub12.pop.fra.plex.bz to 172.105.245.178:443
Sep 10, 2026 14:14:51.431 [137955945233208] DEBUG - [Notify] Now watching "/media/movies/Toy Story 2 (1999)"
Sep 10, 2026 14:14:51.448 [137955945233208] DEBUG - [Notify] Now watching "/media/movies/American Underdog (2021)"
Sep 10, 2026 14:14:51.455 [137956077792056] DEBUG - [EventSourceClient/pubsub/pubsub12.pop.fra.plex.bz:443] Connected in 80 ms.
Sep 10, 2026 14:14:51.455 [137956077792056] DEBUG - [EventSourceClient/pubsub/pubsub12.pop.fra.plex.bz:443] Wrote data, reading reply.
Sep 10, 2026 14:14:51.476 [137955981093688] DEBUG - [HttpClient/HCl#d] HTTP/2.0 (0.1s) 200 response from GET https://servers.plex.tv/api/v2/user/privacy?X-Plex-Token=xxxxxxxxxxxxxxxxxxxx (reused)
Sep 10, 2026 14:14:51.514 [137955945233208] DEBUG - [Notify] Now watching "/media/movies/Toy Story (1995)"
Sep 10, 2026 14:14:51.514 [137955966327608] DEBUG - [HCl#e] HTTP requesting GET https://servers.plex.tv/api/v2/release_channels?X-Plex-Token=xxxxxxxxxxxxxxxxxxxx
Sep 10, 2026 14:14:51.563 [137955981093688] DEBUG - [HttpClient/HCl#c] HTTP/2.0 (0.2s) 200 response from GET https://servers.plex.tv/api/v2/server/webhooks?X-Plex-Token=xxxxxxxxxxxxxxxxxxxx (reused)
Sep 10, 2026 14:14:51.631 [137955945233208] DEBUG - [Notify] Now watching "/media/movies/Only the Brave (2017)"
Sep 10, 2026 14:14:51.656 [137955981093688] DEBUG - [HttpClient/HCl#e] HTTP/2.0 (0.1s) 200 response from GET https://servers.plex.tv/api/v2/release_channels?X-Plex-Token=xxxxxxxxxxxxxxxxxxxx (reused)
Sep 10, 2026 14:14:51.659 [137955966327608] DEBUG - [HCl#f] HTTP requesting GET https://servers.plex.tv/api/v2/features?X-Plex-Token=xxxxxxxxxxxxxxxxxxxx
Sep 10, 2026 14:14:51.659 [137955945233208] DEBUG - [Notify] Now watching "/media/movies/Top Gun - Maverick (2022)"
Sep 10, 2026 14:14:51.715 [137955945233208] DEBUG - [Notify] Now watching "/media/movies/The Hunger Games - Mockingjay - Part 1 (2014)"
Sep 10, 2026 14:14:51.742 [137955987422008] DEBUG - [DatabaseFixups/31DatabaseFixupsCleanupActivities] Fixup completed
Sep 10, 2026 14:14:51.742 [137955987422008] DEBUG - [DatabaseFixups/35DatabaseFixupsConsolidatePeopleTags] Executing fixup
Sep 10, 2026 14:14:51.743 [137955945233208] DEBUG - [Notify] Now watching "/media/movies/Miller's Girl (2024)"
Sep 10, 2026 14:14:51.774 [137955945233208] DEBUG - [Notify] Now watching "/media/movies/The Secret Life of Pets (2016)"
Sep 10, 2026 14:14:51.798 [137955945233208] DEBUG - [Notify] Now watching "/media/movies/Despicable Me 4 (2024)"
Sep 10, 2026 14:14:51.800 [137955945233208] DEBUG - [Notify] Now watching "/media/movies/The Hunger Games - Mockingjay - Part 2 (2015)"
Sep 10, 2026 14:14:51.800 [137955972655928] DEBUG - Request: [127.0.0.1:53874 (Loopback)] GET /system/messaging/clear_events/com.plexapp.agents.imdb (3 live) #9 GZIP Signed-in Token (lcorream)
Sep 10, 2026 14:14:51.800 [137955972655928] DEBUG - [Req#9] [com.plexapp.system] Sending command over HTTP (GET): /system/messaging/clear_events/com.plexapp.agents.imdb
Sep 10, 2026 14:14:51.800 [137955972655928] DEBUG - [Req#9/HCl#11] HTTP requesting GET http://127.0.0.1:43175/system/messaging/clear_events/com.plexapp.agents.imdb
Sep 10, 2026 14:14:51.801 [137955945233208] DEBUG - [Notify] Now watching "/media/movies/Mortal Kombat II (2026)"
Sep 10, 2026 14:14:51.815 [137955981093688] DEBUG - [HttpClient/HCl#11] HTTP/1.1 (0.0s) 200 response from GET http://127.0.0.1:43175/system/messaging/clear_events/com.plexapp.agents.imdb (reused)
Sep 10, 2026 14:14:51.815 [137955972655928] DEBUG - [Req#9] [com.plexapp.system] HTTP reply status 200, with 0 bytes of content.
Sep 10, 2026 14:14:51.815 [137956077792056] DEBUG - Completed: [127.0.0.1:53874] 200 GET /system/messaging/clear_events/com.plexapp.agents.imdb (3 live) #9 GZIP 14ms 280 bytes
Sep 10, 2026 14:14:51.822 [137955945233208] DEBUG - [Notify] Now watching "/media/movies/Man of Steel (2013)"
Sep 10, 2026 14:14:51.823 [137955987422008] DEBUG - [DatabaseFixups/35DatabaseFixupsConsolidatePeopleTags] Fixup completed
Sep 10, 2026 14:14:51.823 [137955987422008] DEBUG - [DatabaseFixups/54DatabaseFixupsGarbageCollectTransientMetadataRelations] Executing fixup
Sep 10, 2026 14:14:51.848 [137956079901496] DEBUG - [EventSourceClient/pubsub/pubsub12.pop.fra.plex.bz:443] Read HTTP reply header.
Sep 10, 2026 14:14:51.848 [137956079901496] DEBUG - [EventSourceClient/pubsub/pubsub12.pop.fra.plex.bz:443] MyPlex: We appear to have regained Internet connectivity.
Sep 10, 2026 14:14:51.850 [137956079901496] DEBUG - [EventSourceClient/pubsub/pubsub12.pop.fra.plex.bz:443] PublicAddressManager: Obtaining public address and mapping port.
Sep 10, 2026 14:14:51.850 [137956079901496] DEBUG - [EventSourceClient/pubsub/pubsub12.pop.fra.plex.bz:443] MyPlex: async reachability check - current mapped state: 'Not Mapped'.
Sep 10, 2026 14:14:51.850 [137956079901496] WARN - [EventSourceClient/pubsub/pubsub12.pop.fra.plex.bz:443] MyPlex: attempted a reachability check but we're not yet mapped.
Sep 10, 2026 14:14:51.850 [137956079901496] DEBUG - [EventSourceClient/pubsub/pubsub12.pop.fra.plex.bz:443] Successfully connected to pubsub12.pop.fra.plex.bz.
Sep 10, 2026 14:14:51.852 [137955945233208] DEBUG - [Notify] Now watching "/media/movies/Minions && Monsters (2026)"
Sep 10, 2026 14:14:51.875 [137955987422008] DEBUG - [DatabaseFixups/54DatabaseFixupsGarbageCollectTransientMetadataRelations] Fixup completed
Sep 10, 2026 14:14:51.875 [137955987422008] DEBUG - [DatabaseFixups/48DatabaseFixupsResetCorruptedMetadataItemClusters] Executing fixup
Sep 10, 2026 14:14:51.875 [137955987422008] DEBUG - [DatabaseFixups/48DatabaseFixupsResetCorruptedMetadataItemClusters] Fixup completed
Sep 10, 2026 14:14:51.875 [137955987422008] DEBUG - [DatabaseFixups] Running database fix-ups completed in 0.1 seconds.
Sep 10, 2026 14:14:51.875 [137955945233208] DEBUG - [Notify] Now watching "/media/movies/Lucy Shimmers and the Prince of Peace (2020)"
Sep 10, 2026 14:14:51.876 [137955972655928] DEBUG - Request: [127.0.0.1:53880 (Loopback)] GET /:/plugins/com.plexapp.system/resourceHashes (3 live) #e GZIP Signed-in Token (lcorream)
Sep 10, 2026 14:14:51.876 [137955972655928] DEBUG - [Req#e] [com.plexapp.system] Sending command over HTTP (GET): /:/plugins/com.plexapp.system/resourceHashes
Sep 10, 2026 14:14:51.876 [137955972655928] DEBUG - [Req#e/HCl#12] HTTP requesting GET http://127.0.0.1:43175/:/plugins/com.plexapp.system/resourceHashes
Sep 10, 2026 14:14:51.885 [137955945233208] DEBUG - [Notify] Now watching "/media/movies/Toy Story 5 (2026)"
Sep 10, 2026 14:14:51.917 [137955981093688] DEBUG - [HttpClient/HCl#f] HTTP/2.0 (0.3s) 200 response from GET https://servers.plex.tv/api/v2/features?X-Plex-Token=xxxxxxxxxxxxxxxxxxxx (reused)
Sep 10, 2026 14:14:51.919 [137955966327608] DEBUG - [HCl#13] HTTP requesting GET https://servers.plex.tv/api/v2/server/users/features?filterFeatures[]=b83c8dc9-5a01-4b7a-a7c9-5870c8a6e21b&filterFeatures[]=926bc176-58ca-47da-b8e3-080ed14ea6ba&filterFeatures[]=ea791163-c28d-4b7c-af88-bcc9553b206d&filterFeatures[]=6ab6677b-ad9b-444f-9ca1-b8027d05b3e1&filterFeatures[]=56cd352b-0d47-436d-aced-f20db3508de5
Sep 10, 2026 14:14:51.919 [137955945233208] DEBUG - [Notify] Now watching "/media/movies/The Hunger Games - Catching Fire (2013)"
Sep 10, 2026 14:14:51.953 [137955945233208] DEBUG - [Notify] Now watching "/media/movies/Mortal Kombat (2021)"
Sep 10, 2026 14:14:51.976 [137955945233208] DEBUG - [Notify] Now watching "/media/movies/The Super Mario Bros. Movie (2023)"
Sep 10, 2026 14:14:51.992 [137955945233208] DEBUG - [Notify] Now watching "/media/movies/Sonic the Hedgehog 2 (2022)"
Sep 10, 2026 14:14:52.013 [137955981093688] DEBUG - [HttpClient/HCl#12] HTTP/1.1 (0.1s) 404 response from GET http://127.0.0.1:43175/:/plugins/com.plexapp.system/resourceHashes
Sep 10, 2026 14:14:52.013 [137955972655928] DEBUG - [Req#e] [com.plexapp.system] HTTP reply status 404, with 0 bytes of content.
Sep 10, 2026 14:14:52.014 [137956079901496] DEBUG - Completed: [127.0.0.1:53880] 404 GET /:/plugins/com.plexapp.system/resourceHashes (3 live) #e GZIP 137ms 261 bytes
Sep 10, 2026 14:14:52.094 [137955981093688] DEBUG - [HttpClient/HCl#13] HTTP/2.0 (0.2s) 200 response from GET https://servers.plex.tv/api/v2/server/users/features?filterFeatures[]=b83c8dc9-5a01-4b7a-a7c9-5870c8a6e21b&filterFeatures[]=926bc176-58ca-47da-b8e3-080ed14ea6ba&filterFeatures[]=ea791163-c28d-4b7c-af88-bcc9553b206d&filterFeatures[]=6ab6677b-ad9b-444f-9ca1-b8027d05b3e1&filterFeatures[]=56cd352b-0d47-436d-aced-f20db3508de5 (reused)
Sep 10, 2026 14:14:52.097 [137955966327608] DEBUG - CERT: Certificate will not expire soon; we'll check again in a week.
Sep 10, 2026 14:14:52.098 [137955932576568] DEBUG - MyPlex: sendMapping resetting state - previous mapping state: 'Not Mapped'.
Sep 10, 2026 14:14:52.098 [137955932576568] DEBUG - MyPlex: mapping state set to 'Unknown'.
Sep 10, 2026 14:14:52.098 [137955966327608] DEBUG - MyPlex: Updating device connections (from timer: 0)
Sep 10, 2026 14:14:52.099 [137955966327608] DEBUG - [HCl#14] HTTP requesting PUT https://servers.plex.tv/devices/83941f65c7406d3beb41458ac8f0f939d9b111d4?Connection[][uri]=http://192.168.50.198:32400&Connection[][uri]=http://172.17.0.1:32400&Connection[][uri]=http://172.19.0.1:32400&Connection[][uri]=http://172.18.0.1:32400&Connection[][uri]=http://172.21.0.1:32400&Connection[][uri]=http://172.20.0.1:32400&httpsEnabled=1&httpsRequired=0&dnsRebindingProtection=0&X-Plex-Token=xxxxxxxxxxxxxxxxxxxx
Sep 10, 2026 14:14:52.099 [137955932576568] DEBUG - MyPlex: Sending Server Info to myPlex (user=lcorream@lcorream.com, ip=, port=0)
Sep 10, 2026 14:14:52.099 [137955932576568] DEBUG - [HCl#15] HTTP requesting POST https://servers.plex.tv/servers.xml?auth_token=xxxxxxxxxxxxxxxxxxxx
Sep 10, 2026 14:14:52.113 [137955945233208] DEBUG - [Notify] Now watching "/media/movies/Cleveland Abduction (2015)"
Sep 10, 2026 14:14:52.115 [137955972655928] DEBUG - Request: [127.0.0.1:53890 (Loopback)] GET /:/plugins/com.plexapp.system/messaging/function/X0J1bmRsZVNlcnZpY2U6QWxsU2VydmljZXM_/Y2VyZWFsMQoxCmxpc3QKMApyMAo_/Y2VyZWFsMQoxCmRpY3QKMApyMAo_ (3 live) #10 GZIP Signed-in Token (lcorream)
Sep 10, 2026 14:14:52.115 [137955972655928] DEBUG - [Req#10] [com.plexapp.system] Sending command over HTTP (GET): /:/plugins/com.plexapp.system/messaging/function/X0J1bmRsZVNlcnZpY2U6QWxsU2VydmljZXM_/Y2VyZWFsMQoxCmxpc3QKMApyMAo_/Y2VyZWFsMQoxCmRpY3QKMApyMAo_
Sep 10, 2026 14:14:52.115 [137955972655928] DEBUG - [Req#10/HCl#16] HTTP requesting GET http://127.0.0.1:43175/:/plugins/com.plexapp.system/messaging/function/X0J1bmRsZVNlcnZpY2U6QWxsU2VydmljZXM_/Y2VyZWFsMQoxCmxpc3QKMApyMAo_/Y2VyZWFsMQoxCmRpY3QKMApyMAo_
Sep 10, 2026 14:14:52.117 [137955930467128] DEBUG - Request: [127.0.0.1:53904 (Loopback)] GET / (4 live) #18 GZIP Signed-in Token (lcorream)
Sep 10, 2026 14:14:52.118 [137956077792056] DEBUG - Completed: [127.0.0.1:53904] 200 GET / (4 live) #18 GZIP 1ms 4150 bytes
Sep 10, 2026 14:14:52.119 [137955981093688] DEBUG - [HttpClient/HCl#16] HTTP/1.1 (0.0s) 200 response from GET http://127.0.0.1:43175/:/plugins/com.plexapp.system/messaging/function/X0J1bmRsZVNlcnZpY2U6QWxsU2VydmljZXM_/Y2VyZWFsMQoxCmxpc3QKMApyMAo_/Y2VyZWFsMQoxCmRpY3QKMApyMAo_
Sep 10, 2026 14:14:52.119 [137955972655928] DEBUG - [Req#10] [com.plexapp.system] HTTP reply status 200, with 516 bytes of content.
Sep 10, 2026 14:14:52.119 [137956077792056] DEBUG - Completed: [127.0.0.1:53890] 200 GET /:/plugins/com.plexapp.system/messaging/function/X0J1bmRsZVNlcnZpY2U6QWxsU2VydmljZXM_/Y2VyZWFsMQoxCmxpc3QKMApyMAo_/Y2VyZWFsMQoxCmRpY3QKMApyMAo_ (3 live) #10 GZIP 3ms 746 bytes
Sep 10, 2026 14:14:52.152 [137955945233208] DEBUG - [Notify] Now watching "/media/movies/Moana (2026)"
Sep 10, 2026 14:14:52.167 [137955945233208] DEBUG - [Notify] Now watching "/media/movies/Sully (2016)"
Sep 10, 2026 14:14:52.202 [137955945233208] DEBUG - [Notify] Now watching "/media/movies/Girls Like Girls (2026)"
Sep 10, 2026 14:14:52.271 [137955981093688] DEBUG - [HttpClient/HCl#14] HTTP/2.0 (0.2s) 200 response from PUT https://servers.plex.tv/devices/83941f65c7406d3beb41458ac8f0f939d9b111d4?Connection[][uri]=http://192.168.50.198:32400&Connection[][uri]=http://172.17.0.1:32400&Connection[][uri]=http://172.19.0.1:32400&Connection[][uri]=http://172.18.0.1:32400&Connection[][uri]=http://172.21.0.1:32400&Connection[][uri]=http://172.20.0.1:32400&httpsEnabled=1&httpsRequired=0&dnsRebindingProtection=0&X-Plex-Token=xxxxxxxxxxxxxxxxxxxx (reused)
Sep 10, 2026 14:14:52.271 [137955945233208] DEBUG - [Notify] Now watching "/media/movies/The Martian (2015)"
Sep 10, 2026 14:14:52.273 [137955945233208] DEBUG - [Notify] Now watching "/media/movies/Sonic the Hedgehog (2020)"
Sep 10, 2026 14:14:52.291 [137955981093688] DEBUG - [HttpClient/HCl#15] HTTP/2.0 (0.2s) 422 response from POST https://servers.plex.tv/servers.xml?auth_token=xxxxxxxxxxxxxxxxxxxx (reused)
Sep 10, 2026 14:14:52.291 [137955932576568] DEBUG - MyPlex: Published Mapping State response was 422
Sep 10, 2026 14:14:52.291 [137955932576568] DEBUG - MyPlex: Got response for 83941f65c7406d3beb41458ac8f0f939d9b111d4 ~ registered :0
Sep 10, 2026 14:14:52.291 [137955932576568] DEBUG - MyPlex: updating mapped state - current state: 'Not Mapped'
Sep 10, 2026 14:14:52.291 [137955932576568] DEBUG - MyPlex: mapping state set to 'Not Mapped'.
Sep 10, 2026 14:14:52.312 [137955945233208] DEBUG - [Notify] Now watching "/media/movies/Toy Story 3 (2010)"
Sep 10, 2026 14:14:52.335 [137955945233208] DEBUG - [Notify] Now watching "/media/movies/Smurfs (2025)"
Sep 10, 2026 14:14:52.405 [137955945233208] DEBUG - [Notify] Now watching "/media/movies/The Lucky One (2012)"
Sep 10, 2026 14:14:52.436 [137955945233208] DEBUG - [Notify] Now watching "/media/movies/PAW Patrol - The Movie (2021)"
Sep 10, 2026 14:14:52.443 [137955945233208] DEBUG - [Notify] Now watching "/media/movies/The Hunger Games (2012)"
Sep 10, 2026 14:14:52.566 [137955945233208] DEBUG - [Notify] Now watching "/media/tv"
Sep 10, 2026 14:14:52.566 [137955945233208] DEBUG - [Notify] Now watching "/media/tv/Teen Titans"
Sep 10, 2026 14:14:52.567 [137955930467128] DEBUG - Request: [127.0.0.1:53916 (Loopback)] GET /:/plugins/com.plexapp.system/messaging/function/X0FnZW50U2VydmljZTpVcGRhdGVJbmZv/Y2VyZWFsMQoxCmxpc3QKMApyMAo_/Y2VyZWFsMQo3CmRpY3QKbGlzdApkaWN0Cmxpc3QKbGlzdApsaXN0Cmxpc3QKMgpzMjMKY29tLnBsZXhhcHAuYWdlbnRzLmltZGJzMTAKaWRlbnRpZmllcnIxCnMxMAphZ2VudF9pbmZvMQpyMgoxMApyMwpzMTEKbWVkaWFfdHlwZXNyNApzMTIKYWNjZXB0c19mcm9tbnMxNApmYWxsYmFja19hZ2VudHI1CnMxNApjb250cmlidXRlc190b3I2CnM5Cmxhbmd1YWdlc2IxczIwCnBlcnNpc3Rfc3RvcmVkX2ZpbGVzaTAKczcKdmVyc2lvbmIxczE2CnByaW1hcnlfcHJvdmlkZXJiMXM1CnByZWZzczE5ClBsZXggTW92aWUgKExlZ2FjeSlzNApuYW1lMQpzNQpNb3ZpZTEKczI5CmNvbS5wbGV4YXBwLmFnZW50cy5sb2NhbG1lZGlhMQpzMjkKY29tLnBsZXhhcHAuYWdlbnRzLnRoZW1vdmllZGIzMwpzMgplbnMyCnN2czIKZnJzMgplc3MyCm5sczIKZGVzMgppdHMyCmRhczIKYXJzMgpjYXMyCnpoczIKY3NzMgpldHMyCmZpczIKZWxzMgpoZXMyCmhpczIKaHVzMgppZHMyCmphczIKa29zMgpsdnMyCm5vczIKZmFzMgpwbHMyCnB0czIKcm9zMgpydXMyCnNrczIKdGhzMgp0cnMyCnVrczIKdmlyMAo_ (3 live) #19 GZIP Signed-in Token (lcorream)
Sep 10, 2026 14:14:52.567 [137955930467128] DEBUG - [Req#19] [com.plexapp.system] Sending command over HTTP (GET): /:/plugins/com.plexapp.system/messaging/function/X0FnZW50U2VydmljZTpVcGRhdGVJbmZv/Y2VyZWFsMQoxCmxpc3QKMApyMAo_/Y2VyZWFsMQo3CmRpY3QKbGlzdApkaWN0Cmxpc3QKbGlzdApsaXN0Cmxpc3QKMgpzMjMKY29tLnBsZXhhcHAuYWdlbnRzLmltZGJzMTAKaWRlbnRpZmllcnIxCnMxMAphZ2VudF9pbmZvMQpyMgoxMApyMwpzMTEKbWVkaWFfdHlwZXNyNApzMTIKYWNjZXB0c19mcm9tbnMxNApmYWxsYmFja19hZ2VudHI1CnMxNApjb250cmlidXRlc190b3I2CnM5Cmxhbmd1YWdlc2IxczIwCnBlcnNpc3Rfc3RvcmVkX2ZpbGVzaTAKczcKdmVyc2lvbmIxczE2CnByaW1hcnlfcHJvdmlkZXJiMXM1CnByZWZzczE5ClBsZXggTW92aWUgKExlZ2FjeSlzNApuYW1lMQpzNQpNb3ZpZTEKczI5CmNvbS5wbGV4YXBwLmFnZW50cy5sb2NhbG1lZGlhMQpzMjkKY29tLnBsZXhhcHAuYWdlbnRzLnRoZW1vdmllZGIzMwpzMgplbnMyCnN2czIKZnJzMgplc3MyCm5sczIKZGVzMgppdHMyCmRhczIKYXJzMgpjYXMyCnpoczIKY3NzMgpldHMyCmZpczIKZWxzMgpoZXMyCmhpczIKaHVzMgppZHMyCmphczIKa29zMgpsdnMyCm5vczIKZmFzMgpwbHMyCnB0czIKcm9zMgpydXMyCnNrczIKdGhzMgp0cnMyCnVrczIKdmlyMAo_
Sep 10, 2026 14:14:52.567 [137955930467128] DEBUG - [Req#19/HCl#17] HTTP requesting GET http://127.0.0.1:43175/:/plugins/com.plexapp.system/messaging/function/X0FnZW50U2VydmljZTpVcGRhdGVJbmZv/Y2VyZWFsMQoxCmxpc3QKMApyMAo_/Y2VyZWFsMQo3CmRpY3QKbGlzdApkaWN0Cmxpc3QKbGlzdApsaXN0Cmxpc3QKMgpzMjMKY29tLnBsZXhhcHAuYWdlbnRzLmltZGJzMTAKaWRlbnRpZmllcnIxCnMxMAphZ2VudF9pbmZvMQpyMgoxMApyMwpzMTEKbWVkaWFfdHlwZXNyNApzMTIKYWNjZXB0c19mcm9tbnMxNApmYWxsYmFja19hZ2VudHI1CnMxNApjb250cmlidXRlc190b3I2CnM5Cmxhbmd1YWdlc2IxczIwCnBlcnNpc3Rfc3RvcmVkX2ZpbGVzaTAKczcKdmVyc2lvbmIxczE2CnByaW1hcnlfcHJvdmlkZXJiMXM1CnByZWZzczE5ClBsZXggTW92aWUgKExlZ2FjeSlzNApuYW1lMQpzNQpNb3ZpZTEKczI5CmNvbS5wbGV4YXBwLmFnZW50cy5sb2NhbG1lZGlhMQpzMjkKY29tLnBsZXhhcHAuYWdlbnRzLnRoZW1vdmllZGIzMwpzMgplbnMyCnN2czIKZnJzMgplc3MyCm5sczIKZGVzMgppdHMyCmRhczIKYXJzMgpjYXMyCnpoczIKY3NzMgpldHMyCmZpczIKZWxzMgpoZXMyCmhpczIKaHVzMgppZHMyCmphczIKa29zMgpsdnMyCm5vczIKZmFzMgpwbHMyCnB0czIKcm9zMgpydXMyCnNrczIKdGhzMgp0cnMyCnVrczIKdmlyMAo_
Sep 10, 2026 14:14:52.571 [137955981093688] DEBUG - [HttpClient/HCl#17] HTTP/1.1 (0.0s) 200 response from GET http://127.0.0.1:43175/:/plugins/com.plexapp.system/messaging/function/X0FnZW50U2VydmljZTpVcGRhdGVJbmZv/Y2VyZWFsMQoxCmxpc3QKMApyMAo_/Y2VyZWFsMQo3CmRpY3QKbGlzdApkaWN0Cmxpc3QKbGlzdApsaXN0Cmxpc3QKMgpzMjMKY29tLnBsZXhhcHAuYWdlbnRzLmltZGJzMTAKaWRlbnRpZmllcnIxCnMxMAphZ2VudF9pbmZvMQpyMgoxMApyMwpzMTEKbWVkaWFfdHlwZXNyNApzMTIKYWNjZXB0c19mcm9tbnMxNApmYWxsYmFja19hZ2VudHI1CnMxNApjb250cmlidXRlc190b3I2CnM5Cmxhbmd1YWdlc2IxczIwCnBlcnNpc3Rfc3RvcmVkX2ZpbGVzaTAKczcKdmVyc2lvbmIxczE2CnByaW1hcnlfcHJvdmlkZXJiMXM1CnByZWZzczE5ClBsZXggTW92aWUgKExlZ2FjeSlzNApuYW1lMQpzNQpNb3ZpZTEKczI5CmNvbS5wbGV4YXBwLmFnZW50cy5sb2NhbG1lZGlhMQpzMjkKY29tLnBsZXhhcHAuYWdlbnRzLnRoZW1vdmllZGIzMwpzMgplbnMyCnN2czIKZnJzMgplc3MyCm5sczIKZGVzMgppdHMyCmRhczIKYXJzMgpjYXMyCnpoczIKY3NzMgpldHMyCmZpczIKZWxzMgpoZXMyCmhpczIKaHVzMgppZHMyCmphczIKa29zMgpsdnMyCm5vczIKZmFzMgpwbHMyCnB0czIKcm9zMgpydXMyCnNrczIKdGhzMgp0cnMyCnVrczIKdmlyMAo_
Sep 10, 2026 14:14:52.571 [137955930467128] DEBUG - [Req#19] [com.plexapp.system] HTTP reply status 200, with 16 bytes of content.
Sep 10, 2026 14:14:52.571 [137956077792056] DEBUG - Completed: [127.0.0.1:53916] 200 GET /:/plugins/com.plexapp.system/messaging/function/X0FnZW50U2VydmljZTpVcGRhdGVJbmZv/Y2VyZWFsMQoxCmxpc3QKMApyMAo_/Y2VyZWFsMQo3CmRpY3QKbGlzdApkaWN0Cmxpc3QKbGlzdApsaXN0Cmxpc3QKMgpzMjMKY29tLnBsZXhhcHAuYWdlbnRzLmltZGJzMTAKaWRlbnRpZmllcnIxCnMxMAphZ2VudF9pbmZvMQpyMgoxMApyMwpzMTEKbWVkaWFfdHlwZXNyNApzMTIKYWNjZXB0c19mcm9tbnMxNApmYWxsYmFja19hZ2VudHI1CnMxNApjb250cmlidXRlc190b3I2CnM5Cmxhbmd1YWdlc2IxczIwCnBlcnNpc3Rfc3RvcmVkX2ZpbGVzaTAKczcKdmVyc2lvbmIxczE2CnByaW1hcnlfcHJvdmlkZXJiMXM1CnByZWZzczE5ClBsZXggTW92aWUgKExlZ2FjeSlzNApuYW1lMQpzNQpNb3ZpZTEKczI5CmNvbS5wbGV4YXBwLmFnZW50cy5sb2NhbG1lZGlhMQpzMjkKY29tLnBsZXhhcHAuYWdlbnRzLnRoZW1vdmllZGIzMwpzMgplbnMyCnN2czIKZnJzMgplc3MyCm5sczIKZGVzMgppdHMyCmRhczIKYXJzMgpjYXMyCnpoczIKY3NzMgpldHMyCmZpczIKZWxzMgpoZXMyCmhpczIKaHVzMgppZHMyCmphczIKa29zMgpsdnMyCm5vczIKZmFzMgpwbHMyCnB0czIKcm9zMgpydXMyCnNrczIKdGhzMgp0cnMyCnVrczIKdmlyMAo_ (3 live) #19 GZIP 3ms 415 bytes
Sep 10, 2026 14:14:52.579 [137955945233208] DEBUG - [Notify] Now watching "/media/tv/Teen Titans/Season 5"
Sep 10, 2026 14:14:52.582 [137955943123768] DEBUG - [Req#b] Reading 148 bytes in the body, code is 200
Sep 10, 2026 14:14:52.582 [137955943123768] DEBUG - [Req#b] [com.plexapp.agents.imdb] Plug-in running on port 42341.
Sep 10, 2026 14:14:52.582 [137955943123768] DEBUG - [Req#b] Read configuration for [com.plexapp.agents.imdb], had 0 prefixes
Sep 10, 2026 14:14:52.582 [137955943123768] DEBUG - [Req#b] [com.plexapp.agents.imdb] Sending command over HTTP (GET): /:/plugins/com.plexapp.agents.imdb/prefs
Sep 10, 2026 14:14:52.582 [137955943123768] DEBUG - [Req#b/HCl#18] HTTP requesting GET http://127.0.0.1:42341/:/plugins/com.plexapp.agents.imdb/prefs
Sep 10, 2026 14:14:52.589 [137955945233208] DEBUG - [Notify] Now watching "/media/tv/Teen Titans/Season 4"
Sep 10, 2026 14:14:52.640 [137955945233208] DEBUG - [Notify] Now watching "/media/tv/Teen Titans/Season 3"
Sep 10, 2026 14:14:52.641 [137955945233208] DEBUG - [Notify] Now watching "/media/tv/Teen Titans/Season 2"
Sep 10, 2026 14:14:52.643 [137955945233208] DEBUG - [Notify] Now watching "/media/tv/Teen Titans/Season 1"
Sep 10, 2026 14:14:52.645 [137955981093688] DEBUG - [HttpClient/HCl#18] HTTP/1.1 (0.1s) 200 response from GET http://127.0.0.1:42341/:/plugins/com.plexapp.agents.imdb/prefs
Sep 10, 2026 14:14:52.645 [137955943123768] DEBUG - [Req#b] [com.plexapp.agents.imdb] HTTP reply status 200, with 2224 bytes of content.
Sep 10, 2026 14:14:52.645 [137955943123768] DEBUG - Caching document http://127.0.0.1:32400/:/plugins/com.plexapp.agents.imdb/prefs as 57b5fd855b4da066ac55b744c1bc63a2b77c7a0b
Sep 10, 2026 14:14:52.645 [137955943123768] DEBUG - IVA: Downloading trailer lists.
Sep 10, 2026 14:14:52.688 [137955945233208] DEBUG - [Notify] Now watching "/media/tv/Scorpion"
Sep 10, 2026 14:14:52.689 [137955945233208] DEBUG - [Notify] Now watching "/media/tv/Scorpion/Season 4"
Sep 10, 2026 14:14:52.690 [137955945233208] DEBUG - [Notify] Now watching "/media/tv/Scorpion/Season 2"
Sep 10, 2026 14:14:52.744 [137955943123768] DEBUG - IVA: Downloaded 45 trailers for source 1.
Sep 10, 2026 14:14:52.762 [137955943123768] DEBUG - IVA: Downloaded 30 trailers for source 2.
Sep 10, 2026 14:14:52.845 [137955945233208] DEBUG - [Notify] Now watching "/media/tv/Scorpion/Season 1"
Sep 10, 2026 14:14:52.876 [137955945233208] DEBUG - [Notify] Now watching "/media/tv/Forged in Fire"
Sep 10, 2026 14:14:52.890 [137955945233208] DEBUG - [Notify] Now watching "/media/tv/Forged in Fire/Season 5"
Sep 10, 2026 14:14:53.000 [137955945233208] DEBUG - [Notify] Now watching "/media/tv/Forged in Fire/Season 4"
Sep 10, 2026 14:14:53.043 [137955945233208] DEBUG - [Notify] Now watching "/media/tv/Forged in Fire/Season 8"
Sep 10, 2026 14:14:53.116 [137955945233208] DEBUG - [Notify] Now watching "/media/tv/Forged in Fire/Season 3"
Sep 10, 2026 14:14:53.134 [137955945233208] DEBUG - [Notify] Now watching "/media/tv/Forged in Fire/Season 6"
Sep 10, 2026 14:14:53.214 [137955945233208] DEBUG - [Notify] Now watching "/media/tv/Forged in Fire/Season 11"
Sep 10, 2026 14:14:53.222 [137955945233208] DEBUG - [Notify] Now watching "/media/tv/Forged in Fire/Season 9"
Sep 10, 2026 14:14:53.285 [137955945233208] DEBUG - [Notify] Now watching "/media/tv/Forged in Fire/Season 2"
Sep 10, 2026 14:14:53.293 [137955945233208] DEBUG - [Notify] Now watching "/media/tv/Forged in Fire/Season 1"
Sep 10, 2026 14:14:53.311 [137955945233208] DEBUG - [Notify] Now watching "/media/tv/New Amsterdam (2018)"
Sep 10, 2026 14:14:53.381 [137955945233208] DEBUG - [Notify] Now watching "/media/tv/New Amsterdam (2018)/Season 5"
Sep 10, 2026 14:14:53.899 [137955983203128] DEBUG - NAT: UPnP, found device <http://192.168.50.1:36209/rootDesc.xml> with private address <192.168.50.198>
Sep 10, 2026 14:14:53.903 [137955983203128] DEBUG - NAT: UPnP, usable device <http://192.168.50.1:36209/rootDesc.xml> with private address <192.168.50.198>.
Sep 10, 2026 14:14:53.904 [137955983203128] DEBUG - NAT: UPnP, mapped port 15919 to 192.168.50.198:32400.
Sep 10, 2026 14:14:53.904 [137955983203128] DEBUG - PublicAddressManager: Mapping succeeded for 192.168.50.198:15919.
Sep 10, 2026 14:14:53.905 [137955983203128] DEBUG - MyPlex: Updating device connections (from timer: 0)
Sep 10, 2026 14:14:53.905 [137955983203128] DEBUG - [HCl#1b] HTTP requesting PUT https://servers.plex.tv/devices/83941f65c7406d3beb41458ac8f0f939d9b111d4?Connection[][uri]=http://192.168.50.198:32400&Connection[][uri]=http://172.17.0.1:32400&Connection[][uri]=http://172.19.0.1:32400&Connection[][uri]=http://172.18.0.1:32400&Connection[][uri]=http://172.21.0.1:32400&Connection[][uri]=http://172.20.0.1:32400&httpsEnabled=1&httpsRequired=0&dnsRebindingProtection=0&natLoopbackSupported=0&X-Plex-Token=xxxxxxxxxxxxxxxxxxxx
Sep 10, 2026 14:14:54.061 [137955981093688] DEBUG - [HttpClient/HCl#1b] HTTP/2.0 (0.2s) 200 response from PUT https://servers.plex.tv/devices/83941f65c7406d3beb41458ac8f0f939d9b111d4?Connection[][uri]=http://192.168.50.198:32400&Connection[][uri]=http://172.17.0.1:32400&Connection[][uri]=http://172.19.0.1:32400&Connection[][uri]=http://172.18.0.1:32400&Connection[][uri]=http://172.21.0.1:32400&Connection[][uri]=http://172.20.0.1:32400&httpsEnabled=1&httpsRequired=0&dnsRebindingProtection=0&natLoopbackSupported=0&X-Plex-Token=xxxxxxxxxxxxxxxxxxxx (reused)
Sep 10, 2026 14:14:54.286 [137955985312568] DEBUG - NAT: UPnP, found device <http://192.168.50.1:36209/rootDesc.xml> with private address <192.168.50.198>
Sep 10, 2026 14:14:54.290 [137955985312568] DEBUG - NAT: UPnP, usable device <http://192.168.50.1:36209/rootDesc.xml> with private address <192.168.50.198>.
Sep 10, 2026 14:14:54.292 [137955985312568] DEBUG - NAT: UPnP, public address is 192.168.1.10
Sep 10, 2026 14:14:54.292 [137955985312568] DEBUG - PublicAddressManager: got WAN IP 192.168.1.10 from router
Sep 10, 2026 14:14:54.292 [137955985312568] WARN - PublicAddressManager: WAN IP is a private IP address
Sep 10, 2026 14:14:54.293 [137955985312568] DEBUG - [HCl#1e] HTTP requesting GET https://83-29-212-5.71cb29790efb4e41a46396a70bec7f27.plex.direct:15919/identity
Sep 10, 2026 14:14:54.338 [137955943123768] DEBUG - [MediaProviderManager] Refreshing media providers
Sep 10, 2026 14:14:54.338 [137955943123768] DEBUG - [MediaProviderManager/Response::fetch/HCl#1f] HTTP requesting GET https://servers.plex.tv/media/providers
Sep 10, 2026 14:14:54.480 [137955981093688] DEBUG - [HttpClient/HCl#1f] HTTP/2.0 (0.1s) 200 response from GET https://servers.plex.tv/media/providers (reused)
Sep 10, 2026 14:14:54.480 [137955943123768] DEBUG - [MediaProviderManager] discovered cloud provider (Movies & Shows)
Sep 10, 2026 14:14:54.480 [137955943123768] DEBUG - [MediaProviderManager] discovered cloud provider (Metadata)
Sep 10, 2026 14:14:54.480 [137955943123768] DEBUG - [MediaProviderManager] loading cloud provider details (Metadata) (alive: 0)
Sep 10, 2026 14:14:54.480 [137955959999288] DEBUG - [MediaProviderManager/HCl#21] HTTP requesting GET https://vod.provider.plex.tv?includePreferences=1
Sep 10, 2026 14:14:54.589 [137955943123768] DEBUG - [MediaProviderManager] loading cloud provider details (Movies & Shows) (alive: 0)
Sep 10, 2026 14:14:54.589 [137955943123768] DEBUG - [MediaProviderManager/HCl#23] HTTP requesting GET https://vod.provider.plex.tv?includePreferences=1
Sep 10, 2026 14:14:54.590 [137955981093688] DEBUG - [HttpClient/HCl#21] HTTP/2.0 (0.1s) 200 response from GET https://vod.provider.plex.tv?includePreferences=1
Sep 10, 2026 14:14:54.602 [137955981093688] DEBUG - [HttpClient/HCl#23] HTTP/2.0 (0.0s) 200 response from GET https://vod.provider.plex.tv?includePreferences=1 (reused)
Sep 10, 2026 14:14:54.602 [137955943123768] DEBUG - [MediaProviderManager] we had 0 cloud providers online, we now have 2
Sep 10, 2026 14:14:54.602 [137955943123768] DEBUG - [MediaProviderManager] cloud provider (Metadata) is online and available
Sep 10, 2026 14:14:54.602 [137955943123768] DEBUG - [MediaProviderManager] cloud provider (Movies & Shows) is online and available
Sep 10, 2026 14:14:54.711 [137955943123768] DEBUG - [MediaProviderManager/MetadataAgentManager] Found media provider for agent provider 'tv.plex.agents.movie' with source URI 'provider://tv.plex.provider.metadata'
Sep 10, 2026 14:14:54.711 [137955943123768] DEBUG - [MediaProviderManager/MetadataAgentManager] Found media provider for agent provider 'tv.plex.agents.series' with source URI 'provider://tv.plex.provider.metadata'
Sep 10, 2026 14:14:54.711 [137955943123768] DEBUG - [MediaProviderManager/MetadataAgentManager] Found media provider for agent provider 'tv.plex.agents.music' with source URI 'provider://tv.plex.provider.metadata'
Sep 10, 2026 14:14:54.711 [137955943123768] DEBUG - [MediaProviderManager/MetadataAgentManager] Found media provider for agent provider 'org.musicbrainz.agents.music' with source URI 'provider://tv.plex.provider.metadata'
Sep 10, 2026 14:14:54.711 [137955943123768] DEBUG - [MediaProviderManager/MetadataAgentManager] Found media provider for agent provider 'tv.plex.agents.nfo.movie' with source URI 'provider://tv.plex.provider.metadata'
Sep 10, 2026 14:14:54.711 [137955943123768] DEBUG - [MediaProviderManager/MetadataAgentManager] Found media provider for agent provider 'tv.plex.agents.nfo.series' with source URI 'provider://tv.plex.provider.metadata'
Sep 10, 2026 14:14:54.711 [137955943123768] DEBUG - [MediaProviderManager] Media provider refresh complete
Sep 10, 2026 14:14:55.845 [137955941014328] DEBUG - [NSB] NetworkServiceBrowser: SERVER arrived: 127.0.0.1 (big-potato)
Sep 10, 2026 14:14:55.846 [137955941014328] DEBUG - [NSB] Notifying the system bundle an update to server /system/notify/serverUpdated?host=127.0.0.1
Sep 10, 2026 14:14:55.846 [137955941014328] DEBUG - [NSB] [com.plexapp.system] Sending command over HTTP (GET): /system/notify/serverUpdated?host=127.0.0.1
Sep 10, 2026 14:14:55.846 [137955941014328] DEBUG - [NSB/HCl#24] HTTP requesting GET http://127.0.0.1:43175/system/notify/serverUpdated?host=127.0.0.1
Sep 10, 2026 14:14:55.848 [137955972655928] DEBUG - Request: [127.0.0.1:53930 (Loopback)] GET /servers (3 live) #1c GZIP Signed-in Token (lcorream)
Sep 10, 2026 14:14:55.848 [137956077792056] DEBUG - Completed: [127.0.0.1:53930] 200 GET /servers (3 live) #1c GZIP 0ms 495 bytes
Sep 10, 2026 14:14:55.850 [137955981093688] DEBUG - [HttpClient/HCl#24] HTTP/1.1 (0.0s) 200 response from GET http://127.0.0.1:43175/system/notify/serverUpdated?host=127.0.0.1
Sep 10, 2026 14:14:55.850 [137955941014328] DEBUG - [NSB] [com.plexapp.system] HTTP reply status 200, with 0 bytes of content.
Sep 10, 2026 14:14:56.338 [137955953670968] DEBUG - [PubsubServerManager/process/HCl#25] HTTP requesting GET https://servers.plex.tv/services/pubsub/servers
Sep 10, 2026 14:14:56.484 [137955981093688] DEBUG - [HttpClient/HCl#25] HTTP/2.0 (0.1s) 200 response from GET https://servers.plex.tv/services/pubsub/servers (reused)
Sep 10, 2026 14:14:57.295 [137955981093688] DEBUG - [HttpClient/HCl#1e] HTTP simulating 408 after curl timeout
Sep 10, 2026 14:14:57.296 [137955985312568] DEBUG - MyPlex: mapping state set to 'Mapped - Not Published'.
Sep 10, 2026 14:14:57.296 [137955985312568] DEBUG - MyPlex: sendMapping resetting state - previous mapping state: 'Mapped - Not Published'.
Sep 10, 2026 14:14:57.296 [137955985312568] DEBUG - MyPlex: mapping state set to 'Unknown'.
Sep 10, 2026 14:14:57.336 [137955985312568] DEBUG - MyPlex: Sending Server Info to myPlex (user=lcorream@lcorream.com, ip=83.29.212.5, port=15919)
Sep 10, 2026 14:14:57.336 [137955985312568] DEBUG - [HCl#26] HTTP requesting POST https://servers.plex.tv/servers.xml?auth_token=xxxxxxxxxxxxxxxxxxxx
Sep 10, 2026 14:14:57.507 [137955981093688] DEBUG - [HttpClient/HCl#26] HTTP/2.0 (0.2s) 201 response from POST https://servers.plex.tv/servers.xml?auth_token=xxxxxxxxxxxxxxxxxxxx (reused)
Sep 10, 2026 14:14:57.507 [137955985312568] DEBUG - MyPlex: Published Mapping State response was 201
Sep 10, 2026 14:14:57.507 [137955985312568] DEBUG - MyPlex: Got response for 83941f65c7406d3beb41458ac8f0f939d9b111d4 ~ registered 83.29.212.5:15919
Sep 10, 2026 14:14:57.507 [137955985312568] DEBUG - MyPlex: updating mapped state - current state: 'Mapped - Not Published'
Sep 10, 2026 14:14:57.507 [137955985312568] DEBUG - MyPlex: mapping state set to 'Mapped - Publishing'.
Sep 10, 2026 14:14:57.507 [137955985312568] DEBUG - MyPlex: async reachability check - current mapped state: 'Mapped - Publishing'.
Sep 10, 2026 14:14:57.507 [137955985312568] DEBUG - MyPlex: Requesting reachability check.
Sep 10, 2026 14:14:57.507 [137955985312568] DEBUG - [HCl#27] HTTP requesting PUT https://servers.plex.tv/api/servers/83941f65c7406d3beb41458ac8f0f939d9b111d4/connectivity?X-Plex-Token=xxxxxxxxxxxxxxxxxxxx&asyncIdentifier=c4ad915b-c852-4d96-b5d2-ee61374187f6
Sep 10, 2026 14:14:57.515 [137955953670968] DEBUG - [PubsubServerManager/process] Time to connect to pubsub13.pop.fra.plex.bz was 73 ms.
Sep 10, 2026 14:14:57.515 [137955953670968] DEBUG - [PubsubServerManager/process] Time to connect to pubsub12.pop.fra.plex.bz was 76 ms.
Sep 10, 2026 14:14:57.515 [137955953670968] DEBUG - [PubsubServerManager/process] Time to connect to pubsub03.pop.lhr.plex.bz was 103 ms.
Sep 10, 2026 14:14:57.515 [137955953670968] DEBUG - [PubsubServerManager/process] Time to connect to pubsub05.pop.ewr.plex.bz was 322 ms.
Sep 10, 2026 14:14:57.515 [137955953670968] DEBUG - [PubsubServerManager/process] Time to connect to pubsub03.pop.yyz.plex.bz was 356 ms.
Sep 10, 2026 14:14:57.515 [137955953670968] DEBUG - [PubsubServerManager/process] Time to connect to pubsub03.pop.atl.plex.bz was 380 ms.
Sep 10, 2026 14:14:57.515 [137955953670968] DEBUG - [PubsubServerManager/process] Time to connect to pubsub00.pop.dfw.plex.bz was 454 ms.
Sep 10, 2026 14:14:57.515 [137955953670968] DEBUG - [PubsubServerManager/process] Time to connect to pubsub04.pop.fmt.plex.bz was 508 ms.
Sep 10, 2026 14:14:57.515 [137955953670968] DEBUG - [PubsubServerManager/process] Time to connect to pubsub04.pop.sin.plex.bz was 541 ms.
Sep 10, 2026 14:14:57.515 [137955953670968] DEBUG - [PubsubServerManager/process] Time to connect to pubsub00.pop.hnd.plex.bz was 764 ms.
Sep 10, 2026 14:14:57.516 [137955953670968] DEBUG - [PubsubServerManager/process] Updating best ping time for pubsub12.pop.fra.plex.bz to 76 ms.
Sep 10, 2026 14:14:57.652 [137955981093688] DEBUG - [HttpClient/HCl#27] HTTP/2.0 (0.1s) 200 response from PUT https://servers.plex.tv/api/servers/83941f65c7406d3beb41458ac8f0f939d9b111d4/connectivity?X-Plex-Token=xxxxxxxxxxxxxxxxxxxx&asyncIdentifier=c4ad915b-c852-4d96-b5d2-ee61374187f6 (reused)
Sep 10, 2026 14:14:57.654 [137955985312568] DEBUG - MyPlex: Updating device connections (from timer: 0)
Sep 10, 2026 14:14:57.654 [137955985312568] DEBUG - [HCl#28] HTTP requesting PUT https://servers.plex.tv/devices/83941f65c7406d3beb41458ac8f0f939d9b111d4?Connection[][uri]=http://83.29.212.5:15919&Connection[][uri]=http://192.168.50.198:32400&Connection[][uri]=http://172.17.0.1:32400&Connection[][uri]=http://172.19.0.1:32400&Connection[][uri]=http://172.18.0.1:32400&Connection[][uri]=http://172.21.0.1:32400&Connection[][uri]=http://172.20.0.1:32400&httpsEnabled=1&httpsRequired=0&dnsRebindingProtection=0&natLoopbackSupported=0&X-Plex-Token=xxxxxxxxxxxxxxxxxxxx
Sep 10, 2026 14:14:57.815 [137955981093688] DEBUG - [HttpClient/HCl#28] HTTP/2.0 (0.2s) 200 response from PUT https://servers.plex.tv/devices/83941f65c7406d3beb41458ac8f0f939d9b111d4?Connection[][uri]=http://83.29.212.5:15919&Connection[][uri]=http://192.168.50.198:32400&Connection[][uri]=http://172.17.0.1:32400&Connection[][uri]=http://172.19.0.1:32400&Connection[][uri]=http://172.18.0.1:32400&Connection[][uri]=http://172.21.0.1:32400&Connection[][uri]=http://172.20.0.1:32400&httpsEnabled=1&httpsRequired=0&dnsRebindingProtection=0&natLoopbackSupported=0&X-Plex-Token=xxxxxxxxxxxxxxxxxxxx (reused)
Sep 10, 2026 14:14:58.868 [137955983203128] DEBUG - DVR:Device: Discovering and refreshing all devices.
Sep 10, 2026 14:14:58.868 [137955983203128] DEBUG - Grabber: HDHomerun discovered 0 compatible devices.
Sep 10, 2026 14:14:58.868 [137955983203128] DEBUG - [HCl#29] HTTP requesting POST http://127.0.0.1:32600/devices/discover
Sep 10, 2026 14:15:00.849 [137955953670968] DEBUG - Grabber: Cleaning up orphaned grabs.
Sep 10, 2026 14:15:00.849 [137955953670968] DEBUG - Grabber: Cleaned up 0 decrepit directories in 0.0 sec.
Sep 10, 2026 14:15:00.849 [137955953670968] DEBUG - Activity: registered new activity d9fd47bf-270b-4102-97e4-6e71e6a78890 - "Processing subscriptions"
Sep 10, 2026 14:15:00.849 [137955953670968] DEBUG - Subscription: Scheduling subscriptions.
Sep 10, 2026 14:15:00.849 [137955953670968] DEBUG - Subscription: Initialized 0 schedulers.
Sep 10, 2026 14:15:00.849 [137955953670968] DEBUG - Subscription: Starting with 0 grabs, scheduled 0 active ones preemptively.
Sep 10, 2026 14:15:00.849 [137955953670968] DEBUG - Subscription: Scheduled all subscriptions in 0 ms.
Sep 10, 2026 14:15:00.849 [137955953670968] DEBUG - Activity: Ended activity d9fd47bf-270b-4102-97e4-6e71e6a78890.
Sep 10, 2026 14:15:00.849 [137955953670968] DEBUG - Subscription: There are 0 active grabs at the end.
Sep 10, 2026 14:15:00.849 [137955953670968] DEBUG - Activity: Ended activity 50fc85df-67f4-4e62-a6b9-f78850934ffe.
Sep 10, 2026 14:15:00.849 [137955953670968] DEBUG - Subscription: Refreshed all content in 0 ms.
Sep 10, 2026 14:15:00.918 [137955938904888] DEBUG - NetworkInterface: received Netlink message len=440, type=RTM_NEWLINK, flags=0x0
Sep 10, 2026 14:15:00.918 [137955938904888] DEBUG - NetworkInterface: Netlink information message family=7, type=1, index=12, flags=0x11043, change=0x0
Sep 10, 2026 14:15:00.918 [137955938904888] DEBUG - Network change.
Sep 10, 2026 14:15:00.918 [137955938904888] DEBUG - NetworkInterface: Notified of network changed (force=0)
Sep 10, 2026 14:15:00.919 [137955938904888] DEBUG - Network change notification but nothing changed.
Sep 10, 2026 14:15:00.919 [137955938904888] DEBUG - NetworkInterface: received Netlink message len=440, type=RTM_NEWLINK, flags=0x0
Sep 10, 2026 14:15:00.919 [137955938904888] DEBUG - NetworkInterface: Netlink information message family=7, type=1, index=13, flags=0x11043, change=0x0
Sep 10, 2026 14:15:00.919 [137955938904888] DEBUG - Network change.
Sep 10, 2026 14:15:00.919 [137955938904888] DEBUG - NetworkInterface: Notified of network changed (force=0)
Sep 10, 2026 14:15:00.919 [137955938904888] DEBUG - Network change notification but nothing changed.
Sep 10, 2026 14:15:00.919 [137955938904888] DEBUG - NetworkInterface: received Netlink message len=440, type=RTM_NEWLINK, flags=0x0
Sep 10, 2026 14:15:00.919 [137955938904888] DEBUG - NetworkInterface: Netlink information message family=7, type=1, index=11, flags=0x11043, change=0x0
Sep 10, 2026 14:15:00.919 [137955938904888] DEBUG - Network change.
Sep 10, 2026 14:15:00.919 [137955938904888] DEBUG - NetworkInterface: Notified of network changed (force=0)
Sep 10, 2026 14:15:00.920 [137955938904888] DEBUG - Network change notification but nothing changed.
Sep 10, 2026 14:15:00.920 [137955938904888] DEBUG - NetworkInterface: received Netlink message len=440, type=RTM_NEWLINK, flags=0x0
Sep 10, 2026 14:15:00.920 [137955938904888] DEBUG - NetworkInterface: Netlink information message family=7, type=1, index=14, flags=0x11043, change=0x0
Sep 10, 2026 14:15:00.920 [137955938904888] DEBUG - Network change.
Sep 10, 2026 14:15:00.920 [137955938904888] DEBUG - NetworkInterface: Notified of network changed (force=0)
Sep 10, 2026 14:15:00.920 [137955938904888] DEBUG - Network change notification but nothing changed.
Sep 10, 2026 14:15:01.296 [137955981093688] DEBUG - [HttpClient/HCl#29] HTTP/1.1 (2.4s) 200 response from POST http://127.0.0.1:32600/devices/discover
Sep 10, 2026 14:15:01.338 [137955987422008] DEBUG - [HCl#2a] HTTP requesting GET https://servers.plex.tv/api/resources.xml?includeHttps=1&includeRelay=1&auth_token=xxxxxxxxxxxxxxxxxxxx
Sep 10, 2026 14:15:01.430 [137955938904888] DEBUG - NetworkInterface: received Netlink message len=440, type=RTM_NEWLINK, flags=0x0
Sep 10, 2026 14:15:01.430 [137955938904888] DEBUG - NetworkInterface: Netlink information message family=7, type=1, index=17, flags=0x11043, change=0x0
Sep 10, 2026 14:15:01.430 [137955938904888] DEBUG - Network change.
Sep 10, 2026 14:15:01.430 [137955938904888] DEBUG - NetworkInterface: Notified of network changed (force=0)
Sep 10, 2026 14:15:01.431 [137955938904888] DEBUG - Network change notification but nothing changed.
Sep 10, 2026 14:15:01.431 [137955938904888] DEBUG - NetworkInterface: received Netlink message len=440, type=RTM_NEWLINK, flags=0x0
Sep 10, 2026 14:15:01.431 [137955938904888] DEBUG - NetworkInterface: Netlink information message family=7, type=1, index=19, flags=0x11043, change=0x0
Sep 10, 2026 14:15:01.431 [137955938904888] DEBUG - Network change.
Sep 10, 2026 14:15:01.431 [137955938904888] DEBUG - NetworkInterface: Notified of network changed (force=0)
Sep 10, 2026 14:15:01.431 [137955938904888] DEBUG - Network change notification but nothing changed.
Sep 10, 2026 14:15:01.431 [137955938904888] DEBUG - NetworkInterface: received Netlink message len=440, type=RTM_NEWLINK, flags=0x0
Sep 10, 2026 14:15:01.431 [137955938904888] DEBUG - NetworkInterface: Netlink information message family=7, type=1, index=16, flags=0x11043, change=0x0
Sep 10, 2026 14:15:01.431 [137955938904888] DEBUG - Network change.
Sep 10, 2026 14:15:01.431 [137955938904888] DEBUG - NetworkInterface: Notified of network changed (force=0)
Sep 10, 2026 14:15:01.432 [137955938904888] DEBUG - Network change notification but nothing changed.
Sep 10, 2026 14:15:01.432 [137955938904888] DEBUG - NetworkInterface: received Netlink message len=440, type=RTM_NEWLINK, flags=0x0
Sep 10, 2026 14:15:01.432 [137955938904888] DEBUG - NetworkInterface: Netlink information message family=7, type=1, index=15, flags=0x11043, change=0x0
Sep 10, 2026 14:15:01.432 [137955938904888] DEBUG - Network change.
Sep 10, 2026 14:15:01.432 [137955938904888] DEBUG - NetworkInterface: Notified of network changed (force=0)
Sep 10, 2026 14:15:01.432 [137955938904888] DEBUG - Network change notification but nothing changed.
Sep 10, 2026 14:15:01.432 [137955938904888] DEBUG - NetworkInterface: received Netlink message len=440, type=RTM_NEWLINK, flags=0x0
Sep 10, 2026 14:15:01.432 [137955938904888] DEBUG - NetworkInterface: Netlink information message family=7, type=1, index=18, flags=0x11043, change=0x0
Sep 10, 2026 14:15:01.432 [137955938904888] DEBUG - Network change.
Sep 10, 2026 14:15:01.432 [137955938904888] DEBUG - NetworkInterface: Notified of network changed (force=0)
Sep 10, 2026 14:15:01.433 [137955938904888] DEBUG - Network change notification but nothing changed.
Sep 10, 2026 14:15:01.806 [137955981093688] DEBUG - [HttpClient/HCl#2a] HTTP/2.0 (0.5s) 200 response from GET https://servers.plex.tv/api/resources.xml?includeHttps=1&includeRelay=1&auth_token=xxxxxxxxxxxxxxxxxxxx (reused)
Sep 10, 2026 14:15:01.806 [137955987422008] DEBUG - Media Server: Tested all servers in 0.0 seconds.
Sep 10, 2026 14:15:02.840 [137956077792056] DEBUG - [EventSourceClient/pubsub/pubsub12.pop.fra.plex.bz:443] EventSource: Got event [data] '<Message address="83.29.212.5" port="15919" asyncIdentifier="c4ad915b-c852-4d96-b5d2-ee61374187f6" connectivity="0" command="notifyConnectivity"/>'
Sep 10, 2026 14:15:02.840 [137956077792056] DEBUG - [EventSourceClient/pubsub/pubsub12.pop.fra.plex.bz:443] PubSub: Got notified of reachability for async identifier c4ad915b-c852-4d96-b5d2-ee61374187f6: 0 for 83.29.212.5:15919 (responded in 5188 ms)
Sep 10, 2026 14:15:02.840 [137956077792056] DEBUG - [EventSourceClient/pubsub/pubsub12.pop.fra.plex.bz:443] MyPlex: reachability check - current mapping state: 'Mapped - Publishing'.
Sep 10, 2026 14:15:02.840 [137956077792056] ERROR - [EventSourceClient/pubsub/pubsub12.pop.fra.plex.bz:443] MyPlex: mapping failed due to potential double NAT configuration
Sep 10, 2026 14:15:02.840 [137956077792056] DEBUG - [EventSourceClient/pubsub/pubsub12.pop.fra.plex.bz:443] MyPlex: mapping state set to 'Mapped - Not Published (Double NAT)'.
Sep 10, 2026 14:15:18.843 [137955983203128] DEBUG - [HCl#2c] HTTP requesting GET https://servers.plex.tv/api/v2/shared_sources/owned?machineIdentifier=83941f65c7406d3beb41458ac8f0f939d9b111d4
Sep 10, 2026 14:15:18.993 [137955981093688] DEBUG - [HttpClient/HCl#2c] HTTP/2.0 (0.1s) 200 response from GET https://servers.plex.tv/api/v2/shared_sources/owned?machineIdentifier=83941f65c7406d3beb41458ac8f0f939d9b111d4 (reused)
Sep 10, 2026 14:15:18.994 [137955983203128] DEBUG - [HCl#2d] HTTP requesting GET https://servers.plex.tv/api/v2/server/access_tokens?auth_token=xxxxxxxxxxxxxxxxxxxx
Sep 10, 2026 14:15:19.244 [137955981093688] DEBUG - [HttpClient/HCl#2d] HTTP/2.0 (0.2s) 200 response from GET https://servers.plex.tv/api/v2/server/access_tokens?auth_token=xxxxxxxxxxxxxxxxxxxx (reused)
Sep 10, 2026 14:15:19.245 [137955983203128] DEBUG - MyPlex: updating with 6 access tokens
Sep 10, 2026 14:15:19.245 [137955983203128] DEBUG - [HCl#2e] HTTP requesting GET https://servers.plex.tv/api/v2/server/users?auth_token=xxxxxxxxxxxxxxxxxxxx
Sep 10, 2026 14:15:19.392 [137955981093688] DEBUG - [HttpClient/HCl#2e] HTTP/2.0 (0.1s) 200 response from GET https://servers.plex.tv/api/v2/server/users?auth_token=xxxxxxxxxxxxxxxxxxxx (reused)
Sep 10, 2026 14:15:19.393 [137955974765368] DEBUG - [HCl#2f] HTTP requesting GET https://servers.plex.tv/api/v2/server/users/subscriptions?auth_token=xxxxxxxxxxxxxxxxxxxx
Sep 10, 2026 14:15:19.540 [137955981093688] DEBUG - [HttpClient/HCl#2f] HTTP/2.0 (0.1s) 200 response from GET https://servers.plex.tv/api/v2/server/users/subscriptions?auth_token=xxxxxxxxxxxxxxxxxxxx (reused)
Sep 10, 2026 14:15:19.541 [137955974765368] DEBUG - MyPlex: using cached data for request for https://servers.plex.tv/api/v2/server/users/services?auth_token=xxxxxxxxxxxxxxxxxxxx
Sep 10, 2026 14:15:20.898 [137955941014328] DEBUG - [NSB/SSDP] Parsing SSDP schema for http://192.168.50.1:36209/rootDesc.xml
Sep 10, 2026 14:15:20.899 [137955981093688] DEBUG - [HttpClient/HCl#30] HTTP/1.1 (0.0s) 200 response from GET http://192.168.50.1:36209/rootDesc.xml
Sep 10, 2026 14:15:20.900 [137955941014328] DEBUG - [NSB/SSDP] found 3 SSDP devices via http://192.168.50.1:36209/rootDesc.xml
Sep 10, 2026 14:15:20.900 [137955941014328] DEBUG - [NSB/SSDP] SSDP arrived: 192.168.50.1 (TUF-BE3600-8D40)
Sep 10, 2026 14:15:20.900 [137955941014328] DEBUG - [NSB/SSDP] SSDP arrived: 192.168.50.1 (WANDevice)
Sep 10, 2026 14:15:20.900 [137955941014328] DEBUG - [NSB/SSDP] SSDP arrived: 192.168.50.1 (WANConnectionDevice)
Sep 10, 2026 14:15:22.245 [137955953670968] DEBUG - [MediaProviderManager] Refreshing media providers
Sep 10, 2026 14:15:22.246 [137955953670968] DEBUG - [MediaProviderManager/Response::fetch/HCl#31] HTTP requesting GET https://servers.plex.tv/media/providers
Sep 10, 2026 14:15:22.390 [137955981093688] DEBUG - [HttpClient/HCl#31] HTTP/2.0 (0.1s) 200 response from GET https://servers.plex.tv/media/providers (reused)
Sep 10, 2026 14:15:22.390 [137955953670968] DEBUG - [MediaProviderManager] discovered cloud provider (Movies & Shows)
Sep 10, 2026 14:15:22.390 [137955953670968] DEBUG - [MediaProviderManager] discovered cloud provider (Metadata)
Sep 10, 2026 14:15:22.390 [137955953670968] DEBUG - [MediaProviderManager] loading cloud provider details (Metadata) (alive: 1)
Sep 10, 2026 14:15:22.390 [137955953670968] DEBUG - [MediaProviderManager] loading cloud provider details (Movies & Shows) (alive: 1)
Sep 10, 2026 14:15:22.390 [137955953670968] DEBUG - [MediaProviderManager] we had 2 cloud providers online, we now have 2
Sep 10, 2026 14:15:22.390 [137955953670968] DEBUG - [MediaProviderManager] cloud provider (Metadata) is online and available
Sep 10, 2026 14:15:22.390 [137955953670968] DEBUG - [MediaProviderManager] cloud provider (Movies & Shows) is online and available
Sep 10, 2026 14:15:22.390 [137955953670968] DEBUG - [MediaProviderManager] Media provider refresh complete
Sep 10, 2026 14:15:49.400 [137955938904888] DEBUG - NetworkInterface: received Netlink message len=64, type=RTM_NEWLINK, flags=0x0
Sep 10, 2026 14:15:49.400 [137955938904888] DEBUG - NetworkInterface: Netlink information message family=0, type=1, index=3, flags=0x1003, change=0x0
Sep 10, 2026 14:15:49.400 [137955938904888] DEBUG - Network change.
Sep 10, 2026 14:15:49.400 [137955938904888] DEBUG - NetworkInterface: Notified of network changed (force=0)
Sep 10, 2026 14:15:49.401 [137955938904888] DEBUG - Network change notification but nothing changed.
Sep 10, 2026 14:15:50.487 [137955938904888] DEBUG - NetworkInterface: received Netlink message len=64, type=RTM_NEWLINK, flags=0x0
Sep 10, 2026 14:15:50.487 [137955938904888] DEBUG - NetworkInterface: Netlink information message family=0, type=1, index=3, flags=0x1003, change=0x0
Sep 10, 2026 14:15:50.487 [137955938904888] DEBUG - Network change.
Sep 10, 2026 14:15:50.487 [137955938904888] DEBUG - NetworkInterface: Notified of network changed (force=0)
Sep 10, 2026 14:15:50.488 [137955938904888] DEBUG - Network change notification but nothing changed.
Sep 10, 2026 14:15:53.756 [137955938904888] DEBUG - NetworkInterface: received Netlink message len=64, type=RTM_NEWLINK, flags=0x0
Sep 10, 2026 14:15:53.756 [137955938904888] DEBUG - NetworkInterface: Netlink information message family=0, type=1, index=3, flags=0x1003, change=0x0
Sep 10, 2026 14:15:53.756 [137955938904888] DEBUG - Network change.
Sep 10, 2026 14:15:53.756 [137955938904888] DEBUG - NetworkInterface: Notified of network changed (force=0)
Sep 10, 2026 14:15:53.757 [137955938904888] DEBUG - Network change notification but nothing changed.
Sep 10, 2026 14:16:00.137 [137955938904888] DEBUG - NetworkInterface: received Netlink message len=64, type=RTM_NEWLINK, flags=0x0
Sep 10, 2026 14:16:00.137 [137955938904888] DEBUG - NetworkInterface: Netlink information message family=0, type=1, index=3, flags=0x1003, change=0x0
Sep 10, 2026 14:16:00.137 [137955938904888] DEBUG - Network change.
Sep 10, 2026 14:16:00.137 [137955938904888] DEBUG - NetworkInterface: Notified of network changed (force=0)
Sep 10, 2026 14:16:00.138 [137955938904888] DEBUG - Network change notification but nothing changed.
Sep 10, 2026 14:16:05.769 [137955938904888] DEBUG - NetworkInterface: received Netlink message len=64, type=RTM_NEWLINK, flags=0x0
Sep 10, 2026 14:16:05.769 [137955938904888] DEBUG - NetworkInterface: Netlink information message family=0, type=1, index=3, flags=0x1003, change=0x0
Sep 10, 2026 14:16:05.769 [137955938904888] DEBUG - Network change.
Sep 10, 2026 14:16:05.769 [137955938904888] DEBUG - NetworkInterface: Notified of network changed (force=0)
Sep 10, 2026 14:16:05.770 [137955938904888] DEBUG - Network change notification but nothing changed.
Sep 10, 2026 14:16:15.992 [137955938904888] DEBUG - NetworkInterface: received Netlink message len=64, type=RTM_NEWLINK, flags=0x0
Sep 10, 2026 14:16:15.992 [137955938904888] DEBUG - NetworkInterface: Netlink information message family=0, type=1, index=3, flags=0x1003, change=0x0
Sep 10, 2026 14:16:15.992 [137955938904888] DEBUG - Network change.
Sep 10, 2026 14:16:15.992 [137955938904888] DEBUG - NetworkInterface: Notified of network changed (force=0)
Sep 10, 2026 14:16:15.993 [137955938904888] DEBUG - Network change notification but nothing changed.
Sep 10, 2026 14:16:29.880 [137955938904888] DEBUG - NetworkInterface: received Netlink message len=64, type=RTM_NEWLINK, flags=0x0
Sep 10, 2026 14:16:29.880 [137955938904888] DEBUG - NetworkInterface: Netlink information message family=0, type=1, index=3, flags=0x1003, change=0x0
Sep 10, 2026 14:16:29.880 [137955938904888] DEBUG - Network change.
Sep 10, 2026 14:16:29.880 [137955938904888] DEBUG - NetworkInterface: Notified of network changed (force=0)
Sep 10, 2026 14:16:29.881 [137955938904888] DEBUG - Network change notification but nothing changed.
Sep 10, 2026 14:16:46.690 [137956087745336] DEBUG - BPQ: [Starting] -> [Processing]
Sep 10, 2026 14:16:46.697 [137956087745336] DEBUG - BPQ: generating queue items from 0 generator(s)
Sep 10, 2026 14:16:46.697 [137956087745336] DEBUG - BPQ: generated 0 item(s) for queue
Sep 10, 2026 14:16:46.698 [137956087745336] DEBUG - BPQ: [Processing] -> [Idle]
Sep 10, 2026 14:16:50.111 [137955938904888] DEBUG - NetworkInterface: received Netlink message len=64, type=RTM_NEWLINK, flags=0x0
Sep 10, 2026 14:16:50.111 [137955938904888] DEBUG - NetworkInterface: Netlink information message family=0, type=1, index=3, flags=0x1003, change=0x0
Sep 10, 2026 14:16:50.111 [137955938904888] DEBUG - Network change.
Sep 10, 2026 14:16:50.111 [137955938904888] DEBUG - NetworkInterface: Notified of network changed (force=0)
Sep 10, 2026 14:16:50.112 [137955938904888] DEBUG - Network change notification but nothing changed.
Sep 10, 2026 14:16:50.652 [137955972655928] DEBUG - Request: [127.0.0.1:54576 (Loopback)] GET /servers (2 live) #21 GZIP Signed-in Token (lcorream)
Sep 10, 2026 14:16:50.652 [137956079901496] DEBUG - Completed: [127.0.0.1:54576] 200 GET /servers (2 live) #21 GZIP 0ms 495 bytes
Sep 10, 2026 14:16:50.654 [137955972655928] DEBUG - Request: [127.0.0.1:54586 (Loopback)] GET / (2 live) #2a GZIP Signed-in Token (lcorream)
Sep 10, 2026 14:16:50.654 [137956079901496] DEBUG - Completed: [127.0.0.1:54586] 200 GET / (2 live) #2a GZIP 0ms 4147 bytes
Sep 10, 2026 14:16:50.673 [137955972655928] DEBUG - Request: [127.0.0.1:54590 (Loopback)] GET /library/sections (2 live) #2c GZIP Signed-in Token (lcorream)
Sep 10, 2026 14:16:50.681 [137956079901496] DEBUG - Completed: [127.0.0.1:54590] 200 GET /library/sections (2 live) #2c GZIP 7ms 727 bytes
Sep 10, 2026 14:16:50.683 [137955972655928] DEBUG - Request: [127.0.0.1:54598 (Loopback)] GET /channels/all (2 live) #2e GZIP Signed-in Token (lcorream)
Sep 10, 2026 14:16:50.683 [137956077792056] DEBUG - Completed: [127.0.0.1:54598] 200 GET /channels/all (2 live) #2e GZIP 0ms 387 bytes
Sep 10, 2026 14:16:50.685 [137955972655928] DEBUG - Request: [127.0.0.1:54606 (Loopback)] GET /library/sections (2 live) #30 GZIP Signed-in Token (lcorream)
Sep 10, 2026 14:16:50.685 [137956077792056] DEBUG - Completed: [127.0.0.1:54606] 200 GET /library/sections (2 live) #30 GZIP 0ms 727 bytes
Sep 10, 2026 14:16:50.686 [137955972655928] DEBUG - Request: [127.0.0.1:54610 (Loopback)] GET /channels/all (2 live) #32 GZIP Signed-in Token (lcorream)
Sep 10, 2026 14:16:50.687 [137956077792056] DEBUG - Completed: [127.0.0.1:54610] 200 GET /channels/all (2 live) #32 GZIP 0ms 387 bytes
Sep 10, 2026 14:17:20.100 [137955938904888] DEBUG - NetworkInterface: received Netlink message len=64, type=RTM_NEWLINK, flags=0x0
Sep 10, 2026 14:17:20.100 [137955938904888] DEBUG - NetworkInterface: Netlink information message family=0, type=1, index=3, flags=0x1003, change=0x0
Sep 10, 2026 14:17:20.100 [137955938904888] DEBUG - Network change.
Sep 10, 2026 14:17:20.100 [137955938904888] DEBUG - NetworkInterface: Notified of network changed (force=0)
Sep 10, 2026 14:17:20.100 [137955938904888] DEBUG - Network change notification but nothing changed.
Sep 10, 2026 14:18:01.943 [137955938904888] DEBUG - NetworkInterface: received Netlink message len=64, type=RTM_NEWLINK, flags=0x0
Sep 10, 2026 14:18:01.943 [137955938904888] DEBUG - NetworkInterface: Netlink information message family=0, type=1, index=3, flags=0x1003, change=0x0
Sep 10, 2026 14:18:01.943 [137955938904888] DEBUG - Network change.
Sep 10, 2026 14:18:01.943 [137955938904888] DEBUG - NetworkInterface: Notified of network changed (force=0)
Sep 10, 2026 14:18:01.943 [137955938904888] DEBUG - Network change notification but nothing changed.
Sep 10, 2026 14:18:08.518 [137955938904888] DEBUG - NetworkInterface: received Netlink message len=64, type=RTM_NEWLINK, flags=0x0
Sep 10, 2026 14:18:08.518 [137955938904888] DEBUG - NetworkInterface: Netlink information message family=0, type=1, index=3, flags=0x1003, change=0x0
Sep 10, 2026 14:18:08.518 [137955938904888] DEBUG - Network change.
Sep 10, 2026 14:18:08.518 [137955938904888] DEBUG - NetworkInterface: Notified of network changed (force=0)
Sep 10, 2026 14:18:08.519 [137955938904888] DEBUG - Network change notification but nothing changed.
Sep 10, 2026 14:18:29.339 [137955953670968] DEBUG - [ViewStateSync] Starting
Sep 10, 2026 14:18:29.339 [137955953670968] DEBUG - [ViewStateSync] Fetching user tokens
Sep 10, 2026 14:18:29.339 [137955953670968] DEBUG - [ViewStateSync/HCl#32] HTTP requesting GET https://servers.plex.tv/api/v2/server/users/services?auth_token=xxxxxxxxxxxxxxxxxxxx
Sep 10, 2026 14:18:29.590 [137955981093688] DEBUG - [HttpClient/HCl#32] HTTP/2.0 (0.3s) 200 response from GET https://servers.plex.tv/api/v2/server/users/services?auth_token=xxxxxxxxxxxxxxxxxxxx
Sep 10, 2026 14:18:29.591 [137955985312568] DEBUG - [ViewStateSync] Got token for user 1 (lcorream)
Sep 10, 2026 14:18:29.591 [137955985312568] DEBUG - [ViewStateSync/HCl#33] HTTP requesting GET https://servers.plex.tv/api/v2/server/users/584730134/view_state_sync
Sep 10, 2026 14:18:29.731 [137955981093688] DEBUG - [HttpClient/HCl#33] HTTP/2.0 (0.1s) 200 response from GET https://servers.plex.tv/api/v2/server/users/584730134/view_state_sync (reused)
Sep 10, 2026 14:18:29.731 [137955985312568] DEBUG - [ViewStateSync] Starting for user 1
Sep 10, 2026 14:18:29.731 [137955985312568] DEBUG - [ViewStateSync] Sending state
Sep 10, 2026 14:18:29.738 [137955985312568] DEBUG - [ViewStateSync] All state sent
Sep 10, 2026 14:18:29.738 [137955985312568] DEBUG - [ViewStateSync] Getting state
Sep 10, 2026 14:18:29.738 [137955985312568] DEBUG - [ViewStateSync/HCl#34] HTTP requesting GET https://scrobbles.plex.tv/state/584730134?after=MTc4Nzc3NjI5MzY1NS02YThmNGQyNWIxMjI1MmUyNTc2ZWNhMGE%3D&count=100
Sep 10, 2026 14:18:29.842 [137955981093688] DEBUG - [HttpClient/HCl#34] HTTP/2.0 (0.1s) 200 response from GET https://scrobbles.plex.tv/state/584730134?after=MTc4Nzc3NjI5MzY1NS02YThmNGQyNWIxMjI1MmUyNTc2ZWNhMGE%3D&count=100
Sep 10, 2026 14:18:29.842 [137955985312568] DEBUG - [ViewStateSync] Reading 0 states
Sep 10, 2026 14:18:29.842 [137955985312568] DEBUG - [ViewStateSync] Done getting states
Sep 10, 2026 14:18:29.842 [137955985312568] DEBUG - [ViewStateSync] Finished
Sep 10, 2026 14:19:05.847 [137955938904888] DEBUG - NetworkInterface: received Netlink message len=64, type=RTM_NEWLINK, flags=0x0
Sep 10, 2026 14:19:05.847 [137955938904888] DEBUG - NetworkInterface: Netlink information message family=0, type=1, index=3, flags=0x1003, change=0x0
Sep 10, 2026 14:19:05.847 [137955938904888] DEBUG - Network change.
Sep 10, 2026 14:19:05.847 [137955938904888] DEBUG - NetworkInterface: Notified of network changed (force=0)
Sep 10, 2026 14:19:05.848 [137955938904888] DEBUG - Network change notification but nothing changed.
Sep 10, 2026 14:20:41.090 [137955938904888] DEBUG - NetworkInterface: received Netlink message len=64, type=RTM_NEWLINK, flags=0x0
Sep 10, 2026 14:20:41.090 [137955938904888] DEBUG - NetworkInterface: Netlink information message family=0, type=1, index=3, flags=0x1003, change=0x0
Sep 10, 2026 14:20:41.090 [137955938904888] DEBUG - Network change.
Sep 10, 2026 14:20:41.090 [137955938904888] DEBUG - NetworkInterface: Notified of network changed (force=0)
Sep 10, 2026 14:20:41.091 [137955938904888] DEBUG - Network change notification but nothing changed.
Sep 10, 2026 14:22:43.406 [137955938904888] DEBUG - NetworkInterface: received Netlink message len=64, type=RTM_NEWLINK, flags=0x0
Sep 10, 2026 14:22:43.406 [137955938904888] DEBUG - NetworkInterface: Netlink information message family=0, type=1, index=3, flags=0x1003, change=0x0
Sep 10, 2026 14:22:43.406 [137955938904888] DEBUG - Network change.
Sep 10, 2026 14:22:43.406 [137955938904888] DEBUG - NetworkInterface: Notified of network changed (force=0)
Sep 10, 2026 14:22:43.407 [137955938904888] DEBUG - Network change notification but nothing changed.
Sep 10, 2026 14:24:43.180 [137955938904888] DEBUG - NetworkInterface: received Netlink message len=64, type=RTM_NEWLINK, flags=0x0
Sep 10, 2026 14:24:43.180 [137955938904888] DEBUG - NetworkInterface: Netlink information message family=0, type=1, index=3, flags=0x1003, change=0x0
Sep 10, 2026 14:24:43.180 [137955938904888] DEBUG - Network change.
Sep 10, 2026 14:24:43.180 [137955938904888] DEBUG - NetworkInterface: Notified of network changed (force=0)
Sep 10, 2026 14:24:43.181 [137955938904888] DEBUG - Network change notification but nothing changed.
Sep 10, 2026 14:24:54.578 [137955938904888] DEBUG - NetworkInterface: received Netlink message len=64, type=RTM_NEWLINK, flags=0x0
Sep 10, 2026 14:24:54.578 [137955938904888] DEBUG - NetworkInterface: Netlink information message family=0, type=1, index=3, flags=0x1003, change=0x0
Sep 10, 2026 14:24:54.578 [137955938904888] DEBUG - Network change.
Sep 10, 2026 14:24:54.578 [137955938904888] DEBUG - NetworkInterface: Notified of network changed (force=0)
Sep 10, 2026 14:24:54.579 [137955938904888] DEBUG - Network change notification but nothing changed.
Sep 10, 2026 14:26:44.104 [137955938904888] DEBUG - NetworkInterface: received Netlink message len=64, type=RTM_NEWLINK, flags=0x0
Sep 10, 2026 14:26:44.104 [137955938904888] DEBUG - NetworkInterface: Netlink information message family=0, type=1, index=3, flags=0x1003, change=0x0
Sep 10, 2026 14:26:44.104 [137955938904888] DEBUG - Network change.
Sep 10, 2026 14:26:44.104 [137955938904888] DEBUG - NetworkInterface: Notified of network changed (force=0)
Sep 10, 2026 14:26:44.105 [137955938904888] DEBUG - Network change notification but nothing changed.
Sep 10, 2026 14:28:45.042 [137955938904888] DEBUG - NetworkInterface: received Netlink message len=64, type=RTM_NEWLINK, flags=0x0
Sep 10, 2026 14:28:45.042 [137955938904888] DEBUG - NetworkInterface: Netlink information message family=0, type=1, index=3, flags=0x1003, change=0x0
Sep 10, 2026 14:28:45.042 [137955938904888] DEBUG - Network change.
Sep 10, 2026 14:28:45.042 [137955938904888] DEBUG - NetworkInterface: Notified of network changed (force=0)
Sep 10, 2026 14:28:45.043 [137955938904888] DEBUG - Network change notification but nothing changed.
Sep 10, 2026 14:30:47.361 [137955938904888] DEBUG - NetworkInterface: received Netlink message len=64, type=RTM_NEWLINK, flags=0x0
Sep 10, 2026 14:30:47.361 [137955938904888] DEBUG - NetworkInterface: Netlink information message family=0, type=1, index=3, flags=0x1003, change=0x0
Sep 10, 2026 14:30:47.361 [137955938904888] DEBUG - Network change.
Sep 10, 2026 14:30:47.361 [137955938904888] DEBUG - NetworkInterface: Notified of network changed (force=0)
Sep 10, 2026 14:30:47.362 [137955938904888] DEBUG - Network change notification but nothing changed.
Sep 10, 2026 14:32:47.229 [137955938904888] DEBUG - NetworkInterface: received Netlink message len=64, type=RTM_NEWLINK, flags=0x0
Sep 10, 2026 14:32:47.229 [137955938904888] DEBUG - NetworkInterface: Netlink information message family=0, type=1, index=3, flags=0x1003, change=0x0
Sep 10, 2026 14:32:47.229 [137955938904888] DEBUG - Network change.
Sep 10, 2026 14:32:47.229 [137955938904888] DEBUG - NetworkInterface: Notified of network changed (force=0)
Sep 10, 2026 14:32:47.230 [137955938904888] DEBUG - Network change notification but nothing changed.
Sep 10, 2026 14:34:48.161 [137955938904888] DEBUG - NetworkInterface: received Netlink message len=64, type=RTM_NEWLINK, flags=0x0
Sep 10, 2026 14:34:48.161 [137955938904888] DEBUG - NetworkInterface: Netlink information message family=0, type=1, index=3, flags=0x1003, change=0x0
Sep 10, 2026 14:34:48.161 [137955938904888] DEBUG - Network change.
Sep 10, 2026 14:34:48.161 [137955938904888] DEBUG - NetworkInterface: Notified of network changed (force=0)
Sep 10, 2026 14:34:48.162 [137955938904888] DEBUG - Network change notification but nothing changed.
Sep 10, 2026 14:36:49.085 [137955938904888] DEBUG - NetworkInterface: received Netlink message len=64, type=RTM_NEWLINK, flags=0x0
Sep 10, 2026 14:36:49.085 [137955938904888] DEBUG - NetworkInterface: Netlink information message family=0, type=1, index=3, flags=0x1003, change=0x0
Sep 10, 2026 14:36:49.085 [137955938904888] DEBUG - Network change.
Sep 10, 2026 14:36:49.085 [137955938904888] DEBUG - NetworkInterface: Notified of network changed (force=0)
Sep 10, 2026 14:36:49.086 [137955938904888] DEBUG - Network change notification but nothing changed.
Sep 10, 2026 14:38:50.307 [137955938904888] DEBUG - NetworkInterface: received Netlink message len=64, type=RTM_NEWLINK, flags=0x0
Sep 10, 2026 14:38:50.307 [137955938904888] DEBUG - NetworkInterface: Netlink information message family=0, type=1, index=3, flags=0x1003, change=0x0
Sep 10, 2026 14:38:50.307 [137955938904888] DEBUG - Network change.
Sep 10, 2026 14:38:50.307 [137955938904888] DEBUG - NetworkInterface: Notified of network changed (force=0)
Sep 10, 2026 14:38:50.308 [137955938904888] DEBUG - Network change notification but nothing changed.
Sep 10, 2026 14:40:52.338 [137955938904888] DEBUG - NetworkInterface: received Netlink message len=64, type=RTM_NEWLINK, flags=0x0
Sep 10, 2026 14:40:52.338 [137955938904888] DEBUG - NetworkInterface: Netlink information message family=0, type=1, index=3, flags=0x1003, change=0x0
Sep 10, 2026 14:40:52.338 [137955938904888] DEBUG - Network change.
Sep 10, 2026 14:40:52.338 [137955938904888] DEBUG - NetworkInterface: Notified of network changed (force=0)
Sep 10, 2026 14:40:52.339 [137955938904888] DEBUG - Network change notification but nothing changed.
Sep 10, 2026 14:41:31.612 [137955972655928] DEBUG - Request: [91.196.152.130:54537 (WAN)] GET /identity (2 live) #34 TLS Signed-in
Sep 10, 2026 14:41:31.614 [137956077792056] DEBUG - Completed: [91.196.152.130:54537] 200 GET /identity (2 live) #34 TLS 1ms 389 bytes
Sep 10, 2026 14:42:52.098 [137955938904888] DEBUG - NetworkInterface: received Netlink message len=64, type=RTM_NEWLINK, flags=0x0
Sep 10, 2026 14:42:52.098 [137955938904888] DEBUG - NetworkInterface: Netlink information message family=0, type=1, index=3, flags=0x1003, change=0x0
Sep 10, 2026 14:42:52.098 [137955938904888] DEBUG - Network change.
Sep 10, 2026 14:42:52.098 [137955938904888] DEBUG - NetworkInterface: Notified of network changed (force=0)
Sep 10, 2026 14:42:52.099 [137955938904888] DEBUG - Network change notification but nothing changed.
Sep 10, 2026 14:44:53.026 [137955938904888] DEBUG - NetworkInterface: received Netlink message len=64, type=RTM_NEWLINK, flags=0x0
Sep 10, 2026 14:44:53.026 [137955938904888] DEBUG - NetworkInterface: Netlink information message family=0, type=1, index=3, flags=0x1003, change=0x0
Sep 10, 2026 14:44:53.026 [137955938904888] DEBUG - Network change.
Sep 10, 2026 14:44:53.026 [137955938904888] DEBUG - NetworkInterface: Notified of network changed (force=0)
Sep 10, 2026 14:44:53.027 [137955938904888] DEBUG - Network change notification but nothing changed.
Sep 10, 2026 14:44:59.899 [137955968437048] DEBUG - Putting plug-in com.plexapp.agents.imdb to sleep.
Sep 10, 2026 14:44:59.899 [137955968437048] DEBUG - Stopping [com.plexapp.agents.imdb].
Sep 10, 2026 14:44:59.899 [137955968437048] DEBUG - [com.plexapp.agents.imdb] Killing.
Sep 10, 2026 14:44:59.904 [137956090301240] WARN - JobManager: Could not find job for handle 281
Sep 10, 2026 14:45:09.900 [137955968437048] DEBUG - Stopping file watcher for com.plexapp.agents.imdb
Sep 10, 2026 14:46:08.340 [137955987422008] DEBUG - [ViewStateSync] Starting
Sep 10, 2026 14:46:08.340 [137955987422008] DEBUG - [ViewStateSync] Got token for user 1 (lcorream)
Sep 10, 2026 14:46:08.340 [137955987422008] DEBUG - [ViewStateSync/HCl#35] HTTP requesting GET https://servers.plex.tv/api/v2/server/users/584730134/view_state_sync
Sep 10, 2026 14:46:08.581 [137955981093688] DEBUG - [HttpClient/HCl#35] HTTP/2.0 (0.2s) 200 response from GET https://servers.plex.tv/api/v2/server/users/584730134/view_state_sync
Sep 10, 2026 14:46:08.581 [137955985312568] DEBUG - [ViewStateSync] Starting for user 1
Sep 10, 2026 14:46:08.581 [137955985312568] DEBUG - [ViewStateSync] Sending state
Sep 10, 2026 14:46:08.581 [137955985312568] DEBUG - [ViewStateSync] All state sent
Sep 10, 2026 14:46:08.582 [137955985312568] DEBUG - [ViewStateSync] Getting state
Sep 10, 2026 14:46:08.582 [137955985312568] DEBUG - [ViewStateSync/HCl#36] HTTP requesting GET https://scrobbles.plex.tv/state/584730134?after=MTc4Nzc3NjI5MzY1NS02YThmNGQyNWIxMjI1MmUyNTc2ZWNhMGE%3D&count=100
Sep 10, 2026 14:46:08.693 [137955981093688] DEBUG - [HttpClient/HCl#36] HTTP/2.0 (0.1s) 200 response from GET https://scrobbles.plex.tv/state/584730134?after=MTc4Nzc3NjI5MzY1NS02YThmNGQyNWIxMjI1MmUyNTc2ZWNhMGE%3D&count=100
Sep 10, 2026 14:46:08.694 [137955985312568] DEBUG - [ViewStateSync] Reading 0 states
Sep 10, 2026 14:46:08.694 [137955985312568] DEBUG - [ViewStateSync] Done getting states
Sep 10, 2026 14:46:08.694 [137955985312568] DEBUG - [ViewStateSync] Finished
Sep 10, 2026 14:46:54.166 [137955938904888] DEBUG - NetworkInterface: received Netlink message len=64, type=RTM_NEWLINK, flags=0x0
Sep 10, 2026 14:46:54.166 [137955938904888] DEBUG - NetworkInterface: Netlink information message family=0, type=1, index=3, flags=0x1003, change=0x0
Sep 10, 2026 14:46:54.166 [137955938904888] DEBUG - Network change.
Sep 10, 2026 14:46:54.166 [137955938904888] DEBUG - NetworkInterface: Notified of network changed (force=0)
Sep 10, 2026 14:46:54.167 [137955938904888] DEBUG - Network change notification but nothing changed.
Sep 10, 2026 14:48:55.100 [137955938904888] DEBUG - NetworkInterface: received Netlink message len=64, type=RTM_NEWLINK, flags=0x0
Sep 10, 2026 14:48:55.100 [137955938904888] DEBUG - NetworkInterface: Netlink information message family=0, type=1, index=3, flags=0x1003, change=0x0
Sep 10, 2026 14:48:55.100 [137955938904888] DEBUG - Network change.
Sep 10, 2026 14:48:55.100 [137955938904888] DEBUG - NetworkInterface: Notified of network changed (force=0)
Sep 10, 2026 14:48:55.101 [137955938904888] DEBUG - Network change notification but nothing changed.
Sep 10, 2026 14:50:57.426 [137955938904888] DEBUG - NetworkInterface: received Netlink message len=64, type=RTM_NEWLINK, flags=0x0
Sep 10, 2026 14:50:57.426 [137955938904888] DEBUG - NetworkInterface: Netlink information message family=0, type=1, index=3, flags=0x1003, change=0x0
Sep 10, 2026 14:50:57.426 [137955938904888] DEBUG - Network change.
Sep 10, 2026 14:50:57.426 [137955938904888] DEBUG - NetworkInterface: Notified of network changed (force=0)
Sep 10, 2026 14:50:57.427 [137955938904888] DEBUG - Network change notification but nothing changed.
Sep 10, 2026 14:52:57.269 [137955938904888] DEBUG - NetworkInterface: received Netlink message len=64, type=RTM_NEWLINK, flags=0x0
Sep 10, 2026 14:52:57.269 [137955938904888] DEBUG - NetworkInterface: Netlink information message family=0, type=1, index=3, flags=0x1003, change=0x0
Sep 10, 2026 14:52:57.269 [137955938904888] DEBUG - Network change.
Sep 10, 2026 14:52:57.269 [137955938904888] DEBUG - NetworkInterface: Notified of network changed (force=0)
Sep 10, 2026 14:52:57.270 [137955938904888] DEBUG - Network change notification but nothing changed.
Sep 10, 2026 14:53:48.796 [137955972655928] DEBUG - Request: [195.184.76.44:44965 (WAN)] GET /identity (2 live) #36 TLS Signed-in
Sep 10, 2026 14:53:48.796 [137956077792056] DEBUG - Completed: [195.184.76.44:44965] 200 GET /identity (2 live) #36 TLS 0ms 389 bytes
Sep 10, 2026 14:54:58.112 [137955938904888] DEBUG - NetworkInterface: received Netlink message len=64, type=RTM_NEWLINK, flags=0x0
Sep 10, 2026 14:54:58.112 [137955938904888] DEBUG - NetworkInterface: Netlink information message family=0, type=1, index=3, flags=0x1003, change=0x0
Sep 10, 2026 14:54:58.112 [137955938904888] DEBUG - Network change.
Sep 10, 2026 14:54:58.112 [137955938904888] DEBUG - NetworkInterface: Notified of network changed (force=0)
Sep 10, 2026 14:54:58.113 [137955938904888] DEBUG - Network change notification but nothing changed.
Sep 10, 2026 14:56:59.171 [137955938904888] DEBUG - NetworkInterface: received Netlink message len=64, type=RTM_NEWLINK, flags=0x0
Sep 10, 2026 14:56:59.171 [137955938904888] DEBUG - NetworkInterface: Netlink information message family=0, type=1, index=3, flags=0x1003, change=0x0
Sep 10, 2026 14:56:59.171 [137955938904888] DEBUG - Network change.
Sep 10, 2026 14:56:59.171 [137955938904888] DEBUG - NetworkInterface: Notified of network changed (force=0)
Sep 10, 2026 14:56:59.172 [137955938904888] DEBUG - Network change notification but nothing changed.
Sep 10, 2026 14:59:00.087 [137955938904888] DEBUG - NetworkInterface: received Netlink message len=64, type=RTM_NEWLINK, flags=0x0
Sep 10, 2026 14:59:00.087 [137955938904888] DEBUG - NetworkInterface: Netlink information message family=0, type=1, index=3, flags=0x1003, change=0x0
Sep 10, 2026 14:59:00.087 [137955938904888] DEBUG - Network change.
Sep 10, 2026 14:59:00.087 [137955938904888] DEBUG - NetworkInterface: Notified of network changed (force=0)
Sep 10, 2026 14:59:00.088 [137955938904888] DEBUG - Network change notification but nothing changed.
Sep 10, 2026 15:00:19.052 [137955959999288] DEBUG - Statistics: Flushing 1 expired bandwidth entries, 0 expired media entries.
Sep 10, 2026 15:01:02.410 [137955938904888] DEBUG - NetworkInterface: received Netlink message len=64, type=RTM_NEWLINK, flags=0x0
Sep 10, 2026 15:01:02.410 [137955938904888] DEBUG - NetworkInterface: Netlink information message family=0, type=1, index=3, flags=0x1003, change=0x0
Sep 10, 2026 15:01:02.410 [137955938904888] DEBUG - Network change.
Sep 10, 2026 15:01:02.410 [137955938904888] DEBUG - NetworkInterface: Notified of network changed (force=0)
Sep 10, 2026 15:01:02.411 [137955938904888] DEBUG - Network change notification but nothing changed.
Sep 10, 2026 15:03:02.062 [137955938904888] DEBUG - NetworkInterface: received Netlink message len=64, type=RTM_NEWLINK, flags=0x0
Sep 10, 2026 15:03:02.062 [137955938904888] DEBUG - NetworkInterface: Netlink information message family=0, type=1, index=3, flags=0x1003, change=0x0
Sep 10, 2026 15:03:02.062 [137955938904888] DEBUG - Network change.
Sep 10, 2026 15:03:02.062 [137955938904888] DEBUG - NetworkInterface: Notified of network changed (force=0)
Sep 10, 2026 15:03:02.063 [137955938904888] DEBUG - Network change notification but nothing changed.
Sep 10, 2026 15:05:03.236 [137955938904888] DEBUG - NetworkInterface: received Netlink message len=64, type=RTM_NEWLINK, flags=0x0
Sep 10, 2026 15:05:03.236 [137955938904888] DEBUG - NetworkInterface: Netlink information message family=0, type=1, index=3, flags=0x1003, change=0x0
Sep 10, 2026 15:05:03.236 [137955938904888] DEBUG - Network change.
Sep 10, 2026 15:05:03.236 [137955938904888] DEBUG - NetworkInterface: Notified of network changed (force=0)
Sep 10, 2026 15:05:03.237 [137955938904888] DEBUG - Network change notification but nothing changed.
Sep 10, 2026 15:07:04.136 [137955938904888] DEBUG - NetworkInterface: received Netlink message len=64, type=RTM_NEWLINK, flags=0x0
Sep 10, 2026 15:07:04.136 [137955938904888] DEBUG - NetworkInterface: Netlink information message family=0, type=1, index=3, flags=0x1003, change=0x0
Sep 10, 2026 15:07:04.136 [137955938904888] DEBUG - Network change.
Sep 10, 2026 15:07:04.136 [137955938904888] DEBUG - NetworkInterface: Notified of network changed (force=0)
Sep 10, 2026 15:07:04.137 [137955938904888] DEBUG - Network change notification but nothing changed.
Sep 10, 2026 15:09:05.191 [137955938904888] DEBUG - NetworkInterface: received Netlink message len=64, type=RTM_NEWLINK, flags=0x0
Sep 10, 2026 15:09:05.191 [137955938904888] DEBUG - NetworkInterface: Netlink information message family=0, type=1, index=3, flags=0x1003, change=0x0
Sep 10, 2026 15:09:05.191 [137955938904888] DEBUG - Network change.
Sep 10, 2026 15:09:05.191 [137955938904888] DEBUG - NetworkInterface: Notified of network changed (force=0)
Sep 10, 2026 15:09:05.192 [137955938904888] DEBUG - Network change notification but nothing changed.
Sep 10, 2026 15:11:07.291 [137955938904888] DEBUG - NetworkInterface: received Netlink message len=64, type=RTM_NEWLINK, flags=0x0
Sep 10, 2026 15:11:07.291 [137955938904888] DEBUG - NetworkInterface: Netlink information message family=0, type=1, index=3, flags=0x1003, change=0x0
Sep 10, 2026 15:11:07.291 [137955938904888] DEBUG - Network change.
Sep 10, 2026 15:11:07.291 [137955938904888] DEBUG - NetworkInterface: Notified of network changed (force=0)
Sep 10, 2026 15:11:07.292 [137955938904888] DEBUG - Network change notification but nothing changed.
Sep 10, 2026 15:13:07.060 [137955938904888] DEBUG - NetworkInterface: received Netlink message len=64, type=RTM_NEWLINK, flags=0x0
Sep 10, 2026 15:13:07.060 [137955938904888] DEBUG - NetworkInterface: Netlink information message family=0, type=1, index=3, flags=0x1003, change=0x0
Sep 10, 2026 15:13:07.060 [137955938904888] DEBUG - Network change.
Sep 10, 2026 15:13:07.060 [137955938904888] DEBUG - NetworkInterface: Notified of network changed (force=0)
Sep 10, 2026 15:13:07.061 [137955938904888] DEBUG - Network change notification but nothing changed.
Sep 10, 2026 15:13:39.340 [137955959999288] DEBUG - [ViewStateSync] Starting
Sep 10, 2026 15:13:39.340 [137955959999288] DEBUG - [ViewStateSync] Fetching user tokens
Sep 10, 2026 15:13:39.341 [137955959999288] DEBUG - [ViewStateSync/HCl#37] HTTP requesting GET https://servers.plex.tv/api/v2/server/users/services?auth_token=xxxxxxxxxxxxxxxxxxxx
Sep 10, 2026 15:13:39.612 [137955981093688] DEBUG - [HttpClient/HCl#37] HTTP/2.0 (0.3s) 200 response from GET https://servers.plex.tv/api/v2/server/users/services?auth_token=xxxxxxxxxxxxxxxxxxxx
Sep 10, 2026 15:13:39.613 [137955985312568] DEBUG - [ViewStateSync] Got token for user 1 (lcorream)
Sep 10, 2026 15:13:39.613 [137955985312568] DEBUG - [ViewStateSync/HCl#38] HTTP requesting GET https://servers.plex.tv/api/v2/server/users/584730134/view_state_sync
Sep 10, 2026 15:13:39.792 [137955981093688] DEBUG - [HttpClient/HCl#38] HTTP/2.0 (0.2s) 200 response from GET https://servers.plex.tv/api/v2/server/users/584730134/view_state_sync (reused)
Sep 10, 2026 15:13:39.792 [137955985312568] DEBUG - [ViewStateSync] Starting for user 1
Sep 10, 2026 15:13:39.792 [137955985312568] DEBUG - [ViewStateSync] Sending state
Sep 10, 2026 15:13:39.792 [137955985312568] DEBUG - [ViewStateSync] All state sent
Sep 10, 2026 15:13:39.804 [137955985312568] DEBUG - [ViewStateSync] Getting state
Sep 10, 2026 15:13:39.804 [137955985312568] DEBUG - [ViewStateSync/HCl#39] HTTP requesting GET https://scrobbles.plex.tv/state/584730134?after=MTc4Nzc3NjI5MzY1NS02YThmNGQyNWIxMjI1MmUyNTc2ZWNhMGE%3D&count=100
Sep 10, 2026 15:13:39.908 [137955981093688] DEBUG - [HttpClient/HCl#39] HTTP/2.0 (0.1s) 200 response from GET https://scrobbles.plex.tv/state/584730134?after=MTc4Nzc3NjI5MzY1NS02YThmNGQyNWIxMjI1MmUyNTc2ZWNhMGE%3D&count=100
Sep 10, 2026 15:13:39.908 [137955985312568] DEBUG - [ViewStateSync] Reading 0 states
Sep 10, 2026 15:13:39.908 [137955985312568] DEBUG - [ViewStateSync] Done getting states
Sep 10, 2026 15:13:39.908 [137955985312568] DEBUG - [ViewStateSync] Finished
Sep 10, 2026 15:14:50.757 [137955987422008] DEBUG - Checking if time for scheduled update
Sep 10, 2026 15:14:50.757 [137955987422008] INFO - It's been 6917 seconds, so we're starting scheduled library update for section 1 (Movies)
Sep 10, 2026 15:14:50.757 [137955987422008] DEBUG - Library Updater: Requested that section 1 be updated, force=0, subdir= iTunes=0
Sep 10, 2026 15:14:50.757 [137955987422008] DEBUG - Library Updater: Queueing section 1
Sep 10, 2026 15:14:50.757 [137955987422008] INFO - It's been 6617 seconds, so we're starting scheduled library update for section 2 (TV Shows)
Sep 10, 2026 15:14:50.757 [137955987422008] DEBUG - Library Updater: Requested that section 2 be updated, force=0, subdir= iTunes=0
Sep 10, 2026 15:14:50.757 [137955987422008] DEBUG - Library Updater: Queueing section 2
Sep 10, 2026 15:14:50.758 [137955985312568] DEBUG - Activity: registered new activity 71c9533f-288b-443d-90a7-4ecfb2f6bbf9 - "Scanning"
Sep 10, 2026 15:14:50.758 [137955985312568] DEBUG - Scanning section 1
Sep 10, 2026 15:14:50.758 [137955985312568] DEBUG - Activity: updated activity 71c9533f-288b-443d-90a7-4ecfb2f6bbf9 - completed 0.0% - Scanning Movies
Sep 10, 2026 15:14:50.805 [137955985312568] DEBUG - Asked to cull library timeline before time 1789044890, we're starting with 0 items.
Sep 10, 2026 15:14:50.805 [137955985312568] DEBUG - Library timeline cull complete with 0 items left.
Sep 10, 2026 15:14:50.812 [137955985312568] DEBUG - Scanning Movies using en-US(Plex Movie) with 47 current media items and 1 section locations in the database.
Sep 10, 2026 15:14:50.812 [137955985312568] DEBUG - Performing a scan with 'Plex Movie' (language: en-US virtual: 0).
Sep 10, 2026 15:14:50.812 [137955985312568] DEBUG -   * Scanning /media/movies
Sep 10, 2026 15:14:50.812 [137955985312568] DEBUG - Scanner: Processing directory /media/movies (parent: no)
Sep 10, 2026 15:14:50.816 [137955985312568] DEBUG - Skipping over directory '', as nothing has changed; removing 0 media items from map.
Sep 10, 2026 15:14:50.818 [137955985312568] DEBUG - Scanner: Processing directory /media/movies/Moana (2026) (parent: yes)
Sep 10, 2026 15:14:50.839 [137955985312568] DEBUG - Skipping over directory 'Moana (2026)', as nothing has changed; removing 1 media items from map.
Sep 10, 2026 15:14:50.839 [137955985312568] DEBUG - Activity: updated activity 71c9533f-288b-443d-90a7-4ecfb2f6bbf9 - completed 2.1% - Scanning Movies
Sep 10, 2026 15:14:50.839 [137955985312568] DEBUG - Scanner: Processing directory /media/movies/The SpongeBob Movie - Search for SquarePants (2025) (parent: yes)
Sep 10, 2026 15:14:50.841 [137955985312568] DEBUG - Skipping over directory 'The SpongeBob Movie - Search for SquarePants (2025)', as nothing has changed; removing 1 media items from map.
Sep 10, 2026 15:14:50.841 [137955985312568] DEBUG - Activity: updated activity 71c9533f-288b-443d-90a7-4ecfb2f6bbf9 - completed 4.2% - Scanning Movies
Sep 10, 2026 15:14:50.841 [137955985312568] DEBUG - Scanner: Processing directory /media/movies/Avatar Aang - The Last Airbender (2026) (parent: yes)
Sep 10, 2026 15:14:50.842 [137955985312568] DEBUG - Skipping over directory 'Avatar Aang - The Last Airbender (2026)', as nothing has changed; removing 1 media items from map.
Sep 10, 2026 15:14:50.842 [137955985312568] DEBUG - Activity: updated activity 71c9533f-288b-443d-90a7-4ecfb2f6bbf9 - completed 6.3% - Scanning Movies
Sep 10, 2026 15:14:50.842 [137955985312568] DEBUG - Scanner: Processing directory /media/movies/Lucy Shimmers and the Prince of Peace (2020) (parent: yes)
Sep 10, 2026 15:14:50.846 [137955959999288] DEBUG - PublicAddressManager: Obtaining public address and mapping port.
Sep 10, 2026 15:14:50.846 [137955987422008] DEBUG - PublicAddressManager: Obtaining public IP.
Sep 10, 2026 15:14:50.846 [137955987422008] DEBUG - [HCl#3a] HTTP requesting GET https://v4.plex.tv/pms/:/ip
Sep 10, 2026 15:14:50.846 [137955959999288] DEBUG - NAT: UPnP, attempting port mapping.
Sep 10, 2026 15:14:50.847 [137955985312568] DEBUG - Skipping over directory 'Lucy Shimmers and the Prince of Peace (2020)', as nothing has changed; removing 1 media items from map.
Sep 10, 2026 15:14:50.847 [137955985312568] DEBUG - Activity: updated activity 71c9533f-288b-443d-90a7-4ecfb2f6bbf9 - completed 8.4% - Scanning Movies
Sep 10, 2026 15:14:50.847 [137955985312568] DEBUG - Scanner: Processing directory /media/movies/PAW Patrol - The Movie (2021) (parent: yes)
Sep 10, 2026 15:14:50.848 [137955985312568] DEBUG - Skipping over directory 'PAW Patrol - The Movie (2021)', as nothing has changed; removing 1 media items from map.
Sep 10, 2026 15:14:50.848 [137955985312568] DEBUG - Activity: updated activity 71c9533f-288b-443d-90a7-4ecfb2f6bbf9 - completed 10.5% - Scanning Movies
Sep 10, 2026 15:14:50.848 [137955985312568] DEBUG - Scanner: Processing directory /media/movies/PAW Patrol - The Mighty Movie (2023) (parent: yes)
Sep 10, 2026 15:14:50.849 [137955985312568] DEBUG - Skipping over directory 'PAW Patrol - The Mighty Movie (2023)', as nothing has changed; removing 1 media items from map.
Sep 10, 2026 15:14:50.849 [137955985312568] DEBUG - Activity: updated activity 71c9533f-288b-443d-90a7-4ecfb2f6bbf9 - completed 12.6% - Scanning Movies
Sep 10, 2026 15:14:50.849 [137955985312568] DEBUG - Scanner: Processing directory /media/movies/Smurfs (2025) (parent: yes)
Sep 10, 2026 15:14:50.850 [137955985312568] DEBUG - Skipping over directory 'Smurfs (2025)', as nothing has changed; removing 1 media items from map.
Sep 10, 2026 15:14:50.850 [137955985312568] DEBUG - Activity: updated activity 71c9533f-288b-443d-90a7-4ecfb2f6bbf9 - completed 14.7% - Scanning Movies
Sep 10, 2026 15:14:50.850 [137955985312568] DEBUG - Scanner: Processing directory /media/movies/Toy Story 5 (2026) (parent: yes)
Sep 10, 2026 15:14:50.856 [137955985312568] DEBUG - Skipping over directory 'Toy Story 5 (2026)', as nothing has changed; removing 1 media items from map.
Sep 10, 2026 15:14:50.856 [137955985312568] DEBUG - Activity: updated activity 71c9533f-288b-443d-90a7-4ecfb2f6bbf9 - completed 16.9% - Scanning Movies
Sep 10, 2026 15:14:50.856 [137955985312568] DEBUG - Scanner: Processing directory /media/movies/The Secret Life of Pets 2 (2019) (parent: yes)
Sep 10, 2026 15:14:50.857 [137955985312568] DEBUG - Skipping over directory 'The Secret Life of Pets 2 (2019)', as nothing has changed; removing 1 media items from map.
Sep 10, 2026 15:14:50.857 [137955985312568] DEBUG - Activity: updated activity 71c9533f-288b-443d-90a7-4ecfb2f6bbf9 - completed 19.0% - Scanning Movies
Sep 10, 2026 15:14:50.857 [137955985312568] DEBUG - Scanner: Processing directory /media/movies/The Secret Life of Pets (2016) (parent: yes)
Sep 10, 2026 15:14:50.858 [137955985312568] DEBUG - Skipping over directory 'The Secret Life of Pets (2016)', as nothing has changed; removing 1 media items from map.
Sep 10, 2026 15:14:50.858 [137955985312568] DEBUG - Activity: updated activity 71c9533f-288b-443d-90a7-4ecfb2f6bbf9 - completed 21.1% - Scanning Movies
Sep 10, 2026 15:14:50.858 [137955985312568] DEBUG - Scanner: Processing directory /media/movies/Tom and Jerry - Forbidden Compass (2025) (parent: yes)
Sep 10, 2026 15:14:50.859 [137955985312568] DEBUG - Skipping over directory 'Tom and Jerry - Forbidden Compass (2025)', as nothing has changed; removing 1 media items from map.
Sep 10, 2026 15:14:50.859 [137955985312568] DEBUG - Activity: updated activity 71c9533f-288b-443d-90a7-4ecfb2f6bbf9 - completed 23.2% - Scanning Movies
Sep 10, 2026 15:14:50.859 [137955985312568] DEBUG - Scanner: Processing directory /media/movies/Man of Steel (2013) (parent: yes)
Sep 10, 2026 15:14:50.860 [137955985312568] DEBUG - Skipping over directory 'Man of Steel (2013)', as nothing has changed; removing 1 media items from map.
Sep 10, 2026 15:14:50.860 [137955985312568] DEBUG - Activity: updated activity 71c9533f-288b-443d-90a7-4ecfb2f6bbf9 - completed 25.3% - Scanning Movies
Sep 10, 2026 15:14:50.860 [137955985312568] DEBUG - Scanner: Processing directory /media/movies/Minions & Monsters (2026) (parent: yes)
Sep 10, 2026 15:14:50.861 [137955985312568] DEBUG - Skipping over directory 'Minions & Monsters (2026)', as nothing has changed; removing 1 media items from map.
Sep 10, 2026 15:14:50.861 [137955985312568] DEBUG - Activity: updated activity 71c9533f-288b-443d-90a7-4ecfb2f6bbf9 - completed 27.4% - Scanning Movies
Sep 10, 2026 15:14:50.861 [137955985312568] DEBUG - Scanner: Processing directory /media/movies/Top Gun - Maverick (2022) (parent: yes)
Sep 10, 2026 15:14:50.862 [137955985312568] DEBUG - Skipping over directory 'Top Gun - Maverick (2022)', as nothing has changed; removing 1 media items from map.
Sep 10, 2026 15:14:50.862 [137955985312568] DEBUG - Activity: updated activity 71c9533f-288b-443d-90a7-4ecfb2f6bbf9 - completed 29.5% - Scanning Movies
Sep 10, 2026 15:14:50.862 [137955985312568] DEBUG - Scanner: Processing directory /media/movies/Take the Lead (2006) (parent: yes)
Sep 10, 2026 15:14:50.863 [137955985312568] DEBUG - Skipping over directory 'Take the Lead (2006)', as nothing has changed; removing 1 media items from map.
Sep 10, 2026 15:14:50.863 [137955985312568] DEBUG - Activity: updated activity 71c9533f-288b-443d-90a7-4ecfb2f6bbf9 - completed 31.6% - Scanning Movies
Sep 10, 2026 15:14:50.863 [137955985312568] DEBUG - Scanner: Processing directory /media/movies/Cleveland Abduction (2015) (parent: yes)
Sep 10, 2026 15:14:50.869 [137955985312568] DEBUG - Skipping over directory 'Cleveland Abduction (2015)', as nothing has changed; removing 1 media items from map.
Sep 10, 2026 15:14:50.869 [137955985312568] DEBUG - Activity: updated activity 71c9533f-288b-443d-90a7-4ecfb2f6bbf9 - completed 33.7% - Scanning Movies
Sep 10, 2026 15:14:50.869 [137955985312568] DEBUG - Scanner: Processing directory /media/movies/Despicable Me (2010) (parent: yes)
Sep 10, 2026 15:14:50.887 [137955985312568] DEBUG - Skipping over directory 'Despicable Me (2010)', as nothing has changed; removing 1 media items from map.
Sep 10, 2026 15:14:50.887 [137955985312568] DEBUG - Activity: updated activity 71c9533f-288b-443d-90a7-4ecfb2f6bbf9 - completed 35.8% - Scanning Movies
Sep 10, 2026 15:14:50.887 [137955985312568] DEBUG - Scanner: Processing directory /media/movies/Sully (2016) (parent: yes)
Sep 10, 2026 15:14:50.915 [137955985312568] DEBUG - Skipping over directory 'Sully (2016)', as nothing has changed; removing 1 media items from map.
Sep 10, 2026 15:14:50.915 [137955985312568] DEBUG - Activity: updated activity 71c9533f-288b-443d-90a7-4ecfb2f6bbf9 - completed 37.9% - Scanning Movies
Sep 10, 2026 15:14:50.915 [137955985312568] DEBUG - Scanner: Processing directory /media/movies/Schindler's List (1993) (parent: yes)
Sep 10, 2026 15:14:50.932 [137955985312568] DEBUG - Skipping over directory 'Schindler's List (1993)', as nothing has changed; removing 1 media items from map.
Sep 10, 2026 15:14:50.932 [137955985312568] DEBUG - Activity: updated activity 71c9533f-288b-443d-90a7-4ecfb2f6bbf9 - completed 40.0% - Scanning Movies
Sep 10, 2026 15:14:50.932 [137955985312568] DEBUG - Scanner: Processing directory /media/movies/Girls Like Girls (2026) (parent: yes)
Sep 10, 2026 15:14:50.948 [137955985312568] DEBUG - Skipping over directory 'Girls Like Girls (2026)', as nothing has changed; removing 1 media items from map.
Sep 10, 2026 15:14:50.948 [137955985312568] DEBUG - Activity: updated activity 71c9533f-288b-443d-90a7-4ecfb2f6bbf9 - completed 42.1% - Scanning Movies
Sep 10, 2026 15:14:50.948 [137955985312568] DEBUG - Scanner: Processing directory /media/movies/American Underdog (2021) (parent: yes)
Sep 10, 2026 15:14:50.949 [137955985312568] DEBUG - Skipping over directory 'American Underdog (2021)', as nothing has changed; removing 1 media items from map.
Sep 10, 2026 15:14:50.949 [137955985312568] DEBUG - Activity: updated activity 71c9533f-288b-443d-90a7-4ecfb2f6bbf9 - completed 44.2% - Scanning Movies
Sep 10, 2026 15:14:50.949 [137955985312568] DEBUG - Scanner: Processing directory /media/movies/Sonic the Hedgehog 2 (2022) (parent: yes)
Sep 10, 2026 15:14:50.950 [137955985312568] DEBUG - Skipping over directory 'Sonic the Hedgehog 2 (2022)', as nothing has changed; removing 1 media items from map.
Sep 10, 2026 15:14:50.950 [137955985312568] DEBUG - Activity: updated activity 71c9533f-288b-443d-90a7-4ecfb2f6bbf9 - completed 46.3% - Scanning Movies
Sep 10, 2026 15:14:50.950 [137955985312568] DEBUG - Scanner: Processing directory /media/movies/Sonic the Hedgehog (2020) (parent: yes)
Sep 10, 2026 15:14:50.951 [137955985312568] DEBUG - Skipping over directory 'Sonic the Hedgehog (2020)', as nothing has changed; removing 1 media items from map.
Sep 10, 2026 15:14:50.951 [137955985312568] DEBUG - Activity: updated activity 71c9533f-288b-443d-90a7-4ecfb2f6bbf9 - completed 48.4% - Scanning Movies
Sep 10, 2026 15:14:50.951 [137955985312568] DEBUG - Scanner: Processing directory /media/movies/Sonic the Hedgehog 3 (2024) (parent: yes)
Sep 10, 2026 15:14:50.952 [137955985312568] DEBUG - Skipping over directory 'Sonic the Hedgehog 3 (2024)', as nothing has changed; removing 1 media items from map.
Sep 10, 2026 15:14:50.952 [137955985312568] DEBUG - Activity: updated activity 71c9533f-288b-443d-90a7-4ecfb2f6bbf9 - completed 50.6% - Scanning Movies
Sep 10, 2026 15:14:50.952 [137955985312568] DEBUG - Scanner: Processing directory /media/movies/No Hard Feelings (2023) (parent: yes)
Sep 10, 2026 15:14:50.954 [137955985312568] DEBUG - Skipping over directory 'No Hard Feelings (2023)', as nothing has changed; removing 1 media items from map.
Sep 10, 2026 15:14:50.954 [137955985312568] DEBUG - Activity: updated activity 71c9533f-288b-443d-90a7-4ecfb2f6bbf9 - completed 52.7% - Scanning Movies
Sep 10, 2026 15:14:50.954 [137955985312568] DEBUG - Scanner: Processing directory /media/movies/Toy Story 2 (1999) (parent: yes)
Sep 10, 2026 15:14:50.955 [137955985312568] DEBUG - Skipping over directory 'Toy Story 2 (1999)', as nothing has changed; removing 1 media items from map.
Sep 10, 2026 15:14:50.955 [137955985312568] DEBUG - Activity: updated activity 71c9533f-288b-443d-90a7-4ecfb2f6bbf9 - completed 54.8% - Scanning Movies
Sep 10, 2026 15:14:50.955 [137955985312568] DEBUG - Scanner: Processing directory /media/movies/Toy Story (1995) (parent: yes)
Sep 10, 2026 15:14:50.955 [137955985312568] DEBUG - Skipping over directory 'Toy Story (1995)', as nothing has changed; removing 1 media items from map.
Sep 10, 2026 15:14:50.956 [137955985312568] DEBUG - Activity: updated activity 71c9533f-288b-443d-90a7-4ecfb2f6bbf9 - completed 56.9% - Scanning Movies
Sep 10, 2026 15:14:50.956 [137955985312568] DEBUG - Scanner: Processing directory /media/movies/Toy Story 3 (2010) (parent: yes)
Sep 10, 2026 15:14:50.957 [137955985312568] DEBUG - Skipping over directory 'Toy Story 3 (2010)', as nothing has changed; removing 1 media items from map.
Sep 10, 2026 15:14:50.957 [137955985312568] DEBUG - Activity: updated activity 71c9533f-288b-443d-90a7-4ecfb2f6bbf9 - completed 59.0% - Scanning Movies
Sep 10, 2026 15:14:50.957 [137955985312568] DEBUG - Scanner: Processing directory /media/movies/Toy Story 4 (2019) (parent: yes)
Sep 10, 2026 15:14:50.958 [137955985312568] DEBUG - Skipping over directory 'Toy Story 4 (2019)', as nothing has changed; removing 1 media items from map.
Sep 10, 2026 15:14:50.958 [137955985312568] DEBUG - Activity: updated activity 71c9533f-288b-443d-90a7-4ecfb2f6bbf9 - completed 61.1% - Scanning Movies
Sep 10, 2026 15:14:50.958 [137955985312568] DEBUG - Scanner: Processing directory /media/movies/Miller's Girl (2024) (parent: yes)
Sep 10, 2026 15:14:50.959 [137955985312568] DEBUG - Skipping over directory 'Miller's Girl (2024)', as nothing has changed; removing 1 media items from map.
Sep 10, 2026 15:14:50.959 [137955985312568] DEBUG - Activity: updated activity 71c9533f-288b-443d-90a7-4ecfb2f6bbf9 - completed 63.2% - Scanning Movies
Sep 10, 2026 15:14:50.959 [137955985312568] DEBUG - Scanner: Processing directory /media/movies/Land of Bad (2024) (parent: yes)
Sep 10, 2026 15:14:50.959 [137955985312568] DEBUG - Skipping over directory 'Land of Bad (2024)', as nothing has changed; removing 1 media items from map.
Sep 10, 2026 15:14:50.960 [137955985312568] DEBUG - Activity: updated activity 71c9533f-288b-443d-90a7-4ecfb2f6bbf9 - completed 65.3% - Scanning Movies
Sep 10, 2026 15:14:50.960 [137955985312568] DEBUG - Scanner: Processing directory /media/movies/The Lucky One (2012) (parent: yes)
Sep 10, 2026 15:14:50.961 [137955985312568] DEBUG - Skipping over directory 'The Lucky One (2012)', as nothing has changed; removing 1 media items from map.
Sep 10, 2026 15:14:50.961 [137955985312568] DEBUG - Activity: updated activity 71c9533f-288b-443d-90a7-4ecfb2f6bbf9 - completed 67.4% - Scanning Movies
Sep 10, 2026 15:14:50.961 [137955985312568] DEBUG - Scanner: Processing directory /media/movies/The Super Mario Galaxy Movie (2026) (parent: yes)
Sep 10, 2026 15:14:50.962 [137955985312568] DEBUG - Skipping over directory 'The Super Mario Galaxy Movie (2026)', as nothing has changed; removing 1 media items from map.
Sep 10, 2026 15:14:50.962 [137955985312568] DEBUG - Activity: updated activity 71c9533f-288b-443d-90a7-4ecfb2f6bbf9 - completed 69.5% - Scanning Movies
Sep 10, 2026 15:14:50.962 [137955985312568] DEBUG - Scanner: Processing directory /media/movies/Only the Brave (2017) (parent: yes)
Sep 10, 2026 15:14:50.963 [137955985312568] DEBUG - Skipping over directory 'Only the Brave (2017)', as nothing has changed; removing 1 media items from map.
Sep 10, 2026 15:14:50.963 [137955985312568] DEBUG - Activity: updated activity 71c9533f-288b-443d-90a7-4ecfb2f6bbf9 - completed 71.6% - Scanning Movies
Sep 10, 2026 15:14:50.963 [137955985312568] DEBUG - Scanner: Processing directory /media/movies/Mortal Kombat II (2026) (parent: yes)
Sep 10, 2026 15:14:50.964 [137955985312568] DEBUG - Skipping over directory 'Mortal Kombat II (2026)', as nothing has changed; removing 1 media items from map.
Sep 10, 2026 15:14:50.964 [137955985312568] DEBUG - Activity: updated activity 71c9533f-288b-443d-90a7-4ecfb2f6bbf9 - completed 73.7% - Scanning Movies
Sep 10, 2026 15:14:50.964 [137955985312568] DEBUG - Scanner: Processing directory /media/movies/Mortal Kombat (2021) (parent: yes)
Sep 10, 2026 15:14:50.965 [137955985312568] DEBUG - Skipping over directory 'Mortal Kombat (2021)', as nothing has changed; removing 1 media items from map.
Sep 10, 2026 15:14:50.965 [137955985312568] DEBUG - Activity: updated activity 71c9533f-288b-443d-90a7-4ecfb2f6bbf9 - completed 75.8% - Scanning Movies
Sep 10, 2026 15:14:50.965 [137955985312568] DEBUG - Scanner: Processing directory /media/movies/The Martian (2015) (parent: yes)
Sep 10, 2026 15:14:50.966 [137955985312568] DEBUG - Skipping over directory 'The Martian (2015)', as nothing has changed; removing 1 media items from map.
Sep 10, 2026 15:14:50.966 [137955985312568] DEBUG - Activity: updated activity 71c9533f-288b-443d-90a7-4ecfb2f6bbf9 - completed 77.9% - Scanning Movies
Sep 10, 2026 15:14:50.966 [137955985312568] DEBUG - Scanner: Processing directory /media/movies/Project Hail Mary (2026) (parent: yes)
Sep 10, 2026 15:14:50.967 [137955985312568] DEBUG - Skipping over directory 'Project Hail Mary (2026)', as nothing has changed; removing 1 media items from map.
Sep 10, 2026 15:14:50.967 [137955985312568] DEBUG - Activity: updated activity 71c9533f-288b-443d-90a7-4ecfb2f6bbf9 - completed 80.0% - Scanning Movies
Sep 10, 2026 15:14:50.967 [137955985312568] DEBUG - Scanner: Processing directory /media/movies/The Hunger Games - Mockingjay - Part 2 (2015) (parent: yes)
Sep 10, 2026 15:14:50.968 [137955985312568] DEBUG - Skipping over directory 'The Hunger Games - Mockingjay - Part 2 (2015)', as nothing has changed; removing 1 media items from map.
Sep 10, 2026 15:14:50.968 [137955985312568] DEBUG - Activity: updated activity 71c9533f-288b-443d-90a7-4ecfb2f6bbf9 - completed 82.1% - Scanning Movies
Sep 10, 2026 15:14:50.968 [137955985312568] DEBUG - Scanner: Processing directory /media/movies/The Hunger Games - Catching Fire (2013) (parent: yes)
Sep 10, 2026 15:14:50.969 [137955985312568] DEBUG - Skipping over directory 'The Hunger Games - Catching Fire (2013)', as nothing has changed; removing 1 media items from map.
Sep 10, 2026 15:14:50.969 [137955985312568] DEBUG - Activity: updated activity 71c9533f-288b-443d-90a7-4ecfb2f6bbf9 - completed 84.3% - Scanning Movies
Sep 10, 2026 15:14:50.969 [137955985312568] DEBUG - Scanner: Processing directory /media/movies/The Hunger Games (2012) (parent: yes)
Sep 10, 2026 15:14:50.970 [137955985312568] DEBUG - Skipping over directory 'The Hunger Games (2012)', as nothing has changed; removing 1 media items from map.
Sep 10, 2026 15:14:50.970 [137955985312568] DEBUG - Activity: updated activity 71c9533f-288b-443d-90a7-4ecfb2f6bbf9 - completed 86.4% - Scanning Movies
Sep 10, 2026 15:14:50.970 [137955985312568] DEBUG - Scanner: Processing directory /media/movies/The Hunger Games - The Ballad of Songbirds & Snakes (2023) (parent: yes)
Sep 10, 2026 15:14:50.971 [137955985312568] DEBUG - Skipping over directory 'The Hunger Games - The Ballad of Songbirds & Snakes (2023)', as nothing has changed; removing 1 media items from map.
Sep 10, 2026 15:14:50.971 [137955985312568] DEBUG - Activity: updated activity 71c9533f-288b-443d-90a7-4ecfb2f6bbf9 - completed 88.5% - Scanning Movies
Sep 10, 2026 15:14:50.971 [137955985312568] DEBUG - Scanner: Processing directory /media/movies/The Hunger Games - Mockingjay - Part 1 (2014) (parent: yes)
Sep 10, 2026 15:14:50.971 [137955985312568] DEBUG - Skipping over directory 'The Hunger Games - Mockingjay - Part 1 (2014)', as nothing has changed; removing 1 media items from map.
Sep 10, 2026 15:14:50.971 [137955985312568] DEBUG - Activity: updated activity 71c9533f-288b-443d-90a7-4ecfb2f6bbf9 - completed 90.6% - Scanning Movies
Sep 10, 2026 15:14:50.971 [137955985312568] DEBUG - Scanner: Processing directory /media/movies/Despicable Me 3 (2017) (parent: yes)
Sep 10, 2026 15:14:50.972 [137955985312568] DEBUG - Skipping over directory 'Despicable Me 3 (2017)', as nothing has changed; removing 1 media items from map.
Sep 10, 2026 15:14:50.972 [137955985312568] DEBUG - Activity: updated activity 71c9533f-288b-443d-90a7-4ecfb2f6bbf9 - completed 92.7% - Scanning Movies
Sep 10, 2026 15:14:50.972 [137955985312568] DEBUG - Scanner: Processing directory /media/movies/Despicable Me 2 (2013) (parent: yes)
Sep 10, 2026 15:14:50.973 [137955985312568] DEBUG - Skipping over directory 'Despicable Me 2 (2013)', as nothing has changed; removing 1 media items from map.
Sep 10, 2026 15:14:50.973 [137955985312568] DEBUG - Activity: updated activity 71c9533f-288b-443d-90a7-4ecfb2f6bbf9 - completed 94.8% - Scanning Movies
Sep 10, 2026 15:14:50.973 [137955985312568] DEBUG - Scanner: Processing directory /media/movies/Despicable Me 4 (2024) (parent: yes)
Sep 10, 2026 15:14:50.974 [137955985312568] DEBUG - Skipping over directory 'Despicable Me 4 (2024)', as nothing has changed; removing 1 media items from map.
Sep 10, 2026 15:14:50.974 [137955985312568] DEBUG - Activity: updated activity 71c9533f-288b-443d-90a7-4ecfb2f6bbf9 - completed 96.9% - Scanning Movies
Sep 10, 2026 15:14:50.974 [137955985312568] DEBUG - Scanner: Processing directory /media/movies/The Super Mario Bros. Movie (2023) (parent: yes)
Sep 10, 2026 15:14:50.975 [137955985312568] DEBUG - Skipping over directory 'The Super Mario Bros. Movie (2023)', as nothing has changed; removing 1 media items from map.
Sep 10, 2026 15:14:50.975 [137955985312568] DEBUG - Activity: updated activity 71c9533f-288b-443d-90a7-4ecfb2f6bbf9 - completed 99.0% - Scanning Movies
Sep 10, 2026 15:14:50.975 [137955985312568] DEBUG - Activity: updated activity 71c9533f-288b-443d-90a7-4ecfb2f6bbf9 - completed 99.0% - Scanning Movies
Sep 10, 2026 15:14:50.975 [137955985312568] DEBUG - Scanner [Plex Movie]: Idle and left with 47 media items.
Sep 10, 2026 15:14:50.975 [137955985312568] DEBUG - Removing 0 media items that were left.
Sep 10, 2026 15:14:50.975 [137955985312568] DEBUG - Removing 0 directories that were left.
Sep 10, 2026 15:14:50.975 [137955985312568] DEBUG - Updating directory '' (ID 1) to time 2026-09-08 02:10:21.
Sep 10, 2026 15:14:50.975 [137955985312568] DEBUG - Updating directory 'American Underdog (2021)' (ID 34) to time 2026-07-07 06:11:10.
Sep 10, 2026 15:14:50.975 [137955985312568] DEBUG - Updating directory 'Avatar Aang - The Last Airbender (2026)' (ID 70) to time 2026-08-21 20:19:27.
Sep 10, 2026 15:14:50.975 [137955985312568] DEBUG - Updating directory 'Cleveland Abduction (2015)' (ID 56) to time 2026-08-02 10:33:40.
Sep 10, 2026 15:14:50.975 [137955985312568] DEBUG - Updating directory 'Despicable Me (2010)' (ID 3) to time 2026-08-01 11:20:17.
Sep 10, 2026 15:14:50.976 [137955985312568] DEBUG - Updating directory 'Despicable Me 2 (2013)' (ID 5) to time 2026-05-04 17:24:09.
Sep 10, 2026 15:14:50.976 [137955985312568] DEBUG - Updating directory 'Despicable Me 3 (2017)' (ID 6) to time 2026-05-04 17:31:22.
Sep 10, 2026 15:14:50.976 [137955985312568] DEBUG - Updating directory 'Despicable Me 4 (2024)' (ID 4) to time 2026-05-04 17:18:57.
Sep 10, 2026 15:14:50.976 [137955985312568] DEBUG - Updating directory 'Girls Like Girls (2026)' (ID 35) to time 2026-07-10 13:32:07.
Sep 10, 2026 15:14:50.976 [137955985312568] DEBUG - Updating directory 'Land of Bad (2024)' (ID 23) to time 2026-06-21 18:49:09.
Sep 10, 2026 15:14:50.976 [137955985312568] DEBUG - Updating directory 'Lucy Shimmers and the Prince of Peace (2020)' (ID 69) to time 2026-08-20 05:58:25.
Sep 10, 2026 15:14:50.976 [137955985312568] DEBUG - Updating directory 'Man of Steel (2013)' (ID 61) to time 2026-08-17 09:10:15.
Sep 10, 2026 15:14:50.976 [137955985312568] DEBUG - Updating directory 'Miller's Girl (2024)' (ID 24) to time 2026-06-22 14:36:04.
Sep 10, 2026 15:14:50.977 [137955985312568] DEBUG - Updating directory 'Minions & Monsters (2026)' (ID 60) to time 2026-08-17 09:03:39.
Sep 10, 2026 15:14:50.977 [137955985312568] DEBUG - Updating directory 'Moana (2026)' (ID 72) to time 2026-09-08 02:10:21.
Sep 10, 2026 15:14:50.977 [137955985312568] DEBUG - Updating directory 'Mortal Kombat (2021)' (ID 15) to time 2026-05-25 09:26:59.
Sep 10, 2026 15:14:50.977 [137955985312568] DEBUG - Updating directory 'Mortal Kombat II (2026)' (ID 14) to time 2026-05-25 09:27:02.
Sep 10, 2026 15:14:50.977 [137955985312568] DEBUG - Updating directory 'No Hard Feelings (2023)' (ID 29) to time 2026-06-25 22:34:17.
Sep 10, 2026 15:14:50.977 [137955985312568] DEBUG - Updating directory 'Only the Brave (2017)' (ID 20) to time 2026-06-20 08:08:49.
Sep 10, 2026 15:14:50.977 [137955985312568] DEBUG - Updating directory 'PAW Patrol - The Mighty Movie (2023)' (ID 67) to time 2026-08-19 17:38:24.
Sep 10, 2026 15:14:50.977 [137955985312568] DEBUG - Updating directory 'PAW Patrol - The Movie (2021)' (ID 68) to time 2026-08-19 18:15:59.
Sep 10, 2026 15:14:50.978 [137955985312568] DEBUG - Updating directory 'Project Hail Mary (2026)' (ID 12) to time 2026-05-24 17:36:27.
Sep 10, 2026 15:14:50.978 [137955985312568] DEBUG - Updating directory 'Schindler's List (1993)' (ID 36) to time 2026-07-18 20:04:08.
Sep 10, 2026 15:14:50.978 [137955985312568] DEBUG - Updating directory 'Smurfs (2025)' (ID 66) to time 2026-08-18 21:36:09.
Sep 10, 2026 15:14:50.978 [137955985312568] DEBUG - Updating directory 'Sonic the Hedgehog (2020)' (ID 31) to time 2026-06-28 14:19:40.
Sep 10, 2026 15:14:50.978 [137955985312568] DEBUG - Updating directory 'Sonic the Hedgehog 2 (2022)' (ID 33) to time 2026-06-29 21:58:40.
Sep 10, 2026 15:14:50.978 [137955985312568] DEBUG - Updating directory 'Sonic the Hedgehog 3 (2024)' (ID 30) to time 2026-06-28 14:16:09.
Sep 10, 2026 15:14:50.978 [137955985312568] DEBUG - Updating directory 'Sully (2016)' (ID 43) to time 2026-07-20 10:59:55.
Sep 10, 2026 15:14:50.978 [137955985312568] DEBUG - Updating directory 'Take the Lead (2006)' (ID 58) to time 2026-08-13 18:07:08.
Sep 10, 2026 15:14:50.979 [137955985312568] DEBUG - Updating directory 'The Hunger Games (2012)' (ID 9) to time 2026-05-16 16:34:26.
Sep 10, 2026 15:14:50.979 [137955985312568] DEBUG - Updating directory 'The Hunger Games - Catching Fire (2013)' (ID 10) to time 2026-05-16 16:49:05.
Sep 10, 2026 15:14:50.979 [137955985312568] DEBUG - Updating directory 'The Hunger Games - Mockingjay - Part 1 (2014)' (ID 7) to time 2026-05-16 16:08:41.
Sep 10, 2026 15:14:50.979 [137955985312568] DEBUG - Updating directory 'The Hunger Games - Mockingjay - Part 2 (2015)' (ID 11) to time 2026-05-16 16:54:04.
Sep 10, 2026 15:14:50.979 [137955985312568] DEBUG - Updating directory 'The Hunger Games - The Ballad of Songbirds & Snakes (2023)' (ID 8) to time 2026-05-16 16:17:44.
Sep 10, 2026 15:14:50.979 [137955985312568] DEBUG - Updating directory 'The Lucky One (2012)' (ID 22) to time 2026-06-21 08:52:02.
Sep 10, 2026 15:14:50.979 [137955985312568] DEBUG - Updating directory 'The Martian (2015)' (ID 13) to time 2026-05-24 17:47:28.
Sep 10, 2026 15:14:50.979 [137955985312568] DEBUG - Updating directory 'The Secret Life of Pets (2016)' (ID 63) to time 2026-08-17 13:06:10.
Sep 10, 2026 15:14:50.979 [137955985312568] DEBUG - Updating directory 'The Secret Life of Pets 2 (2019)' (ID 64) to time 2026-08-17 15:12:23.
Sep 10, 2026 15:14:50.979 [137955985312568] DEBUG - Updating directory 'The SpongeBob Movie - Search for SquarePants (2025)' (ID 71) to time 2026-08-26 00:07:54.
Sep 10, 2026 15:14:50.979 [137955985312568] DEBUG - Updating directory 'The Super Mario Bros. Movie (2023)' (ID 2) to time 2026-04-17 18:08:33.
Sep 10, 2026 15:14:50.980 [137955985312568] DEBUG - Updating directory 'The Super Mario Galaxy Movie (2026)' (ID 21) to time 2026-06-21 08:50:16.
Sep 10, 2026 15:14:50.980 [137955985312568] DEBUG - Updating directory 'Tom and Jerry - Forbidden Compass (2025)' (ID 62) to time 2026-08-17 09:53:20.
Sep 10, 2026 15:14:50.980 [137955985312568] DEBUG - Updating directory 'Top Gun - Maverick (2022)' (ID 59) to time 2026-08-13 18:12:41.
Sep 10, 2026 15:14:50.980 [137955985312568] DEBUG - Updating directory 'Toy Story (1995)' (ID 27) to time 2026-06-22 19:49:34.
Sep 10, 2026 15:14:50.980 [137955985312568] DEBUG - Updating directory 'Toy Story 2 (1999)' (ID 28) to time 2026-06-22 19:58:38.
Sep 10, 2026 15:14:50.980 [137955985312568] DEBUG - Updating directory 'Toy Story 3 (2010)' (ID 26) to time 2026-06-22 19:35:40.
Sep 10, 2026 15:14:50.980 [137955985312568] DEBUG - Updating directory 'Toy Story 4 (2019)' (ID 25) to time 2026-06-22 19:34:20.
Sep 10, 2026 15:14:50.980 [137955985312568] DEBUG - Updating directory 'Toy Story 5 (2026)' (ID 65) to time 2026-08-18 02:24:31.
Sep 10, 2026 15:14:50.981 [137955985312568] DEBUG - Collections: Found 0 collections tags in section 1.
Sep 10, 2026 15:14:50.981 [137955985312568] DEBUG - Collections: We had 0 collections in the library already.
Sep 10, 2026 15:14:50.981 [137955985312568] DEBUG - Collections: Synced tags in section 1 in 0ms.
Sep 10, 2026 15:14:50.983 [137955985312568] DEBUG - Collections: Refreshed attributes for 0 collections in section 1 in 1ms.
Sep 10, 2026 15:14:50.983 [137955985312568] DEBUG - Collection: Refreshed visibility in section 1 in 0ms.
Sep 10, 2026 15:14:50.983 [137955985312568] DEBUG - Activity: updated activity 71c9533f-288b-443d-90a7-4ecfb2f6bbf9 - completed 100.0% - Scanning Movies
Sep 10, 2026 15:14:50.990 [137955985312568] DEBUG - Refreshing section 1 of type: 1
Sep 10, 2026 15:14:51.021 [137955962108728] DEBUG - Refreshing 0 IDs.
Sep 10, 2026 15:14:51.022 [137955985312568] DEBUG - Activity: registered new activity cb20a54b-8431-4608-bfc6-5ade26fa1d57 - "Processing subscriptions"
Sep 10, 2026 15:14:51.022 [137955985312568] DEBUG - Activity: Ended activity 71c9533f-288b-443d-90a7-4ecfb2f6bbf9.
Sep 10, 2026 15:14:51.023 [137955983203128] DEBUG - Grabber: Cleaning up orphaned grabs.
Sep 10, 2026 15:14:51.023 [137955985312568] DEBUG - Activity: registered new activity a166c70c-10ab-410f-97a6-e1da9851b8da - "Scanning"
Sep 10, 2026 15:14:51.023 [137955985312568] DEBUG - Scanning section 2
Sep 10, 2026 15:14:51.023 [137955983203128] DEBUG - Grabber: Cleaned up 0 decrepit directories in 0.0 sec.
Sep 10, 2026 15:14:51.023 [137955985312568] DEBUG - Activity: updated activity a166c70c-10ab-410f-97a6-e1da9851b8da - completed 0.0% - Scanning TV Shows
Sep 10, 2026 15:14:51.023 [137955985312568] DEBUG - Job was already killed, not killing again.
Sep 10, 2026 15:14:51.023 [137955985312568] DEBUG - Asked to cull library timeline before time 1789044891, we're starting with 0 items.
Sep 10, 2026 15:14:51.023 [137955985312568] DEBUG - Library timeline cull complete with 0 items left.
Sep 10, 2026 15:14:51.023 [137955985312568] DEBUG - Scanning TV Shows using en-US(Plex TV Series) with 301 current media items and 1 section locations in the database.
Sep 10, 2026 15:14:51.023 [137955985312568] DEBUG - Performing a scan with 'Plex TV Series' (language: en-US virtual: 0).
Sep 10, 2026 15:14:51.023 [137955985312568] DEBUG -   * Scanning /media/tv
Sep 10, 2026 15:14:51.023 [137955985312568] DEBUG - Scanner: Processing directory /media/tv (parent: no)
Sep 10, 2026 15:14:51.024 [137955983203128] DEBUG - Activity: registered new activity c50cebd7-391e-4d18-bbca-dfd177d30b7a - "Processing subscriptions"
Sep 10, 2026 15:14:51.024 [137955983203128] DEBUG - Subscription: Scheduling subscriptions.
Sep 10, 2026 15:14:51.024 [137955983203128] DEBUG - Subscription: Initialized 0 schedulers.
Sep 10, 2026 15:14:51.024 [137955983203128] DEBUG - Subscription: Starting with 0 grabs, scheduled 0 active ones preemptively.
Sep 10, 2026 15:14:51.024 [137955983203128] DEBUG - Subscription: Scheduled all subscriptions in 0 ms.
Sep 10, 2026 15:14:51.024 [137955985312568] DEBUG - Skipping over directory '', as nothing has changed; removing 0 media items from map.
Sep 10, 2026 15:14:51.024 [137955983203128] DEBUG - Activity: Ended activity c50cebd7-391e-4d18-bbca-dfd177d30b7a.
Sep 10, 2026 15:14:51.024 [137955983203128] DEBUG - Subscription: There are 0 active grabs at the end.
Sep 10, 2026 15:14:51.024 [137955983203128] DEBUG - Activity: Ended activity cb20a54b-8431-4608-bfc6-5ade26fa1d57.
Sep 10, 2026 15:14:51.024 [137955983203128] DEBUG - Subscription: Refreshed all content in 1 ms.
Sep 10, 2026 15:14:51.024 [137955985312568] DEBUG - Scanner: Processing directory /media/tv/Scorpion (parent: yes)
Sep 10, 2026 15:14:51.025 [137955985312568] DEBUG - Skipping over directory 'Scorpion', as nothing has changed; removing 0 media items from map.
Sep 10, 2026 15:14:51.025 [137955985312568] DEBUG - Scanner: Processing directory /media/tv/Scorpion/Season 2 (parent: yes)
Sep 10, 2026 15:14:51.027 [137955985312568] DEBUG - Skipping over directory 'Scorpion/Season 2', as nothing has changed; removing 24 media items from map.
Sep 10, 2026 15:14:51.027 [137955985312568] DEBUG - Activity: updated activity a166c70c-10ab-410f-97a6-e1da9851b8da - completed 8.2% - Scanning TV Shows
Sep 10, 2026 15:14:51.027 [137955985312568] DEBUG - Scanner: Processing directory /media/tv/Scorpion/Season 4 (parent: yes)
Sep 10, 2026 15:14:51.032 [137955985312568] DEBUG - Skipping over directory 'Scorpion/Season 4', as nothing has changed; removing 22 media items from map.
Sep 10, 2026 15:14:51.032 [137955985312568] DEBUG - Activity: updated activity a166c70c-10ab-410f-97a6-e1da9851b8da - completed 16.5% - Scanning TV Shows
Sep 10, 2026 15:14:51.032 [137955985312568] DEBUG - Scanner: Processing directory /media/tv/Scorpion/Season 1 (parent: yes)
Sep 10, 2026 15:14:51.033 [137955985312568] DEBUG - Skipping over directory 'Scorpion/Season 1', as nothing has changed; removing 22 media items from map.
Sep 10, 2026 15:14:51.033 [137955985312568] DEBUG - Activity: updated activity a166c70c-10ab-410f-97a6-e1da9851b8da - completed 24.8% - Scanning TV Shows
Sep 10, 2026 15:14:51.033 [137955985312568] DEBUG - Scanner: Processing directory /media/tv/Forged in Fire (parent: yes)
Sep 10, 2026 15:14:51.034 [137955985312568] DEBUG - Skipping over directory 'Forged in Fire', as nothing has changed; removing 0 media items from map.
Sep 10, 2026 15:14:51.034 [137955985312568] DEBUG - Scanner: Processing directory /media/tv/Forged in Fire/Season 3 (parent: yes)
Sep 10, 2026 15:14:51.037 [137955985312568] DEBUG - Skipping over directory 'Forged in Fire/Season 3', as nothing has changed; removing 5 media items from map.
Sep 10, 2026 15:14:51.037 [137955985312568] DEBUG - Activity: updated activity a166c70c-10ab-410f-97a6-e1da9851b8da - completed 27.5% - Scanning TV Shows
Sep 10, 2026 15:14:51.037 [137955985312568] DEBUG - Scanner: Processing directory /media/tv/Forged in Fire/Season 5 (parent: yes)
Sep 10, 2026 15:14:51.039 [137955985312568] DEBUG - Skipping over directory 'Forged in Fire/Season 5', as nothing has changed; removing 39 media items from map.
Sep 10, 2026 15:14:51.039 [137955985312568] DEBUG - Activity: updated activity a166c70c-10ab-410f-97a6-e1da9851b8da - completed 30.2% - Scanning TV Shows
Sep 10, 2026 15:14:51.039 [137955985312568] DEBUG - Scanner: Processing directory /media/tv/Forged in Fire/Season 11 (parent: yes)
Sep 10, 2026 15:14:51.055 [137955985312568] DEBUG - Skipping over directory 'Forged in Fire/Season 11', as nothing has changed; removing 2 media items from map.
Sep 10, 2026 15:14:51.055 [137955985312568] DEBUG - Activity: updated activity a166c70c-10ab-410f-97a6-e1da9851b8da - completed 33.0% - Scanning TV Shows
Sep 10, 2026 15:14:51.055 [137955985312568] DEBUG - Scanner: Processing directory /media/tv/Forged in Fire/Season 4 (parent: yes)
Sep 10, 2026 15:14:51.056 [137955985312568] DEBUG - Skipping over directory 'Forged in Fire/Season 4', as nothing has changed; removing 23 media items from map.
Sep 10, 2026 15:14:51.056 [137955985312568] DEBUG - Activity: updated activity a166c70c-10ab-410f-97a6-e1da9851b8da - completed 35.8% - Scanning TV Shows
Sep 10, 2026 15:14:51.056 [137955985312568] DEBUG - Scanner: Processing directory /media/tv/Forged in Fire/Season 1 (parent: yes)
Sep 10, 2026 15:14:51.058 [137955985312568] DEBUG - Skipping over directory 'Forged in Fire/Season 1', as nothing has changed; removing 8 media items from map.
Sep 10, 2026 15:14:51.058 [137955985312568] DEBUG - Activity: updated activity a166c70c-10ab-410f-97a6-e1da9851b8da - completed 38.5% - Scanning TV Shows
Sep 10, 2026 15:14:51.058 [137955985312568] DEBUG - Scanner: Processing directory /media/tv/Forged in Fire/Season 2 (parent: yes)
Sep 10, 2026 15:14:51.058 [137955985312568] DEBUG - Skipping over directory 'Forged in Fire/Season 2', as nothing has changed; removing 4 media items from map.
Sep 10, 2026 15:14:51.058 [137955985312568] DEBUG - Activity: updated activity a166c70c-10ab-410f-97a6-e1da9851b8da - completed 41.2% - Scanning TV Shows
Sep 10, 2026 15:14:51.058 [137955985312568] DEBUG - Scanner: Processing directory /media/tv/Forged in Fire/Season 9 (parent: yes)
Sep 10, 2026 15:14:51.060 [137955985312568] DEBUG - Skipping over directory 'Forged in Fire/Season 9', as nothing has changed; removing 17 media items from map.
Sep 10, 2026 15:14:51.060 [137955985312568] DEBUG - Activity: updated activity a166c70c-10ab-410f-97a6-e1da9851b8da - completed 44.0% - Scanning TV Shows
Sep 10, 2026 15:14:51.060 [137955985312568] DEBUG - Scanner: Processing directory /media/tv/Forged in Fire/Season 8 (parent: yes)
Sep 10, 2026 15:14:51.062 [137955985312568] DEBUG - Skipping over directory 'Forged in Fire/Season 8', as nothing has changed; removing 37 media items from map.
Sep 10, 2026 15:14:51.062 [137955985312568] DEBUG - Activity: updated activity a166c70c-10ab-410f-97a6-e1da9851b8da - completed 46.8% - Scanning TV Shows
Sep 10, 2026 15:14:51.062 [137955985312568] DEBUG - Scanner: Processing directory /media/tv/Forged in Fire/Season 6 (parent: yes)
Sep 10, 2026 15:14:51.064 [137955985312568] DEBUG - Skipping over directory 'Forged in Fire/Season 6', as nothing has changed; removing 30 media items from map.
Sep 10, 2026 15:14:51.064 [137955985312568] DEBUG - Activity: updated activity a166c70c-10ab-410f-97a6-e1da9851b8da - completed 49.5% - Scanning TV Shows
Sep 10, 2026 15:14:51.064 [137955985312568] DEBUG - Scanner: Processing directory /media/tv/New Amsterdam (2018) (parent: yes)
Sep 10, 2026 15:14:51.087 [137955985312568] DEBUG - Skipping over directory 'New Amsterdam (2018)', as nothing has changed; removing 0 media items from map.
Sep 10, 2026 15:14:51.087 [137955985312568] DEBUG - Scanner: Processing directory /media/tv/New Amsterdam (2018)/Season 5 (parent: yes)
Sep 10, 2026 15:14:51.088 [137955985312568] DEBUG - Skipping over directory 'New Amsterdam (2018)/Season 5', as nothing has changed; removing 13 media items from map.
Sep 10, 2026 15:14:51.088 [137955985312568] DEBUG - Activity: updated activity a166c70c-10ab-410f-97a6-e1da9851b8da - completed 74.2% - Scanning TV Shows
Sep 10, 2026 15:14:51.088 [137955985312568] DEBUG - Scanner: Processing directory /media/tv/Teen Titans (parent: yes)
Sep 10, 2026 15:14:51.089 [137955985312568] DEBUG - Skipping over directory 'Teen Titans', as nothing has changed; removing 0 media items from map.
Sep 10, 2026 15:14:51.089 [137955985312568] DEBUG - Scanner: Processing directory /media/tv/Teen Titans/Season 3 (parent: yes)
Sep 10, 2026 15:14:51.090 [137955985312568] DEBUG - Skipping over directory 'Teen Titans/Season 3', as nothing has changed; removing 13 media items from map.
Sep 10, 2026 15:14:51.090 [137955985312568] DEBUG - Activity: updated activity a166c70c-10ab-410f-97a6-e1da9851b8da - completed 79.2% - Scanning TV Shows
Sep 10, 2026 15:14:51.090 [137955985312568] DEBUG - Scanner: Processing directory /media/tv/Teen Titans/Season 4 (parent: yes)
Sep 10, 2026 15:14:51.091 [137955985312568] DEBUG - Skipping over directory 'Teen Titans/Season 4', as nothing has changed; removing 13 media items from map.
Sep 10, 2026 15:14:51.091 [137955985312568] DEBUG - Activity: updated activity a166c70c-10ab-410f-97a6-e1da9851b8da - completed 84.1% - Scanning TV Shows
Sep 10, 2026 15:14:51.091 [137955985312568] DEBUG - Scanner: Processing directory /media/tv/Teen Titans/Season 5 (parent: yes)
Sep 10, 2026 15:14:51.091 [137955985312568] DEBUG - Skipping over directory 'Teen Titans/Season 5', as nothing has changed; removing 13 media items from map.
Sep 10, 2026 15:14:51.092 [137955985312568] DEBUG - Activity: updated activity a166c70c-10ab-410f-97a6-e1da9851b8da - completed 89.1% - Scanning TV Shows
Sep 10, 2026 15:14:51.092 [137955985312568] DEBUG - Scanner: Processing directory /media/tv/Teen Titans/Season 2 (parent: yes)
Sep 10, 2026 15:14:51.092 [137955985312568] DEBUG - Skipping over directory 'Teen Titans/Season 2', as nothing has changed; removing 3 media items from map.
Sep 10, 2026 15:14:51.092 [137955985312568] DEBUG - Activity: updated activity a166c70c-10ab-410f-97a6-e1da9851b8da - completed 94.0% - Scanning TV Shows
Sep 10, 2026 15:14:51.092 [137955985312568] DEBUG - Scanner: Processing directory /media/tv/Teen Titans/Season 1 (parent: yes)
Sep 10, 2026 15:14:51.094 [137955985312568] DEBUG - Skipping over directory 'Teen Titans/Season 1', as nothing has changed; removing 13 media items from map.
Sep 10, 2026 15:14:51.094 [137955985312568] DEBUG - Activity: updated activity a166c70c-10ab-410f-97a6-e1da9851b8da - completed 99.0% - Scanning TV Shows
Sep 10, 2026 15:14:51.094 [137955985312568] DEBUG - Activity: updated activity a166c70c-10ab-410f-97a6-e1da9851b8da - completed 99.0% - Scanning TV Shows
Sep 10, 2026 15:14:51.094 [137955985312568] DEBUG - Scanner [Plex TV Series]: Idle and left with 301 media items.
Sep 10, 2026 15:14:51.094 [137955985312568] DEBUG - Removing 0 media items that were left.
Sep 10, 2026 15:14:51.094 [137955985312568] DEBUG - Removing 0 directories that were left.
Sep 10, 2026 15:14:51.094 [137955985312568] DEBUG - Updating directory '' (ID 16) to time 2026-07-31 15:08:27.
Sep 10, 2026 15:14:51.094 [137955985312568] DEBUG - Updating directory 'Forged in Fire' (ID 37) to time 2026-08-02 06:10:34.
Sep 10, 2026 15:14:51.094 [137955985312568] DEBUG - Updating directory 'Forged in Fire/Season 1' (ID 38) to time 2026-07-23 20:44:36.
Sep 10, 2026 15:14:51.094 [137955985312568] DEBUG - Updating directory 'Forged in Fire/Season 11' (ID 51) to time 2026-07-30 09:51:01.
Sep 10, 2026 15:14:51.095 [137955985312568] DEBUG - Updating directory 'Forged in Fire/Season 2' (ID 50) to time 2026-07-22 22:32:47.
Sep 10, 2026 15:14:51.095 [137955985312568] DEBUG - Updating directory 'Forged in Fire/Season 3' (ID 44) to time 2026-09-08 01:09:45.
Sep 10, 2026 15:14:51.095 [137955985312568] DEBUG - Updating directory 'Forged in Fire/Season 4' (ID 52) to time 2026-07-28 12:43:37.
Sep 10, 2026 15:14:51.095 [137955985312568] DEBUG - Updating directory 'Forged in Fire/Season 5' (ID 55) to time 2026-08-02 06:58:30.
Sep 10, 2026 15:14:51.095 [137955985312568] DEBUG - Updating directory 'Forged in Fire/Season 6' (ID 42) to time 2026-07-19 22:25:36.
Sep 10, 2026 15:14:51.095 [137955985312568] DEBUG - Updating directory 'Forged in Fire/Season 8' (ID 39) to time 2026-07-22 03:27:03.
Sep 10, 2026 15:14:51.095 [137955985312568] DEBUG - Updating directory 'Forged in Fire/Season 9' (ID 45) to time 2026-07-22 04:02:47.
Sep 10, 2026 15:14:51.095 [137955985312568] DEBUG - Updating directory 'New Amsterdam (2018)' (ID 53) to time 2026-07-31 15:08:27.
Sep 10, 2026 15:14:51.095 [137955985312568] DEBUG - Updating directory 'New Amsterdam (2018)/Season 5' (ID 54) to time 2026-07-31 23:23:07.
Sep 10, 2026 15:14:51.095 [137955985312568] DEBUG - Updating directory 'Scorpion' (ID 40) to time 2026-08-12 17:46:10.
Sep 10, 2026 15:14:51.096 [137955985312568] DEBUG - Updating directory 'Scorpion/Season 2' (ID 57) to time 2026-08-12 17:51:17.
Sep 10, 2026 15:14:51.096 [137955985312568] DEBUG - Updating directory 'Scorpion/Season 4' (ID 41) to time 2026-07-22 02:07:41.
Sep 10, 2026 15:14:51.096 [137955985312568] DEBUG - Updating directory 'Teen Titans' (ID 17) to time 2026-07-21 22:16:13.
Sep 10, 2026 15:14:51.096 [137955985312568] DEBUG - Updating directory 'Teen Titans/Season 1' (ID 18) to time 2026-06-07 19:32:48.
Sep 10, 2026 15:14:51.096 [137955985312568] DEBUG - Updating directory 'Teen Titans/Season 2' (ID 19) to time 2026-07-19 22:35:58.
Sep 10, 2026 15:14:51.096 [137955985312568] DEBUG - Updating directory 'Teen Titans/Season 3' (ID 48) to time 2026-07-21 22:32:23.
Sep 10, 2026 15:14:51.096 [137955985312568] DEBUG - Updating directory 'Teen Titans/Season 4' (ID 47) to time 2026-07-21 22:14:07.
Sep 10, 2026 15:14:51.096 [137955985312568] DEBUG - Updating directory 'Teen Titans/Season 5' (ID 46) to time 2026-07-21 19:28:40.
Sep 10, 2026 15:14:51.097 [137955985312568] DEBUG - Collections: Found 0 collections tags in section 2.
Sep 10, 2026 15:14:51.097 [137955985312568] DEBUG - Collections: We had 0 collections in the library already.
Sep 10, 2026 15:14:51.097 [137955985312568] DEBUG - Collections: Synced tags in section 2 in 0ms.
Sep 10, 2026 15:14:51.097 [137955985312568] DEBUG - Collections: Found 0 collections tags in section 2.
Sep 10, 2026 15:14:51.097 [137955985312568] DEBUG - Collections: We had 0 collections in the library already.
Sep 10, 2026 15:14:51.097 [137955985312568] DEBUG - Collections: Synced tags in section 2 in 0ms.
Sep 10, 2026 15:14:51.097 [137955985312568] DEBUG - Collections: Found 0 collections tags in section 2.
Sep 10, 2026 15:14:51.097 [137955985312568] DEBUG - Collections: We had 0 collections in the library already.
Sep 10, 2026 15:14:51.097 [137955985312568] DEBUG - Collections: Synced tags in section 2 in 0ms.
Sep 10, 2026 15:14:51.098 [137955985312568] DEBUG - Collections: Refreshed attributes for 0 collections in section 2 in 0ms.
Sep 10, 2026 15:14:51.098 [137955985312568] DEBUG - Collection: Refreshed visibility in section 2 in 0ms.
Sep 10, 2026 15:14:51.098 [137955985312568] DEBUG - Activity: updated activity a166c70c-10ab-410f-97a6-e1da9851b8da - completed 100.0% - Scanning TV Shows
Sep 10, 2026 15:14:51.098 [137955985312568] DEBUG - Refreshing section 2 of type: 2
Sep 10, 2026 15:14:51.099 [137955962108728] DEBUG - Refreshing 0 IDs.
Sep 10, 2026 15:14:51.100 [137955985312568] DEBUG - Activity: registered new activity 76e76562-f228-4ca9-8c9a-9e0f95385ebd - "Processing subscriptions"
Sep 10, 2026 15:14:51.100 [137955985312568] DEBUG - Activity: Ended activity a166c70c-10ab-410f-97a6-e1da9851b8da.
Sep 10, 2026 15:14:51.100 [137955983203128] DEBUG - Grabber: Cleaning up orphaned grabs.
Sep 10, 2026 15:14:51.100 [137955983203128] DEBUG - Grabber: Cleaned up 0 decrepit directories in 0.0 sec.
Sep 10, 2026 15:14:51.100 [137955983203128] DEBUG - Activity: registered new activity bedf3474-77c8-4703-bc0d-f6b9d6f4ae8c - "Processing subscriptions"
Sep 10, 2026 15:14:51.100 [137955983203128] DEBUG - Subscription: Scheduling subscriptions.
Sep 10, 2026 15:14:51.100 [137955983203128] DEBUG - Subscription: Initialized 0 schedulers.
Sep 10, 2026 15:14:51.100 [137955983203128] DEBUG - Subscription: Starting with 0 grabs, scheduled 0 active ones preemptively.
Sep 10, 2026 15:14:51.100 [137955983203128] DEBUG - Subscription: Scheduled all subscriptions in 0 ms.
Sep 10, 2026 15:14:51.100 [137955983203128] DEBUG - Activity: Ended activity bedf3474-77c8-4703-bc0d-f6b9d6f4ae8c.
Sep 10, 2026 15:14:51.100 [137955983203128] DEBUG - Subscription: There are 0 active grabs at the end.
Sep 10, 2026 15:14:51.101 [137955983203128] DEBUG - Activity: Ended activity 76e76562-f228-4ca9-8c9a-9e0f95385ebd.
Sep 10, 2026 15:14:51.101 [137955983203128] DEBUG - Subscription: Refreshed all content in 1 ms.
Sep 10, 2026 15:14:51.222 [137955981093688] DEBUG - [HttpClient/HCl#3a] HTTP/1.1 (0.4s) 200 response from GET https://v4.plex.tv/pms/:/ip
Sep 10, 2026 15:14:51.222 [137955987422008] DEBUG - PublicAddressManager: Got public IP from v4.plex.tv: 83.29.212.5
Sep 10, 2026 15:14:53.903 [137955959999288] DEBUG - NAT: UPnP, found device <http://192.168.50.1:36209/rootDesc.xml> with private address <192.168.50.198>
Sep 10, 2026 15:14:53.907 [137955959999288] DEBUG - NAT: UPnP, usable device <http://192.168.50.1:36209/rootDesc.xml> with private address <192.168.50.198>.
Sep 10, 2026 15:14:53.908 [137955959999288] DEBUG - NAT: UPnP, mapped port 15919 to 192.168.50.198:32400.
Sep 10, 2026 15:14:53.908 [137955959999288] DEBUG - PublicAddressManager: Mapping succeeded for 192.168.50.198:15919.
Sep 10, 2026 15:14:53.909 [137955959999288] DEBUG - MyPlex: mapping state set to 'Mapped - Not Published'.
Sep 10, 2026 15:14:53.911 [137955959999288] DEBUG - MyPlex: Last published value didn't change, we're done.
Sep 10, 2026 15:14:54.278 [137955987422008] DEBUG - NAT: UPnP, found device <http://192.168.50.1:36209/rootDesc.xml> with private address <192.168.50.198>
Sep 10, 2026 15:14:54.282 [137955987422008] DEBUG - NAT: UPnP, usable device <http://192.168.50.1:36209/rootDesc.xml> with private address <192.168.50.198>.
Sep 10, 2026 15:14:54.284 [137955987422008] DEBUG - NAT: UPnP, public address is 192.168.1.10
Sep 10, 2026 15:14:54.284 [137955987422008] DEBUG - PublicAddressManager: got WAN IP 192.168.1.10 from router
Sep 10, 2026 15:14:54.284 [137955987422008] WARN - PublicAddressManager: WAN IP is a private IP address
Sep 10, 2026 15:14:54.285 [137955987422008] DEBUG - [HCl#3b] HTTP requesting GET https://83-29-212-5.71cb29790efb4e41a46396a70bec7f27.plex.direct:15919/identity
Sep 10, 2026 15:14:57.289 [137955981093688] DEBUG - [HttpClient/HCl#3b] HTTP simulating 408 after curl timeout
Sep 10, 2026 15:14:57.290 [137955987422008] DEBUG - MyPlex: mapping state set to 'Mapped - Not Published'.
Sep 10, 2026 15:14:57.291 [137955987422008] DEBUG - MyPlex: Last published value didn't change, we're done.
Sep 10, 2026 15:15:08.110 [137955938904888] DEBUG - NetworkInterface: received Netlink message len=64, type=RTM_NEWLINK, flags=0x0
Sep 10, 2026 15:15:08.110 [137955938904888] DEBUG - NetworkInterface: Netlink information message family=0, type=1, index=3, flags=0x1003, change=0x0
Sep 10, 2026 15:15:08.110 [137955938904888] DEBUG - Network change.
Sep 10, 2026 15:15:08.110 [137955938904888] DEBUG - NetworkInterface: Notified of network changed (force=0)
Sep 10, 2026 15:15:08.111 [137955938904888] DEBUG - Network change notification but nothing changed.
Sep 10, 2026 15:17:09.210 [137955938904888] DEBUG - NetworkInterface: received Netlink message len=64, type=RTM_NEWLINK, flags=0x0
Sep 10, 2026 15:17:09.210 [137955938904888] DEBUG - NetworkInterface: Netlink information message family=0, type=1, index=3, flags=0x1003, change=0x0
Sep 10, 2026 15:17:09.210 [137955938904888] DEBUG - Network change.
Sep 10, 2026 15:17:09.210 [137955938904888] DEBUG - NetworkInterface: Notified of network changed (force=0)
Sep 10, 2026 15:17:09.211 [137955938904888] DEBUG - Network change notification but nothing changed.
Sep 10, 2026 15:19:10.275 [137955938904888] DEBUG - NetworkInterface: received Netlink message len=64, type=RTM_NEWLINK, flags=0x0
Sep 10, 2026 15:19:10.275 [137955938904888] DEBUG - NetworkInterface: Netlink information message family=0, type=1, index=3, flags=0x1003, change=0x0
Sep 10, 2026 15:19:10.275 [137955938904888] DEBUG - Network change.
Sep 10, 2026 15:19:10.275 [137955938904888] DEBUG - NetworkInterface: Notified of network changed (force=0)
Sep 10, 2026 15:19:10.276 [137955938904888] DEBUG - Network change notification but nothing changed.
Sep 10, 2026 15:19:50.758 [137955987422008] DEBUG - Checking if time for scheduled update
Sep 10, 2026 15:21:12.273 [137955938904888] DEBUG - NetworkInterface: received Netlink message len=64, type=RTM_NEWLINK, flags=0x0
Sep 10, 2026 15:21:12.273 [137955938904888] DEBUG - NetworkInterface: Netlink information message family=0, type=1, index=3, flags=0x1003, change=0x0
Sep 10, 2026 15:21:12.273 [137955938904888] DEBUG - Network change.
Sep 10, 2026 15:21:12.273 [137955938904888] DEBUG - NetworkInterface: Notified of network changed (force=0)
Sep 10, 2026 15:21:12.274 [137955938904888] DEBUG - Network change notification but nothing changed.
Sep 10, 2026 15:23:12.049 [137955938904888] DEBUG - NetworkInterface: received Netlink message len=64, type=RTM_NEWLINK, flags=0x0
Sep 10, 2026 15:23:12.049 [137955938904888] DEBUG - NetworkInterface: Netlink information message family=0, type=1, index=3, flags=0x1003, change=0x0
Sep 10, 2026 15:23:12.049 [137955938904888] DEBUG - Network change.
Sep 10, 2026 15:23:12.049 [137955938904888] DEBUG - NetworkInterface: Notified of network changed (force=0)
Sep 10, 2026 15:23:12.050 [137955938904888] DEBUG - Network change notification but nothing changed.
Sep 10, 2026 15:24:50.759 [137955983203128] DEBUG - Checking if time for scheduled update
Sep 10, 2026 15:25:13.085 [137955938904888] DEBUG - NetworkInterface: received Netlink message len=64, type=RTM_NEWLINK, flags=0x0
Sep 10, 2026 15:25:13.085 [137955938904888] DEBUG - NetworkInterface: Netlink information message family=0, type=1, index=3, flags=0x1003, change=0x0
Sep 10, 2026 15:25:13.085 [137955938904888] DEBUG - Network change.
Sep 10, 2026 15:25:13.085 [137955938904888] DEBUG - NetworkInterface: Notified of network changed (force=0)
Sep 10, 2026 15:25:13.086 [137955938904888] DEBUG - Network change notification but nothing changed.
Sep 10, 2026 15:27:14.194 [137955938904888] DEBUG - NetworkInterface: received Netlink message len=64, type=RTM_NEWLINK, flags=0x0
Sep 10, 2026 15:27:14.194 [137955938904888] DEBUG - NetworkInterface: Netlink information message family=0, type=1, index=3, flags=0x1003, change=0x0
Sep 10, 2026 15:27:14.194 [137955938904888] DEBUG - Network change.
Sep 10, 2026 15:27:14.194 [137955938904888] DEBUG - NetworkInterface: Notified of network changed (force=0)
Sep 10, 2026 15:27:14.195 [137955938904888] DEBUG - Network change notification but nothing changed.
Sep 10, 2026 15:29:15.133 [137955938904888] DEBUG - NetworkInterface: received Netlink message len=64, type=RTM_NEWLINK, flags=0x0
Sep 10, 2026 15:29:15.133 [137955938904888] DEBUG - NetworkInterface: Netlink information message family=0, type=1, index=3, flags=0x1003, change=0x0
Sep 10, 2026 15:29:15.133 [137955938904888] DEBUG - Network change.
Sep 10, 2026 15:29:15.133 [137955938904888] DEBUG - NetworkInterface: Notified of network changed (force=0)
Sep 10, 2026 15:29:15.134 [137955938904888] DEBUG - Network change notification but nothing changed.
Sep 10, 2026 15:29:50.759 [137955987422008] DEBUG - Checking if time for scheduled update
Sep 10, 2026 15:31:17.261 [137955938904888] DEBUG - NetworkInterface: received Netlink message len=64, type=RTM_NEWLINK, flags=0x0
Sep 10, 2026 15:31:17.261 [137955938904888] DEBUG - NetworkInterface: Netlink information message family=0, type=1, index=3, flags=0x1003, change=0x0
Sep 10, 2026 15:31:17.261 [137955938904888] DEBUG - Network change.
Sep 10, 2026 15:31:17.261 [137955938904888] DEBUG - NetworkInterface: Notified of network changed (force=0)
Sep 10, 2026 15:31:17.262 [137955938904888] DEBUG - Network change notification but nothing changed.
Sep 10, 2026 15:33:17.424 [137955938904888] DEBUG - NetworkInterface: received Netlink message len=64, type=RTM_NEWLINK, flags=0x0
Sep 10, 2026 15:33:17.424 [137955938904888] DEBUG - NetworkInterface: Netlink information message family=0, type=1, index=3, flags=0x1003, change=0x0
Sep 10, 2026 15:33:17.424 [137955938904888] DEBUG - Network change.
Sep 10, 2026 15:33:17.424 [137955938904888] DEBUG - NetworkInterface: Notified of network changed (force=0)
Sep 10, 2026 15:33:17.425 [137955938904888] DEBUG - Network change notification but nothing changed.
Sep 10, 2026 15:34:50.760 [137955983203128] DEBUG - Checking if time for scheduled update
Sep 10, 2026 15:35:18.073 [137955938904888] DEBUG - NetworkInterface: received Netlink message len=64, type=RTM_NEWLINK, flags=0x0
Sep 10, 2026 15:35:18.073 [137955938904888] DEBUG - NetworkInterface: Netlink information message family=0, type=1, index=3, flags=0x1003, change=0x0
Sep 10, 2026 15:35:18.073 [137955938904888] DEBUG - Network change.
Sep 10, 2026 15:35:18.073 [137955938904888] DEBUG - NetworkInterface: Notified of network changed (force=0)
Sep 10, 2026 15:35:18.074 [137955938904888] DEBUG - Network change notification but nothing changed.
Sep 10, 2026 15:37:19.297 [137955938904888] DEBUG - NetworkInterface: received Netlink message len=64, type=RTM_NEWLINK, flags=0x0
Sep 10, 2026 15:37:19.297 [137955938904888] DEBUG - NetworkInterface: Netlink information message family=0, type=1, index=3, flags=0x1003, change=0x0
Sep 10, 2026 15:37:19.297 [137955938904888] DEBUG - Network change.
Sep 10, 2026 15:37:19.297 [137955938904888] DEBUG - NetworkInterface: Notified of network changed (force=0)
Sep 10, 2026 15:37:19.298 [137955938904888] DEBUG - Network change notification but nothing changed.
Sep 10, 2026 15:39:20.118 [137955938904888] DEBUG - NetworkInterface: received Netlink message len=64, type=RTM_NEWLINK, flags=0x0
Sep 10, 2026 15:39:20.118 [137955938904888] DEBUG - NetworkInterface: Netlink information message family=0, type=1, index=3, flags=0x1003, change=0x0
Sep 10, 2026 15:39:20.118 [137955938904888] DEBUG - Network change.
Sep 10, 2026 15:39:20.118 [137955938904888] DEBUG - NetworkInterface: Notified of network changed (force=0)
Sep 10, 2026 15:39:20.119 [137955938904888] DEBUG - Network change notification but nothing changed.
Sep 10, 2026 15:39:50.761 [137955987422008] DEBUG - Checking if time for scheduled update
Sep 10, 2026 15:41:22.247 [137955938904888] DEBUG - NetworkInterface: received Netlink message len=64, type=RTM_NEWLINK, flags=0x0
Sep 10, 2026 15:41:22.247 [137955938904888] DEBUG - NetworkInterface: Netlink information message family=0, type=1, index=3, flags=0x1003, change=0x0
Sep 10, 2026 15:41:22.247 [137955938904888] DEBUG - Network change.
Sep 10, 2026 15:41:22.247 [137955938904888] DEBUG - NetworkInterface: Notified of network changed (force=0)
Sep 10, 2026 15:41:22.248 [137955938904888] DEBUG - Network change notification but nothing changed.
Sep 10, 2026 15:43:22.190 [137955938904888] DEBUG - NetworkInterface: received Netlink message len=64, type=RTM_NEWLINK, flags=0x0
Sep 10, 2026 15:43:22.190 [137955938904888] DEBUG - NetworkInterface: Netlink information message family=0, type=1, index=3, flags=0x1003, change=0x0
Sep 10, 2026 15:43:22.190 [137955938904888] DEBUG - Network change.
Sep 10, 2026 15:43:22.190 [137955938904888] DEBUG - NetworkInterface: Notified of network changed (force=0)
Sep 10, 2026 15:43:22.191 [137955938904888] DEBUG - Network change notification but nothing changed.
Sep 10, 2026 15:44:50.762 [137955987422008] DEBUG - Checking if time for scheduled update
Sep 10, 2026 15:45:23.039 [137955938904888] DEBUG - NetworkInterface: received Netlink message len=64, type=RTM_NEWLINK, flags=0x0
Sep 10, 2026 15:45:23.039 [137955938904888] DEBUG - NetworkInterface: Netlink information message family=0, type=1, index=3, flags=0x1003, change=0x0
Sep 10, 2026 15:45:23.039 [137955938904888] DEBUG - Network change.
Sep 10, 2026 15:45:23.039 [137955938904888] DEBUG - NetworkInterface: Notified of network changed (force=0)
Sep 10, 2026 15:45:23.040 [137955938904888] DEBUG - Network change notification but nothing changed.
