<SessionReport version="2" startTime="0" startTimestamp="Sep 13, 2026 13:52:57.645" key="/library/metadata/1094" session="p1h3f000ahx76hhf3xhin1e7" transcode="pzef108x5wfgfoh9v2q9wq48">
<User id="1" thumb="https://plex.tv/users/bf5b5881cf0193e4/avatar?c=1789218997" title="lcorream" />
<Player address="192.168.50.150" device="Xbox" machineIdentifier="p1h3f000ahx76hhf3xhin1e7" model="Xbox Series S" platform="Xbox" platformVersion="10.0.26100.9426" playbackId="6bbfe792-91b9-440b-8149-534e094911f0" playbackSessionId="ad86eceb-7a95-49ad-9ed0-5eff88461dfe" product="Plex for Xbox" remotePublicAddress="83.29.212.5" title="XBOX" vendor="Microsoft" version="5.94.1" local="1" relayed="0" secure="1" userID="1" />
<Variants>
<Variant id="7426bebc-cf75-4c5c-b07b-c79c99f93ac1" targetBitrate="9267" context="streaming" subtitleDecision="copy" protocol="http" container="srt" transcodeHwRequested="0" transcodeHwFullPipeline="0">
<Media audioProfile="lc" id="2274" videoProfile="main 10" container="srt" duration="5322302" selected="1">
<Part audioProfile="lc" deepAnalysisVersion="6" id="2274" requiredBandwidths="30145,15338,10240,8825,8202,7857,6644,6417" videoProfile="main 10" container="srt" duration="5322302" decision="transcode" selected="1">
<Stream bitrate="0" codec="srt" default="1" displayTitle="English" extendedDisplayTitle="English (SRT)" format="srt" id="5485" language="English" languageCode="eng" languageTag="en" requiredBandwidths="1,1,1,1,1,1,1,1" selected="1" streamType="3" decision="copy" location="embedded" />
</Part>
</Media>
</Variant>
</Variants>
<SegmentList>
<Segment duration="1000" startOffset="983879" endOffset="984880">
<File name="chunk-00000" type="av">
<FileVariant size="39" variant="7426bebc-cf75-4c5c-b07b-c79c99f93ac1" />
</File>
<Timelines>
<Transcode startTime="53" endTime="272" complete="1" fileType="av" variant="7426bebc-cf75-4c5c-b07b-c79c99f93ac1" />
</Timelines>
</Segment>
<Segment duration="2044" startOffset="986142" endOffset="988187">
<File name="chunk-00001" type="av">
<FileVariant size="45" variant="7426bebc-cf75-4c5c-b07b-c79c99f93ac1" />
</File>
<Timelines>
<Transcode startTime="272" endTime="305" complete="1" fileType="av" variant="7426bebc-cf75-4c5c-b07b-c79c99f93ac1" />
</Timelines>
</Segment>
<Segment duration="3264" startOffset="996761" endOffset="1000025">
<File name="chunk-00002" type="av">
<FileVariant size="38" variant="7426bebc-cf75-4c5c-b07b-c79c99f93ac1" />
</File>
<Timelines>
<Transcode startTime="305" endTime="307" complete="1" fileType="av" variant="7426bebc-cf75-4c5c-b07b-c79c99f93ac1" />
</Timelines>
</Segment>
<Segment duration="4568" startOffset="1000026" endOffset="1004594">
<File name="chunk-00003" type="av">
<FileVariant size="81" variant="7426bebc-cf75-4c5c-b07b-c79c99f93ac1" />
</File>
<Timelines>
<Transcode startTime="307" endTime="312" complete="1" fileType="av" variant="7426bebc-cf75-4c5c-b07b-c79c99f93ac1" />
</Timelines>
</Segment>
<Segment duration="2610" startOffset="1004595" endOffset="1007206">
<File name="chunk-00004" type="av">
<FileVariant size="52" variant="7426bebc-cf75-4c5c-b07b-c79c99f93ac1" />
</File>
<Timelines>
<Transcode startTime="312" endTime="317" complete="1" fileType="av" variant="7426bebc-cf75-4c5c-b07b-c79c99f93ac1" />
</Timelines>
</Segment>
<Segment duration="1696" startOffset="1007207" endOffset="1008903">
<File name="chunk-00005" type="av">
<FileVariant size="53" variant="7426bebc-cf75-4c5c-b07b-c79c99f93ac1" />
</File>
<Timelines>
<Transcode startTime="317" endTime="321" complete="1" fileType="av" variant="7426bebc-cf75-4c5c-b07b-c79c99f93ac1" />
</Timelines>
</Segment>
<Segment duration="3828" startOffset="1008904" endOffset="1012733">
<File name="chunk-00006" type="av">
<FileVariant size="94" variant="7426bebc-cf75-4c5c-b07b-c79c99f93ac1" />
</File>
<Timelines>
<Transcode startTime="321" endTime="328" complete="1" fileType="av" variant="7426bebc-cf75-4c5c-b07b-c79c99f93ac1" />
</Timelines>
</Segment>
<Segment duration="1390" startOffset="1015215" endOffset="1016606">
<File name="chunk-00007" type="av">
<FileVariant size="37" variant="7426bebc-cf75-4c5c-b07b-c79c99f93ac1" />
</File>
<Timelines>
<Transcode startTime="328" endTime="330" complete="1" fileType="av" variant="7426bebc-cf75-4c5c-b07b-c79c99f93ac1" />
</Timelines>
</Segment>
<Segment duration="2610" startOffset="1019088" endOffset="1021699">
<File name="chunk-00008" type="av">
<FileVariant size="46" variant="7426bebc-cf75-4c5c-b07b-c79c99f93ac1" />
</File>
<Timelines>
<Transcode startTime="330" endTime="339" complete="1" fileType="av" variant="7426bebc-cf75-4c5c-b07b-c79c99f93ac1" />
</Timelines>
</Segment>
<Segment duration="4264" startOffset="1029185" endOffset="1033449">
<File name="chunk-00009" type="av">
<FileVariant size="81" variant="7426bebc-cf75-4c5c-b07b-c79c99f93ac1" />
</File>
<Timelines>
<Transcode startTime="339" endTime="349" complete="1" fileType="av" variant="7426bebc-cf75-4c5c-b07b-c79c99f93ac1" />
</Timelines>
</Segment>
<Segment duration="1218" startOffset="1040848" endOffset="1042067">
<File name="chunk-00010" type="av">
<FileVariant size="40" variant="7426bebc-cf75-4c5c-b07b-c79c99f93ac1" />
</File>
<Timelines>
<Transcode startTime="349" endTime="355" complete="1" fileType="av" variant="7426bebc-cf75-4c5c-b07b-c79c99f93ac1" />
</Timelines>
</Segment>
<Segment duration="1913" startOffset="1050685" endOffset="1052599">
<File name="chunk-00011" type="av">
<FileVariant size="56" variant="7426bebc-cf75-4c5c-b07b-c79c99f93ac1" />
</File>
<Timelines>
<Transcode startTime="355" endTime="357" complete="1" fileType="av" variant="7426bebc-cf75-4c5c-b07b-c79c99f93ac1" />
</Timelines>
</Segment>
<Segment duration="2567" startOffset="1052600" endOffset="1055168">
<File name="chunk-00012" type="av">
<FileVariant size="65" variant="7426bebc-cf75-4c5c-b07b-c79c99f93ac1" />
</File>
<Timelines>
<Transcode startTime="357" endTime="359" complete="1" fileType="av" variant="7426bebc-cf75-4c5c-b07b-c79c99f93ac1" />
</Timelines>
</Segment>
<Segment duration="1044" startOffset="1058475" endOffset="1059519">
<File name="chunk-00013" type="av">
<FileVariant size="39" variant="7426bebc-cf75-4c5c-b07b-c79c99f93ac1" />
</File>
<Timelines>
<Transcode startTime="359" endTime="361" complete="1" fileType="av" variant="7426bebc-cf75-4c5c-b07b-c79c99f93ac1" />
</Timelines>
</Segment>
<Segment duration="2958" startOffset="1063132" endOffset="1066091">
<File name="chunk-00014" type="av">
<FileVariant size="53" variant="7426bebc-cf75-4c5c-b07b-c79c99f93ac1" />
</File>
<Timelines>
<Transcode startTime="361" endTime="362" complete="1" fileType="av" variant="7426bebc-cf75-4c5c-b07b-c79c99f93ac1" />
</Timelines>
</Segment>
<Segment duration="1304" startOffset="1066092" endOffset="1067397">
<File name="chunk-00015" type="av">
<FileVariant size="44" variant="7426bebc-cf75-4c5c-b07b-c79c99f93ac1" />
</File>
<Timelines>
<Transcode startTime="362" endTime="364" complete="1" fileType="av" variant="7426bebc-cf75-4c5c-b07b-c79c99f93ac1" />
</Timelines>
</Segment>
<Segment duration="1740" startOffset="1070444" endOffset="1072184">
<File name="chunk-00016" type="av">
<FileVariant size="40" variant="7426bebc-cf75-4c5c-b07b-c79c99f93ac1" />
</File>
<Timelines>
<Transcode startTime="364" endTime="365" complete="1" fileType="av" variant="7426bebc-cf75-4c5c-b07b-c79c99f93ac1" />
</Timelines>
</Segment>
<Segment duration="2914" startOffset="1072185" endOffset="1075100">
<File name="chunk-00017" type="av">
<FileVariant size="76" variant="7426bebc-cf75-4c5c-b07b-c79c99f93ac1" />
</File>
<Timelines>
<Transcode startTime="365" endTime="366" complete="1" fileType="av" variant="7426bebc-cf75-4c5c-b07b-c79c99f93ac1" />
</Timelines>
</Segment>
<Segment duration="1565" startOffset="1075101" endOffset="1076667">
<File name="chunk-00018" type="av">
<FileVariant size="60" variant="7426bebc-cf75-4c5c-b07b-c79c99f93ac1" />
</File>
<Timelines>
<Transcode startTime="366" endTime="367" complete="1" fileType="av" variant="7426bebc-cf75-4c5c-b07b-c79c99f93ac1" />
</Timelines>
</Segment>
<Segment duration="3437" startOffset="1077973" endOffset="1081410">
<File name="chunk-00019" type="av">
<FileVariant size="69" variant="7426bebc-cf75-4c5c-b07b-c79c99f93ac1" />
</File>
<Timelines>
<Transcode startTime="367" endTime="368" complete="1" fileType="av" variant="7426bebc-cf75-4c5c-b07b-c79c99f93ac1" />
</Timelines>
</Segment>
<Segment duration="3001" startOffset="1081411" endOffset="1084413">
<File name="chunk-00020" type="av">
<FileVariant size="69" variant="7426bebc-cf75-4c5c-b07b-c79c99f93ac1" />
</File>
<Timelines>
<Transcode startTime="368" endTime="369" complete="1" fileType="av" variant="7426bebc-cf75-4c5c-b07b-c79c99f93ac1" />
</Timelines>
</Segment>
<Segment duration="3351" startOffset="1084414" endOffset="1087765">
<File name="chunk-00021" type="av">
<FileVariant size="71" variant="7426bebc-cf75-4c5c-b07b-c79c99f93ac1" />
</File>
<Timelines>
<Transcode startTime="369" endTime="372" complete="1" fileType="av" variant="7426bebc-cf75-4c5c-b07b-c79c99f93ac1" />
</Timelines>
</Segment>
<Segment duration="3046" startOffset="1089680" endOffset="1092726">
<File name="chunk-00022" type="av">
<FileVariant size="82" variant="7426bebc-cf75-4c5c-b07b-c79c99f93ac1" />
</File>
<Timelines>
<Transcode startTime="372" endTime="388" complete="1" fileType="av" variant="7426bebc-cf75-4c5c-b07b-c79c99f93ac1" />
</Timelines>
</Segment>
<Segment duration="3175" startOffset="1114009" endOffset="1117185">
<File name="chunk-00023" type="av">
<FileVariant size="68" variant="7426bebc-cf75-4c5c-b07b-c79c99f93ac1" />
</File>
<Timelines>
<Transcode startTime="388" endTime="390" complete="1" fileType="av" variant="7426bebc-cf75-4c5c-b07b-c79c99f93ac1" />
</Timelines>
</Segment>
<Segment duration="1521" startOffset="1119101" endOffset="1120623">
<File name="chunk-00024" type="av">
<FileVariant size="39" variant="7426bebc-cf75-4c5c-b07b-c79c99f93ac1" />
</File>
<Timelines>
<Transcode startTime="390" endTime="392" complete="1" fileType="av" variant="7426bebc-cf75-4c5c-b07b-c79c99f93ac1" />
</Timelines>
</Segment>
<Segment duration="3176" startOffset="1120624" endOffset="1123801">
<File name="chunk-00025" type="av">
<FileVariant size="63" variant="7426bebc-cf75-4c5c-b07b-c79c99f93ac1" />
</File>
<Timelines>
<Transcode startTime="392" endTime="396" complete="1" fileType="av" variant="7426bebc-cf75-4c5c-b07b-c79c99f93ac1" />
</Timelines>
</Segment>
<Segment duration="913" startOffset="1124324" endOffset="1125237">
<File name="chunk-00026" type="av">
<FileVariant size="44" variant="7426bebc-cf75-4c5c-b07b-c79c99f93ac1" />
</File>
<Timelines>
<Transcode startTime="396" endTime="423" complete="1" fileType="av" variant="7426bebc-cf75-4c5c-b07b-c79c99f93ac1" />
</Timelines>
</Segment>
<Segment duration="1130" startOffset="1150219" endOffset="1151350">
<File name="chunk-00027" type="av">
<FileVariant size="43" variant="7426bebc-cf75-4c5c-b07b-c79c99f93ac1" />
</File>
<Timelines>
<Transcode startTime="423" endTime="430" complete="1" fileType="av" variant="7426bebc-cf75-4c5c-b07b-c79c99f93ac1" />
</Timelines>
</Segment>
<Segment duration="1826" startOffset="1164277" endOffset="1166103">
<File name="chunk-00028" type="av">
<FileVariant size="69" variant="7426bebc-cf75-4c5c-b07b-c79c99f93ac1" />
</File>
<Timelines>
<Transcode startTime="430" endTime="430" complete="1" fileType="av" variant="7426bebc-cf75-4c5c-b07b-c79c99f93ac1" />
</Timelines>
</Segment>
<Segment duration="1783" startOffset="1166104" endOffset="1167888">
<File name="chunk-00029" type="av">
<FileVariant size="63" variant="7426bebc-cf75-4c5c-b07b-c79c99f93ac1" />
</File>
<Timelines>
<Transcode startTime="430" endTime="434" complete="1" fileType="av" variant="7426bebc-cf75-4c5c-b07b-c79c99f93ac1" />
</Timelines>
</Segment>
<Segment duration="3001" startOffset="1172546" endOffset="1175548">
<File name="chunk-00030" type="av">
<FileVariant size="75" variant="7426bebc-cf75-4c5c-b07b-c79c99f93ac1" />
</File>
<Timelines>
<Transcode startTime="434" endTime="435" complete="1" fileType="av" variant="7426bebc-cf75-4c5c-b07b-c79c99f93ac1" />
</Timelines>
</Segment>
<Segment duration="2697" startOffset="1175549" endOffset="1178246">
<File name="chunk-00031" type="av">
<FileVariant size="56" variant="7426bebc-cf75-4c5c-b07b-c79c99f93ac1" />
</File>
<Timelines>
<Transcode startTime="435" endTime="439" complete="1" fileType="av" variant="7426bebc-cf75-4c5c-b07b-c79c99f93ac1" />
</Timelines>
</Segment>
<Segment duration="2435" startOffset="1178247" endOffset="1180683">
<File name="chunk-00032" type="av">
<FileVariant size="58" variant="7426bebc-cf75-4c5c-b07b-c79c99f93ac1" />
</File>
<Timelines>
<Transcode startTime="439" endTime="449" complete="1" fileType="av" variant="7426bebc-cf75-4c5c-b07b-c79c99f93ac1" />
</Timelines>
</Segment>
<Segment duration="1696" startOffset="1186168" endOffset="1187864">
<File name="chunk-00033" type="av">
<FileVariant size="39" variant="7426bebc-cf75-4c5c-b07b-c79c99f93ac1" />
</File>
<Timelines>
<Transcode startTime="449" endTime="450" complete="1" fileType="av" variant="7426bebc-cf75-4c5c-b07b-c79c99f93ac1" />
</Timelines>
</Segment>
<Segment duration="3438" startOffset="1189606" endOffset="1193044">
<File name="chunk-00034" type="av">
<FileVariant size="56" variant="7426bebc-cf75-4c5c-b07b-c79c99f93ac1" />
</File>
<Timelines>
<Transcode startTime="450" endTime="454" complete="1" fileType="av" variant="7426bebc-cf75-4c5c-b07b-c79c99f93ac1" />
</Timelines>
</Segment>
<Segment duration="1216" startOffset="1194220" endOffset="1195437">
<File name="chunk-00035" type="av">
<FileVariant size="40" variant="7426bebc-cf75-4c5c-b07b-c79c99f93ac1" />
</File>
<Timelines>
<Transcode startTime="454" endTime="455" complete="1" fileType="av" variant="7426bebc-cf75-4c5c-b07b-c79c99f93ac1" />
</Timelines>
</Segment>
<Segment duration="1478" startOffset="1195438" endOffset="1196917">
<File name="chunk-00036" type="av">
<FileVariant size="41" variant="7426bebc-cf75-4c5c-b07b-c79c99f93ac1" />
</File>
<Timelines>
<Transcode startTime="455" endTime="457" complete="1" fileType="av" variant="7426bebc-cf75-4c5c-b07b-c79c99f93ac1" />
</Timelines>
</Segment>
<Segment duration="1826" startOffset="1196918" endOffset="1198745">
<File name="chunk-00037" type="av">
<FileVariant size="39" variant="7426bebc-cf75-4c5c-b07b-c79c99f93ac1" />
</File>
<Timelines>
<Transcode startTime="457" endTime="460" complete="1" fileType="av" variant="7426bebc-cf75-4c5c-b07b-c79c99f93ac1" />
</Timelines>
</Segment>
<Segment duration="3305" startOffset="1198746" endOffset="1202052">
<File name="chunk-00038" type="av">
<FileVariant size="91" variant="7426bebc-cf75-4c5c-b07b-c79c99f93ac1" />
</File>
<Timelines>
<Transcode startTime="460" endTime="463" complete="1" fileType="av" variant="7426bebc-cf75-4c5c-b07b-c79c99f93ac1" />
</Timelines>
</Segment>
<Segment duration="1784" startOffset="1202053" endOffset="1203838">
<File name="chunk-00039" type="av">
<FileVariant size="55" variant="7426bebc-cf75-4c5c-b07b-c79c99f93ac1" />
</File>
<Timelines>
<Transcode startTime="463" endTime="463" complete="1" fileType="av" variant="7426bebc-cf75-4c5c-b07b-c79c99f93ac1" />
</Timelines>
</Segment>
<Segment duration="1609" startOffset="1204708" endOffset="1206318">
<File name="chunk-00040" type="av">
<FileVariant size="62" variant="7426bebc-cf75-4c5c-b07b-c79c99f93ac1" />
</File>
<Timelines>
<Transcode startTime="463" endTime="466" complete="1" fileType="av" variant="7426bebc-cf75-4c5c-b07b-c79c99f93ac1" />
</Timelines>
</Segment>
<Segment duration="1304" startOffset="1206319" endOffset="1207623">
<File name="chunk-00041" type="av">
<FileVariant size="54" variant="7426bebc-cf75-4c5c-b07b-c79c99f93ac1" />
</File>
<Timelines>
<Transcode startTime="466" endTime="470" complete="1" fileType="av" variant="7426bebc-cf75-4c5c-b07b-c79c99f93ac1" />
</Timelines>
</Segment>
<Segment duration="1696" startOffset="1207624" endOffset="1209321">
<File name="chunk-00042" type="av">
<FileVariant size="70" variant="7426bebc-cf75-4c5c-b07b-c79c99f93ac1" />
</File>
<Timelines>
<Transcode startTime="470" endTime="471" complete="1" fileType="av" variant="7426bebc-cf75-4c5c-b07b-c79c99f93ac1" />
</Timelines>
</Segment>
<Segment duration="3132" startOffset="1209322" endOffset="1212454">
<File name="chunk-00043" type="av">
<FileVariant size="65" variant="7426bebc-cf75-4c5c-b07b-c79c99f93ac1" />
</File>
<Timelines>
<Transcode startTime="471" endTime="471" complete="1" fileType="av" variant="7426bebc-cf75-4c5c-b07b-c79c99f93ac1" />
</Timelines>
</Segment>
<Segment duration="5004" startOffset="1212455" endOffset="1217459">
<File name="chunk-00044" type="av">
<FileVariant size="78" variant="7426bebc-cf75-4c5c-b07b-c79c99f93ac1" />
</File>
<Timelines>
<Transcode startTime="471" endTime="473" complete="1" fileType="av" variant="7426bebc-cf75-4c5c-b07b-c79c99f93ac1" />
</Timelines>
</Segment>
<Segment duration="2740" startOffset="1217460" endOffset="1220201">
<File name="chunk-00045" type="av">
<FileVariant size="62" variant="7426bebc-cf75-4c5c-b07b-c79c99f93ac1" />
</File>
<Timelines>
<Transcode startTime="473" endTime="474" complete="1" fileType="av" variant="7426bebc-cf75-4c5c-b07b-c79c99f93ac1" />
</Timelines>
</Segment>
<Segment duration="3394" startOffset="1220202" endOffset="1223597">
<File name="chunk-00046" type="av">
<FileVariant size="74" variant="7426bebc-cf75-4c5c-b07b-c79c99f93ac1" />
</File>
<Timelines>
<Transcode startTime="474" endTime="477" complete="1" fileType="av" variant="7426bebc-cf75-4c5c-b07b-c79c99f93ac1" />
</Timelines>
</Segment>
<Segment duration="1740" startOffset="1226948" endOffset="1228688">
<File name="chunk-00047" type="av">
<FileVariant size="41" variant="7426bebc-cf75-4c5c-b07b-c79c99f93ac1" />
</File>
<Timelines>
<Transcode startTime="477" endTime="478" complete="1" fileType="av" variant="7426bebc-cf75-4c5c-b07b-c79c99f93ac1" />
</Timelines>
</Segment>
<Segment duration="1608" startOffset="1228689" endOffset="1230298">
<File name="chunk-00048" type="av">
<FileVariant size="55" variant="7426bebc-cf75-4c5c-b07b-c79c99f93ac1" />
</File>
<Timelines>
<Transcode startTime="478" endTime="479" complete="1" fileType="av" variant="7426bebc-cf75-4c5c-b07b-c79c99f93ac1" />
</Timelines>
</Segment>
<Segment duration="1434" startOffset="1230299" endOffset="1231734">
<File name="chunk-00049" type="av">
<FileVariant size="57" variant="7426bebc-cf75-4c5c-b07b-c79c99f93ac1" />
</File>
<Timelines>
<Transcode startTime="479" endTime="481" complete="1" fileType="av" variant="7426bebc-cf75-4c5c-b07b-c79c99f93ac1" />
</Timelines>
</Segment>
<Segment duration="1347" startOffset="1233259" endOffset="1234607">
<File name="chunk-00050" type="av">
<FileVariant size="42" variant="7426bebc-cf75-4c5c-b07b-c79c99f93ac1" />
</File>
<Timelines>
<Transcode startTime="481" endTime="482" complete="1" fileType="av" variant="7426bebc-cf75-4c5c-b07b-c79c99f93ac1" />
</Timelines>
</Segment>
<Segment duration="1522" startOffset="1234608" endOffset="1236130">
<File name="chunk-00051" type="av">
<FileVariant size="60" variant="7426bebc-cf75-4c5c-b07b-c79c99f93ac1" />
</File>
<Timelines>
<Transcode startTime="482" endTime="483" complete="1" fileType="av" variant="7426bebc-cf75-4c5c-b07b-c79c99f93ac1" />
</Timelines>
</Segment>
<Segment duration="2870" startOffset="1236131" endOffset="1239002">
<File name="chunk-00052" type="av">
<FileVariant size="83" variant="7426bebc-cf75-4c5c-b07b-c79c99f93ac1" />
</File>
<Timelines>
<Transcode startTime="483" endTime="484" complete="1" fileType="av" variant="7426bebc-cf75-4c5c-b07b-c79c99f93ac1" />
</Timelines>
</Segment>
<Segment duration="4134" startOffset="1239003" endOffset="1243137">
<File name="chunk-00053" type="av">
<FileVariant size="76" variant="7426bebc-cf75-4c5c-b07b-c79c99f93ac1" />
</File>
<Timelines>
<Transcode startTime="484" endTime="486" complete="1" fileType="av" variant="7426bebc-cf75-4c5c-b07b-c79c99f93ac1" />
</Timelines>
</Segment>
<Segment duration="3524" startOffset="1243138" endOffset="1246662">
<File name="chunk-00054" type="av">
<FileVariant size="77" variant="7426bebc-cf75-4c5c-b07b-c79c99f93ac1" />
</File>
<Timelines>
<Transcode startTime="486" endTime="488" complete="1" fileType="av" variant="7426bebc-cf75-4c5c-b07b-c79c99f93ac1" />
</Timelines>
</Segment>
<Segment duration="1305" startOffset="1246663" endOffset="1247968">
<File name="chunk-00055" type="av">
<FileVariant size="59" variant="7426bebc-cf75-4c5c-b07b-c79c99f93ac1" />
</File>
<Timelines>
<Transcode startTime="488" endTime="489" complete="1" fileType="av" variant="7426bebc-cf75-4c5c-b07b-c79c99f93ac1" />
</Timelines>
</Segment>
<Segment duration="1347" startOffset="1247969" endOffset="1249317">
<File name="chunk-00056" type="av">
<FileVariant size="45" variant="7426bebc-cf75-4c5c-b07b-c79c99f93ac1" />
</File>
<Timelines>
<Transcode startTime="489" endTime="490" complete="1" fileType="av" variant="7426bebc-cf75-4c5c-b07b-c79c99f93ac1" />
</Timelines>
</Segment>
<Segment duration="2087" startOffset="1249318" endOffset="1251406">
<File name="chunk-00057" type="av">
<FileVariant size="82" variant="7426bebc-cf75-4c5c-b07b-c79c99f93ac1" />
</File>
<Timelines>
<Transcode startTime="490" endTime="491" complete="1" fileType="av" variant="7426bebc-cf75-4c5c-b07b-c79c99f93ac1" />
</Timelines>
</Segment>
<Segment duration="3741" startOffset="1251407" endOffset="1255149">
<File name="chunk-00058" type="av">
<FileVariant size="106" variant="7426bebc-cf75-4c5c-b07b-c79c99f93ac1" />
</File>
<Timelines>
<Transcode startTime="491" endTime="492" complete="1" fileType="av" variant="7426bebc-cf75-4c5c-b07b-c79c99f93ac1" />
</Timelines>
</Segment>
<Segment duration="2740" startOffset="1255150" endOffset="1257891">
<File name="chunk-00059" type="av">
<FileVariant size="63" variant="7426bebc-cf75-4c5c-b07b-c79c99f93ac1" />
</File>
<Timelines>
<Transcode startTime="492" endTime="493" complete="1" fileType="av" variant="7426bebc-cf75-4c5c-b07b-c79c99f93ac1" />
</Timelines>
</Segment>
<Segment duration="3088" startOffset="1257892" endOffset="1260981">
<File name="chunk-00060" type="av">
<FileVariant size="68" variant="7426bebc-cf75-4c5c-b07b-c79c99f93ac1" />
</File>
<Timelines>
<Transcode startTime="493" endTime="494" complete="1" fileType="av" variant="7426bebc-cf75-4c5c-b07b-c79c99f93ac1" />
</Timelines>
</Segment>
<Segment duration="3741" startOffset="1260982" endOffset="1264724">
<File name="chunk-00061" type="av">
<FileVariant size="74" variant="7426bebc-cf75-4c5c-b07b-c79c99f93ac1" />
</File>
<Timelines>
<Transcode startTime="494" endTime="498" complete="1" fileType="av" variant="7426bebc-cf75-4c5c-b07b-c79c99f93ac1" />
</Timelines>
</Segment>
<Segment duration="2392" startOffset="1264725" endOffset="1267117">
<File name="chunk-00062" type="av">
<FileVariant size="55" variant="7426bebc-cf75-4c5c-b07b-c79c99f93ac1" />
</File>
<Timelines>
<Transcode startTime="498" endTime="499" complete="1" fileType="av" variant="7426bebc-cf75-4c5c-b07b-c79c99f93ac1" />
</Timelines>
</Segment>
<Segment duration="1784" startOffset="1267118" endOffset="1268902">
<File name="chunk-00063" type="av">
<FileVariant size="70" variant="7426bebc-cf75-4c5c-b07b-c79c99f93ac1" />
</File>
<Timelines>
<Transcode startTime="499" endTime="501" complete="1" fileType="av" variant="7426bebc-cf75-4c5c-b07b-c79c99f93ac1" />
</Timelines>
</Segment>
<Segment duration="1479" startOffset="1268903" endOffset="1270382">
<File name="chunk-00064" type="av">
<FileVariant size="58" variant="7426bebc-cf75-4c5c-b07b-c79c99f93ac1" />
</File>
<Timelines>
<Transcode startTime="501" endTime="503" complete="1" fileType="av" variant="7426bebc-cf75-4c5c-b07b-c79c99f93ac1" />
</Timelines>
</Segment>
<Segment duration="2609" startOffset="1270383" endOffset="1272993">
<File name="chunk-00065" type="av">
<FileVariant size="58" variant="7426bebc-cf75-4c5c-b07b-c79c99f93ac1" />
</File>
<Timelines>
<Transcode startTime="503" endTime="504" complete="1" fileType="av" variant="7426bebc-cf75-4c5c-b07b-c79c99f93ac1" />
</Timelines>
</Segment>
<Segment duration="2306" startOffset="1272994" endOffset="1275300">
<File name="chunk-00066" type="av">
<FileVariant size="62" variant="7426bebc-cf75-4c5c-b07b-c79c99f93ac1" />
</File>
<Timelines>
<Transcode startTime="504" endTime="507" complete="1" fileType="av" variant="7426bebc-cf75-4c5c-b07b-c79c99f93ac1" />
</Timelines>
</Segment>
<Segment duration="2087" startOffset="1275301" endOffset="1277389">
<File name="chunk-00067" type="av">
<FileVariant size="49" variant="7426bebc-cf75-4c5c-b07b-c79c99f93ac1" />
</File>
<Timelines>
<Transcode startTime="507" endTime="508" complete="1" fileType="av" variant="7426bebc-cf75-4c5c-b07b-c79c99f93ac1" />
</Timelines>
</Segment>
<Segment duration="2348" startOffset="1277390" endOffset="1279739">
<File name="chunk-00068" type="av">
<FileVariant size="49" variant="7426bebc-cf75-4c5c-b07b-c79c99f93ac1" />
</File>
<Timelines>
<Transcode startTime="508" endTime="510" complete="1" fileType="av" variant="7426bebc-cf75-4c5c-b07b-c79c99f93ac1" />
</Timelines>
</Segment>
<Segment duration="2479" startOffset="1279740" endOffset="1282219">
<File name="chunk-00069" type="av">
<FileVariant size="49" variant="7426bebc-cf75-4c5c-b07b-c79c99f93ac1" />
</File>
<Timelines>
<Transcode startTime="510" endTime="524" complete="1" fileType="av" variant="7426bebc-cf75-4c5c-b07b-c79c99f93ac1" />
</Timelines>
</Segment>
<Segment duration="2261" startOffset="1292448" endOffset="1294710">
<File name="chunk-00070" type="av">
<FileVariant size="49" variant="7426bebc-cf75-4c5c-b07b-c79c99f93ac1" />
</File>
<Timelines>
<Transcode startTime="524" endTime="531" complete="1" fileType="av" variant="7426bebc-cf75-4c5c-b07b-c79c99f93ac1" />
</Timelines>
</Segment>
<Segment duration="1479" startOffset="1299412" endOffset="1300891">
<File name="chunk-00071" type="av">
<FileVariant size="38" variant="7426bebc-cf75-4c5c-b07b-c79c99f93ac1" />
</File>
<Timelines>
<Transcode startTime="531" endTime="550" complete="1" fileType="av" variant="7426bebc-cf75-4c5c-b07b-c79c99f93ac1" />
</Timelines>
</Segment>
<Segment duration="1217" startOffset="1312686" endOffset="1313903">
<File name="chunk-00072" type="av">
<FileVariant size="39" variant="7426bebc-cf75-4c5c-b07b-c79c99f93ac1" />
</File>
<Timelines>
<Transcode startTime="550" endTime="562" complete="1" fileType="av" variant="7426bebc-cf75-4c5c-b07b-c79c99f93ac1" />
</Timelines>
</Segment>
<Segment duration="1131" startOffset="1317386" endOffset="1318517">
<File name="chunk-00073" type="av">
<FileVariant size="40" variant="7426bebc-cf75-4c5c-b07b-c79c99f93ac1" />
</File>
<Timelines>
<Transcode startTime="562" endTime="887" complete="1" fileType="av" variant="7426bebc-cf75-4c5c-b07b-c79c99f93ac1" />
</Timelines>
</Segment>
<Segment duration="2522" startOffset="1325307" endOffset="1327830">
<File name="chunk-00074" type="av">
<FileVariant size="45" variant="7426bebc-cf75-4c5c-b07b-c79c99f93ac1" />
</File>
<Timelines>
<Transcode startTime="887" endTime="925" complete="1" fileType="av" variant="7426bebc-cf75-4c5c-b07b-c79c99f93ac1" />
</Timelines>
</Segment>
<Segment duration="2219" startOffset="1327831" endOffset="1330050">
<File name="chunk-00075" type="av">
<FileVariant size="52" variant="7426bebc-cf75-4c5c-b07b-c79c99f93ac1" />
</File>
<Timelines>
<Transcode startTime="925" endTime="939" complete="1" fileType="av" variant="7426bebc-cf75-4c5c-b07b-c79c99f93ac1" />
</Timelines>
</Segment>
<Segment duration="2349" startOffset="1330051" endOffset="1332400">
<File name="chunk-00076" type="av">
<FileVariant size="55" variant="7426bebc-cf75-4c5c-b07b-c79c99f93ac1" />
</File>
<Timelines>
<Transcode startTime="939" endTime="1392" complete="1" fileType="av" variant="7426bebc-cf75-4c5c-b07b-c79c99f93ac1" />
</Timelines>
</Segment>
<Segment duration="1826" startOffset="1349244" endOffset="1351071">
<File name="chunk-00077" type="av">
<FileVariant size="51" variant="7426bebc-cf75-4c5c-b07b-c79c99f93ac1" />
</File>
<Timelines>
<Transcode startTime="1392" endTime="1439" complete="1" fileType="av" variant="7426bebc-cf75-4c5c-b07b-c79c99f93ac1" />
</Timelines>
</Segment>
<Segment duration="2654" startOffset="1351072" endOffset="1353726">
<File name="chunk-00078" type="av">
<FileVariant size="60" variant="7426bebc-cf75-4c5c-b07b-c79c99f93ac1" />
</File>
<Timelines>
<Transcode startTime="1439" endTime="1486" complete="1" fileType="av" variant="7426bebc-cf75-4c5c-b07b-c79c99f93ac1" />
</Timelines>
</Segment>
<Segment duration="1956" startOffset="1355555" endOffset="1357512">
<File name="chunk-00079" type="av">
<FileVariant size="67" variant="7426bebc-cf75-4c5c-b07b-c79c99f93ac1" />
</File>
<Timelines>
<Transcode startTime="1486" endTime="1491" complete="1" fileType="av" variant="7426bebc-cf75-4c5c-b07b-c79c99f93ac1" />
</Timelines>
</Segment>
<Segment duration="1958" startOffset="1357513" endOffset="1359471">
<File name="chunk-00080" type="av">
<FileVariant size="53" variant="7426bebc-cf75-4c5c-b07b-c79c99f93ac1" />
</File>
<Timelines>
<Transcode startTime="1491" endTime="1529" complete="1" fileType="av" variant="7426bebc-cf75-4c5c-b07b-c79c99f93ac1" />
</Timelines>
</Segment>
<Segment duration="3351" startOffset="1359472" endOffset="1362823">
<File name="chunk-00081" type="av">
<FileVariant size="75" variant="7426bebc-cf75-4c5c-b07b-c79c99f93ac1" />
</File>
<Timelines>
<Transcode startTime="1529" endTime="1569" complete="1" fileType="av" variant="7426bebc-cf75-4c5c-b07b-c79c99f93ac1" />
</Timelines>
</Segment>
<Segment duration="1826" startOffset="1363389" endOffset="1365215">
<File name="chunk-00082" type="av">
<FileVariant size="43" variant="7426bebc-cf75-4c5c-b07b-c79c99f93ac1" />
</File>
<Timelines>
<Transcode startTime="1569" endTime="1572" complete="1" fileType="av" variant="7426bebc-cf75-4c5c-b07b-c79c99f93ac1" />
</Timelines>
</Segment>
<Segment duration="1696" startOffset="1366304" endOffset="1368001">
<File name="chunk-00083" type="av">
<FileVariant size="46" variant="7426bebc-cf75-4c5c-b07b-c79c99f93ac1" />
</File>
<Timelines>
<Transcode startTime="1572" endTime="1583" complete="1" fileType="av" variant="7426bebc-cf75-4c5c-b07b-c79c99f93ac1" />
</Timelines>
</Segment>
<Segment duration="1260" startOffset="1370396" endOffset="1371657">
<File name="chunk-00084" type="av">
<FileVariant size="46" variant="7426bebc-cf75-4c5c-b07b-c79c99f93ac1" />
</File>
<Timelines>
<Transcode startTime="1583" endTime="1621" complete="1" fileType="av" variant="7426bebc-cf75-4c5c-b07b-c79c99f93ac1" />
</Timelines>
</Segment>
<Segment duration="2088" startOffset="1371658" endOffset="1373746">
<File name="chunk-00085" type="av">
<FileVariant size="50" variant="7426bebc-cf75-4c5c-b07b-c79c99f93ac1" />
</File>
<Timelines>
<Transcode startTime="1621" endTime="1752" complete="1" fileType="av" variant="7426bebc-cf75-4c5c-b07b-c79c99f93ac1" />
</Timelines>
</Segment>
<Segment duration="2480" startOffset="1376358" endOffset="1378838">
<File name="chunk-00086" type="av">
<FileVariant size="57" variant="7426bebc-cf75-4c5c-b07b-c79c99f93ac1" />
</File>
<Timelines>
<Transcode startTime="1752" endTime="1758" complete="1" fileType="av" variant="7426bebc-cf75-4c5c-b07b-c79c99f93ac1" />
</Timelines>
</Segment>
<Segment duration="3567" startOffset="1378839" endOffset="1382407">
<File name="chunk-00087" type="av">
<FileVariant size="77" variant="7426bebc-cf75-4c5c-b07b-c79c99f93ac1" />
</File>
<Timelines>
<Transcode startTime="1758" endTime="1945" complete="1" fileType="av" variant="7426bebc-cf75-4c5c-b07b-c79c99f93ac1" />
</Timelines>
</Segment>
<Segment duration="3828" startOffset="1382408" endOffset="1386236">
<File name="chunk-00088" type="av">
<FileVariant size="70" variant="7426bebc-cf75-4c5c-b07b-c79c99f93ac1" />
</File>
<Timelines>
<Transcode startTime="1945" endTime="2192" complete="1" fileType="av" variant="7426bebc-cf75-4c5c-b07b-c79c99f93ac1" />
</Timelines>
</Segment>
<Segment duration="1609" startOffset="1386237" endOffset="1387847">
<File name="chunk-00089" type="av">
<FileVariant size="62" variant="7426bebc-cf75-4c5c-b07b-c79c99f93ac1" />
</File>
<Timelines>
<Transcode startTime="2192" endTime="2198" complete="1" fileType="av" variant="7426bebc-cf75-4c5c-b07b-c79c99f93ac1" />
</Timelines>
</Segment>
<Segment duration="3263" startOffset="1387848" endOffset="1391111">
<File name="chunk-00090" type="av">
<FileVariant size="61" variant="7426bebc-cf75-4c5c-b07b-c79c99f93ac1" />
</File>
<Timelines>
<Transcode startTime="2198" endTime="2267" complete="1" fileType="av" variant="7426bebc-cf75-4c5c-b07b-c79c99f93ac1" />
</Timelines>
</Segment>
<Segment duration="2522" startOffset="1391112" endOffset="1393635">
<File name="chunk-00091" type="av">
<FileVariant size="61" variant="7426bebc-cf75-4c5c-b07b-c79c99f93ac1" />
</File>
<Timelines>
<Transcode startTime="2267" endTime="2291" complete="1" fileType="av" variant="7426bebc-cf75-4c5c-b07b-c79c99f93ac1" />
</Timelines>
</Segment>
<Segment duration="1740" startOffset="1393636" endOffset="1395376">
<File name="chunk-00092" type="av">
<FileVariant size="48" variant="7426bebc-cf75-4c5c-b07b-c79c99f93ac1" />
</File>
<Timelines>
<Transcode startTime="2291" endTime="2306" complete="1" fileType="av" variant="7426bebc-cf75-4c5c-b07b-c79c99f93ac1" />
</Timelines>
</Segment>
<Segment duration="2392" startOffset="1397640" endOffset="1400033">
<File name="chunk-00093" type="av">
<FileVariant size="47" variant="7426bebc-cf75-4c5c-b07b-c79c99f93ac1" />
</File>
<Timelines>
<Transcode startTime="2306" endTime="2349" complete="1" fileType="av" variant="7426bebc-cf75-4c5c-b07b-c79c99f93ac1" />
</Timelines>
</Segment>
<Segment duration="2783" startOffset="1400034" endOffset="1402818">
<File name="chunk-00094" type="av">
<FileVariant size="52" variant="7426bebc-cf75-4c5c-b07b-c79c99f93ac1" />
</File>
<Timelines>
<Transcode startTime="2349" endTime="2386" complete="1" fileType="av" variant="7426bebc-cf75-4c5c-b07b-c79c99f93ac1" />
</Timelines>
</Segment>
<Segment duration="2785" startOffset="1402819" endOffset="1405604">
<File name="chunk-00095" type="av">
<FileVariant size="64" variant="7426bebc-cf75-4c5c-b07b-c79c99f93ac1" />
</File>
<Timelines>
<Transcode startTime="2386" endTime="2416" complete="1" fileType="av" variant="7426bebc-cf75-4c5c-b07b-c79c99f93ac1" />
</Timelines>
</Segment>
<Segment duration="3523" startOffset="1405605" endOffset="1409129">
<File name="chunk-00096" type="av">
<FileVariant size="63" variant="7426bebc-cf75-4c5c-b07b-c79c99f93ac1" />
</File>
<Timelines>
<Transcode startTime="2416" endTime="2467" complete="1" fileType="av" variant="7426bebc-cf75-4c5c-b07b-c79c99f93ac1" />
</Timelines>
</Segment>
<Segment duration="3218" startOffset="1409130" endOffset="1412349">
<File name="chunk-00097" type="av">
<FileVariant size="71" variant="7426bebc-cf75-4c5c-b07b-c79c99f93ac1" />
</File>
<Timelines>
<Transcode startTime="2467" endTime="2523" complete="1" fileType="av" variant="7426bebc-cf75-4c5c-b07b-c79c99f93ac1" />
</Timelines>
</Segment>
<Segment duration="4700" startOffset="1412350" endOffset="1417050">
<File name="chunk-00098" type="av">
<FileVariant size="45" variant="7426bebc-cf75-4c5c-b07b-c79c99f93ac1" />
</File>
<Timelines>
<Transcode startTime="2523" endTime="2877" complete="1" fileType="av" variant="7426bebc-cf75-4c5c-b07b-c79c99f93ac1" />
</Timelines>
</Segment>
<Segment duration="2480" startOffset="1425973" endOffset="1428453">
<File name="chunk-00099" type="av">
<FileVariant size="73" variant="7426bebc-cf75-4c5c-b07b-c79c99f93ac1" />
</File>
<Timelines>
<Transcode startTime="2877" endTime="2966" complete="1" fileType="av" variant="7426bebc-cf75-4c5c-b07b-c79c99f93ac1" />
</Timelines>
</Segment>
<Segment duration="4438" startOffset="1428454" endOffset="1432892">
<File name="chunk-00100" type="av">
<FileVariant size="92" variant="7426bebc-cf75-4c5c-b07b-c79c99f93ac1" />
</File>
<Timelines>
<Transcode startTime="2966" endTime="3503" complete="1" fileType="av" variant="7426bebc-cf75-4c5c-b07b-c79c99f93ac1" />
</Timelines>
</Segment>
<Segment duration="3610" startOffset="1447690" endOffset="1451301">
<File name="chunk-00101" type="av">
<FileVariant size="73" variant="7426bebc-cf75-4c5c-b07b-c79c99f93ac1" />
</File>
<Timelines>
<Transcode startTime="3503" endTime="3535" complete="1" fileType="av" variant="7426bebc-cf75-4c5c-b07b-c79c99f93ac1" />
</Timelines>
</Segment>
<Segment duration="2350" startOffset="1451302" endOffset="1453652">
<File name="chunk-00102" type="av">
<FileVariant size="63" variant="7426bebc-cf75-4c5c-b07b-c79c99f93ac1" />
</File>
<Timelines>
<Transcode startTime="3535" endTime="3540" complete="1" fileType="av" variant="7426bebc-cf75-4c5c-b07b-c79c99f93ac1" />
</Timelines>
</Segment>
<Segment duration="2131" startOffset="1453653" endOffset="1455784">
<File name="chunk-00103" type="av">
<FileVariant size="68" variant="7426bebc-cf75-4c5c-b07b-c79c99f93ac1" />
</File>
<Timelines>
<Transcode startTime="3540" endTime="3572" complete="1" fileType="av" variant="7426bebc-cf75-4c5c-b07b-c79c99f93ac1" />
</Timelines>
</Segment>
<Segment duration="2087" startOffset="1455785" endOffset="1457873">
<File name="chunk-00104" type="av">
<FileVariant size="76" variant="7426bebc-cf75-4c5c-b07b-c79c99f93ac1" />
</File>
<Timelines>
<Transcode startTime="3572" endTime="3572" complete="1" fileType="av" variant="7426bebc-cf75-4c5c-b07b-c79c99f93ac1" />
</Timelines>
</Segment>
<Segment duration="2435" startOffset="1457874" endOffset="1460310">
<File name="chunk-00105" type="av">
<FileVariant size="78" variant="7426bebc-cf75-4c5c-b07b-c79c99f93ac1" />
</File>
<Timelines>
<Transcode startTime="3572" endTime="3576" complete="1" fileType="av" variant="7426bebc-cf75-4c5c-b07b-c79c99f93ac1" />
</Timelines>
</Segment>
<Segment duration="1566" startOffset="1460311" endOffset="1461877">
<File name="chunk-00106" type="av">
<FileVariant size="52" variant="7426bebc-cf75-4c5c-b07b-c79c99f93ac1" />
</File>
<Timelines>
<Transcode startTime="3576" endTime="3608" complete="1" fileType="av" variant="7426bebc-cf75-4c5c-b07b-c79c99f93ac1" />
</Timelines>
</Segment>
<Segment duration="2045" startOffset="1461878" endOffset="1463923">
<File name="chunk-00107" type="av">
<FileVariant size="56" variant="7426bebc-cf75-4c5c-b07b-c79c99f93ac1" />
</File>
<Timelines>
<Transcode startTime="3608" endTime="3609" complete="1" fileType="av" variant="7426bebc-cf75-4c5c-b07b-c79c99f93ac1" />
</Timelines>
</Segment>
<Segment duration="3959" startOffset="1463924" endOffset="1467883">
<File name="chunk-00108" type="av">
<FileVariant size="88" variant="7426bebc-cf75-4c5c-b07b-c79c99f93ac1" />
</File>
<Timelines>
<Transcode startTime="3609" endTime="3614" complete="1" fileType="av" variant="7426bebc-cf75-4c5c-b07b-c79c99f93ac1" />
</Timelines>
</Segment>
<Segment duration="2306" startOffset="1467884" endOffset="1470190">
<File name="chunk-00109" type="av">
<FileVariant size="65" variant="7426bebc-cf75-4c5c-b07b-c79c99f93ac1" />
</File>
<Timelines>
<Transcode startTime="3614" endTime="3615" complete="1" fileType="av" variant="7426bebc-cf75-4c5c-b07b-c79c99f93ac1" />
</Timelines>
</Segment>
<Segment duration="1566" startOffset="1470191" endOffset="1471757">
<File name="chunk-00110" type="av">
<FileVariant size="41" variant="7426bebc-cf75-4c5c-b07b-c79c99f93ac1" />
</File>
<Timelines>
<Transcode startTime="3615" endTime="3615" complete="1" fileType="av" variant="7426bebc-cf75-4c5c-b07b-c79c99f93ac1" />
</Timelines>
</Segment>
<Segment duration="3306" startOffset="1471758" endOffset="1475064">
<File name="chunk-00111" type="av">
<FileVariant size="70" variant="7426bebc-cf75-4c5c-b07b-c79c99f93ac1" />
</File>
<Timelines>
<Transcode startTime="3615" endTime="3645" complete="1" fileType="av" variant="7426bebc-cf75-4c5c-b07b-c79c99f93ac1" />
</Timelines>
</Segment>
<Segment duration="2131" startOffset="1475065" endOffset="1477197">
<File name="chunk-00112" type="av">
<FileVariant size="69" variant="7426bebc-cf75-4c5c-b07b-c79c99f93ac1" />
</File>
<Timelines>
<Transcode startTime="3645" endTime="3653" complete="1" fileType="av" variant="7426bebc-cf75-4c5c-b07b-c79c99f93ac1" />
</Timelines>
</Segment>
<Segment duration="1129" startOffset="1477198" endOffset="1478328">
<File name="chunk-00113" type="av">
<FileVariant size="61" variant="7426bebc-cf75-4c5c-b07b-c79c99f93ac1" />
</File>
<Timelines>
<Transcode startTime="3653" endTime="3654" complete="1" fileType="av" variant="7426bebc-cf75-4c5c-b07b-c79c99f93ac1" />
</Timelines>
</Segment>
<Segment duration="2263" startOffset="1478329" endOffset="1480592">
<File name="chunk-00114" type="av">
<FileVariant size="72" variant="7426bebc-cf75-4c5c-b07b-c79c99f93ac1" />
</File>
<Timelines>
<Transcode startTime="3654" endTime="3680" complete="1" fileType="av" variant="7426bebc-cf75-4c5c-b07b-c79c99f93ac1" />
</Timelines>
</Segment>
<Segment duration="1216" startOffset="1480593" endOffset="1481810">
<File name="chunk-00115" type="av">
<FileVariant size="44" variant="7426bebc-cf75-4c5c-b07b-c79c99f93ac1" />
</File>
<Timelines>
<Transcode startTime="3680" endTime="3685" complete="1" fileType="av" variant="7426bebc-cf75-4c5c-b07b-c79c99f93ac1" />
</Timelines>
</Segment>
<Segment duration="2436" startOffset="1481811" endOffset="1484247">
<File name="chunk-00116" type="av">
<FileVariant size="79" variant="7426bebc-cf75-4c5c-b07b-c79c99f93ac1" />
</File>
<Timelines>
<Transcode startTime="3685" endTime="3686" complete="1" fileType="av" variant="7426bebc-cf75-4c5c-b07b-c79c99f93ac1" />
</Timelines>
</Segment>
<Segment duration="1783" startOffset="1484248" endOffset="1486032">
<File name="chunk-00117" type="av">
<FileVariant size="67" variant="7426bebc-cf75-4c5c-b07b-c79c99f93ac1" />
</File>
<Timelines>
<Transcode startTime="3686" endTime="3709" complete="1" fileType="av" variant="7426bebc-cf75-4c5c-b07b-c79c99f93ac1" />
</Timelines>
</Segment>
<Segment duration="1783" startOffset="1486033" endOffset="1487816">
<File name="chunk-00118" type="av">
<FileVariant size="51" variant="7426bebc-cf75-4c5c-b07b-c79c99f93ac1" />
</File>
<Timelines>
<Transcode startTime="3709" endTime="3710" complete="1" fileType="av" variant="7426bebc-cf75-4c5c-b07b-c79c99f93ac1" />
</Timelines>
</Segment>
<Segment duration="1392" startOffset="1487817" endOffset="1489209">
<File name="chunk-00119" type="av">
<FileVariant size="57" variant="7426bebc-cf75-4c5c-b07b-c79c99f93ac1" />
</File>
<Timelines>
<Transcode startTime="3710" endTime="3711" complete="1" fileType="av" variant="7426bebc-cf75-4c5c-b07b-c79c99f93ac1" />
</Timelines>
</Segment>
<Segment duration="2087" startOffset="1489210" endOffset="1491298">
<File name="chunk-00120" type="av">
<FileVariant size="64" variant="7426bebc-cf75-4c5c-b07b-c79c99f93ac1" />
</File>
<Timelines>
<Transcode startTime="3711" endTime="3715" complete="1" fileType="av" variant="7426bebc-cf75-4c5c-b07b-c79c99f93ac1" />
</Timelines>
</Segment>
<Segment duration="1086" startOffset="1491299" endOffset="1492386">
<File name="chunk-00121" type="av">
<FileVariant size="48" variant="7426bebc-cf75-4c5c-b07b-c79c99f93ac1" />
</File>
<Timelines>
<Transcode startTime="3715" endTime="3716" complete="1" fileType="av" variant="7426bebc-cf75-4c5c-b07b-c79c99f93ac1" />
</Timelines>
</Segment>
<Segment duration="1131" startOffset="1492387" endOffset="1493518">
<File name="chunk-00122" type="av">
<FileVariant size="50" variant="7426bebc-cf75-4c5c-b07b-c79c99f93ac1" />
</File>
<Timelines>
<Transcode startTime="3716" endTime="3752" complete="1" fileType="av" variant="7426bebc-cf75-4c5c-b07b-c79c99f93ac1" />
</Timelines>
</Segment>
<Segment duration="2566" startOffset="1493519" endOffset="1496085">
<File name="chunk-00123" type="av">
<FileVariant size="53" variant="7426bebc-cf75-4c5c-b07b-c79c99f93ac1" />
</File>
<Timelines>
<Transcode startTime="3752" endTime="3995" complete="1" fileType="av" variant="7426bebc-cf75-4c5c-b07b-c79c99f93ac1" />
</Timelines>
</Segment>
<Segment duration="3785" startOffset="1510797" endOffset="1514582">
<File name="chunk-00124" type="av">
<FileVariant size="86" variant="7426bebc-cf75-4c5c-b07b-c79c99f93ac1" />
</File>
<Timelines>
<Transcode startTime="3995" endTime="3995" complete="1" fileType="av" variant="7426bebc-cf75-4c5c-b07b-c79c99f93ac1" />
</Timelines>
</Segment>
<Segment duration="2567" startOffset="1514583" endOffset="1517150">
<File name="chunk-00125" type="av">
<FileVariant size="79" variant="7426bebc-cf75-4c5c-b07b-c79c99f93ac1" />
</File>
<Timelines>
<Transcode startTime="3995" endTime="4004" complete="1" fileType="av" variant="7426bebc-cf75-4c5c-b07b-c79c99f93ac1" />
</Timelines>
</Segment>
<Segment duration="2304" startOffset="1518544" endOffset="1520849">
<File name="chunk-00126" type="av">
<FileVariant size="61" variant="7426bebc-cf75-4c5c-b07b-c79c99f93ac1" />
</File>
<Timelines>
<Transcode startTime="4004" endTime="4006" complete="1" fileType="av" variant="7426bebc-cf75-4c5c-b07b-c79c99f93ac1" />
</Timelines>
</Segment>
<Segment duration="3046" startOffset="1520850" endOffset="1523896">
<File name="chunk-00127" type="av">
<FileVariant size="76" variant="7426bebc-cf75-4c5c-b07b-c79c99f93ac1" />
</File>
<Timelines>
<Transcode startTime="4006" endTime="4105" complete="1" fileType="av" variant="7426bebc-cf75-4c5c-b07b-c79c99f93ac1" />
</Timelines>
</Segment>
<Segment duration="869" startOffset="1527640" endOffset="1528510">
<File name="chunk-00128" type="av">
<FileVariant size="43" variant="7426bebc-cf75-4c5c-b07b-c79c99f93ac1" />
</File>
<Timelines>
<Transcode startTime="4105" endTime="4112" complete="1" fileType="av" variant="7426bebc-cf75-4c5c-b07b-c79c99f93ac1" />
</Timelines>
</Segment>
<Segment duration="1348" startOffset="1529076" endOffset="1530425">
<File name="chunk-00129" type="av">
<FileVariant size="51" variant="7426bebc-cf75-4c5c-b07b-c79c99f93ac1" />
</File>
<Timelines>
<Transcode startTime="4112" endTime="4146" complete="1" fileType="av" variant="7426bebc-cf75-4c5c-b07b-c79c99f93ac1" />
</Timelines>
</Segment>
<Segment duration="2827" startOffset="1531469" endOffset="1534297">
<File name="chunk-00130" type="av">
<FileVariant size="49" variant="7426bebc-cf75-4c5c-b07b-c79c99f93ac1" />
</File>
<Timelines>
<Transcode startTime="4146" endTime="4149" complete="1" fileType="av" variant="7426bebc-cf75-4c5c-b07b-c79c99f93ac1" />
</Timelines>
</Segment>
<Segment duration="3828" startOffset="1535865" endOffset="1539694">
<File name="chunk-00131" type="av">
<FileVariant size="97" variant="7426bebc-cf75-4c5c-b07b-c79c99f93ac1" />
</File>
<Timelines>
<Transcode startTime="4149" endTime="4217" complete="1" fileType="av" variant="7426bebc-cf75-4c5c-b07b-c79c99f93ac1" />
</Timelines>
</Segment>
<Segment duration="2697" startOffset="1539695" endOffset="1542392">
<File name="chunk-00132" type="av">
<FileVariant size="54" variant="7426bebc-cf75-4c5c-b07b-c79c99f93ac1" />
</File>
<Timelines>
<Transcode startTime="4217" endTime="4249" complete="1" fileType="av" variant="7426bebc-cf75-4c5c-b07b-c79c99f93ac1" />
</Timelines>
</Segment>
<Segment duration="2914" startOffset="1542393" endOffset="1545308">
<File name="chunk-00133" type="av">
<FileVariant size="86" variant="7426bebc-cf75-4c5c-b07b-c79c99f93ac1" />
</File>
<Timelines>
<Transcode startTime="4249" endTime="4256" complete="1" fileType="av" variant="7426bebc-cf75-4c5c-b07b-c79c99f93ac1" />
</Timelines>
</Segment>
<Segment duration="1697" startOffset="1545309" endOffset="1547006">
<File name="chunk-00134" type="av">
<FileVariant size="48" variant="7426bebc-cf75-4c5c-b07b-c79c99f93ac1" />
</File>
<Timelines>
<Transcode startTime="4256" endTime="4286" complete="1" fileType="av" variant="7426bebc-cf75-4c5c-b07b-c79c99f93ac1" />
</Timelines>
</Segment>
<Segment duration="1826" startOffset="1548791" endOffset="1550618">
<File name="chunk-00135" type="av">
<FileVariant size="46" variant="7426bebc-cf75-4c5c-b07b-c79c99f93ac1" />
</File>
<Timelines>
<Transcode startTime="4286" endTime="4293" complete="1" fileType="av" variant="7426bebc-cf75-4c5c-b07b-c79c99f93ac1" />
</Timelines>
</Segment>
<Segment duration="4090" startOffset="1550619" endOffset="1554709">
<File name="chunk-00136" type="av">
<FileVariant size="85" variant="7426bebc-cf75-4c5c-b07b-c79c99f93ac1" />
</File>
<Timelines>
<Transcode startTime="4293" endTime="4319" complete="1" fileType="av" variant="7426bebc-cf75-4c5c-b07b-c79c99f93ac1" />
</Timelines>
</Segment>
<Segment duration="1216" startOffset="1555929" endOffset="1557146">
<File name="chunk-00137" type="av">
<FileVariant size="46" variant="7426bebc-cf75-4c5c-b07b-c79c99f93ac1" />
</File>
<Timelines>
<Transcode startTime="4319" endTime="4320" complete="1" fileType="av" variant="7426bebc-cf75-4c5c-b07b-c79c99f93ac1" />
</Timelines>
</Segment>
<Segment duration="1566" startOffset="1557147" endOffset="1558713">
<File name="chunk-00138" type="av">
<FileVariant size="55" variant="7426bebc-cf75-4c5c-b07b-c79c99f93ac1" />
</File>
<Timelines>
<Transcode startTime="4320" endTime="4321" complete="1" fileType="av" variant="7426bebc-cf75-4c5c-b07b-c79c99f93ac1" />
</Timelines>
</Segment>
<Segment duration="2959" startOffset="1558714" endOffset="1561673">
<File name="chunk-00139" type="av">
<FileVariant size="76" variant="7426bebc-cf75-4c5c-b07b-c79c99f93ac1" />
</File>
<Timelines>
<Transcode startTime="4321" endTime="4329" complete="1" fileType="av" variant="7426bebc-cf75-4c5c-b07b-c79c99f93ac1" />
</Timelines>
</Segment>
<Segment duration="2218" startOffset="1561674" endOffset="1563892">
<File name="chunk-00140" type="av">
<FileVariant size="74" variant="7426bebc-cf75-4c5c-b07b-c79c99f93ac1" />
</File>
<Timelines>
<Transcode startTime="4329" endTime="4363" complete="1" fileType="av" variant="7426bebc-cf75-4c5c-b07b-c79c99f93ac1" />
</Timelines>
</Segment>
<Segment duration="2087" startOffset="1563893" endOffset="1565981">
<File name="chunk-00141" type="av">
<FileVariant size="83" variant="7426bebc-cf75-4c5c-b07b-c79c99f93ac1" />
</File>
<Timelines>
<Transcode startTime="4363" endTime="4401" complete="1" fileType="av" variant="7426bebc-cf75-4c5c-b07b-c79c99f93ac1" />
</Timelines>
</Segment>
<Segment duration="3175" startOffset="1565982" endOffset="1569158">
<File name="chunk-00142" type="av">
<FileVariant size="68" variant="7426bebc-cf75-4c5c-b07b-c79c99f93ac1" />
</File>
<Timelines>
<Transcode startTime="4401" endTime="4453" complete="1" fileType="av" variant="7426bebc-cf75-4c5c-b07b-c79c99f93ac1" />
</Timelines>
</Segment>
<Segment duration="4133" startOffset="1569159" endOffset="1573293">
<File name="chunk-00143" type="av">
<FileVariant size="81" variant="7426bebc-cf75-4c5c-b07b-c79c99f93ac1" />
</File>
<Timelines>
<Transcode startTime="4453" endTime="4525" complete="1" fileType="av" variant="7426bebc-cf75-4c5c-b07b-c79c99f93ac1" />
</Timelines>
</Segment>
<Segment duration="1740" startOffset="1573294" endOffset="1575034">
<File name="chunk-00144" type="av">
<FileVariant size="48" variant="7426bebc-cf75-4c5c-b07b-c79c99f93ac1" />
</File>
<Timelines>
<Transcode startTime="4525" endTime="4525" complete="1" fileType="av" variant="7426bebc-cf75-4c5c-b07b-c79c99f93ac1" />
</Timelines>
</Segment>
<Segment duration="2740" startOffset="1575035" endOffset="1577776">
<File name="chunk-00145" type="av">
<FileVariant size="46" variant="7426bebc-cf75-4c5c-b07b-c79c99f93ac1" />
</File>
<Timelines>
<Transcode startTime="4525" endTime="4559" complete="1" fileType="av" variant="7426bebc-cf75-4c5c-b07b-c79c99f93ac1" />
</Timelines>
</Segment>
<Segment duration="2174" startOffset="1577777" endOffset="1579952">
<File name="chunk-00146" type="av">
<FileVariant size="63" variant="7426bebc-cf75-4c5c-b07b-c79c99f93ac1" />
</File>
<Timelines>
<Transcode startTime="4559" endTime="4559" complete="1" fileType="av" variant="7426bebc-cf75-4c5c-b07b-c79c99f93ac1" />
</Timelines>
</Segment>
<Segment duration="2914" startOffset="1579953" endOffset="1582868">
<File name="chunk-00147" type="av">
<FileVariant size="80" variant="7426bebc-cf75-4c5c-b07b-c79c99f93ac1" />
</File>
<Timelines>
<Transcode startTime="4559" endTime="4608" complete="1" fileType="av" variant="7426bebc-cf75-4c5c-b07b-c79c99f93ac1" />
</Timelines>
</Segment>
<Segment duration="2392" startOffset="1582869" endOffset="1585261">
<File name="chunk-00148" type="av">
<FileVariant size="65" variant="7426bebc-cf75-4c5c-b07b-c79c99f93ac1" />
</File>
<Timelines>
<Transcode startTime="4608" endTime="4627" complete="1" fileType="av" variant="7426bebc-cf75-4c5c-b07b-c79c99f93ac1" />
</Timelines>
</Segment>
<Segment duration="2174" startOffset="1585262" endOffset="1587437">
<File name="chunk-00149" type="av">
<FileVariant size="65" variant="7426bebc-cf75-4c5c-b07b-c79c99f93ac1" />
</File>
<Timelines>
<Transcode startTime="4627" endTime="4663" complete="1" fileType="av" variant="7426bebc-cf75-4c5c-b07b-c79c99f93ac1" />
</Timelines>
</Segment>
<Segment duration="1957" startOffset="1587438" endOffset="1589396">
<File name="chunk-00150" type="av">
<FileVariant size="54" variant="7426bebc-cf75-4c5c-b07b-c79c99f93ac1" />
</File>
<Timelines>
<Transcode startTime="4663" endTime="4668" complete="1" fileType="av" variant="7426bebc-cf75-4c5c-b07b-c79c99f93ac1" />
</Timelines>
</Segment>
<Segment duration="1957" startOffset="1589397" endOffset="1591354">
<File name="chunk-00151" type="av">
<FileVariant size="69" variant="7426bebc-cf75-4c5c-b07b-c79c99f93ac1" />
</File>
<Timelines>
<Transcode startTime="4668" endTime="4714" complete="1" fileType="av" variant="7426bebc-cf75-4c5c-b07b-c79c99f93ac1" />
</Timelines>
</Segment>
<Segment duration="957" startOffset="1592269" endOffset="1593226">
<File name="chunk-00152" type="av">
<FileVariant size="41" variant="7426bebc-cf75-4c5c-b07b-c79c99f93ac1" />
</File>
<Timelines>
<Transcode startTime="4714" endTime="4753" complete="1" fileType="av" variant="7426bebc-cf75-4c5c-b07b-c79c99f93ac1" />
</Timelines>
</Segment>
<Segment duration="1869" startOffset="1593227" endOffset="1595097">
<File name="chunk-00153" type="av">
<FileVariant size="51" variant="7426bebc-cf75-4c5c-b07b-c79c99f93ac1" />
</File>
<Timelines>
<Transcode startTime="4753" endTime="4754" complete="1" fileType="av" variant="7426bebc-cf75-4c5c-b07b-c79c99f93ac1" />
</Timelines>
</Segment>
<Segment duration="2348" startOffset="1595098" endOffset="1597447">
<File name="chunk-00154" type="av">
<FileVariant size="90" variant="7426bebc-cf75-4c5c-b07b-c79c99f93ac1" />
</File>
<Timelines>
<Transcode startTime="4754" endTime="4754" complete="1" fileType="av" variant="7426bebc-cf75-4c5c-b07b-c79c99f93ac1" />
</Timelines>
</Segment>
<Segment duration="1435" startOffset="1597448" endOffset="1598884">
<File name="chunk-00155" type="av">
<FileVariant size="55" variant="7426bebc-cf75-4c5c-b07b-c79c99f93ac1" />
</File>
<Timelines>
<Transcode startTime="4754" endTime="4758" complete="1" fileType="av" variant="7426bebc-cf75-4c5c-b07b-c79c99f93ac1" />
</Timelines>
</Segment>
<Segment duration="2827" startOffset="1598885" endOffset="1601713">
<File name="chunk-00156" type="av">
<FileVariant size="88" variant="7426bebc-cf75-4c5c-b07b-c79c99f93ac1" />
</File>
<Timelines>
<Transcode startTime="4758" endTime="4808" complete="1" fileType="av" variant="7426bebc-cf75-4c5c-b07b-c79c99f93ac1" />
</Timelines>
</Segment>
<Segment duration="3176" startOffset="1601714" endOffset="1604890">
<File name="chunk-00157" type="av">
<FileVariant size="69" variant="7426bebc-cf75-4c5c-b07b-c79c99f93ac1" />
</File>
<Timelines>
<Transcode startTime="4808" endTime="4812" complete="1" fileType="av" variant="7426bebc-cf75-4c5c-b07b-c79c99f93ac1" />
</Timelines>
</Segment>
<Segment duration="4960" startOffset="1604891" endOffset="1609851">
<File name="chunk-00158" type="av">
<FileVariant size="76" variant="7426bebc-cf75-4c5c-b07b-c79c99f93ac1" />
</File>
<Timelines>
<Transcode startTime="4812" endTime="4922" complete="1" fileType="av" variant="7426bebc-cf75-4c5c-b07b-c79c99f93ac1" />
</Timelines>
</Segment>
<Segment duration="1173" startOffset="1619645" endOffset="1620819">
<File name="chunk-00159" type="av">
<FileVariant size="52" variant="7426bebc-cf75-4c5c-b07b-c79c99f93ac1" />
</File>
<Timelines>
<Transcode startTime="4922" endTime="4922" complete="1" fileType="av" variant="7426bebc-cf75-4c5c-b07b-c79c99f93ac1" />
</Timelines>
</Segment>
<Segment duration="1739" startOffset="1620820" endOffset="1622559">
<File name="chunk-00160" type="av">
<FileVariant size="76" variant="7426bebc-cf75-4c5c-b07b-c79c99f93ac1" />
</File>
<Timelines>
<Transcode startTime="4922" endTime="4935" complete="1" fileType="av" variant="7426bebc-cf75-4c5c-b07b-c79c99f93ac1" />
</Timelines>
</Segment>
<Segment duration="1608" startOffset="1623910" endOffset="1625519">
<File name="chunk-00161" type="av">
<FileVariant size="57" variant="7426bebc-cf75-4c5c-b07b-c79c99f93ac1" />
</File>
<Timelines>
<Transcode startTime="4935" endTime="4939" complete="1" fileType="av" variant="7426bebc-cf75-4c5c-b07b-c79c99f93ac1" />
</Timelines>
</Segment>
<Segment duration="2000" startOffset="1627565" endOffset="1629566">
<File name="chunk-00162" type="av">
<FileVariant size="45" variant="7426bebc-cf75-4c5c-b07b-c79c99f93ac1" />
</File>
<Timelines>
<Transcode startTime="4939" endTime="5342" complete="1" fileType="av" variant="7426bebc-cf75-4c5c-b07b-c79c99f93ac1" />
</Timelines>
</Segment>
<Segment duration="4089" startOffset="1643364" endOffset="1647454">
<File name="chunk-00163" type="av">
<FileVariant size="62" variant="7426bebc-cf75-4c5c-b07b-c79c99f93ac1" />
</File>
<Timelines>
<Transcode startTime="5342" endTime="5538" complete="1" fileType="av" variant="7426bebc-cf75-4c5c-b07b-c79c99f93ac1" />
</Timelines>
</Segment>
<Segment duration="1566" startOffset="1651589" endOffset="1653155">
<File name="chunk-00164" type="av">
<FileVariant size="40" variant="7426bebc-cf75-4c5c-b07b-c79c99f93ac1" />
</File>
<Timelines>
<Transcode startTime="5538" endTime="5673" complete="1" fileType="av" variant="7426bebc-cf75-4c5c-b07b-c79c99f93ac1" />
</Timelines>
</Segment>
<Segment duration="2610" startOffset="1657639" endOffset="1660249">
<File name="chunk-00165" type="av">
<FileVariant size="72" variant="7426bebc-cf75-4c5c-b07b-c79c99f93ac1" />
</File>
<Timelines>
<Transcode startTime="5673" endTime="5703" complete="1" fileType="av" variant="7426bebc-cf75-4c5c-b07b-c79c99f93ac1" />
</Timelines>
</Segment>
<Segment duration="1958" startOffset="1660250" endOffset="1662208">
<File name="chunk-00166" type="av">
<FileVariant size="60" variant="7426bebc-cf75-4c5c-b07b-c79c99f93ac1" />
</File>
<Timelines>
<Transcode startTime="5703" endTime="5747" complete="1" fileType="av" variant="7426bebc-cf75-4c5c-b07b-c79c99f93ac1" />
</Timelines>
</Segment>
<Segment duration="2653" startOffset="1662209" endOffset="1664863">
<File name="chunk-00167" type="av">
<FileVariant size="63" variant="7426bebc-cf75-4c5c-b07b-c79c99f93ac1" />
</File>
<Timelines>
<Transcode startTime="5747" endTime="5800" complete="1" fileType="av" variant="7426bebc-cf75-4c5c-b07b-c79c99f93ac1" />
</Timelines>
</Segment>
<Segment duration="3828" startOffset="1664864" endOffset="1668693">
<File name="chunk-00168" type="av">
<FileVariant size="79" variant="7426bebc-cf75-4c5c-b07b-c79c99f93ac1" />
</File>
<Timelines>
<Transcode startTime="5800" endTime="5897" complete="1" fileType="av" variant="7426bebc-cf75-4c5c-b07b-c79c99f93ac1" />
</Timelines>
</Segment>
<Segment duration="2261" startOffset="1668694" endOffset="1670956">
<File name="chunk-00169" type="av">
<FileVariant size="57" variant="7426bebc-cf75-4c5c-b07b-c79c99f93ac1" />
</File>
<Timelines>
<Transcode startTime="5897" endTime="5908" complete="1" fileType="av" variant="7426bebc-cf75-4c5c-b07b-c79c99f93ac1" />
</Timelines>
</Segment>
<Segment duration="2174" startOffset="1670957" endOffset="1673132">
<File name="chunk-00170" type="av">
<FileVariant size="62" variant="7426bebc-cf75-4c5c-b07b-c79c99f93ac1" />
</File>
<Timelines>
<Transcode startTime="5908" endTime="6071" complete="1" fileType="av" variant="7426bebc-cf75-4c5c-b07b-c79c99f93ac1" />
</Timelines>
</Segment>
<Segment duration="1479" startOffset="1678225" endOffset="1679704">
<File name="chunk-00171" type="av">
<FileVariant size="45" variant="7426bebc-cf75-4c5c-b07b-c79c99f93ac1" />
</File>
<Timelines>
<Transcode startTime="6071" endTime="6123" complete="1" fileType="av" variant="7426bebc-cf75-4c5c-b07b-c79c99f93ac1" />
</Timelines>
</Segment>
<Segment duration="2219" startOffset="1680923" endOffset="1683142">
<File name="chunk-00172" type="av">
<FileVariant size="65" variant="7426bebc-cf75-4c5c-b07b-c79c99f93ac1" />
</File>
<Timelines>
<Transcode startTime="6123" endTime="6208" complete="1" fileType="av" variant="7426bebc-cf75-4c5c-b07b-c79c99f93ac1" />
</Timelines>
</Segment>
<Segment duration="2218" startOffset="1684710" endOffset="1686928">
<File name="chunk-00173" type="av">
<FileVariant size="53" variant="7426bebc-cf75-4c5c-b07b-c79c99f93ac1" />
</File>
<Timelines>
<Transcode startTime="6208" endTime="6365" complete="1" fileType="av" variant="7426bebc-cf75-4c5c-b07b-c79c99f93ac1" />
</Timelines>
</Segment>
<Segment duration="3567" startOffset="1692587" endOffset="1696155">
<File name="chunk-00174" type="av">
<FileVariant size="78" variant="7426bebc-cf75-4c5c-b07b-c79c99f93ac1" />
</File>
<Timelines>
<Transcode startTime="6365" endTime="6383" complete="1" fileType="av" variant="7426bebc-cf75-4c5c-b07b-c79c99f93ac1" />
</Timelines>
</Segment>
<Segment duration="2958" startOffset="1697723" endOffset="1700681">
<File name="chunk-00175" type="av">
<FileVariant size="45" variant="7426bebc-cf75-4c5c-b07b-c79c99f93ac1" />
</File>
<Timelines>
<Transcode startTime="6383" endTime="6525" complete="1" fileType="av" variant="7426bebc-cf75-4c5c-b07b-c79c99f93ac1" />
</Timelines>
</Segment>
<Segment duration="826" startOffset="1702945" endOffset="1703772">
<File name="chunk-00176" type="av">
<FileVariant size="40" variant="7426bebc-cf75-4c5c-b07b-c79c99f93ac1" />
</File>
<Timelines>
<Transcode startTime="6525" endTime="6575" complete="1" fileType="av" variant="7426bebc-cf75-4c5c-b07b-c79c99f93ac1" />
</Timelines>
</Segment>
<Segment duration="1826" startOffset="1705382" endOffset="1707209">
<File name="chunk-00177" type="av">
<FileVariant size="45" variant="7426bebc-cf75-4c5c-b07b-c79c99f93ac1" />
</File>
<Timelines>
<Transcode startTime="6575" endTime="6594" complete="1" fileType="av" variant="7426bebc-cf75-4c5c-b07b-c79c99f93ac1" />
</Timelines>
</Segment>
<Segment duration="1609" startOffset="1708168" endOffset="1709777">
<File name="chunk-00178" type="av">
<FileVariant size="45" variant="7426bebc-cf75-4c5c-b07b-c79c99f93ac1" />
</File>
<Timelines>
<Transcode startTime="6594" endTime="7048" complete="1" fileType="av" variant="7426bebc-cf75-4c5c-b07b-c79c99f93ac1" />
</Timelines>
</Segment>
<Segment duration="1347" startOffset="1721877" endOffset="1723225">
<File name="chunk-00179" type="av">
<FileVariant size="41" variant="7426bebc-cf75-4c5c-b07b-c79c99f93ac1" />
</File>
<Timelines>
<Transcode startTime="7048" endTime="7199" complete="1" fileType="av" variant="7426bebc-cf75-4c5c-b07b-c79c99f93ac1" />
</Timelines>
</Segment>
<Segment duration="1957" startOffset="1727187" endOffset="1729144">
<File name="chunk-00180" type="av">
<FileVariant size="46" variant="7426bebc-cf75-4c5c-b07b-c79c99f93ac1" />
</File>
<Timelines>
<Transcode startTime="7199" endTime="7289" complete="1" fileType="av" variant="7426bebc-cf75-4c5c-b07b-c79c99f93ac1" />
</Timelines>
</Segment>
<Segment duration="1217" startOffset="1734411" endOffset="1735629">
<File name="chunk-00181" type="av">
<FileVariant size="46" variant="7426bebc-cf75-4c5c-b07b-c79c99f93ac1" />
</File>
<Timelines>
<Transcode startTime="7289" endTime="7555" complete="1" fileType="av" variant="7426bebc-cf75-4c5c-b07b-c79c99f93ac1" />
</Timelines>
</Segment>
<Segment duration="1392" startOffset="1748077" endOffset="1749469">
<File name="chunk-00182" type="av">
<FileVariant size="61" variant="7426bebc-cf75-4c5c-b07b-c79c99f93ac1" />
</File>
<Timelines>
<Transcode startTime="7555" endTime="7591" complete="1" fileType="av" variant="7426bebc-cf75-4c5c-b07b-c79c99f93ac1" />
</Timelines>
</Segment>
<Segment duration="1826" startOffset="1749470" endOffset="1751297">
<File name="chunk-00183" type="av">
<FileVariant size="70" variant="7426bebc-cf75-4c5c-b07b-c79c99f93ac1" />
</File>
<Timelines>
<Transcode startTime="7591" endTime="7595" complete="1" fileType="av" variant="7426bebc-cf75-4c5c-b07b-c79c99f93ac1" />
</Timelines>
</Segment>
<Segment duration="2174" startOffset="1752255" endOffset="1754430">
<File name="chunk-00184" type="av">
<FileVariant size="57" variant="7426bebc-cf75-4c5c-b07b-c79c99f93ac1" />
</File>
<Timelines>
<Transcode startTime="7595" endTime="7665" complete="1" fileType="av" variant="7426bebc-cf75-4c5c-b07b-c79c99f93ac1" />
</Timelines>
</Segment>
<Segment duration="1957" startOffset="1754431" endOffset="1756389">
<File name="chunk-00185" type="av">
<FileVariant size="59" variant="7426bebc-cf75-4c5c-b07b-c79c99f93ac1" />
</File>
<Timelines>
<Transcode startTime="7665" endTime="7696" complete="1" fileType="av" variant="7426bebc-cf75-4c5c-b07b-c79c99f93ac1" />
</Timelines>
</Segment>
<Segment duration="1129" startOffset="1756390" endOffset="1757520">
<File name="chunk-00186" type="av">
<FileVariant size="46" variant="7426bebc-cf75-4c5c-b07b-c79c99f93ac1" />
</File>
<Timelines>
<Transcode startTime="7696" endTime="7699" complete="1" fileType="av" variant="7426bebc-cf75-4c5c-b07b-c79c99f93ac1" />
</Timelines>
</Segment>
<Segment duration="1131" startOffset="1757521" endOffset="1758652">
<File name="chunk-00187" type="av">
<FileVariant size="46" variant="7426bebc-cf75-4c5c-b07b-c79c99f93ac1" />
</File>
<Timelines>
<Transcode startTime="7699" endTime="7738" complete="1" fileType="av" variant="7426bebc-cf75-4c5c-b07b-c79c99f93ac1" />
</Timelines>
</Segment>
<Segment duration="1913" startOffset="1758653" endOffset="1760567">
<File name="chunk-00188" type="av">
<FileVariant size="62" variant="7426bebc-cf75-4c5c-b07b-c79c99f93ac1" />
</File>
<Timelines>
<Transcode startTime="7738" endTime="7792" complete="1" fileType="av" variant="7426bebc-cf75-4c5c-b07b-c79c99f93ac1" />
</Timelines>
</Segment>
<Segment duration="2348" startOffset="1760568" endOffset="1762917">
<File name="chunk-00189" type="av">
<FileVariant size="64" variant="7426bebc-cf75-4c5c-b07b-c79c99f93ac1" />
</File>
<Timelines>
<Transcode startTime="7792" endTime="7846" complete="1" fileType="av" variant="7426bebc-cf75-4c5c-b07b-c79c99f93ac1" />
</Timelines>
</Segment>
<Segment duration="2915" startOffset="1762918" endOffset="1765833">
<File name="chunk-00190" type="av">
<FileVariant size="52" variant="7426bebc-cf75-4c5c-b07b-c79c99f93ac1" />
</File>
<Timelines>
<Transcode startTime="7846" endTime="7906" complete="1" fileType="av" variant="7426bebc-cf75-4c5c-b07b-c79c99f93ac1" />
</Timelines>
</Segment>
<Segment duration="1043" startOffset="1765834" endOffset="1766878">
<File name="chunk-00191" type="av">
<FileVariant size="39" variant="7426bebc-cf75-4c5c-b07b-c79c99f93ac1" />
</File>
<Timelines>
<Transcode startTime="7906" endTime="7942" complete="1" fileType="av" variant="7426bebc-cf75-4c5c-b07b-c79c99f93ac1" />
</Timelines>
</Segment>
<Segment duration="1957" startOffset="1766879" endOffset="1768836">
<File name="chunk-00192" type="av">
<FileVariant size="55" variant="7426bebc-cf75-4c5c-b07b-c79c99f93ac1" />
</File>
<Timelines>
<Transcode startTime="7942" endTime="7986" complete="1" fileType="av" variant="7426bebc-cf75-4c5c-b07b-c79c99f93ac1" />
</Timelines>
</Segment>
<Segment duration="1086" startOffset="1769751" endOffset="1770838">
<File name="chunk-00193" type="av">
<FileVariant size="55" variant="7426bebc-cf75-4c5c-b07b-c79c99f93ac1" />
</File>
<Timelines>
<Transcode startTime="7986" endTime="8016" complete="1" fileType="av" variant="7426bebc-cf75-4c5c-b07b-c79c99f93ac1" />
</Timelines>
</Segment>
<Segment duration="957" startOffset="1770839" endOffset="1771796">
<File name="chunk-00194" type="av">
<FileVariant size="44" variant="7426bebc-cf75-4c5c-b07b-c79c99f93ac1" />
</File>
<Timelines>
<Transcode startTime="8016" endTime="8141" complete="1" fileType="av" variant="7426bebc-cf75-4c5c-b07b-c79c99f93ac1" />
</Timelines>
</Segment>
<Segment duration="1522" startOffset="1780109" endOffset="1781631">
<File name="chunk-00195" type="av">
<FileVariant size="57" variant="7426bebc-cf75-4c5c-b07b-c79c99f93ac1" />
</File>
<Timelines>
<Transcode startTime="8141" endTime="8181" complete="1" fileType="av" variant="7426bebc-cf75-4c5c-b07b-c79c99f93ac1" />
</Timelines>
</Segment>
<Segment duration="1957" startOffset="1781632" endOffset="1783590">
<File name="chunk-00196" type="av">
<FileVariant size="66" variant="7426bebc-cf75-4c5c-b07b-c79c99f93ac1" />
</File>
<Timelines>
<Transcode startTime="8181" endTime="8187" complete="1" fileType="av" variant="7426bebc-cf75-4c5c-b07b-c79c99f93ac1" />
</Timelines>
</Segment>
<Segment duration="2131" startOffset="1783591" endOffset="1785722">
<File name="chunk-00197" type="av">
<FileVariant size="63" variant="7426bebc-cf75-4c5c-b07b-c79c99f93ac1" />
</File>
<Timelines>
<Transcode startTime="8187" endTime="8228" complete="1" fileType="av" variant="7426bebc-cf75-4c5c-b07b-c79c99f93ac1" />
</Timelines>
</Segment>
<Segment duration="2350" startOffset="1785723" endOffset="1788073">
<File name="chunk-00198" type="av">
<FileVariant size="73" variant="7426bebc-cf75-4c5c-b07b-c79c99f93ac1" />
</File>
<Timelines>
<Transcode startTime="8228" endTime="8270" complete="1" fileType="av" variant="7426bebc-cf75-4c5c-b07b-c79c99f93ac1" />
</Timelines>
</Segment>
<Segment duration="2174" startOffset="1788074" endOffset="1790249">
<File name="chunk-00199" type="av">
<FileVariant size="56" variant="7426bebc-cf75-4c5c-b07b-c79c99f93ac1" />
</File>
<Timelines>
<Transcode startTime="8270" endTime="8278" complete="1" fileType="av" variant="7426bebc-cf75-4c5c-b07b-c79c99f93ac1" />
</Timelines>
</Segment>
<Segment duration="2915" startOffset="1790250" endOffset="1793166">
<File name="chunk-00200" type="av">
<FileVariant size="80" variant="7426bebc-cf75-4c5c-b07b-c79c99f93ac1" />
</File>
<Timelines>
<Transcode startTime="8278" endTime="8321" complete="1" fileType="av" variant="7426bebc-cf75-4c5c-b07b-c79c99f93ac1" />
</Timelines>
</Segment>
<Segment duration="2479" startOffset="1795081" endOffset="1797560">
<File name="chunk-00201" type="av">
<FileVariant size="57" variant="7426bebc-cf75-4c5c-b07b-c79c99f93ac1" />
</File>
<Timelines>
<Transcode startTime="8321" endTime="8357" complete="1" fileType="av" variant="7426bebc-cf75-4c5c-b07b-c79c99f93ac1" />
</Timelines>
</Segment>
<Segment duration="1697" startOffset="1797561" endOffset="1799258">
<File name="chunk-00202" type="av">
<FileVariant size="66" variant="7426bebc-cf75-4c5c-b07b-c79c99f93ac1" />
</File>
<Timelines>
<Transcode startTime="8357" endTime="8389" complete="1" fileType="av" variant="7426bebc-cf75-4c5c-b07b-c79c99f93ac1" />
</Timelines>
</Segment>
<Segment duration="2218" startOffset="1799259" endOffset="1801477">
<File name="chunk-00203" type="av">
<FileVariant size="61" variant="7426bebc-cf75-4c5c-b07b-c79c99f93ac1" />
</File>
<Timelines>
<Transcode startTime="8389" endTime="8426" complete="1" fileType="av" variant="7426bebc-cf75-4c5c-b07b-c79c99f93ac1" />
</Timelines>
</Segment>
<Segment duration="2958" startOffset="1801478" endOffset="1804437">
<File name="chunk-00204" type="av">
<FileVariant size="68" variant="7426bebc-cf75-4c5c-b07b-c79c99f93ac1" />
</File>
<Timelines>
<Transcode startTime="8426" endTime="8505" complete="1" fileType="av" variant="7426bebc-cf75-4c5c-b07b-c79c99f93ac1" />
</Timelines>
</Segment>
<Segment duration="2783" startOffset="1805787" endOffset="1808571">
<File name="chunk-00205" type="av">
<FileVariant size="53" variant="7426bebc-cf75-4c5c-b07b-c79c99f93ac1" />
</File>
<Timelines>
<Transcode startTime="8505" endTime="8549" complete="1" fileType="av" variant="7426bebc-cf75-4c5c-b07b-c79c99f93ac1" />
</Timelines>
</Segment>
<Segment duration="2001" startOffset="1808572" endOffset="1810573">
<File name="chunk-00206" type="av">
<FileVariant size="45" variant="7426bebc-cf75-4c5c-b07b-c79c99f93ac1" />
</File>
<Timelines>
<Transcode startTime="8549" endTime="8585" complete="1" fileType="av" variant="7426bebc-cf75-4c5c-b07b-c79c99f93ac1" />
</Timelines>
</Segment>
<Segment duration="2262" startOffset="1810574" endOffset="1812837">
<File name="chunk-00207" type="av">
<FileVariant size="47" variant="7426bebc-cf75-4c5c-b07b-c79c99f93ac1" />
</File>
<Timelines>
<Transcode startTime="8585" endTime="8773" complete="1" fileType="av" variant="7426bebc-cf75-4c5c-b07b-c79c99f93ac1" />
</Timelines>
</Segment>
<Segment duration="1086" startOffset="1816667" endOffset="1817754">
<File name="chunk-00208" type="av">
<FileVariant size="64" variant="7426bebc-cf75-4c5c-b07b-c79c99f93ac1" />
</File>
<Timelines>
<Transcode startTime="8773" endTime="8858" complete="1" fileType="av" variant="7426bebc-cf75-4c5c-b07b-c79c99f93ac1" />
</Timelines>
</Segment>
<Segment duration="2220" startOffset="1819583" endOffset="1821803">
<File name="chunk-00209" type="av">
<FileVariant size="57" variant="7426bebc-cf75-4c5c-b07b-c79c99f93ac1" />
</File>
<Timelines>
<Transcode startTime="8858" endTime="9110" complete="1" fileType="av" variant="7426bebc-cf75-4c5c-b07b-c79c99f93ac1" />
</Timelines>
</Segment>
<Segment duration="1260" startOffset="1828027" endOffset="1829288">
<File name="chunk-00210" type="av">
<FileVariant size="57" variant="7426bebc-cf75-4c5c-b07b-c79c99f93ac1" />
</File>
<Timelines>
<Transcode startTime="9110" endTime="9120" complete="1" fileType="av" variant="7426bebc-cf75-4c5c-b07b-c79c99f93ac1" />
</Timelines>
</Segment>
<Segment duration="2000" startOffset="1829289" endOffset="1831290">
<File name="chunk-00211" type="av">
<FileVariant size="64" variant="7426bebc-cf75-4c5c-b07b-c79c99f93ac1" />
</File>
<Timelines>
<Transcode startTime="9120" endTime="9128" complete="1" fileType="av" variant="7426bebc-cf75-4c5c-b07b-c79c99f93ac1" />
</Timelines>
</Segment>
<Segment duration="3741" startOffset="1831291" endOffset="1835033">
<File name="chunk-00212" type="av">
<FileVariant size="79" variant="7426bebc-cf75-4c5c-b07b-c79c99f93ac1" />
</File>
<Timelines>
<Transcode startTime="9128" endTime="9270" complete="1" fileType="av" variant="7426bebc-cf75-4c5c-b07b-c79c99f93ac1" />
</Timelines>
</Segment>
<Segment duration="2219" startOffset="1839777" endOffset="1841996">
<File name="chunk-00213" type="av">
<FileVariant size="55" variant="7426bebc-cf75-4c5c-b07b-c79c99f93ac1" />
</File>
<Timelines>
<Transcode startTime="9270" endTime="9319" complete="1" fileType="av" variant="7426bebc-cf75-4c5c-b07b-c79c99f93ac1" />
</Timelines>
</Segment>
<Segment duration="3175" startOffset="1841997" endOffset="1845173">
<File name="chunk-00214" type="av">
<FileVariant size="75" variant="7426bebc-cf75-4c5c-b07b-c79c99f93ac1" />
</File>
<Timelines>
<Transcode startTime="9319" endTime="9326" complete="1" fileType="av" variant="7426bebc-cf75-4c5c-b07b-c79c99f93ac1" />
</Timelines>
</Segment>
<Segment duration="3133" startOffset="1845174" endOffset="1848307">
<File name="chunk-00215" type="av">
<FileVariant size="55" variant="7426bebc-cf75-4c5c-b07b-c79c99f93ac1" />
</File>
<Timelines>
<Transcode startTime="9326" endTime="9381" complete="1" fileType="av" variant="7426bebc-cf75-4c5c-b07b-c79c99f93ac1" />
</Timelines>
</Segment>
<Segment duration="1434" startOffset="1848308" endOffset="1849743">
<File name="chunk-00216" type="av">
<FileVariant size="52" variant="7426bebc-cf75-4c5c-b07b-c79c99f93ac1" />
</File>
<Timelines>
<Transcode startTime="9381" endTime="9463" complete="1" fileType="av" variant="7426bebc-cf75-4c5c-b07b-c79c99f93ac1" />
</Timelines>
</Segment>
<Segment duration="1393" startOffset="1851485" endOffset="1852878">
<File name="chunk-00217" type="av">
<FileVariant size="40" variant="7426bebc-cf75-4c5c-b07b-c79c99f93ac1" />
</File>
<Timelines>
<Transcode startTime="9463" endTime="9659" complete="1" fileType="av" variant="7426bebc-cf75-4c5c-b07b-c79c99f93ac1" />
</Timelines>
</Segment>
<Segment duration="2175" startOffset="1859797" endOffset="1861973">
<File name="chunk-00218" type="av">
<FileVariant size="53" variant="7426bebc-cf75-4c5c-b07b-c79c99f93ac1" />
</File>
<Timelines>
<Transcode startTime="9659" endTime="9757" complete="1" fileType="av" variant="7426bebc-cf75-4c5c-b07b-c79c99f93ac1" />
</Timelines>
</Segment>
<Segment duration="1826" startOffset="1861974" endOffset="1863800">
<File name="chunk-00219" type="av">
<FileVariant size="47" variant="7426bebc-cf75-4c5c-b07b-c79c99f93ac1" />
</File>
<Timelines>
<Transcode startTime="9757" endTime="10054" complete="1" fileType="av" variant="7426bebc-cf75-4c5c-b07b-c79c99f93ac1" />
</Timelines>
</Segment>
<Segment duration="1826" startOffset="1866717" endOffset="1868544">
<File name="chunk-00220" type="av">
<FileVariant size="56" variant="7426bebc-cf75-4c5c-b07b-c79c99f93ac1" />
</File>
<Timelines>
<Transcode startTime="10054" endTime="10186" complete="1" fileType="av" variant="7426bebc-cf75-4c5c-b07b-c79c99f93ac1" />
</Timelines>
</Segment>
<Segment duration="957" startOffset="1872375" endOffset="1873332">
<File name="chunk-00221" type="av">
<FileVariant size="41" variant="7426bebc-cf75-4c5c-b07b-c79c99f93ac1" />
</File>
<Timelines>
<Transcode startTime="10186" endTime="10188" complete="1" fileType="av" variant="7426bebc-cf75-4c5c-b07b-c79c99f93ac1" />
</Timelines>
</Segment>
<Segment duration="2480" startOffset="1873333" endOffset="1875813">
<File name="chunk-00222" type="av">
<FileVariant size="65" variant="7426bebc-cf75-4c5c-b07b-c79c99f93ac1" />
</File>
<Timelines>
<Transcode startTime="10188" endTime="10200" complete="1" fileType="av" variant="7426bebc-cf75-4c5c-b07b-c79c99f93ac1" />
</Timelines>
</Segment>
<Segment duration="1653" startOffset="1876336" endOffset="1877989">
<File name="chunk-00223" type="av">
<FileVariant size="47" variant="7426bebc-cf75-4c5c-b07b-c79c99f93ac1" />
</File>
<Timelines>
<Transcode startTime="10200" endTime="10209" complete="1" fileType="av" variant="7426bebc-cf75-4c5c-b07b-c79c99f93ac1" />
</Timelines>
</Segment>
<Segment duration="2653" startOffset="1877990" endOffset="1880643">
<File name="chunk-00224" type="av">
<FileVariant size="58" variant="7426bebc-cf75-4c5c-b07b-c79c99f93ac1" />
</File>
<Timelines>
<Transcode startTime="10209" endTime="10209" complete="1" fileType="av" variant="7426bebc-cf75-4c5c-b07b-c79c99f93ac1" />
</Timelines>
</Segment>
<Segment duration="1784" startOffset="1880644" endOffset="1882428">
<File name="chunk-00225" type="av">
<FileVariant size="50" variant="7426bebc-cf75-4c5c-b07b-c79c99f93ac1" />
</File>
<Timelines>
<Transcode startTime="10209" endTime="10430" complete="1" fileType="av" variant="7426bebc-cf75-4c5c-b07b-c79c99f93ac1" />
</Timelines>
</Segment>
<Segment duration="1696" startOffset="1886650" endOffset="1888347">
<File name="chunk-00226" type="av">
<FileVariant size="48" variant="7426bebc-cf75-4c5c-b07b-c79c99f93ac1" />
</File>
<Timelines>
<Transcode startTime="10430" endTime="10470" complete="1" fileType="av" variant="7426bebc-cf75-4c5c-b07b-c79c99f93ac1" />
</Timelines>
</Segment>
<Segment duration="1479" startOffset="1888348" endOffset="1889827">
<File name="chunk-00227" type="av">
<FileVariant size="40" variant="7426bebc-cf75-4c5c-b07b-c79c99f93ac1" />
</File>
<Timelines>
<Transcode startTime="10470" endTime="10580" complete="1" fileType="av" variant="7426bebc-cf75-4c5c-b07b-c79c99f93ac1" />
</Timelines>
</Segment>
<Segment duration="2088" startOffset="1892004" endOffset="1894092">
<File name="chunk-00228" type="av">
<FileVariant size="40" variant="7426bebc-cf75-4c5c-b07b-c79c99f93ac1" />
</File>
<Timelines>
<Transcode startTime="10580" endTime="10665" complete="1" fileType="av" variant="7426bebc-cf75-4c5c-b07b-c79c99f93ac1" />
</Timelines>
</Segment>
<Segment duration="913" startOffset="1895268" endOffset="1896181">
<File name="chunk-00229" type="av">
<FileVariant size="40" variant="7426bebc-cf75-4c5c-b07b-c79c99f93ac1" />
</File>
<Timelines>
<Transcode startTime="10665" endTime="10669" complete="1" fileType="av" variant="7426bebc-cf75-4c5c-b07b-c79c99f93ac1" />
</Timelines>
</Segment>
<Segment duration="1000" startOffset="1896182" endOffset="1897182">
<File name="chunk-00230" type="av">
<FileVariant size="39" variant="7426bebc-cf75-4c5c-b07b-c79c99f93ac1" />
</File>
<Timelines>
<Transcode startTime="10669" endTime="10714" complete="1" fileType="av" variant="7426bebc-cf75-4c5c-b07b-c79c99f93ac1" />
</Timelines>
</Segment>
<Segment duration="1565" startOffset="1897183" endOffset="1898748">
<File name="chunk-00231" type="av">
<FileVariant size="53" variant="7426bebc-cf75-4c5c-b07b-c79c99f93ac1" />
</File>
<Timelines>
<Transcode startTime="10714" endTime="10789" complete="1" fileType="av" variant="7426bebc-cf75-4c5c-b07b-c79c99f93ac1" />
</Timelines>
</Segment>
<Segment duration="870" startOffset="1899925" endOffset="1900795">
<File name="chunk-00232" type="av">
<FileVariant size="40" variant="7426bebc-cf75-4c5c-b07b-c79c99f93ac1" />
</File>
<Timelines>
<Transcode startTime="10789" endTime="10864" complete="1" fileType="av" variant="7426bebc-cf75-4c5c-b07b-c79c99f93ac1" />
</Timelines>
</Segment>
<Segment duration="2131" startOffset="1905452" endOffset="1907583">
<File name="chunk-00233" type="av">
<FileVariant size="48" variant="7426bebc-cf75-4c5c-b07b-c79c99f93ac1" />
</File>
<Timelines>
<Transcode startTime="10864" endTime="10870" complete="1" fileType="av" variant="7426bebc-cf75-4c5c-b07b-c79c99f93ac1" />
</Timelines>
</Segment>
<Segment duration="4568" startOffset="1907584" endOffset="1912153">
<File name="chunk-00234" type="av">
<FileVariant size="61" variant="7426bebc-cf75-4c5c-b07b-c79c99f93ac1" />
</File>
<Timelines>
<Transcode startTime="10870" endTime="10979" complete="1" fileType="av" variant="7426bebc-cf75-4c5c-b07b-c79c99f93ac1" />
</Timelines>
</Segment>
<Segment duration="2219" startOffset="1916811" endOffset="1919030">
<File name="chunk-00235" type="av">
<FileVariant size="49" variant="7426bebc-cf75-4c5c-b07b-c79c99f93ac1" />
</File>
<Timelines>
<Transcode startTime="10979" endTime="11010" complete="1" fileType="av" variant="7426bebc-cf75-4c5c-b07b-c79c99f93ac1" />
</Timelines>
</Segment>
<Segment duration="3785" startOffset="1919031" endOffset="1922816">
<File name="chunk-00236" type="av">
<FileVariant size="74" variant="7426bebc-cf75-4c5c-b07b-c79c99f93ac1" />
</File>
<Timelines>
<Transcode startTime="11010" endTime="11045" complete="1" fileType="av" variant="7426bebc-cf75-4c5c-b07b-c79c99f93ac1" />
</Timelines>
</Segment>
<Segment duration="1869" startOffset="1922817" endOffset="1924687">
<File name="chunk-00237" type="av">
<FileVariant size="51" variant="7426bebc-cf75-4c5c-b07b-c79c99f93ac1" />
</File>
<Timelines>
<Transcode startTime="11045" endTime="11046" complete="1" fileType="av" variant="7426bebc-cf75-4c5c-b07b-c79c99f93ac1" />
</Timelines>
</Segment>
<Segment duration="2349" startOffset="1924688" endOffset="1927038">
<File name="chunk-00238" type="av">
<FileVariant size="55" variant="7426bebc-cf75-4c5c-b07b-c79c99f93ac1" />
</File>
<Timelines>
<Transcode startTime="11046" endTime="11048" complete="1" fileType="av" variant="7426bebc-cf75-4c5c-b07b-c79c99f93ac1" />
</Timelines>
</Segment>
<Segment duration="2697" startOffset="1927039" endOffset="1929736">
<File name="chunk-00239" type="av">
<FileVariant size="68" variant="7426bebc-cf75-4c5c-b07b-c79c99f93ac1" />
</File>
<Timelines>
<Transcode startTime="11048" endTime="11355" complete="1" fileType="av" variant="7426bebc-cf75-4c5c-b07b-c79c99f93ac1" />
</Timelines>
</Segment>
<Segment duration="2480" startOffset="1948364" endOffset="1950844">
<File name="chunk-00240" type="av">
<FileVariant size="71" variant="7426bebc-cf75-4c5c-b07b-c79c99f93ac1" />
</File>
<Timelines>
<Transcode startTime="11355" endTime="11407" complete="1" fileType="av" variant="7426bebc-cf75-4c5c-b07b-c79c99f93ac1" />
</Timelines>
</Segment>
<Segment duration="3220" startOffset="1950845" endOffset="1954065">
<File name="chunk-00241" type="av">
<FileVariant size="63" variant="7426bebc-cf75-4c5c-b07b-c79c99f93ac1" />
</File>
<Timelines>
<Transcode startTime="11407" endTime="11507" complete="1" fileType="av" variant="7426bebc-cf75-4c5c-b07b-c79c99f93ac1" />
</Timelines>
</Segment>
<Segment duration="3437" startOffset="1955197" endOffset="1958634">
<File name="chunk-00242" type="av">
<FileVariant size="79" variant="7426bebc-cf75-4c5c-b07b-c79c99f93ac1" />
</File>
<Timelines>
<Transcode startTime="11507" endTime="11563" complete="1" fileType="av" variant="7426bebc-cf75-4c5c-b07b-c79c99f93ac1" />
</Timelines>
</Segment>
<Segment duration="3220" startOffset="1960898" endOffset="1964118">
<File name="chunk-00243" type="av">
<FileVariant size="80" variant="7426bebc-cf75-4c5c-b07b-c79c99f93ac1" />
</File>
<Timelines>
<Transcode startTime="11563" endTime="11604" complete="1" fileType="av" variant="7426bebc-cf75-4c5c-b07b-c79c99f93ac1" />
</Timelines>
</Segment>
<Segment duration="2567" startOffset="1964119" endOffset="1966686">
<File name="chunk-00244" type="av">
<FileVariant size="64" variant="7426bebc-cf75-4c5c-b07b-c79c99f93ac1" />
</File>
<Timelines>
<Transcode startTime="11604" endTime="11645" complete="1" fileType="av" variant="7426bebc-cf75-4c5c-b07b-c79c99f93ac1" />
</Timelines>
</Segment>
<Segment duration="2480" startOffset="1966687" endOffset="1969167">
<File name="chunk-00245" type="av">
<FileVariant size="54" variant="7426bebc-cf75-4c5c-b07b-c79c99f93ac1" />
</File>
<Timelines>
<Transcode startTime="11645" endTime="11675" complete="1" fileType="av" variant="7426bebc-cf75-4c5c-b07b-c79c99f93ac1" />
</Timelines>
</Segment>
<Segment duration="3567" startOffset="1969168" endOffset="1972735">
<File name="chunk-00246" type="av">
<FileVariant size="88" variant="7426bebc-cf75-4c5c-b07b-c79c99f93ac1" />
</File>
<Timelines>
<Transcode startTime="11675" endTime="11749" complete="1" fileType="av" variant="7426bebc-cf75-4c5c-b07b-c79c99f93ac1" />
</Timelines>
</Segment>
<Segment duration="1913" startOffset="1972736" endOffset="1974650">
<File name="chunk-00247" type="av">
<FileVariant size="54" variant="7426bebc-cf75-4c5c-b07b-c79c99f93ac1" />
</File>
<Timelines>
<Transcode startTime="11749" endTime="11783" complete="1" fileType="av" variant="7426bebc-cf75-4c5c-b07b-c79c99f93ac1" />
</Timelines>
</Segment>
<Segment duration="2349" startOffset="1974651" endOffset="1977001">
<File name="chunk-00248" type="av">
<FileVariant size="47" variant="7426bebc-cf75-4c5c-b07b-c79c99f93ac1" />
</File>
<Timelines>
<Transcode startTime="11783" endTime="11794" complete="1" fileType="av" variant="7426bebc-cf75-4c5c-b07b-c79c99f93ac1" />
</Timelines>
</Segment>
<Segment duration="2436" startOffset="1977002" endOffset="1979438">
<File name="chunk-00249" type="av">
<FileVariant size="68" variant="7426bebc-cf75-4c5c-b07b-c79c99f93ac1" />
</File>
<Timelines>
<Transcode startTime="11794" endTime="11812" complete="1" fileType="av" variant="7426bebc-cf75-4c5c-b07b-c79c99f93ac1" />
</Timelines>
</Segment>
<Segment duration="1695" startOffset="1979439" endOffset="1981135">
<File name="chunk-00250" type="av">
<FileVariant size="44" variant="7426bebc-cf75-4c5c-b07b-c79c99f93ac1" />
</File>
<Timelines>
<Transcode startTime="11812" endTime="11825" complete="1" fileType="av" variant="7426bebc-cf75-4c5c-b07b-c79c99f93ac1" />
</Timelines>
</Segment>
<Segment duration="2914" startOffset="1981136" endOffset="1984051">
<File name="chunk-00251" type="av">
<FileVariant size="76" variant="7426bebc-cf75-4c5c-b07b-c79c99f93ac1" />
</File>
<Timelines>
<Transcode startTime="11825" endTime="11835" complete="1" fileType="av" variant="7426bebc-cf75-4c5c-b07b-c79c99f93ac1" />
</Timelines>
</Segment>
<Segment duration="3307" startOffset="1984052" endOffset="1987359">
<File name="chunk-00252" type="av">
<FileVariant size="82" variant="7426bebc-cf75-4c5c-b07b-c79c99f93ac1" />
</File>
<Timelines>
<Transcode startTime="11835" endTime="11885" complete="1" fileType="av" variant="7426bebc-cf75-4c5c-b07b-c79c99f93ac1" />
</Timelines>
</Segment>
<Segment duration="2045" startOffset="1987360" endOffset="1989405">
<File name="chunk-00253" type="av">
<FileVariant size="62" variant="7426bebc-cf75-4c5c-b07b-c79c99f93ac1" />
</File>
<Timelines>
<Transcode startTime="11885" endTime="11982" complete="1" fileType="av" variant="7426bebc-cf75-4c5c-b07b-c79c99f93ac1" />
</Timelines>
</Segment>
<Segment duration="3307" startOffset="1993583" endOffset="1996890">
<File name="chunk-00254" type="av">
<FileVariant size="74" variant="7426bebc-cf75-4c5c-b07b-c79c99f93ac1" />
</File>
<Timelines>
<Transcode startTime="11982" endTime="12015" complete="1" fileType="av" variant="7426bebc-cf75-4c5c-b07b-c79c99f93ac1" />
</Timelines>
</Segment>
<Segment duration="2914" startOffset="1996891" endOffset="1999806">
<File name="chunk-00255" type="av">
<FileVariant size="75" variant="7426bebc-cf75-4c5c-b07b-c79c99f93ac1" />
</File>
<Timelines>
<Transcode startTime="12015" endTime="12049" complete="1" fileType="av" variant="7426bebc-cf75-4c5c-b07b-c79c99f93ac1" />
</Timelines>
</Segment>
<Segment duration="1434" startOffset="1999807" endOffset="2001242">
<File name="chunk-00256" type="av">
<FileVariant size="53" variant="7426bebc-cf75-4c5c-b07b-c79c99f93ac1" />
</File>
<Timelines>
<Transcode startTime="12049" endTime="12056" complete="1" fileType="av" variant="7426bebc-cf75-4c5c-b07b-c79c99f93ac1" />
</Timelines>
</Segment>
<Segment duration="2437" startOffset="2001243" endOffset="2003680">
<File name="chunk-00257" type="av">
<FileVariant size="59" variant="7426bebc-cf75-4c5c-b07b-c79c99f93ac1" />
</File>
<Timelines>
<Transcode startTime="12056" endTime="12148" complete="1" fileType="av" variant="7426bebc-cf75-4c5c-b07b-c79c99f93ac1" />
</Timelines>
</Segment>
<Segment duration="1696" startOffset="2007206" endOffset="2008902">
<File name="chunk-00258" type="av">
<FileVariant size="42" variant="7426bebc-cf75-4c5c-b07b-c79c99f93ac1" />
</File>
<Timelines>
<Transcode startTime="12148" endTime="12210" complete="1" fileType="av" variant="7426bebc-cf75-4c5c-b07b-c79c99f93ac1" />
</Timelines>
</Segment>
<Segment duration="2393" startOffset="2010426" endOffset="2012819">
<File name="chunk-00259" type="av">
<FileVariant size="64" variant="7426bebc-cf75-4c5c-b07b-c79c99f93ac1" />
</File>
<Timelines>
<Transcode startTime="12210" endTime="12290" complete="1" fileType="av" variant="7426bebc-cf75-4c5c-b07b-c79c99f93ac1" />
</Timelines>
</Segment>
<Segment duration="2000" startOffset="2012820" endOffset="2014821">
<File name="chunk-00260" type="av">
<FileVariant size="63" variant="7426bebc-cf75-4c5c-b07b-c79c99f93ac1" />
</File>
<Timelines>
<Transcode startTime="12290" endTime="12295" complete="1" fileType="av" variant="7426bebc-cf75-4c5c-b07b-c79c99f93ac1" />
</Timelines>
</Segment>
<Segment duration="1914" startOffset="2014822" endOffset="2016736">
<File name="chunk-00261" type="av">
<FileVariant size="67" variant="7426bebc-cf75-4c5c-b07b-c79c99f93ac1" />
</File>
<Timelines>
<Transcode startTime="12295" endTime="12307" complete="1" fileType="av" variant="7426bebc-cf75-4c5c-b07b-c79c99f93ac1" />
</Timelines>
</Segment>
<Segment duration="3436" startOffset="2016737" endOffset="2020174">
<File name="chunk-00262" type="av">
<FileVariant size="79" variant="7426bebc-cf75-4c5c-b07b-c79c99f93ac1" />
</File>
<Timelines>
<Transcode startTime="12307" endTime="12364" complete="1" fileType="av" variant="7426bebc-cf75-4c5c-b07b-c79c99f93ac1" />
</Timelines>
</Segment>
<Segment duration="1913" startOffset="2020175" endOffset="2022089">
<File name="chunk-00263" type="av">
<FileVariant size="62" variant="7426bebc-cf75-4c5c-b07b-c79c99f93ac1" />
</File>
<Timelines>
<Transcode startTime="12364" endTime="12437" complete="1" fileType="av" variant="7426bebc-cf75-4c5c-b07b-c79c99f93ac1" />
</Timelines>
</Segment>
<Segment duration="2523" startOffset="2022090" endOffset="2024613">
<File name="chunk-00264" type="av">
<FileVariant size="60" variant="7426bebc-cf75-4c5c-b07b-c79c99f93ac1" />
</File>
<Timelines>
<Transcode startTime="12437" endTime="12525" complete="1" fileType="av" variant="7426bebc-cf75-4c5c-b07b-c79c99f93ac1" />
</Timelines>
</Segment>
<Segment duration="4002" startOffset="2024614" endOffset="2028617">
<File name="chunk-00265" type="av">
<FileVariant size="79" variant="7426bebc-cf75-4c5c-b07b-c79c99f93ac1" />
</File>
<Timelines>
<Transcode startTime="12525" endTime="12612" complete="1" fileType="av" variant="7426bebc-cf75-4c5c-b07b-c79c99f93ac1" />
</Timelines>
</Segment>
<Segment duration="956" startOffset="2030142" endOffset="2031099">
<File name="chunk-00266" type="av">
<FileVariant size="44" variant="7426bebc-cf75-4c5c-b07b-c79c99f93ac1" />
</File>
<Timelines>
<Transcode startTime="12612" endTime="12643" complete="1" fileType="av" variant="7426bebc-cf75-4c5c-b07b-c79c99f93ac1" />
</Timelines>
</Segment>
<Segment duration="2829" startOffset="2032013" endOffset="2034842">
<File name="chunk-00267" type="av">
<FileVariant size="41" variant="7426bebc-cf75-4c5c-b07b-c79c99f93ac1" />
</File>
<Timelines>
<Transcode startTime="12643" endTime="12680" complete="1" fileType="av" variant="7426bebc-cf75-4c5c-b07b-c79c99f93ac1" />
</Timelines>
</Segment>
<Segment duration="2130" startOffset="2035582" endOffset="2037713">
<File name="chunk-00268" type="av">
<FileVariant size="48" variant="7426bebc-cf75-4c5c-b07b-c79c99f93ac1" />
</File>
<Timelines>
<Transcode startTime="12680" endTime="12686" complete="1" fileType="av" variant="7426bebc-cf75-4c5c-b07b-c79c99f93ac1" />
</Timelines>
</Segment>
<Segment duration="3654" startOffset="2037714" endOffset="2041369">
<File name="chunk-00269" type="av">
<FileVariant size="69" variant="7426bebc-cf75-4c5c-b07b-c79c99f93ac1" />
</File>
<Timelines>
<Transcode startTime="12686" endTime="12768" complete="1" fileType="av" variant="7426bebc-cf75-4c5c-b07b-c79c99f93ac1" />
</Timelines>
</Segment>
<Segment duration="4003" startOffset="2041370" endOffset="2045373">
<File name="chunk-00270" type="av">
<FileVariant size="90" variant="7426bebc-cf75-4c5c-b07b-c79c99f93ac1" />
</File>
<Timelines>
<Transcode startTime="12768" endTime="12834" complete="1" fileType="av" variant="7426bebc-cf75-4c5c-b07b-c79c99f93ac1" />
</Timelines>
</Segment>
<Segment duration="4046" startOffset="2045374" endOffset="2049420">
<File name="chunk-00271" type="av">
<FileVariant size="45" variant="7426bebc-cf75-4c5c-b07b-c79c99f93ac1" />
</File>
<Timelines>
<Transcode startTime="12834" endTime="13085" complete="1" fileType="av" variant="7426bebc-cf75-4c5c-b07b-c79c99f93ac1" />
</Timelines>
</Segment>
<Segment duration="1434" startOffset="2063304" endOffset="2064739">
<File name="chunk-00272" type="av">
<FileVariant size="41" variant="7426bebc-cf75-4c5c-b07b-c79c99f93ac1" />
</File>
<Timelines>
<Transcode startTime="13085" endTime="13087" complete="1" fileType="av" variant="7426bebc-cf75-4c5c-b07b-c79c99f93ac1" />
</Timelines>
</Segment>
<Segment duration="1958" startOffset="2064741" endOffset="2066699">
<File name="chunk-00273" type="av">
<FileVariant size="61" variant="7426bebc-cf75-4c5c-b07b-c79c99f93ac1" />
</File>
<Timelines>
<Transcode startTime="13087" endTime="13093" complete="1" fileType="av" variant="7426bebc-cf75-4c5c-b07b-c79c99f93ac1" />
</Timelines>
</Segment>
<Segment duration="1347" startOffset="2066699" endOffset="2068047">
<File name="chunk-00274" type="av">
<FileVariant size="64" variant="7426bebc-cf75-4c5c-b07b-c79c99f93ac1" />
</File>
<Timelines>
<Transcode startTime="13093" endTime="13096" complete="1" fileType="av" variant="7426bebc-cf75-4c5c-b07b-c79c99f93ac1" />
</Timelines>
</Segment>
<Segment duration="2088" startOffset="2068049" endOffset="2070137">
<File name="chunk-00275" type="av">
<FileVariant size="71" variant="7426bebc-cf75-4c5c-b07b-c79c99f93ac1" />
</File>
<Timelines>
<Transcode startTime="13096" endTime="13167" complete="1" fileType="av" variant="7426bebc-cf75-4c5c-b07b-c79c99f93ac1" />
</Timelines>
</Segment>
<Segment duration="3219" startOffset="2073359" endOffset="2076578">
<File name="chunk-00276" type="av">
<FileVariant size="79" variant="7426bebc-cf75-4c5c-b07b-c79c99f93ac1" />
</File>
<Timelines>
<Transcode startTime="13167" endTime="13306" complete="1" fileType="av" variant="7426bebc-cf75-4c5c-b07b-c79c99f93ac1" />
</Timelines>
</Segment>
<Segment duration="3525" startOffset="2080931" endOffset="2084456">
<File name="chunk-00277" type="av">
<FileVariant size="76" variant="7426bebc-cf75-4c5c-b07b-c79c99f93ac1" />
</File>
<Timelines>
<Transcode startTime="13306" endTime="13342" complete="1" fileType="av" variant="7426bebc-cf75-4c5c-b07b-c79c99f93ac1" />
</Timelines>
</Segment>
<Segment duration="1521" startOffset="2084456" endOffset="2085978">
<File name="chunk-00278" type="av">
<FileVariant size="52" variant="7426bebc-cf75-4c5c-b07b-c79c99f93ac1" />
</File>
<Timelines>
<Transcode startTime="13342" endTime="13523" complete="1" fileType="av" variant="7426bebc-cf75-4c5c-b07b-c79c99f93ac1" />
</Timelines>
</Segment>
<Segment duration="1173" startOffset="2097774" endOffset="2098948">
<File name="chunk-00279" type="av">
<FileVariant size="46" variant="7426bebc-cf75-4c5c-b07b-c79c99f93ac1" />
</File>
<Timelines>
<Transcode startTime="13523" endTime="13575" complete="1" fileType="av" variant="7426bebc-cf75-4c5c-b07b-c79c99f93ac1" />
</Timelines>
</Segment>
<Segment duration="2175" startOffset="2103519" endOffset="2105694">
<File name="chunk-00280" type="av">
<FileVariant size="41" variant="7426bebc-cf75-4c5c-b07b-c79c99f93ac1" />
</File>
<Timelines>
<Transcode startTime="13575" endTime="13621" complete="1" fileType="av" variant="7426bebc-cf75-4c5c-b07b-c79c99f93ac1" />
</Timelines>
</Segment>
<Segment duration="5569" startOffset="2105695" endOffset="2111265">
<File name="chunk-00281" type="av">
<FileVariant size="92" variant="7426bebc-cf75-4c5c-b07b-c79c99f93ac1" />
</File>
<Timelines>
<Transcode startTime="13621" endTime="13658" complete="1" fileType="av" variant="7426bebc-cf75-4c5c-b07b-c79c99f93ac1" />
</Timelines>
</Segment>
<Segment duration="2958" startOffset="2111266" endOffset="2114225">
<File name="chunk-00282" type="av">
<FileVariant size="61" variant="7426bebc-cf75-4c5c-b07b-c79c99f93ac1" />
</File>
<Timelines>
<Transcode startTime="13658" endTime="13711" complete="1" fileType="av" variant="7426bebc-cf75-4c5c-b07b-c79c99f93ac1" />
</Timelines>
</Segment>
<Segment duration="1391" startOffset="2118360" endOffset="2119752">
<File name="chunk-00283" type="av">
<FileVariant size="53" variant="7426bebc-cf75-4c5c-b07b-c79c99f93ac1" />
</File>
<Timelines>
<Transcode startTime="13711" endTime="13711" complete="1" fileType="av" variant="7426bebc-cf75-4c5c-b07b-c79c99f93ac1" />
</Timelines>
</Segment>
<Segment duration="1869" startOffset="2119753" endOffset="2121623">
<File name="chunk-00284" type="av">
<FileVariant size="56" variant="7426bebc-cf75-4c5c-b07b-c79c99f93ac1" />
</File>
<Timelines>
<Transcode startTime="13711" endTime="13740" complete="1" fileType="av" variant="7426bebc-cf75-4c5c-b07b-c79c99f93ac1" />
</Timelines>
</Segment>
<Segment duration="1260" startOffset="2122582" endOffset="2123843">
<File name="chunk-00285" type="av">
<FileVariant size="48" variant="7426bebc-cf75-4c5c-b07b-c79c99f93ac1" />
</File>
<Timelines>
<Transcode startTime="13740" endTime="13740" complete="1" fileType="av" variant="7426bebc-cf75-4c5c-b07b-c79c99f93ac1" />
</Timelines>
</Segment>
<Segment duration="2306" startOffset="2123844" endOffset="2126150">
<File name="chunk-00286" type="av">
<FileVariant size="49" variant="7426bebc-cf75-4c5c-b07b-c79c99f93ac1" />
</File>
<Timelines>
<Transcode startTime="13740" endTime="13747" complete="1" fileType="av" variant="7426bebc-cf75-4c5c-b07b-c79c99f93ac1" />
</Timelines>
</Segment>
<Segment duration="1696" startOffset="2126151" endOffset="2127847">
<File name="chunk-00287" type="av">
<FileVariant size="54" variant="7426bebc-cf75-4c5c-b07b-c79c99f93ac1" />
</File>
<Timelines>
<Transcode startTime="13747" endTime="13863" complete="1" fileType="av" variant="7426bebc-cf75-4c5c-b07b-c79c99f93ac1" />
</Timelines>
</Segment>
<Segment duration="2567" startOffset="2132461" endOffset="2135028">
<File name="chunk-00288" type="av">
<FileVariant size="65" variant="7426bebc-cf75-4c5c-b07b-c79c99f93ac1" />
</File>
<Timelines>
<Transcode startTime="13863" endTime="13865" complete="1" fileType="av" variant="7426bebc-cf75-4c5c-b07b-c79c99f93ac1" />
</Timelines>
</Segment>
<Segment duration="3916" startOffset="2135029" endOffset="2138945">
<File name="chunk-00289" type="av">
<FileVariant size="76" variant="7426bebc-cf75-4c5c-b07b-c79c99f93ac1" />
</File>
<Timelines>
<Transcode startTime="13865" endTime="13965" complete="1" fileType="av" variant="7426bebc-cf75-4c5c-b07b-c79c99f93ac1" />
</Timelines>
</Segment>
<Segment duration="2175" startOffset="2138946" endOffset="2141121">
<File name="chunk-00290" type="av">
<FileVariant size="70" variant="7426bebc-cf75-4c5c-b07b-c79c99f93ac1" />
</File>
<Timelines>
<Transcode startTime="13965" endTime="13970" complete="1" fileType="av" variant="7426bebc-cf75-4c5c-b07b-c79c99f93ac1" />
</Timelines>
</Segment>
<Segment duration="2219" startOffset="2141122" endOffset="2143341">
<File name="chunk-00291" type="av">
<FileVariant size="62" variant="7426bebc-cf75-4c5c-b07b-c79c99f93ac1" />
</File>
<Timelines>
<Transcode startTime="13970" endTime="13977" complete="1" fileType="av" variant="7426bebc-cf75-4c5c-b07b-c79c99f93ac1" />
</Timelines>
</Segment>
<Segment duration="1521" startOffset="2143342" endOffset="2144864">
<File name="chunk-00292" type="av">
<FileVariant size="50" variant="7426bebc-cf75-4c5c-b07b-c79c99f93ac1" />
</File>
<Timelines>
<Transcode startTime="13977" endTime="13987" complete="1" fileType="av" variant="7426bebc-cf75-4c5c-b07b-c79c99f93ac1" />
</Timelines>
</Segment>
<Segment duration="3263" startOffset="2144865" endOffset="2148128">
<File name="chunk-00293" type="av">
<FileVariant size="85" variant="7426bebc-cf75-4c5c-b07b-c79c99f93ac1" />
</File>
<Timelines>
<Transcode startTime="13987" endTime="13995" complete="1" fileType="av" variant="7426bebc-cf75-4c5c-b07b-c79c99f93ac1" />
</Timelines>
</Segment>
<Segment duration="1914" startOffset="2148129" endOffset="2150043">
<File name="chunk-00294" type="av">
<FileVariant size="69" variant="7426bebc-cf75-4c5c-b07b-c79c99f93ac1" />
</File>
<Timelines>
<Transcode startTime="13995" endTime="14004" complete="1" fileType="av" variant="7426bebc-cf75-4c5c-b07b-c79c99f93ac1" />
</Timelines>
</Segment>
<Segment duration="1521" startOffset="2150044" endOffset="2151566">
<File name="chunk-00295" type="av">
<FileVariant size="61" variant="7426bebc-cf75-4c5c-b07b-c79c99f93ac1" />
</File>
<Timelines>
<Transcode startTime="14004" endTime="14006" complete="1" fileType="av" variant="7426bebc-cf75-4c5c-b07b-c79c99f93ac1" />
</Timelines>
</Segment>
<Segment duration="1260" startOffset="2151567" endOffset="2152828">
<File name="chunk-00296" type="av">
<FileVariant size="52" variant="7426bebc-cf75-4c5c-b07b-c79c99f93ac1" />
</File>
<Timelines>
<Transcode startTime="14006" endTime="14008" complete="1" fileType="av" variant="7426bebc-cf75-4c5c-b07b-c79c99f93ac1" />
</Timelines>
</Segment>
<Segment duration="2349" startOffset="2152829" endOffset="2155179">
<File name="chunk-00297" type="av">
<FileVariant size="81" variant="7426bebc-cf75-4c5c-b07b-c79c99f93ac1" />
</File>
<Timelines>
<Transcode startTime="14008" endTime="14011" complete="1" fileType="av" variant="7426bebc-cf75-4c5c-b07b-c79c99f93ac1" />
</Timelines>
</Segment>
<Segment duration="2914" startOffset="2155180" endOffset="2158094">
<File name="chunk-00298" type="av">
<FileVariant size="70" variant="7426bebc-cf75-4c5c-b07b-c79c99f93ac1" />
</File>
<Timelines>
<Transcode startTime="14011" endTime="14018" complete="1" fileType="av" variant="7426bebc-cf75-4c5c-b07b-c79c99f93ac1" />
</Timelines>
</Segment>
<Segment duration="3046" startOffset="2158095" endOffset="2161141">
<File name="chunk-00299" type="av">
<FileVariant size="64" variant="7426bebc-cf75-4c5c-b07b-c79c99f93ac1" />
</File>
<Timelines>
<Transcode startTime="14018" endTime="14023" complete="1" fileType="av" variant="7426bebc-cf75-4c5c-b07b-c79c99f93ac1" />
</Timelines>
</Segment>
<Segment duration="1086" startOffset="2161142" endOffset="2162229">
<File name="chunk-00300" type="av">
<FileVariant size="51" variant="7426bebc-cf75-4c5c-b07b-c79c99f93ac1" />
</File>
<Timelines>
<Transcode startTime="14023" endTime="14056" complete="1" fileType="av" variant="7426bebc-cf75-4c5c-b07b-c79c99f93ac1" />
</Timelines>
</Segment>
<Segment duration="2958" startOffset="2162230" endOffset="2165189">
<File name="chunk-00301" type="av">
<FileVariant size="54" variant="7426bebc-cf75-4c5c-b07b-c79c99f93ac1" />
</File>
<Timelines>
<Transcode startTime="14056" endTime="14090" complete="1" fileType="av" variant="7426bebc-cf75-4c5c-b07b-c79c99f93ac1" />
</Timelines>
</Segment>
<Segment duration="3523" startOffset="2165190" endOffset="2168714">
<File name="chunk-00302" type="av">
<FileVariant size="82" variant="7426bebc-cf75-4c5c-b07b-c79c99f93ac1" />
</File>
<Timelines>
<Transcode startTime="14090" endTime="14263" complete="1" fileType="av" variant="7426bebc-cf75-4c5c-b07b-c79c99f93ac1" />
</Timelines>
</Segment>
<Segment duration="2130" startOffset="2168715" endOffset="2170846">
<File name="chunk-00303" type="av">
<FileVariant size="60" variant="7426bebc-cf75-4c5c-b07b-c79c99f93ac1" />
</File>
<Timelines>
<Transcode startTime="14263" endTime="14300" complete="1" fileType="av" variant="7426bebc-cf75-4c5c-b07b-c79c99f93ac1" />
</Timelines>
</Segment>
<Segment duration="2653" startOffset="2170847" endOffset="2173501">
<File name="chunk-00304" type="av">
<FileVariant size="57" variant="7426bebc-cf75-4c5c-b07b-c79c99f93ac1" />
</File>
<Timelines>
<Transcode startTime="14300" endTime="14302" complete="1" fileType="av" variant="7426bebc-cf75-4c5c-b07b-c79c99f93ac1" />
</Timelines>
</Segment>
<Segment duration="3610" startOffset="2173502" endOffset="2177113">
<File name="chunk-00305" type="av">
<FileVariant size="77" variant="7426bebc-cf75-4c5c-b07b-c79c99f93ac1" />
</File>
<Timelines>
<Transcode startTime="14302" endTime="14342" complete="1" fileType="av" variant="7426bebc-cf75-4c5c-b07b-c79c99f93ac1" />
</Timelines>
</Segment>
<Segment duration="2480" startOffset="2177114" endOffset="2179595">
<File name="chunk-00306" type="av">
<FileVariant size="48" variant="7426bebc-cf75-4c5c-b07b-c79c99f93ac1" />
</File>
<Timelines>
<Transcode startTime="14342" endTime="14389" complete="1" fileType="av" variant="7426bebc-cf75-4c5c-b07b-c79c99f93ac1" />
</Timelines>
</Segment>
<Segment duration="3393" startOffset="2181858" endOffset="2185252">
<File name="chunk-00307" type="av">
<FileVariant size="72" variant="7426bebc-cf75-4c5c-b07b-c79c99f93ac1" />
</File>
<Timelines>
<Transcode startTime="14389" endTime="14426" complete="1" fileType="av" variant="7426bebc-cf75-4c5c-b07b-c79c99f93ac1" />
</Timelines>
</Segment>
<Segment duration="4525" startOffset="2185253" endOffset="2189779">
<File name="chunk-00308" type="av">
<FileVariant size="64" variant="7426bebc-cf75-4c5c-b07b-c79c99f93ac1" />
</File>
<Timelines>
<Transcode startTime="14426" endTime="14470" complete="1" fileType="av" variant="7426bebc-cf75-4c5c-b07b-c79c99f93ac1" />
</Timelines>
</Segment>
<Segment duration="1347" startOffset="2191738" endOffset="2193086">
<File name="chunk-00309" type="av">
<FileVariant size="58" variant="7426bebc-cf75-4c5c-b07b-c79c99f93ac1" />
</File>
<Timelines>
<Transcode startTime="14470" endTime="14472" complete="1" fileType="av" variant="7426bebc-cf75-4c5c-b07b-c79c99f93ac1" />
</Timelines>
</Segment>
<Segment duration="2306" startOffset="2193087" endOffset="2195393">
<File name="chunk-00310" type="av">
<FileVariant size="62" variant="7426bebc-cf75-4c5c-b07b-c79c99f93ac1" />
</File>
<Timelines>
<Transcode startTime="14472" endTime="14475" complete="1" fileType="av" variant="7426bebc-cf75-4c5c-b07b-c79c99f93ac1" />
</Timelines>
</Segment>
<Segment duration="2262" startOffset="2195394" endOffset="2197656">
<File name="chunk-00311" type="av">
<FileVariant size="76" variant="7426bebc-cf75-4c5c-b07b-c79c99f93ac1" />
</File>
<Timelines>
<Transcode startTime="14475" endTime="14507" complete="1" fileType="av" variant="7426bebc-cf75-4c5c-b07b-c79c99f93ac1" />
</Timelines>
</Segment>
<Segment duration="1434" startOffset="2197657" endOffset="2199092">
<File name="chunk-00312" type="av">
<FileVariant size="43" variant="7426bebc-cf75-4c5c-b07b-c79c99f93ac1" />
</File>
<Timelines>
<Transcode startTime="14507" endTime="14516" complete="1" fileType="av" variant="7426bebc-cf75-4c5c-b07b-c79c99f93ac1" />
</Timelines>
</Segment>
<Segment duration="1305" startOffset="2199093" endOffset="2200398">
<File name="chunk-00313" type="av">
<FileVariant size="65" variant="7426bebc-cf75-4c5c-b07b-c79c99f93ac1" />
</File>
<Timelines>
<Transcode startTime="14516" endTime="14517" complete="1" fileType="av" variant="7426bebc-cf75-4c5c-b07b-c79c99f93ac1" />
</Timelines>
</Segment>
<Segment duration="2131" startOffset="2200399" endOffset="2202530">
<File name="chunk-00314" type="av">
<FileVariant size="66" variant="7426bebc-cf75-4c5c-b07b-c79c99f93ac1" />
</File>
<Timelines>
<Transcode startTime="14517" endTime="14552" complete="1" fileType="av" variant="7426bebc-cf75-4c5c-b07b-c79c99f93ac1" />
</Timelines>
</Segment>
<Segment duration="2436" startOffset="2202531" endOffset="2204967">
<File name="chunk-00315" type="av">
<FileVariant size="73" variant="7426bebc-cf75-4c5c-b07b-c79c99f93ac1" />
</File>
<Timelines>
<Transcode startTime="14552" endTime="14640" complete="1" fileType="av" variant="7426bebc-cf75-4c5c-b07b-c79c99f93ac1" />
</Timelines>
</Segment>
<Segment duration="2567" startOffset="2204968" endOffset="2207535">
<File name="chunk-00316" type="av">
<FileVariant size="72" variant="7426bebc-cf75-4c5c-b07b-c79c99f93ac1" />
</File>
<Timelines>
<Transcode startTime="14640" endTime="14640" complete="1" fileType="av" variant="7426bebc-cf75-4c5c-b07b-c79c99f93ac1" />
</Timelines>
</Segment>
<Segment duration="913" startOffset="2207536" endOffset="2208449">
<File name="chunk-00317" type="av">
<FileVariant size="40" variant="7426bebc-cf75-4c5c-b07b-c79c99f93ac1" />
</File>
<Timelines>
<Transcode startTime="14640" endTime="14644" complete="1" fileType="av" variant="7426bebc-cf75-4c5c-b07b-c79c99f93ac1" />
</Timelines>
</Segment>
<Segment duration="3611" startOffset="2208450" endOffset="2212061">
<File name="chunk-00318" type="av">
<FileVariant size="66" variant="7426bebc-cf75-4c5c-b07b-c79c99f93ac1" />
</File>
<Timelines>
<Transcode startTime="14644" endTime="14645" complete="1" fileType="av" variant="7426bebc-cf75-4c5c-b07b-c79c99f93ac1" />
</Timelines>
</Segment>
<Segment duration="3960" startOffset="2212062" endOffset="2216022">
<File name="chunk-00319" type="av">
<FileVariant size="77" variant="7426bebc-cf75-4c5c-b07b-c79c99f93ac1" />
</File>
<Timelines>
<Transcode startTime="14645" endTime="14697" complete="1" fileType="av" variant="7426bebc-cf75-4c5c-b07b-c79c99f93ac1" />
</Timelines>
</Segment>
<Segment duration="4612" startOffset="2216023" endOffset="2220635">
<File name="chunk-00320" type="av">
<FileVariant size="86" variant="7426bebc-cf75-4c5c-b07b-c79c99f93ac1" />
</File>
<Timelines>
<Transcode startTime="14697" endTime="14737" complete="1" fileType="av" variant="7426bebc-cf75-4c5c-b07b-c79c99f93ac1" />
</Timelines>
</Segment>
<Segment duration="2132" startOffset="2220636" endOffset="2222768">
<File name="chunk-00321" type="av">
<FileVariant size="61" variant="7426bebc-cf75-4c5c-b07b-c79c99f93ac1" />
</File>
<Timelines>
<Transcode startTime="14737" endTime="14742" complete="1" fileType="av" variant="7426bebc-cf75-4c5c-b07b-c79c99f93ac1" />
</Timelines>
</Segment>
<Segment duration="1261" startOffset="2222769" endOffset="2224030">
<File name="chunk-00322" type="av">
<FileVariant size="52" variant="7426bebc-cf75-4c5c-b07b-c79c99f93ac1" />
</File>
<Timelines>
<Transcode startTime="14742" endTime="14745" complete="1" fileType="av" variant="7426bebc-cf75-4c5c-b07b-c79c99f93ac1" />
</Timelines>
</Segment>
<Segment duration="2610" startOffset="2224031" endOffset="2226641">
<File name="chunk-00323" type="av">
<FileVariant size="77" variant="7426bebc-cf75-4c5c-b07b-c79c99f93ac1" />
</File>
<Timelines>
<Transcode startTime="14745" endTime="14829" complete="1" fileType="av" variant="7426bebc-cf75-4c5c-b07b-c79c99f93ac1" />
</Timelines>
</Segment>
<Segment duration="2349" startOffset="2226642" endOffset="2228991">
<File name="chunk-00324" type="av">
<FileVariant size="81" variant="7426bebc-cf75-4c5c-b07b-c79c99f93ac1" />
</File>
<Timelines>
<Transcode startTime="14829" endTime="14833" complete="1" fileType="av" variant="7426bebc-cf75-4c5c-b07b-c79c99f93ac1" />
</Timelines>
</Segment>
<Segment duration="1826" startOffset="2228992" endOffset="2230819">
<File name="chunk-00325" type="av">
<FileVariant size="52" variant="7426bebc-cf75-4c5c-b07b-c79c99f93ac1" />
</File>
<Timelines>
<Transcode startTime="14833" endTime="14876" complete="1" fileType="av" variant="7426bebc-cf75-4c5c-b07b-c79c99f93ac1" />
</Timelines>
</Segment>
<Segment duration="1391" startOffset="2231952" endOffset="2233344">
<File name="chunk-00326" type="av">
<FileVariant size="41" variant="7426bebc-cf75-4c5c-b07b-c79c99f93ac1" />
</File>
<Timelines>
<Transcode startTime="14876" endTime="14922" complete="1" fileType="av" variant="7426bebc-cf75-4c5c-b07b-c79c99f93ac1" />
</Timelines>
</Segment>
<Segment duration="2871" startOffset="2234781" endOffset="2237652">
<File name="chunk-00327" type="av">
<FileVariant size="80" variant="7426bebc-cf75-4c5c-b07b-c79c99f93ac1" />
</File>
<Timelines>
<Transcode startTime="14922" endTime="14976" complete="1" fileType="av" variant="7426bebc-cf75-4c5c-b07b-c79c99f93ac1" />
</Timelines>
</Segment>
<Segment duration="1392" startOffset="2237653" endOffset="2239045">
<File name="chunk-00328" type="av">
<FileVariant size="41" variant="7426bebc-cf75-4c5c-b07b-c79c99f93ac1" />
</File>
<Timelines>
<Transcode startTime="14976" endTime="14976" complete="1" fileType="av" variant="7426bebc-cf75-4c5c-b07b-c79c99f93ac1" />
</Timelines>
</Segment>
<Segment duration="2436" startOffset="2239046" endOffset="2241482">
<File name="chunk-00329" type="av">
<FileVariant size="65" variant="7426bebc-cf75-4c5c-b07b-c79c99f93ac1" />
</File>
<Timelines>
<Transcode startTime="14976" endTime="15026" complete="1" fileType="av" variant="7426bebc-cf75-4c5c-b07b-c79c99f93ac1" />
</Timelines>
</Segment>
<Segment duration="2567" startOffset="2241483" endOffset="2244050">
<File name="chunk-00330" type="av">
<FileVariant size="63" variant="7426bebc-cf75-4c5c-b07b-c79c99f93ac1" />
</File>
<Timelines>
<Transcode startTime="15026" endTime="15033" complete="1" fileType="av" variant="7426bebc-cf75-4c5c-b07b-c79c99f93ac1" />
</Timelines>
</Segment>
<Segment duration="1173" startOffset="2244051" endOffset="2245225">
<File name="chunk-00331" type="av">
<FileVariant size="62" variant="7426bebc-cf75-4c5c-b07b-c79c99f93ac1" />
</File>
<Timelines>
<Transcode startTime="15033" endTime="15033" complete="1" fileType="av" variant="7426bebc-cf75-4c5c-b07b-c79c99f93ac1" />
</Timelines>
</Segment>
<Segment duration="1695" startOffset="2245226" endOffset="2246922">
<File name="chunk-00332" type="av">
<FileVariant size="60" variant="7426bebc-cf75-4c5c-b07b-c79c99f93ac1" />
</File>
<Timelines>
<Transcode startTime="15033" endTime="15071" complete="1" fileType="av" variant="7426bebc-cf75-4c5c-b07b-c79c99f93ac1" />
</Timelines>
</Segment>
<Segment duration="3002" startOffset="2246923" endOffset="2249925">
<File name="chunk-00333" type="av">
<FileVariant size="81" variant="7426bebc-cf75-4c5c-b07b-c79c99f93ac1" />
</File>
<Timelines>
<Transcode startTime="15071" endTime="15123" complete="1" fileType="av" variant="7426bebc-cf75-4c5c-b07b-c79c99f93ac1" />
</Timelines>
</Segment>
<Segment duration="1173" startOffset="2249926" endOffset="2251100">
<File name="chunk-00334" type="av">
<FileVariant size="58" variant="7426bebc-cf75-4c5c-b07b-c79c99f93ac1" />
</File>
<Timelines>
<Transcode startTime="15123" endTime="15128" complete="1" fileType="av" variant="7426bebc-cf75-4c5c-b07b-c79c99f93ac1" />
</Timelines>
</Segment>
<Segment duration="1435" startOffset="2251101" endOffset="2252537">
<File name="chunk-00335" type="av">
<FileVariant size="70" variant="7426bebc-cf75-4c5c-b07b-c79c99f93ac1" />
</File>
<Timelines>
<Transcode startTime="15128" endTime="15231" complete="1" fileType="av" variant="7426bebc-cf75-4c5c-b07b-c79c99f93ac1" />
</Timelines>
</Segment>
<Segment duration="3349" startOffset="2255715" endOffset="2259065">
<File name="chunk-00336" type="av">
<FileVariant size="90" variant="7426bebc-cf75-4c5c-b07b-c79c99f93ac1" />
</File>
<Timelines>
<Transcode startTime="15231" endTime="15245" complete="1" fileType="av" variant="7426bebc-cf75-4c5c-b07b-c79c99f93ac1" />
</Timelines>
</Segment>
<Segment duration="2653" startOffset="2259066" endOffset="2261720">
<File name="chunk-00337" type="av">
<FileVariant size="60" variant="7426bebc-cf75-4c5c-b07b-c79c99f93ac1" />
</File>
<Timelines>
<Transcode startTime="15245" endTime="15246" complete="1" fileType="av" variant="7426bebc-cf75-4c5c-b07b-c79c99f93ac1" />
</Timelines>
</Segment>
<Segment duration="1347" startOffset="2261721" endOffset="2263069">
<File name="chunk-00338" type="av">
<FileVariant size="40" variant="7426bebc-cf75-4c5c-b07b-c79c99f93ac1" />
</File>
<Timelines>
<Transcode startTime="15246" endTime="15343" complete="1" fileType="av" variant="7426bebc-cf75-4c5c-b07b-c79c99f93ac1" />
</Timelines>
</Segment>
<Segment duration="2304" startOffset="2264724" endOffset="2267029">
<File name="chunk-00339" type="av">
<FileVariant size="70" variant="7426bebc-cf75-4c5c-b07b-c79c99f93ac1" />
</File>
<Timelines>
<Transcode startTime="15343" endTime="15398" complete="1" fileType="av" variant="7426bebc-cf75-4c5c-b07b-c79c99f93ac1" />
</Timelines>
</Segment>
<Segment duration="1565" startOffset="2267030" endOffset="2268596">
<File name="chunk-00340" type="av">
<FileVariant size="58" variant="7426bebc-cf75-4c5c-b07b-c79c99f93ac1" />
</File>
<Timelines>
<Transcode startTime="15398" endTime="15536" complete="1" fileType="av" variant="7426bebc-cf75-4c5c-b07b-c79c99f93ac1" />
</Timelines>
</Segment>
<Segment duration="2522" startOffset="2268597" endOffset="2271120">
<File name="chunk-00341" type="av">
<FileVariant size="60" variant="7426bebc-cf75-4c5c-b07b-c79c99f93ac1" />
</File>
<Timelines>
<Transcode startTime="15536" endTime="15633" complete="1" fileType="av" variant="7426bebc-cf75-4c5c-b07b-c79c99f93ac1" />
</Timelines>
</Segment>
<Segment duration="3915" startOffset="2271121" endOffset="2275037">
<File name="chunk-00342" type="av">
<FileVariant size="69" variant="7426bebc-cf75-4c5c-b07b-c79c99f93ac1" />
</File>
<Timelines>
<Transcode startTime="15633" endTime="15775" complete="1" fileType="av" variant="7426bebc-cf75-4c5c-b07b-c79c99f93ac1" />
</Timelines>
</Segment>
<Segment duration="3829" startOffset="2276953" endOffset="2280782">
<File name="chunk-00343" type="av">
<FileVariant size="69" variant="7426bebc-cf75-4c5c-b07b-c79c99f93ac1" />
</File>
<Timelines>
<Transcode startTime="15775" endTime="15778" complete="1" fileType="av" variant="7426bebc-cf75-4c5c-b07b-c79c99f93ac1" />
</Timelines>
</Segment>
<Segment duration="1305" startOffset="2280783" endOffset="2282088">
<File name="chunk-00344" type="av">
<FileVariant size="51" variant="7426bebc-cf75-4c5c-b07b-c79c99f93ac1" />
</File>
<Timelines>
<Transcode startTime="15778" endTime="15816" complete="1" fileType="av" variant="7426bebc-cf75-4c5c-b07b-c79c99f93ac1" />
</Timelines>
</Segment>
<Segment duration="2697" startOffset="2282089" endOffset="2284786">
<File name="chunk-00345" type="av">
<FileVariant size="68" variant="7426bebc-cf75-4c5c-b07b-c79c99f93ac1" />
</File>
<Timelines>
<Transcode startTime="15816" endTime="15844" complete="1" fileType="av" variant="7426bebc-cf75-4c5c-b07b-c79c99f93ac1" />
</Timelines>
</Segment>
<Segment duration="3263" startOffset="2286354" endOffset="2289617">
<File name="chunk-00346" type="av">
<FileVariant size="64" variant="7426bebc-cf75-4c5c-b07b-c79c99f93ac1" />
</File>
<Timelines>
<Transcode startTime="15844" endTime="15980" complete="1" fileType="av" variant="7426bebc-cf75-4c5c-b07b-c79c99f93ac1" />
</Timelines>
</Segment>
<Segment duration="1217" startOffset="2292578" endOffset="2293795">
<File name="chunk-00347" type="av">
<FileVariant size="44" variant="7426bebc-cf75-4c5c-b07b-c79c99f93ac1" />
</File>
<Timelines>
<Transcode startTime="15980" endTime="16126" complete="1" fileType="av" variant="7426bebc-cf75-4c5c-b07b-c79c99f93ac1" />
</Timelines>
</Segment>
<Segment duration="1739" startOffset="2301630" endOffset="2303370">
<File name="chunk-00348" type="av">
<FileVariant size="64" variant="7426bebc-cf75-4c5c-b07b-c79c99f93ac1" />
</File>
<Timelines>
<Transcode startTime="16126" endTime="16127" complete="1" fileType="av" variant="7426bebc-cf75-4c5c-b07b-c79c99f93ac1" />
</Timelines>
</Segment>
<Segment duration="2871" startOffset="2303371" endOffset="2306242">
<File name="chunk-00349" type="av">
<FileVariant size="78" variant="7426bebc-cf75-4c5c-b07b-c79c99f93ac1" />
</File>
<Timelines>
<Transcode startTime="16127" endTime="16155" complete="1" fileType="av" variant="7426bebc-cf75-4c5c-b07b-c79c99f93ac1" />
</Timelines>
</Segment>
<Segment duration="1653" startOffset="2306243" endOffset="2307896">
<File name="chunk-00350" type="av">
<FileVariant size="59" variant="7426bebc-cf75-4c5c-b07b-c79c99f93ac1" />
</File>
<Timelines>
<Transcode startTime="16155" endTime="16161" complete="1" fileType="av" variant="7426bebc-cf75-4c5c-b07b-c79c99f93ac1" />
</Timelines>
</Segment>
<Segment duration="2045" startOffset="2307897" endOffset="2309942">
<File name="chunk-00351" type="av">
<FileVariant size="71" variant="7426bebc-cf75-4c5c-b07b-c79c99f93ac1" />
</File>
<Timelines>
<Transcode startTime="16161" endTime="16369" complete="1" fileType="av" variant="7426bebc-cf75-4c5c-b07b-c79c99f93ac1" />
</Timelines>
</Segment>
<Segment duration="3568" startOffset="2316732" endOffset="2320300">
<File name="chunk-00352" type="av">
<FileVariant size="72" variant="7426bebc-cf75-4c5c-b07b-c79c99f93ac1" />
</File>
<Timelines>
<Transcode startTime="16369" endTime="16371" complete="1" fileType="av" variant="7426bebc-cf75-4c5c-b07b-c79c99f93ac1" />
</Timelines>
</Segment>
<Segment duration="2653" startOffset="2320301" endOffset="2322955">
<File name="chunk-00353" type="av">
<FileVariant size="46" variant="7426bebc-cf75-4c5c-b07b-c79c99f93ac1" />
</File>
<Timelines>
<Transcode startTime="16371" endTime="16409" complete="1" fileType="av" variant="7426bebc-cf75-4c5c-b07b-c79c99f93ac1" />
</Timelines>
</Segment>
<Segment duration="2261" startOffset="2322956" endOffset="2325218">
<File name="chunk-00354" type="av">
<FileVariant size="74" variant="7426bebc-cf75-4c5c-b07b-c79c99f93ac1" />
</File>
<Timelines>
<Transcode startTime="16409" endTime="16467" complete="1" fileType="av" variant="7426bebc-cf75-4c5c-b07b-c79c99f93ac1" />
</Timelines>
</Segment>
<Segment duration="1956" startOffset="2325219" endOffset="2327176">
<File name="chunk-00355" type="av">
<FileVariant size="75" variant="7426bebc-cf75-4c5c-b07b-c79c99f93ac1" />
</File>
<Timelines>
<Transcode startTime="16467" endTime="16470" complete="1" fileType="av" variant="7426bebc-cf75-4c5c-b07b-c79c99f93ac1" />
</Timelines>
</Segment>
<Segment duration="2871" startOffset="2327177" endOffset="2330049">
<File name="chunk-00356" type="av">
<FileVariant size="69" variant="7426bebc-cf75-4c5c-b07b-c79c99f93ac1" />
</File>
<Timelines>
<Transcode startTime="16470" endTime="16560" complete="1" fileType="av" variant="7426bebc-cf75-4c5c-b07b-c79c99f93ac1" />
</Timelines>
</Segment>
<Segment duration="1565" startOffset="2330050" endOffset="2331616">
<File name="chunk-00357" type="av">
<FileVariant size="60" variant="7426bebc-cf75-4c5c-b07b-c79c99f93ac1" />
</File>
<Timelines>
<Transcode startTime="16560" endTime="16561" complete="1" fileType="av" variant="7426bebc-cf75-4c5c-b07b-c79c99f93ac1" />
</Timelines>
</Segment>
<Segment duration="3567" startOffset="2331617" endOffset="2335184">
<File name="chunk-00358" type="av">
<FileVariant size="75" variant="7426bebc-cf75-4c5c-b07b-c79c99f93ac1" />
</File>
<Timelines>
<Transcode startTime="16561" endTime="16626" complete="1" fileType="av" variant="7426bebc-cf75-4c5c-b07b-c79c99f93ac1" />
</Timelines>
</Segment>
<Segment duration="3046" startOffset="2335185" endOffset="2338231">
<File name="chunk-00359" type="av">
<FileVariant size="70" variant="7426bebc-cf75-4c5c-b07b-c79c99f93ac1" />
</File>
<Timelines>
<Transcode startTime="16626" endTime="16674" complete="1" fileType="av" variant="7426bebc-cf75-4c5c-b07b-c79c99f93ac1" />
</Timelines>
</Segment>
<Segment duration="2914" startOffset="2338232" endOffset="2341147">
<File name="chunk-00360" type="av">
<FileVariant size="61" variant="7426bebc-cf75-4c5c-b07b-c79c99f93ac1" />
</File>
<Timelines>
<Transcode startTime="16674" endTime="16701" complete="1" fileType="av" variant="7426bebc-cf75-4c5c-b07b-c79c99f93ac1" />
</Timelines>
</Segment>
<Segment duration="2261" startOffset="2341148" endOffset="2343410">
<File name="chunk-00361" type="av">
<FileVariant size="52" variant="7426bebc-cf75-4c5c-b07b-c79c99f93ac1" />
</File>
<Timelines>
<Transcode startTime="16701" endTime="16706" complete="1" fileType="av" variant="7426bebc-cf75-4c5c-b07b-c79c99f93ac1" />
</Timelines>
</Segment>
<Segment duration="2000" startOffset="2343411" endOffset="2345412">
<File name="chunk-00362" type="av">
<FileVariant size="56" variant="7426bebc-cf75-4c5c-b07b-c79c99f93ac1" />
</File>
<Timelines>
<Transcode startTime="16706" endTime="16750" complete="1" fileType="av" variant="7426bebc-cf75-4c5c-b07b-c79c99f93ac1" />
</Timelines>
</Segment>
<Segment duration="1782" startOffset="2345413" endOffset="2347196">
<File name="chunk-00363" type="av">
<FileVariant size="53" variant="7426bebc-cf75-4c5c-b07b-c79c99f93ac1" />
</File>
<Timelines>
<Transcode startTime="16750" endTime="16750" complete="1" fileType="av" variant="7426bebc-cf75-4c5c-b07b-c79c99f93ac1" />
</Timelines>
</Segment>
<Segment duration="3176" startOffset="2347197" endOffset="2350374">
<File name="chunk-00364" type="av">
<FileVariant size="59" variant="7426bebc-cf75-4c5c-b07b-c79c99f93ac1" />
</File>
<Timelines>
<Transcode startTime="16750" endTime="16801" complete="1" fileType="av" variant="7426bebc-cf75-4c5c-b07b-c79c99f93ac1" />
</Timelines>
</Segment>
<Segment duration="1913" startOffset="2350375" endOffset="2352288">
<File name="chunk-00365" type="av">
<FileVariant size="52" variant="7426bebc-cf75-4c5c-b07b-c79c99f93ac1" />
</File>
<Timelines>
<Transcode startTime="16801" endTime="16807" complete="1" fileType="av" variant="7426bebc-cf75-4c5c-b07b-c79c99f93ac1" />
</Timelines>
</Segment>
<Segment duration="2740" startOffset="2352289" endOffset="2355030">
<File name="chunk-00366" type="av">
<FileVariant size="67" variant="7426bebc-cf75-4c5c-b07b-c79c99f93ac1" />
</File>
<Timelines>
<Transcode startTime="16807" endTime="16851" complete="1" fileType="av" variant="7426bebc-cf75-4c5c-b07b-c79c99f93ac1" />
</Timelines>
</Segment>
<Segment duration="2914" startOffset="2361951" endOffset="2364866">
<File name="chunk-00367" type="av">
<FileVariant size="73" variant="7426bebc-cf75-4c5c-b07b-c79c99f93ac1" />
</File>
<Timelines>
<Transcode startTime="16851" endTime="16890" complete="1" fileType="av" variant="7426bebc-cf75-4c5c-b07b-c79c99f93ac1" />
</Timelines>
</Segment>
<Segment duration="913" startOffset="2364867" endOffset="2365780">
<File name="chunk-00368" type="av">
<FileVariant size="44" variant="7426bebc-cf75-4c5c-b07b-c79c99f93ac1" />
</File>
<Timelines>
<Transcode startTime="16890" endTime="16953" complete="1" fileType="av" variant="7426bebc-cf75-4c5c-b07b-c79c99f93ac1" />
</Timelines>
</Segment>
<Segment duration="2391" startOffset="2366913" endOffset="2369305">
<File name="chunk-00369" type="av">
<FileVariant size="77" variant="7426bebc-cf75-4c5c-b07b-c79c99f93ac1" />
</File>
<Timelines>
<Transcode startTime="16953" endTime="16958" complete="1" fileType="av" variant="7426bebc-cf75-4c5c-b07b-c79c99f93ac1" />
</Timelines>
</Segment>
<Segment duration="1739" startOffset="2369306" endOffset="2371046">
<File name="chunk-00370" type="av">
<FileVariant size="70" variant="7426bebc-cf75-4c5c-b07b-c79c99f93ac1" />
</File>
<Timelines>
<Transcode startTime="16958" endTime="16997" complete="1" fileType="av" variant="7426bebc-cf75-4c5c-b07b-c79c99f93ac1" />
</Timelines>
</Segment>
<Segment duration="1826" startOffset="2371047" endOffset="2372874">
<File name="chunk-00371" type="av">
<FileVariant size="64" variant="7426bebc-cf75-4c5c-b07b-c79c99f93ac1" />
</File>
<Timelines>
<Transcode startTime="16997" endTime="16997" complete="1" fileType="av" variant="7426bebc-cf75-4c5c-b07b-c79c99f93ac1" />
</Timelines>
</Segment>
<Segment duration="2480" startOffset="2372875" endOffset="2375355">
<File name="chunk-00372" type="av">
<FileVariant size="82" variant="7426bebc-cf75-4c5c-b07b-c79c99f93ac1" />
</File>
<Timelines>
<Transcode startTime="16997" endTime="17042" complete="1" fileType="av" variant="7426bebc-cf75-4c5c-b07b-c79c99f93ac1" />
</Timelines>
</Segment>
<Segment duration="2218" startOffset="2375356" endOffset="2377575">
<File name="chunk-00373" type="av">
<FileVariant size="66" variant="7426bebc-cf75-4c5c-b07b-c79c99f93ac1" />
</File>
<Timelines>
<Transcode startTime="17042" endTime="17087" complete="1" fileType="av" variant="7426bebc-cf75-4c5c-b07b-c79c99f93ac1" />
</Timelines>
</Segment>
<Segment duration="2610" startOffset="2377576" endOffset="2380186">
<File name="chunk-00374" type="av">
<FileVariant size="66" variant="7426bebc-cf75-4c5c-b07b-c79c99f93ac1" />
</File>
<Timelines>
<Transcode startTime="17087" endTime="17178" complete="1" fileType="av" variant="7426bebc-cf75-4c5c-b07b-c79c99f93ac1" />
</Timelines>
</Segment>
<Segment duration="2827" startOffset="2380187" endOffset="2383015">
<File name="chunk-00375" type="av">
<FileVariant size="64" variant="7426bebc-cf75-4c5c-b07b-c79c99f93ac1" />
</File>
<Timelines>
<Transcode startTime="17178" endTime="17301" complete="1" fileType="av" variant="7426bebc-cf75-4c5c-b07b-c79c99f93ac1" />
</Timelines>
</Segment>
<Segment duration="2393" startOffset="2383016" endOffset="2385410">
<File name="chunk-00376" type="av">
<FileVariant size="58" variant="7426bebc-cf75-4c5c-b07b-c79c99f93ac1" />
</File>
<Timelines>
<Transcode startTime="17301" endTime="17386" complete="1" fileType="av" variant="7426bebc-cf75-4c5c-b07b-c79c99f93ac1" />
</Timelines>
</Segment>
<Segment duration="2653" startOffset="2392808" endOffset="2395462">
<File name="chunk-00377" type="av">
<FileVariant size="63" variant="7426bebc-cf75-4c5c-b07b-c79c99f93ac1" />
</File>
<Timelines>
<Transcode startTime="17386" endTime="17418" complete="1" fileType="av" variant="7426bebc-cf75-4c5c-b07b-c79c99f93ac1" />
</Timelines>
</Segment>
<Segment duration="3001" startOffset="2395463" endOffset="2398465">
<File name="chunk-00378" type="av">
<FileVariant size="73" variant="7426bebc-cf75-4c5c-b07b-c79c99f93ac1" />
</File>
<Timelines>
<Transcode startTime="17418" endTime="17452" complete="1" fileType="av" variant="7426bebc-cf75-4c5c-b07b-c79c99f93ac1" />
</Timelines>
</Segment>
<Segment duration="2740" startOffset="2398466" endOffset="2401207">
<File name="chunk-00379" type="av">
<FileVariant size="73" variant="7426bebc-cf75-4c5c-b07b-c79c99f93ac1" />
</File>
<Timelines>
<Transcode startTime="17452" endTime="17492" complete="1" fileType="av" variant="7426bebc-cf75-4c5c-b07b-c79c99f93ac1" />
</Timelines>
</Segment>
<Segment duration="3001" startOffset="2401208" endOffset="2404210">
<File name="chunk-00380" type="av">
<FileVariant size="79" variant="7426bebc-cf75-4c5c-b07b-c79c99f93ac1" />
</File>
<Timelines>
<Transcode startTime="17492" endTime="17527" complete="1" fileType="av" variant="7426bebc-cf75-4c5c-b07b-c79c99f93ac1" />
</Timelines>
</Segment>
<Segment duration="2480" startOffset="2404211" endOffset="2406691">
<File name="chunk-00381" type="av">
<FileVariant size="67" variant="7426bebc-cf75-4c5c-b07b-c79c99f93ac1" />
</File>
<Timelines>
<Transcode startTime="17527" endTime="17692" complete="1" fileType="av" variant="7426bebc-cf75-4c5c-b07b-c79c99f93ac1" />
</Timelines>
</Segment>
<Segment duration="2436" startOffset="2414569" endOffset="2417005">
<File name="chunk-00382" type="av">
<FileVariant size="52" variant="7426bebc-cf75-4c5c-b07b-c79c99f93ac1" />
</File>
<Timelines>
<Transcode startTime="17692" endTime="17738" complete="1" fileType="av" variant="7426bebc-cf75-4c5c-b07b-c79c99f93ac1" />
</Timelines>
</Segment>
<Segment duration="2698" startOffset="2417006" endOffset="2419704">
<File name="chunk-00383" type="av">
<FileVariant size="54" variant="7426bebc-cf75-4c5c-b07b-c79c99f93ac1" />
</File>
<Timelines>
<Transcode startTime="17738" endTime="17844" complete="1" fileType="av" variant="7426bebc-cf75-4c5c-b07b-c79c99f93ac1" />
</Timelines>
</Segment>
<Segment duration="3481" startOffset="2424144" endOffset="2427625">
<File name="chunk-00384" type="av">
<FileVariant size="66" variant="7426bebc-cf75-4c5c-b07b-c79c99f93ac1" />
</File>
<Timelines>
<Transcode startTime="17844" endTime="17850" complete="1" fileType="av" variant="7426bebc-cf75-4c5c-b07b-c79c99f93ac1" />
</Timelines>
</Segment>
<Segment duration="2087" startOffset="2427626" endOffset="2429714">
<File name="chunk-00385" type="av">
<FileVariant size="54" variant="7426bebc-cf75-4c5c-b07b-c79c99f93ac1" />
</File>
<Timelines>
<Transcode startTime="17850" endTime="17852" complete="1" fileType="av" variant="7426bebc-cf75-4c5c-b07b-c79c99f93ac1" />
</Timelines>
</Segment>
<Segment duration="2914" startOffset="2429715" endOffset="2432630">
<File name="chunk-00386" type="av">
<FileVariant size="58" variant="7426bebc-cf75-4c5c-b07b-c79c99f93ac1" />
</File>
<Timelines>
<Transcode startTime="17852" endTime="18023" complete="1" fileType="av" variant="7426bebc-cf75-4c5c-b07b-c79c99f93ac1" />
</Timelines>
</Segment>
<Segment duration="2784" startOffset="2432631" endOffset="2435415">
<File name="chunk-00387" type="av">
<FileVariant size="77" variant="7426bebc-cf75-4c5c-b07b-c79c99f93ac1" />
</File>
<Timelines>
<Transcode startTime="18023" endTime="18125" complete="1" fileType="av" variant="7426bebc-cf75-4c5c-b07b-c79c99f93ac1" />
</Timelines>
</Segment>
<Segment duration="1391" startOffset="2435416" endOffset="2436808">
<File name="chunk-00388" type="av">
<FileVariant size="45" variant="7426bebc-cf75-4c5c-b07b-c79c99f93ac1" />
</File>
<Timelines>
<Transcode startTime="18125" endTime="18168" complete="1" fileType="av" variant="7426bebc-cf75-4c5c-b07b-c79c99f93ac1" />
</Timelines>
</Segment>
<Segment duration="1390" startOffset="2436809" endOffset="2438200">
<File name="chunk-00389" type="av">
<FileVariant size="62" variant="7426bebc-cf75-4c5c-b07b-c79c99f93ac1" />
</File>
<Timelines>
<Transcode startTime="18168" endTime="18173" complete="1" fileType="av" variant="7426bebc-cf75-4c5c-b07b-c79c99f93ac1" />
</Timelines>
</Segment>
<Segment duration="2351" startOffset="2438201" endOffset="2440552">
<File name="chunk-00390" type="av">
<FileVariant size="66" variant="7426bebc-cf75-4c5c-b07b-c79c99f93ac1" />
</File>
<Timelines>
<Transcode startTime="18173" endTime="18185" complete="1" fileType="av" variant="7426bebc-cf75-4c5c-b07b-c79c99f93ac1" />
</Timelines>
</Segment>
<Segment duration="1086" startOffset="2441248" endOffset="2442335">
<File name="chunk-00391" type="av">
<FileVariant size="45" variant="7426bebc-cf75-4c5c-b07b-c79c99f93ac1" />
</File>
<Timelines>
<Transcode startTime="18185" endTime="18190" complete="1" fileType="av" variant="7426bebc-cf75-4c5c-b07b-c79c99f93ac1" />
</Timelines>
</Segment>
<Segment duration="1695" startOffset="2443250" endOffset="2444946">
<File name="chunk-00392" type="av">
<FileVariant size="46" variant="7426bebc-cf75-4c5c-b07b-c79c99f93ac1" />
</File>
<Timelines>
<Transcode startTime="18190" endTime="18233" complete="1" fileType="av" variant="7426bebc-cf75-4c5c-b07b-c79c99f93ac1" />
</Timelines>
</Segment>
<Segment duration="2480" startOffset="2447384" endOffset="2449864">
<File name="chunk-00393" type="av">
<FileVariant size="65" variant="7426bebc-cf75-4c5c-b07b-c79c99f93ac1" />
</File>
<Timelines>
<Transcode startTime="18233" endTime="18418" complete="1" fileType="av" variant="7426bebc-cf75-4c5c-b07b-c79c99f93ac1" />
</Timelines>
</Segment>
<Segment duration="2393" startOffset="2454696" endOffset="2457089">
<File name="chunk-00394" type="av">
<FileVariant size="54" variant="7426bebc-cf75-4c5c-b07b-c79c99f93ac1" />
</File>
<Timelines>
<Transcode startTime="18418" endTime="18856" complete="1" fileType="av" variant="7426bebc-cf75-4c5c-b07b-c79c99f93ac1" />
</Timelines>
</Segment>
<Segment duration="2261" startOffset="2471757" endOffset="2474019">
<File name="chunk-00395" type="av">
<FileVariant size="70" variant="7426bebc-cf75-4c5c-b07b-c79c99f93ac1" />
</File>
<Timelines>
<Transcode startTime="18856" endTime="18890" complete="1" fileType="av" variant="7426bebc-cf75-4c5c-b07b-c79c99f93ac1" />
</Timelines>
</Segment>
<Segment duration="3045" startOffset="2474020" endOffset="2477065">
<File name="chunk-00396" type="av">
<FileVariant size="70" variant="7426bebc-cf75-4c5c-b07b-c79c99f93ac1" />
</File>
<Timelines>
<Transcode startTime="18890" endTime="18920" complete="1" fileType="av" variant="7426bebc-cf75-4c5c-b07b-c79c99f93ac1" />
</Timelines>
</Segment>
<Segment duration="2785" startOffset="2477066" endOffset="2479851">
<File name="chunk-00397" type="av">
<FileVariant size="69" variant="7426bebc-cf75-4c5c-b07b-c79c99f93ac1" />
</File>
<Timelines>
<Transcode startTime="18920" endTime="19027" complete="1" fileType="av" variant="7426bebc-cf75-4c5c-b07b-c79c99f93ac1" />
</Timelines>
</Segment>
<Segment duration="1132" startOffset="2484421" endOffset="2485553">
<File name="chunk-00398" type="av">
<FileVariant size="40" variant="7426bebc-cf75-4c5c-b07b-c79c99f93ac1" />
</File>
<Timelines>
<Transcode startTime="19027" endTime="19064" complete="1" fileType="av" variant="7426bebc-cf75-4c5c-b07b-c79c99f93ac1" />
</Timelines>
</Segment>
<Segment duration="1086" startOffset="2486554" endOffset="2487641">
<File name="chunk-00399" type="av">
<FileVariant size="41" variant="7426bebc-cf75-4c5c-b07b-c79c99f93ac1" />
</File>
<Timelines>
<Transcode startTime="19064" endTime="19096" complete="1" fileType="av" variant="7426bebc-cf75-4c5c-b07b-c79c99f93ac1" />
</Timelines>
</Segment>
<Segment duration="1219" startOffset="2487642" endOffset="2488861">
<File name="chunk-00400" type="av">
<FileVariant size="40" variant="7426bebc-cf75-4c5c-b07b-c79c99f93ac1" />
</File>
<Timelines>
<Transcode startTime="19096" endTime="19144" complete="1" fileType="av" variant="7426bebc-cf75-4c5c-b07b-c79c99f93ac1" />
</Timelines>
</Segment>
<Segment duration="3829" startOffset="2491298" endOffset="2495127">
<File name="chunk-00401" type="av">
<FileVariant size="40" variant="7426bebc-cf75-4c5c-b07b-c79c99f93ac1" />
</File>
<Timelines>
<Transcode startTime="19144" endTime="19426" complete="1" fileType="av" variant="7426bebc-cf75-4c5c-b07b-c79c99f93ac1" />
</Timelines>
</Segment>
<Segment duration="1130" startOffset="2500220" endOffset="2501350">
<File name="chunk-00402" type="av">
<FileVariant size="40" variant="7426bebc-cf75-4c5c-b07b-c79c99f93ac1" />
</File>
<Timelines>
<Transcode startTime="19426" endTime="19448" complete="1" fileType="av" variant="7426bebc-cf75-4c5c-b07b-c79c99f93ac1" />
</Timelines>
</Segment>
<Segment duration="1871" startOffset="2501351" endOffset="2503222">
<File name="chunk-00403" type="av">
<FileVariant size="54" variant="7426bebc-cf75-4c5c-b07b-c79c99f93ac1" />
</File>
<Timelines>
<Transcode startTime="19448" endTime="19454" complete="1" fileType="av" variant="7426bebc-cf75-4c5c-b07b-c79c99f93ac1" />
</Timelines>
</Segment>
<Segment duration="2001" startOffset="2503223" endOffset="2505225">
<File name="chunk-00404" type="av">
<FileVariant size="73" variant="7426bebc-cf75-4c5c-b07b-c79c99f93ac1" />
</File>
<Timelines>
<Transcode startTime="19454" endTime="19458" complete="1" fileType="av" variant="7426bebc-cf75-4c5c-b07b-c79c99f93ac1" />
</Timelines>
</Segment>
<Segment duration="1697" startOffset="2505834" endOffset="2507531">
<File name="chunk-00405" type="av">
<FileVariant size="55" variant="7426bebc-cf75-4c5c-b07b-c79c99f93ac1" />
</File>
<Timelines>
<Transcode startTime="19458" endTime="19464" complete="1" fileType="av" variant="7426bebc-cf75-4c5c-b07b-c79c99f93ac1" />
</Timelines>
</Segment>
<Segment duration="2349" startOffset="2508445" endOffset="2510795">
<File name="chunk-00406" type="av">
<FileVariant size="46" variant="7426bebc-cf75-4c5c-b07b-c79c99f93ac1" />
</File>
<Timelines>
<Transcode startTime="19464" endTime="19477" complete="1" fileType="av" variant="7426bebc-cf75-4c5c-b07b-c79c99f93ac1" />
</Timelines>
</Segment>
<Segment duration="3786" startOffset="2510796" endOffset="2514582">
<File name="chunk-00407" type="av">
<FileVariant size="49" variant="7426bebc-cf75-4c5c-b07b-c79c99f93ac1" />
</File>
<Timelines>
<Transcode startTime="19477" endTime="19504" complete="1" fileType="av" variant="7426bebc-cf75-4c5c-b07b-c79c99f93ac1" />
</Timelines>
</Segment>
<Segment duration="2000" startOffset="2517585" endOffset="2519586">
<File name="chunk-00408" type="av">
<FileVariant size="45" variant="7426bebc-cf75-4c5c-b07b-c79c99f93ac1" />
</File>
<Timelines>
<Transcode startTime="19504" endTime="19517" complete="1" fileType="av" variant="7426bebc-cf75-4c5c-b07b-c79c99f93ac1" />
</Timelines>
</Segment>
<Segment duration="2349" startOffset="2519587" endOffset="2521936">
<File name="chunk-00409" type="av">
<FileVariant size="63" variant="7426bebc-cf75-4c5c-b07b-c79c99f93ac1" />
</File>
<Timelines>
<Transcode startTime="19517" endTime="19621" complete="1" fileType="av" variant="7426bebc-cf75-4c5c-b07b-c79c99f93ac1" />
</Timelines>
</Segment>
<Segment duration="956" startOffset="2525419" endOffset="2526375">
<File name="chunk-00410" type="av">
<FileVariant size="43" variant="7426bebc-cf75-4c5c-b07b-c79c99f93ac1" />
</File>
<Timelines>
<Transcode startTime="19621" endTime="19626" complete="1" fileType="av" variant="7426bebc-cf75-4c5c-b07b-c79c99f93ac1" />
</Timelines>
</Segment>
<Segment duration="2523" startOffset="2528596" endOffset="2531119">
<File name="chunk-00411" type="av">
<FileVariant size="74" variant="7426bebc-cf75-4c5c-b07b-c79c99f93ac1" />
</File>
<Timelines>
<Transcode startTime="19626" endTime="19632" complete="1" fileType="av" variant="7426bebc-cf75-4c5c-b07b-c79c99f93ac1" />
</Timelines>
</Segment>
<Segment duration="2914" startOffset="2531120" endOffset="2534035">
<File name="chunk-00412" type="av">
<FileVariant size="54" variant="7426bebc-cf75-4c5c-b07b-c79c99f93ac1" />
</File>
<Timelines>
<Transcode startTime="19632" endTime="19668" complete="1" fileType="av" variant="7426bebc-cf75-4c5c-b07b-c79c99f93ac1" />
</Timelines>
</Segment>
<Segment duration="2219" startOffset="2534036" endOffset="2536255">
<File name="chunk-00413" type="av">
<FileVariant size="86" variant="7426bebc-cf75-4c5c-b07b-c79c99f93ac1" />
</File>
<Timelines>
<Transcode startTime="19668" endTime="19673" complete="1" fileType="av" variant="7426bebc-cf75-4c5c-b07b-c79c99f93ac1" />
</Timelines>
</Segment>
<Segment duration="2001" startOffset="2536256" endOffset="2538257">
<File name="chunk-00414" type="av">
<FileVariant size="56" variant="7426bebc-cf75-4c5c-b07b-c79c99f93ac1" />
</File>
<Timelines>
<Transcode startTime="19673" endTime="19679" complete="1" fileType="av" variant="7426bebc-cf75-4c5c-b07b-c79c99f93ac1" />
</Timelines>
</Segment>
<Segment duration="1435" startOffset="2538258" endOffset="2539693">
<File name="chunk-00415" type="av">
<FileVariant size="45" variant="7426bebc-cf75-4c5c-b07b-c79c99f93ac1" />
</File>
<Timelines>
<Transcode startTime="19679" endTime="19726" complete="1" fileType="av" variant="7426bebc-cf75-4c5c-b07b-c79c99f93ac1" />
</Timelines>
</Segment>
<Segment duration="4003" startOffset="2539694" endOffset="2543697">
<File name="chunk-00416" type="av">
<FileVariant size="72" variant="7426bebc-cf75-4c5c-b07b-c79c99f93ac1" />
</File>
<Timelines>
<Transcode startTime="19726" endTime="19863" complete="1" fileType="av" variant="7426bebc-cf75-4c5c-b07b-c79c99f93ac1" />
</Timelines>
</Segment>
<Segment duration="1827" startOffset="2543698" endOffset="2545526">
<File name="chunk-00417" type="av">
<FileVariant size="71" variant="7426bebc-cf75-4c5c-b07b-c79c99f93ac1" />
</File>
<Timelines>
<Transcode startTime="19863" endTime="19906" complete="1" fileType="av" variant="7426bebc-cf75-4c5c-b07b-c79c99f93ac1" />
</Timelines>
</Segment>
<Segment duration="4090" startOffset="2547136" endOffset="2551226">
<File name="chunk-00418" type="av">
<FileVariant size="80" variant="7426bebc-cf75-4c5c-b07b-c79c99f93ac1" />
</File>
<Timelines>
<Transcode startTime="19906" endTime="19948" complete="1" fileType="av" variant="7426bebc-cf75-4c5c-b07b-c79c99f93ac1" />
</Timelines>
</Segment>
<Segment duration="3350" startOffset="2558974" endOffset="2562325">
<File name="chunk-00419" type="av">
<FileVariant size="74" variant="7426bebc-cf75-4c5c-b07b-c79c99f93ac1" />
</File>
<Timelines>
<Transcode startTime="19948" endTime="19969" complete="1" fileType="av" variant="7426bebc-cf75-4c5c-b07b-c79c99f93ac1" />
</Timelines>
</Segment>
<Segment duration="1740" startOffset="2563022" endOffset="2564762">
<File name="chunk-00420" type="av">
<FileVariant size="49" variant="7426bebc-cf75-4c5c-b07b-c79c99f93ac1" />
</File>
<Timelines>
<Transcode startTime="19969" endTime="19972" complete="1" fileType="av" variant="7426bebc-cf75-4c5c-b07b-c79c99f93ac1" />
</Timelines>
</Segment>
<Segment duration="1913" startOffset="2565677" endOffset="2567591">
<File name="chunk-00421" type="av">
<FileVariant size="40" variant="7426bebc-cf75-4c5c-b07b-c79c99f93ac1" />
</File>
<Timelines>
<Transcode startTime="19972" endTime="20250" complete="1" fileType="av" variant="7426bebc-cf75-4c5c-b07b-c79c99f93ac1" />
</Timelines>
</Segment>
<Segment duration="1043" startOffset="2579473" endOffset="2580517">
<File name="chunk-00422" type="av">
<FileVariant size="40" variant="7426bebc-cf75-4c5c-b07b-c79c99f93ac1" />
</File>
<Timelines>
<Transcode startTime="20250" endTime="20314" complete="1" fileType="av" variant="7426bebc-cf75-4c5c-b07b-c79c99f93ac1" />
</Timelines>
</Segment>
<Segment duration="1914" startOffset="2587002" endOffset="2588916">
<File name="chunk-00423" type="av">
<FileVariant size="57" variant="7426bebc-cf75-4c5c-b07b-c79c99f93ac1" />
</File>
<Timelines>
<Transcode startTime="20314" endTime="20324" complete="1" fileType="av" variant="7426bebc-cf75-4c5c-b07b-c79c99f93ac1" />
</Timelines>
</Segment>
<Segment duration="2133" startOffset="2588917" endOffset="2591050">
<File name="chunk-00424" type="av">
<FileVariant size="54" variant="7426bebc-cf75-4c5c-b07b-c79c99f93ac1" />
</File>
<Timelines>
<Transcode startTime="20324" endTime="20341" complete="1" fileType="av" variant="7426bebc-cf75-4c5c-b07b-c79c99f93ac1" />
</Timelines>
</Segment>
<Segment duration="1913" startOffset="2591616" endOffset="2593529">
<File name="chunk-00425" type="av">
<FileVariant size="46" variant="7426bebc-cf75-4c5c-b07b-c79c99f93ac1" />
</File>
<Timelines>
<Transcode startTime="20341" endTime="20348" complete="1" fileType="av" variant="7426bebc-cf75-4c5c-b07b-c79c99f93ac1" />
</Timelines>
</Segment>
<Segment duration="1739" startOffset="2593530" endOffset="2595270">
<File name="chunk-00426" type="av">
<FileVariant size="63" variant="7426bebc-cf75-4c5c-b07b-c79c99f93ac1" />
</File>
<Timelines>
<Transcode startTime="20348" endTime="20363" complete="1" fileType="av" variant="7426bebc-cf75-4c5c-b07b-c79c99f93ac1" />
</Timelines>
</Segment>
<Segment duration="1870" startOffset="2595271" endOffset="2597142">
<File name="chunk-00427" type="av">
<FileVariant size="65" variant="7426bebc-cf75-4c5c-b07b-c79c99f93ac1" />
</File>
<Timelines>
<Transcode startTime="20363" endTime="20367" complete="1" fileType="av" variant="7426bebc-cf75-4c5c-b07b-c79c99f93ac1" />
</Timelines>
</Segment>
<Segment duration="2262" startOffset="2597143" endOffset="2599405">
<File name="chunk-00428" type="av">
<FileVariant size="60" variant="7426bebc-cf75-4c5c-b07b-c79c99f93ac1" />
</File>
<Timelines>
<Transcode startTime="20367" endTime="20386" complete="1" fileType="av" variant="7426bebc-cf75-4c5c-b07b-c79c99f93ac1" />
</Timelines>
</Segment>
<Segment duration="1695" startOffset="2600581" endOffset="2602277">
<File name="chunk-00429" type="av">
<FileVariant size="50" variant="7426bebc-cf75-4c5c-b07b-c79c99f93ac1" />
</File>
<Timelines>
<Transcode startTime="20386" endTime="20451" complete="1" fileType="av" variant="7426bebc-cf75-4c5c-b07b-c79c99f93ac1" />
</Timelines>
</Segment>
<Segment duration="2264" startOffset="2605455" endOffset="2607719">
<File name="chunk-00430" type="av">
<FileVariant size="73" variant="7426bebc-cf75-4c5c-b07b-c79c99f93ac1" />
</File>
<Timelines>
<Transcode startTime="20451" endTime="20586" complete="1" fileType="av" variant="7426bebc-cf75-4c5c-b07b-c79c99f93ac1" />
</Timelines>
</Segment>
<Segment duration="2393" startOffset="2611200" endOffset="2613593">
<File name="chunk-00431" type="av">
<FileVariant size="63" variant="7426bebc-cf75-4c5c-b07b-c79c99f93ac1" />
</File>
<Timelines>
<Transcode startTime="20586" endTime="20598" complete="1" fileType="av" variant="7426bebc-cf75-4c5c-b07b-c79c99f93ac1" />
</Timelines>
</Segment>
<Segment duration="2697" startOffset="2613594" endOffset="2616291">
<File name="chunk-00432" type="av">
<FileVariant size="68" variant="7426bebc-cf75-4c5c-b07b-c79c99f93ac1" />
</File>
<Timelines>
<Transcode startTime="20598" endTime="20776" complete="1" fileType="av" variant="7426bebc-cf75-4c5c-b07b-c79c99f93ac1" />
</Timelines>
</Segment>
<Segment duration="871" startOffset="2623038" endOffset="2623909">
<File name="chunk-00433" type="av">
<FileVariant size="41" variant="7426bebc-cf75-4c5c-b07b-c79c99f93ac1" />
</File>
<Timelines>
<Transcode startTime="20776" endTime="20985" complete="1" fileType="av" variant="7426bebc-cf75-4c5c-b07b-c79c99f93ac1" />
</Timelines>
</Segment>
<Segment duration="1782" startOffset="2632004" endOffset="2633787">
<File name="chunk-00434" type="av">
<FileVariant size="55" variant="7426bebc-cf75-4c5c-b07b-c79c99f93ac1" />
</File>
<Timelines>
<Transcode startTime="20985" endTime="20988" complete="1" fileType="av" variant="7426bebc-cf75-4c5c-b07b-c79c99f93ac1" />
</Timelines>
</Segment>
<Segment duration="1695" startOffset="2633788" endOffset="2635484">
<File name="chunk-00435" type="av">
<FileVariant size="59" variant="7426bebc-cf75-4c5c-b07b-c79c99f93ac1" />
</File>
<Timelines>
<Transcode startTime="20988" endTime="20990" complete="1" fileType="av" variant="7426bebc-cf75-4c5c-b07b-c79c99f93ac1" />
</Timelines>
</Segment>
<Segment duration="1826" startOffset="2635485" endOffset="2637312">
<File name="chunk-00436" type="av">
<FileVariant size="44" variant="7426bebc-cf75-4c5c-b07b-c79c99f93ac1" />
</File>
<Timelines>
<Transcode startTime="20990" endTime="21006" complete="1" fileType="av" variant="7426bebc-cf75-4c5c-b07b-c79c99f93ac1" />
</Timelines>
</Segment>
<Segment duration="2523" startOffset="2637313" endOffset="2639837">
<File name="chunk-00437" type="av">
<FileVariant size="82" variant="7426bebc-cf75-4c5c-b07b-c79c99f93ac1" />
</File>
<Timelines>
<Transcode startTime="21006" endTime="21007" complete="1" fileType="av" variant="7426bebc-cf75-4c5c-b07b-c79c99f93ac1" />
</Timelines>
</Segment>
<Segment duration="1434" startOffset="2639838" endOffset="2641273">
<File name="chunk-00438" type="av">
<FileVariant size="60" variant="7426bebc-cf75-4c5c-b07b-c79c99f93ac1" />
</File>
<Timelines>
<Transcode startTime="21007" endTime="21011" complete="1" fileType="av" variant="7426bebc-cf75-4c5c-b07b-c79c99f93ac1" />
</Timelines>
</Segment>
<Segment duration="1393" startOffset="2641274" endOffset="2642667">
<File name="chunk-00439" type="av">
<FileVariant size="44" variant="7426bebc-cf75-4c5c-b07b-c79c99f93ac1" />
</File>
<Timelines>
<Transcode startTime="21011" endTime="21021" complete="1" fileType="av" variant="7426bebc-cf75-4c5c-b07b-c79c99f93ac1" />
</Timelines>
</Segment>
<Segment duration="1957" startOffset="2644233" endOffset="2646191">
<File name="chunk-00440" type="av">
<FileVariant size="54" variant="7426bebc-cf75-4c5c-b07b-c79c99f93ac1" />
</File>
<Timelines>
<Transcode startTime="21021" endTime="21051" complete="1" fileType="av" variant="7426bebc-cf75-4c5c-b07b-c79c99f93ac1" />
</Timelines>
</Segment>
<Segment duration="2740" startOffset="2648194" endOffset="2650935">
<File name="chunk-00441" type="av">
<FileVariant size="97" variant="7426bebc-cf75-4c5c-b07b-c79c99f93ac1" />
</File>
<Timelines>
<Transcode startTime="21051" endTime="21083" complete="1" fileType="av" variant="7426bebc-cf75-4c5c-b07b-c79c99f93ac1" />
</Timelines>
</Segment>
<Segment duration="826" startOffset="2650936" endOffset="2651763">
<File name="chunk-00442" type="av">
<FileVariant size="40" variant="7426bebc-cf75-4c5c-b07b-c79c99f93ac1" />
</File>
<Timelines>
<Transcode startTime="21083" endTime="21129" complete="1" fileType="av" variant="7426bebc-cf75-4c5c-b07b-c79c99f93ac1" />
</Timelines>
</Segment>
<Segment duration="1305" startOffset="2652546" endOffset="2653851">
<File name="chunk-00443" type="av">
<FileVariant size="41" variant="7426bebc-cf75-4c5c-b07b-c79c99f93ac1" />
</File>
<Timelines>
<Transcode startTime="21129" endTime="21163" complete="1" fileType="av" variant="7426bebc-cf75-4c5c-b07b-c79c99f93ac1" />
</Timelines>
</Segment>
<Segment duration="1783" startOffset="2655331" endOffset="2657115">
<File name="chunk-00444" type="av">
<FileVariant size="58" variant="7426bebc-cf75-4c5c-b07b-c79c99f93ac1" />
</File>
<Timelines>
<Transcode startTime="21163" endTime="21169" complete="1" fileType="av" variant="7426bebc-cf75-4c5c-b07b-c79c99f93ac1" />
</Timelines>
</Segment>
<Segment duration="2568" startOffset="2657116" endOffset="2659684">
<File name="chunk-00445" type="av">
<FileVariant size="88" variant="7426bebc-cf75-4c5c-b07b-c79c99f93ac1" />
</File>
<Timelines>
<Transcode startTime="21169" endTime="21242" complete="1" fileType="av" variant="7426bebc-cf75-4c5c-b07b-c79c99f93ac1" />
</Timelines>
</Segment>
<Segment duration="913" startOffset="2663949" endOffset="2664862">
<File name="chunk-00446" type="av">
<FileVariant size="41" variant="7426bebc-cf75-4c5c-b07b-c79c99f93ac1" />
</File>
<Timelines>
<Transcode startTime="21242" endTime="21289" complete="1" fileType="av" variant="7426bebc-cf75-4c5c-b07b-c79c99f93ac1" />
</Timelines>
</Segment>
<Segment duration="2523" startOffset="2664863" endOffset="2667386">
<File name="chunk-00447" type="av">
<FileVariant size="65" variant="7426bebc-cf75-4c5c-b07b-c79c99f93ac1" />
</File>
<Timelines>
<Transcode startTime="21289" endTime="21342" complete="1" fileType="av" variant="7426bebc-cf75-4c5c-b07b-c79c99f93ac1" />
</Timelines>
</Segment>
<Segment duration="2000" startOffset="2667387" endOffset="2669388">
<File name="chunk-00448" type="av">
<FileVariant size="69" variant="7426bebc-cf75-4c5c-b07b-c79c99f93ac1" />
</File>
<Timelines>
<Transcode startTime="21342" endTime="21394" complete="1" fileType="av" variant="7426bebc-cf75-4c5c-b07b-c79c99f93ac1" />
</Timelines>
</Segment>
<Segment duration="1306" startOffset="2669389" endOffset="2670695">
<File name="chunk-00449" type="av">
<FileVariant size="56" variant="7426bebc-cf75-4c5c-b07b-c79c99f93ac1" />
</File>
<Timelines>
<Transcode startTime="21394" endTime="21471" complete="1" fileType="av" variant="7426bebc-cf75-4c5c-b07b-c79c99f93ac1" />
</Timelines>
</Segment>
<Segment duration="1608" startOffset="2671391" endOffset="2673000">
<File name="chunk-00450" type="av">
<FileVariant size="41" variant="7426bebc-cf75-4c5c-b07b-c79c99f93ac1" />
</File>
<Timelines>
<Transcode startTime="21471" endTime="21515" complete="1" fileType="av" variant="7426bebc-cf75-4c5c-b07b-c79c99f93ac1" />
</Timelines>
</Segment>
<Segment duration="1697" startOffset="2673001" endOffset="2674699">
<File name="chunk-00451" type="av">
<FileVariant size="63" variant="7426bebc-cf75-4c5c-b07b-c79c99f93ac1" />
</File>
<Timelines>
<Transcode startTime="21515" endTime="21840" complete="1" fileType="av" variant="7426bebc-cf75-4c5c-b07b-c79c99f93ac1" />
</Timelines>
</Segment>
<Segment duration="958" startOffset="2687015" endOffset="2687973">
<File name="chunk-00452" type="av">
<FileVariant size="42" variant="7426bebc-cf75-4c5c-b07b-c79c99f93ac1" />
</File>
<Timelines>
<Transcode startTime="21840" endTime="21898" complete="1" fileType="av" variant="7426bebc-cf75-4c5c-b07b-c79c99f93ac1" />
</Timelines>
</Segment>
<Segment duration="2262" startOffset="2692455" endOffset="2694718">
<File name="chunk-00453" type="av">
<FileVariant size="69" variant="7426bebc-cf75-4c5c-b07b-c79c99f93ac1" />
</File>
<Timelines>
<Transcode startTime="21898" endTime="21903" complete="1" fileType="av" variant="7426bebc-cf75-4c5c-b07b-c79c99f93ac1" />
</Timelines>
</Segment>
<Segment duration="3393" startOffset="2694719" endOffset="2698112">
<File name="chunk-00454" type="av">
<FileVariant size="65" variant="7426bebc-cf75-4c5c-b07b-c79c99f93ac1" />
</File>
<Timelines>
<Transcode startTime="21903" endTime="22155" complete="1" fileType="av" variant="7426bebc-cf75-4c5c-b07b-c79c99f93ac1" />
</Timelines>
</Segment>
<Segment duration="3001" startOffset="2705599" endOffset="2708601">
<File name="chunk-00455" type="av">
<FileVariant size="95" variant="7426bebc-cf75-4c5c-b07b-c79c99f93ac1" />
</File>
<Timelines>
<Transcode startTime="22155" endTime="22200" complete="1" fileType="av" variant="7426bebc-cf75-4c5c-b07b-c79c99f93ac1" />
</Timelines>
</Segment>
<Segment duration="2697" startOffset="2708602" endOffset="2711299">
<File name="chunk-00456" type="av">
<FileVariant size="83" variant="7426bebc-cf75-4c5c-b07b-c79c99f93ac1" />
</File>
<Timelines>
<Transcode startTime="22200" endTime="22245" complete="1" fileType="av" variant="7426bebc-cf75-4c5c-b07b-c79c99f93ac1" />
</Timelines>
</Segment>
<Segment duration="2348" startOffset="2711300" endOffset="2713649">
<File name="chunk-00457" type="av">
<FileVariant size="74" variant="7426bebc-cf75-4c5c-b07b-c79c99f93ac1" />
</File>
<Timelines>
<Transcode startTime="22245" endTime="22284" complete="1" fileType="av" variant="7426bebc-cf75-4c5c-b07b-c79c99f93ac1" />
</Timelines>
</Segment>
<Segment duration="1913" startOffset="2713650" endOffset="2715564">
<File name="chunk-00458" type="av">
<FileVariant size="49" variant="7426bebc-cf75-4c5c-b07b-c79c99f93ac1" />
</File>
<Timelines>
<Transcode startTime="22284" endTime="22323" complete="1" fileType="av" variant="7426bebc-cf75-4c5c-b07b-c79c99f93ac1" />
</Timelines>
</Segment>
<Segment duration="1262" startOffset="2715565" endOffset="2716827">
<File name="chunk-00459" type="av">
<FileVariant size="45" variant="7426bebc-cf75-4c5c-b07b-c79c99f93ac1" />
</File>
<Timelines>
<Transcode startTime="22323" endTime="22446" complete="1" fileType="av" variant="7426bebc-cf75-4c5c-b07b-c79c99f93ac1" />
</Timelines>
</Segment>
<Segment duration="2217" startOffset="2722094" endOffset="2724312">
<File name="chunk-00460" type="av">
<FileVariant size="65" variant="7426bebc-cf75-4c5c-b07b-c79c99f93ac1" />
</File>
<Timelines>
<Transcode startTime="22446" endTime="22453" complete="1" fileType="av" variant="7426bebc-cf75-4c5c-b07b-c79c99f93ac1" />
</Timelines>
</Segment>
<Segment duration="3132" startOffset="2724313" endOffset="2727446">
<File name="chunk-00461" type="av">
<FileVariant size="76" variant="7426bebc-cf75-4c5c-b07b-c79c99f93ac1" />
</File>
<Timelines>
<Transcode startTime="22453" endTime="22459" complete="1" fileType="av" variant="7426bebc-cf75-4c5c-b07b-c79c99f93ac1" />
</Timelines>
</Segment>
<Segment duration="2914" startOffset="2727447" endOffset="2730362">
<File name="chunk-00462" type="av">
<FileVariant size="70" variant="7426bebc-cf75-4c5c-b07b-c79c99f93ac1" />
</File>
<Timelines>
<Transcode startTime="22459" endTime="22483" complete="1" fileType="av" variant="7426bebc-cf75-4c5c-b07b-c79c99f93ac1" />
</Timelines>
</Segment>
<Segment duration="1347" startOffset="2732321" endOffset="2733669">
<File name="chunk-00463" type="av">
<FileVariant size="46" variant="7426bebc-cf75-4c5c-b07b-c79c99f93ac1" />
</File>
<Timelines>
<Transcode startTime="22483" endTime="22494" complete="1" fileType="av" variant="7426bebc-cf75-4c5c-b07b-c79c99f93ac1" />
</Timelines>
</Segment>
<Segment duration="1217" startOffset="2735150" endOffset="2736368">
<File name="chunk-00464" type="av">
<FileVariant size="41" variant="7426bebc-cf75-4c5c-b07b-c79c99f93ac1" />
</File>
<Timelines>
<Transcode startTime="22494" endTime="22499" complete="1" fileType="av" variant="7426bebc-cf75-4c5c-b07b-c79c99f93ac1" />
</Timelines>
</Segment>
<Segment duration="3871" startOffset="2736369" endOffset="2740241">
<File name="chunk-00465" type="av">
<FileVariant size="72" variant="7426bebc-cf75-4c5c-b07b-c79c99f93ac1" />
</File>
<Timelines>
<Transcode startTime="22499" endTime="22514" complete="1" fileType="av" variant="7426bebc-cf75-4c5c-b07b-c79c99f93ac1" />
</Timelines>
</Segment>
<Segment duration="2610" startOffset="2740242" endOffset="2742853">
<File name="chunk-00466" type="av">
<FileVariant size="81" variant="7426bebc-cf75-4c5c-b07b-c79c99f93ac1" />
</File>
<Timelines>
<Transcode startTime="22514" endTime="22534" complete="1" fileType="av" variant="7426bebc-cf75-4c5c-b07b-c79c99f93ac1" />
</Timelines>
</Segment>
<Segment duration="4307" startOffset="2742854" endOffset="2747161">
<File name="chunk-00467" type="av">
<FileVariant size="79" variant="7426bebc-cf75-4c5c-b07b-c79c99f93ac1" />
</File>
<Timelines>
<Transcode startTime="22534" endTime="22606" complete="1" fileType="av" variant="7426bebc-cf75-4c5c-b07b-c79c99f93ac1" />
</Timelines>
</Segment>
<Segment duration="2306" startOffset="2748511" endOffset="2750817">
<File name="chunk-00468" type="av">
<FileVariant size="59" variant="7426bebc-cf75-4c5c-b07b-c79c99f93ac1" />
</File>
<Timelines>
<Transcode startTime="22606" endTime="22612" complete="1" fileType="av" variant="7426bebc-cf75-4c5c-b07b-c79c99f93ac1" />
</Timelines>
</Segment>
<Segment duration="2653" startOffset="2750818" endOffset="2753472">
<File name="chunk-00469" type="av">
<FileVariant size="57" variant="7426bebc-cf75-4c5c-b07b-c79c99f93ac1" />
</File>
<Timelines>
<Transcode startTime="22612" endTime="22729" complete="1" fileType="av" variant="7426bebc-cf75-4c5c-b07b-c79c99f93ac1" />
</Timelines>
</Segment>
<Segment duration="1521" startOffset="2755736" endOffset="2757258">
<File name="chunk-00470" type="av">
<FileVariant size="46" variant="7426bebc-cf75-4c5c-b07b-c79c99f93ac1" />
</File>
<Timelines>
<Transcode startTime="22729" endTime="22769" complete="1" fileType="av" variant="7426bebc-cf75-4c5c-b07b-c79c99f93ac1" />
</Timelines>
</Segment>
<Segment duration="1565" startOffset="2757259" endOffset="2758825">
<File name="chunk-00471" type="av">
<FileVariant size="61" variant="7426bebc-cf75-4c5c-b07b-c79c99f93ac1" />
</File>
<Timelines>
<Transcode startTime="22769" endTime="22773" complete="1" fileType="av" variant="7426bebc-cf75-4c5c-b07b-c79c99f93ac1" />
</Timelines>
</Segment>
<Segment duration="1958" startOffset="2758826" endOffset="2760784">
<File name="chunk-00472" type="av">
<FileVariant size="65" variant="7426bebc-cf75-4c5c-b07b-c79c99f93ac1" />
</File>
<Timelines>
<Transcode startTime="22773" endTime="22818" complete="1" fileType="av" variant="7426bebc-cf75-4c5c-b07b-c79c99f93ac1" />
</Timelines>
</Segment>
<Segment duration="1304" startOffset="2760785" endOffset="2762089">
<File name="chunk-00473" type="av">
<FileVariant size="43" variant="7426bebc-cf75-4c5c-b07b-c79c99f93ac1" />
</File>
<Timelines>
<Transcode startTime="22818" endTime="22819" complete="1" fileType="av" variant="7426bebc-cf75-4c5c-b07b-c79c99f93ac1" />
</Timelines>
</Segment>
<Segment duration="2348" startOffset="2762090" endOffset="2764439">
<File name="chunk-00474" type="av">
<FileVariant size="81" variant="7426bebc-cf75-4c5c-b07b-c79c99f93ac1" />
</File>
<Timelines>
<Transcode startTime="22819" endTime="22859" complete="1" fileType="av" variant="7426bebc-cf75-4c5c-b07b-c79c99f93ac1" />
</Timelines>
</Segment>
<Segment duration="957" startOffset="2765528" endOffset="2766485">
<File name="chunk-00475" type="av">
<FileVariant size="45" variant="7426bebc-cf75-4c5c-b07b-c79c99f93ac1" />
</File>
<Timelines>
<Transcode startTime="22859" endTime="22917" complete="1" fileType="av" variant="7426bebc-cf75-4c5c-b07b-c79c99f93ac1" />
</Timelines>
</Segment>
<Segment duration="2958" startOffset="2767530" endOffset="2770489">
<File name="chunk-00476" type="av">
<FileVariant size="62" variant="7426bebc-cf75-4c5c-b07b-c79c99f93ac1" />
</File>
<Timelines>
<Transcode startTime="22917" endTime="23042" complete="1" fileType="av" variant="7426bebc-cf75-4c5c-b07b-c79c99f93ac1" />
</Timelines>
</Segment>
<Segment duration="3523" startOffset="2772318" endOffset="2775842">
<File name="chunk-00477" type="av">
<FileVariant size="85" variant="7426bebc-cf75-4c5c-b07b-c79c99f93ac1" />
</File>
<Timelines>
<Transcode startTime="23042" endTime="23117" complete="1" fileType="av" variant="7426bebc-cf75-4c5c-b07b-c79c99f93ac1" />
</Timelines>
</Segment>
<Segment duration="1260" startOffset="2775843" endOffset="2777104">
<File name="chunk-00478" type="av">
<FileVariant size="52" variant="7426bebc-cf75-4c5c-b07b-c79c99f93ac1" />
</File>
<Timelines>
<Transcode startTime="23117" endTime="23122" complete="1" fileType="av" variant="7426bebc-cf75-4c5c-b07b-c79c99f93ac1" />
</Timelines>
</Segment>
<Segment duration="1086" startOffset="2777105" endOffset="2778192">
<File name="chunk-00479" type="av">
<FileVariant size="58" variant="7426bebc-cf75-4c5c-b07b-c79c99f93ac1" />
</File>
<Timelines>
<Transcode startTime="23122" endTime="23149" complete="1" fileType="av" variant="7426bebc-cf75-4c5c-b07b-c79c99f93ac1" />
</Timelines>
</Segment>
<Segment duration="1173" startOffset="2778193" endOffset="2779367">
<File name="chunk-00480" type="av">
<FileVariant size="55" variant="7426bebc-cf75-4c5c-b07b-c79c99f93ac1" />
</File>
<Timelines>
<Transcode startTime="23149" endTime="23159" complete="1" fileType="av" variant="7426bebc-cf75-4c5c-b07b-c79c99f93ac1" />
</Timelines>
</Segment>
<Segment duration="3568" startOffset="2779368" endOffset="2782936">
<File name="chunk-00481" type="av">
<FileVariant size="77" variant="7426bebc-cf75-4c5c-b07b-c79c99f93ac1" />
</File>
<Timelines>
<Transcode startTime="23159" endTime="23240" complete="1" fileType="av" variant="7426bebc-cf75-4c5c-b07b-c79c99f93ac1" />
</Timelines>
</Segment>
<Segment duration="1914" startOffset="2782937" endOffset="2784851">
<File name="chunk-00482" type="av">
<FileVariant size="76" variant="7426bebc-cf75-4c5c-b07b-c79c99f93ac1" />
</File>
<Timelines>
<Transcode startTime="23240" endTime="23293" complete="1" fileType="av" variant="7426bebc-cf75-4c5c-b07b-c79c99f93ac1" />
</Timelines>
</Segment>
<Segment duration="3394" startOffset="2784852" endOffset="2788246">
<File name="chunk-00483" type="av">
<FileVariant size="59" variant="7426bebc-cf75-4c5c-b07b-c79c99f93ac1" />
</File>
<Timelines>
<Transcode startTime="23293" endTime="23353" complete="1" fileType="av" variant="7426bebc-cf75-4c5c-b07b-c79c99f93ac1" />
</Timelines>
</Segment>
<Segment duration="3088" startOffset="2796690" endOffset="2799779">
<File name="chunk-00484" type="av">
<FileVariant size="44" variant="7426bebc-cf75-4c5c-b07b-c79c99f93ac1" />
</File>
<Timelines>
<Transcode startTime="23353" endTime="23397" complete="1" fileType="av" variant="7426bebc-cf75-4c5c-b07b-c79c99f93ac1" />
</Timelines>
</Segment>
<Segment duration="2783" startOffset="2799780" endOffset="2802564">
<File name="chunk-00485" type="av">
<FileVariant size="69" variant="7426bebc-cf75-4c5c-b07b-c79c99f93ac1" />
</File>
<Timelines>
<Transcode startTime="23397" endTime="23435" complete="1" fileType="av" variant="7426bebc-cf75-4c5c-b07b-c79c99f93ac1" />
</Timelines>
</Segment>
<Segment duration="1697" startOffset="2802565" endOffset="2804262">
<File name="chunk-00486" type="av">
<FileVariant size="46" variant="7426bebc-cf75-4c5c-b07b-c79c99f93ac1" />
</File>
<Timelines>
<Transcode startTime="23435" endTime="23441" complete="1" fileType="av" variant="7426bebc-cf75-4c5c-b07b-c79c99f93ac1" />
</Timelines>
</Segment>
<Segment duration="1608" startOffset="2804263" endOffset="2805872">
<File name="chunk-00487" type="av">
<FileVariant size="54" variant="7426bebc-cf75-4c5c-b07b-c79c99f93ac1" />
</File>
<Timelines>
<Transcode startTime="23441" endTime="23469" complete="1" fileType="av" variant="7426bebc-cf75-4c5c-b07b-c79c99f93ac1" />
</Timelines>
</Segment>
<Segment duration="2219" startOffset="2805873" endOffset="2808092">
<File name="chunk-00488" type="av">
<FileVariant size="60" variant="7426bebc-cf75-4c5c-b07b-c79c99f93ac1" />
</File>
<Timelines>
<Transcode startTime="23469" endTime="23489" complete="1" fileType="av" variant="7426bebc-cf75-4c5c-b07b-c79c99f93ac1" />
</Timelines>
</Segment>
<Segment duration="1652" startOffset="2811139" endOffset="2812792">
<File name="chunk-00489" type="av">
<FileVariant size="39" variant="7426bebc-cf75-4c5c-b07b-c79c99f93ac1" />
</File>
<Timelines>
<Transcode startTime="23489" endTime="23490" complete="1" fileType="av" variant="7426bebc-cf75-4c5c-b07b-c79c99f93ac1" />
</Timelines>
</Segment>
<Segment duration="2696" startOffset="2812793" endOffset="2815490">
<File name="chunk-00490" type="av">
<FileVariant size="62" variant="7426bebc-cf75-4c5c-b07b-c79c99f93ac1" />
</File>
<Timelines>
<Transcode startTime="23490" endTime="23571" complete="1" fileType="av" variant="7426bebc-cf75-4c5c-b07b-c79c99f93ac1" />
</Timelines>
</Segment>
<Segment duration="3568" startOffset="2815491" endOffset="2819059">
<File name="chunk-00491" type="av">
<FileVariant size="81" variant="7426bebc-cf75-4c5c-b07b-c79c99f93ac1" />
</File>
<Timelines>
<Transcode startTime="23571" endTime="23613" complete="1" fileType="av" variant="7426bebc-cf75-4c5c-b07b-c79c99f93ac1" />
</Timelines>
</Segment>
<Segment duration="4481" startOffset="2819060" endOffset="2823542">
<File name="chunk-00492" type="av">
<FileVariant size="87" variant="7426bebc-cf75-4c5c-b07b-c79c99f93ac1" />
</File>
<Timelines>
<Transcode startTime="23613" endTime="23656" complete="1" fileType="av" variant="7426bebc-cf75-4c5c-b07b-c79c99f93ac1" />
</Timelines>
</Segment>
<Segment duration="2000" startOffset="2823543" endOffset="2825544">
<File name="chunk-00493" type="av">
<FileVariant size="50" variant="7426bebc-cf75-4c5c-b07b-c79c99f93ac1" />
</File>
<Timelines>
<Transcode startTime="23656" endTime="23662" complete="1" fileType="av" variant="7426bebc-cf75-4c5c-b07b-c79c99f93ac1" />
</Timelines>
</Segment>
<Segment duration="4090" startOffset="2825545" endOffset="2829635">
<File name="chunk-00494" type="av">
<FileVariant size="92" variant="7426bebc-cf75-4c5c-b07b-c79c99f93ac1" />
</File>
<Timelines>
<Transcode startTime="23662" endTime="23702" complete="1" fileType="av" variant="7426bebc-cf75-4c5c-b07b-c79c99f93ac1" />
</Timelines>
</Segment>
<Segment duration="1914" startOffset="2829636" endOffset="2831550">
<File name="chunk-00495" type="av">
<FileVariant size="44" variant="7426bebc-cf75-4c5c-b07b-c79c99f93ac1" />
</File>
<Timelines>
<Transcode startTime="23702" endTime="23708" complete="1" fileType="av" variant="7426bebc-cf75-4c5c-b07b-c79c99f93ac1" />
</Timelines>
</Segment>
<Segment duration="1827" startOffset="2831551" endOffset="2833378">
<File name="chunk-00496" type="av">
<FileVariant size="63" variant="7426bebc-cf75-4c5c-b07b-c79c99f93ac1" />
</File>
<Timelines>
<Transcode startTime="23708" endTime="23771" complete="1" fileType="av" variant="7426bebc-cf75-4c5c-b07b-c79c99f93ac1" />
</Timelines>
</Segment>
<Segment duration="2958" startOffset="2833379" endOffset="2836337">
<File name="chunk-00497" type="av">
<FileVariant size="84" variant="7426bebc-cf75-4c5c-b07b-c79c99f93ac1" />
</File>
<Timelines>
<Transcode startTime="23771" endTime="23776" complete="1" fileType="av" variant="7426bebc-cf75-4c5c-b07b-c79c99f93ac1" />
</Timelines>
</Segment>
<Segment duration="2523" startOffset="2836338" endOffset="2838862">
<File name="chunk-00498" type="av">
<FileVariant size="70" variant="7426bebc-cf75-4c5c-b07b-c79c99f93ac1" />
</File>
<Timelines>
<Transcode startTime="23776" endTime="23824" complete="1" fileType="av" variant="7426bebc-cf75-4c5c-b07b-c79c99f93ac1" />
</Timelines>
</Segment>
<Segment duration="2131" startOffset="2838863" endOffset="2840994">
<File name="chunk-00499" type="av">
<FileVariant size="62" variant="7426bebc-cf75-4c5c-b07b-c79c99f93ac1" />
</File>
<Timelines>
<Transcode startTime="23824" endTime="23833" complete="1" fileType="av" variant="7426bebc-cf75-4c5c-b07b-c79c99f93ac1" />
</Timelines>
</Segment>
<Segment duration="2262" startOffset="2840995" endOffset="2843257">
<File name="chunk-00500" type="av">
<FileVariant size="79" variant="7426bebc-cf75-4c5c-b07b-c79c99f93ac1" />
</File>
<Timelines>
<Transcode startTime="23833" endTime="23876" complete="1" fileType="av" variant="7426bebc-cf75-4c5c-b07b-c79c99f93ac1" />
</Timelines>
</Segment>
<Segment duration="3089" startOffset="2843258" endOffset="2846347">
<File name="chunk-00501" type="av">
<FileVariant size="67" variant="7426bebc-cf75-4c5c-b07b-c79c99f93ac1" />
</File>
<Timelines>
<Transcode startTime="23876" endTime="23915" complete="1" fileType="av" variant="7426bebc-cf75-4c5c-b07b-c79c99f93ac1" />
</Timelines>
</Segment>
<Segment duration="1130" startOffset="2846348" endOffset="2847479">
<File name="chunk-00502" type="av">
<FileVariant size="57" variant="7426bebc-cf75-4c5c-b07b-c79c99f93ac1" />
</File>
<Timelines>
<Transcode startTime="23915" endTime="23917" complete="1" fileType="av" variant="7426bebc-cf75-4c5c-b07b-c79c99f93ac1" />
</Timelines>
</Segment>
<Segment duration="1130" startOffset="2847480" endOffset="2848610">
<File name="chunk-00503" type="av">
<FileVariant size="54" variant="7426bebc-cf75-4c5c-b07b-c79c99f93ac1" />
</File>
<Timelines>
<Transcode startTime="23917" endTime="23919" complete="1" fileType="av" variant="7426bebc-cf75-4c5c-b07b-c79c99f93ac1" />
</Timelines>
</Segment>
<Segment duration="2872" startOffset="2848611" endOffset="2851483">
<File name="chunk-00504" type="av">
<FileVariant size="62" variant="7426bebc-cf75-4c5c-b07b-c79c99f93ac1" />
</File>
<Timelines>
<Transcode startTime="23919" endTime="23964" complete="1" fileType="av" variant="7426bebc-cf75-4c5c-b07b-c79c99f93ac1" />
</Timelines>
</Segment>
<Segment duration="2393" startOffset="2851484" endOffset="2853877">
<File name="chunk-00505" type="av">
<FileVariant size="69" variant="7426bebc-cf75-4c5c-b07b-c79c99f93ac1" />
</File>
<Timelines>
<Transcode startTime="23964" endTime="23996" complete="1" fileType="av" variant="7426bebc-cf75-4c5c-b07b-c79c99f93ac1" />
</Timelines>
</Segment>
<Segment duration="3088" startOffset="2853878" endOffset="2856967">
<File name="chunk-00506" type="av">
<FileVariant size="80" variant="7426bebc-cf75-4c5c-b07b-c79c99f93ac1" />
</File>
<Timelines>
<Transcode startTime="23996" endTime="24049" complete="1" fileType="av" variant="7426bebc-cf75-4c5c-b07b-c79c99f93ac1" />
</Timelines>
</Segment>
<Segment duration="1739" startOffset="2856968" endOffset="2858707">
<File name="chunk-00507" type="av">
<FileVariant size="51" variant="7426bebc-cf75-4c5c-b07b-c79c99f93ac1" />
</File>
<Timelines>
<Transcode startTime="24049" endTime="24054" complete="1" fileType="av" variant="7426bebc-cf75-4c5c-b07b-c79c99f93ac1" />
</Timelines>
</Segment>
<Segment duration="3654" startOffset="2858708" endOffset="2862363">
<File name="chunk-00508" type="av">
<FileVariant size="60" variant="7426bebc-cf75-4c5c-b07b-c79c99f93ac1" />
</File>
<Timelines>
<Transcode startTime="24054" endTime="24099" complete="1" fileType="av" variant="7426bebc-cf75-4c5c-b07b-c79c99f93ac1" />
</Timelines>
</Segment>
<Segment duration="2653" startOffset="2862364" endOffset="2865018">
<File name="chunk-00509" type="av">
<FileVariant size="78" variant="7426bebc-cf75-4c5c-b07b-c79c99f93ac1" />
</File>
<Timelines>
<Transcode startTime="24099" endTime="24140" complete="1" fileType="av" variant="7426bebc-cf75-4c5c-b07b-c79c99f93ac1" />
</Timelines>
</Segment>
<Segment duration="3350" startOffset="2865019" endOffset="2868369">
<File name="chunk-00510" type="av">
<FileVariant size="93" variant="7426bebc-cf75-4c5c-b07b-c79c99f93ac1" />
</File>
<Timelines>
<Transcode startTime="24140" endTime="24244" complete="1" fileType="av" variant="7426bebc-cf75-4c5c-b07b-c79c99f93ac1" />
</Timelines>
</Segment>
<Segment duration="3088" startOffset="2870503" endOffset="2873592">
<File name="chunk-00511" type="av">
<FileVariant size="72" variant="7426bebc-cf75-4c5c-b07b-c79c99f93ac1" />
</File>
<Timelines>
<Transcode startTime="24244" endTime="24288" complete="1" fileType="av" variant="7426bebc-cf75-4c5c-b07b-c79c99f93ac1" />
</Timelines>
</Segment>
<Segment duration="2088" startOffset="2873593" endOffset="2875681">
<File name="chunk-00512" type="av">
<FileVariant size="57" variant="7426bebc-cf75-4c5c-b07b-c79c99f93ac1" />
</File>
<Timelines>
<Transcode startTime="24288" endTime="24333" complete="1" fileType="av" variant="7426bebc-cf75-4c5c-b07b-c79c99f93ac1" />
</Timelines>
</Segment>
<Segment duration="2393" startOffset="2875682" endOffset="2878075">
<File name="chunk-00513" type="av">
<FileVariant size="44" variant="7426bebc-cf75-4c5c-b07b-c79c99f93ac1" />
</File>
<Timelines>
<Transcode startTime="24333" endTime="24384" complete="1" fileType="av" variant="7426bebc-cf75-4c5c-b07b-c79c99f93ac1" />
</Timelines>
</Segment>
<Segment duration="1739" startOffset="2878076" endOffset="2879815">
<File name="chunk-00514" type="av">
<FileVariant size="52" variant="7426bebc-cf75-4c5c-b07b-c79c99f93ac1" />
</File>
<Timelines>
<Transcode startTime="24384" endTime="24423" complete="1" fileType="av" variant="7426bebc-cf75-4c5c-b07b-c79c99f93ac1" />
</Timelines>
</Segment>
<Segment duration="2567" startOffset="2879816" endOffset="2882383">
<File name="chunk-00515" type="av">
<FileVariant size="62" variant="7426bebc-cf75-4c5c-b07b-c79c99f93ac1" />
</File>
<Timelines>
<Transcode startTime="24423" endTime="24460" complete="1" fileType="av" variant="7426bebc-cf75-4c5c-b07b-c79c99f93ac1" />
</Timelines>
</Segment>
<Segment duration="1523" startOffset="2882384" endOffset="2883907">
<File name="chunk-00516" type="av">
<FileVariant size="72" variant="7426bebc-cf75-4c5c-b07b-c79c99f93ac1" />
</File>
<Timelines>
<Transcode startTime="24460" endTime="24571" complete="1" fileType="av" variant="7426bebc-cf75-4c5c-b07b-c79c99f93ac1" />
</Timelines>
</Segment>
<Segment duration="1000" startOffset="2886823" endOffset="2887823">
<File name="chunk-00517" type="av">
<FileVariant size="42" variant="7426bebc-cf75-4c5c-b07b-c79c99f93ac1" />
</File>
<Timelines>
<Transcode startTime="24571" endTime="24832" complete="1" fileType="av" variant="7426bebc-cf75-4c5c-b07b-c79c99f93ac1" />
</Timelines>
</Segment>
<Segment duration="1522" startOffset="2895528" endOffset="2897050">
<File name="chunk-00518" type="av">
<FileVariant size="41" variant="7426bebc-cf75-4c5c-b07b-c79c99f93ac1" />
</File>
<Timelines>
<Transcode startTime="24832" endTime="25075" complete="1" fileType="av" variant="7426bebc-cf75-4c5c-b07b-c79c99f93ac1" />
</Timelines>
</Segment>
<Segment duration="2263" startOffset="2902796" endOffset="2905059">
<File name="chunk-00519" type="av">
<FileVariant size="72" variant="7426bebc-cf75-4c5c-b07b-c79c99f93ac1" />
</File>
<Timelines>
<Transcode startTime="25075" endTime="25103" complete="1" fileType="av" variant="7426bebc-cf75-4c5c-b07b-c79c99f93ac1" />
</Timelines>
</Segment>
<Segment duration="1871" startOffset="2906234" endOffset="2908105">
<File name="chunk-00520" type="av">
<FileVariant size="52" variant="7426bebc-cf75-4c5c-b07b-c79c99f93ac1" />
</File>
<Timelines>
<Transcode startTime="25103" endTime="25111" complete="1" fileType="av" variant="7426bebc-cf75-4c5c-b07b-c79c99f93ac1" />
</Timelines>
</Segment>
<Segment duration="1087" startOffset="2908106" endOffset="2909194">
<File name="chunk-00521" type="av">
<FileVariant size="40" variant="7426bebc-cf75-4c5c-b07b-c79c99f93ac1" />
</File>
<Timelines>
<Transcode startTime="25111" endTime="25144" complete="1" fileType="av" variant="7426bebc-cf75-4c5c-b07b-c79c99f93ac1" />
</Timelines>
</Segment>
<Segment duration="1392" startOffset="2910412" endOffset="2911804">
<File name="chunk-00522" type="av">
<FileVariant size="46" variant="7426bebc-cf75-4c5c-b07b-c79c99f93ac1" />
</File>
<Timelines>
<Transcode startTime="25144" endTime="25182" complete="1" fileType="av" variant="7426bebc-cf75-4c5c-b07b-c79c99f93ac1" />
</Timelines>
</Segment>
<Segment duration="3307" startOffset="2913415" endOffset="2916722">
<File name="chunk-00523" type="av">
<FileVariant size="41" variant="7426bebc-cf75-4c5c-b07b-c79c99f93ac1" />
</File>
<Timelines>
<Transcode startTime="25182" endTime="25220" complete="1" fileType="av" variant="7426bebc-cf75-4c5c-b07b-c79c99f93ac1" />
</Timelines>
</Segment>
<Segment duration="1782" startOffset="2916723" endOffset="2918506">
<File name="chunk-00524" type="av">
<FileVariant size="41" variant="7426bebc-cf75-4c5c-b07b-c79c99f93ac1" />
</File>
<Timelines>
<Transcode startTime="25220" endTime="25304" complete="1" fileType="av" variant="7426bebc-cf75-4c5c-b07b-c79c99f93ac1" />
</Timelines>
</Segment>
<Segment duration="1956" startOffset="2919639" endOffset="2921596">
<File name="chunk-00525" type="av">
<FileVariant size="45" variant="7426bebc-cf75-4c5c-b07b-c79c99f93ac1" />
</File>
<Timelines>
<Transcode startTime="25304" endTime="25324" complete="1" fileType="av" variant="7426bebc-cf75-4c5c-b07b-c79c99f93ac1" />
</Timelines>
</Segment>
<Segment duration="2436" startOffset="2921597" endOffset="2924034">
<File name="chunk-00526" type="av">
<FileVariant size="53" variant="7426bebc-cf75-4c5c-b07b-c79c99f93ac1" />
</File>
<Timelines>
<Transcode startTime="25324" endTime="25358" complete="1" fileType="av" variant="7426bebc-cf75-4c5c-b07b-c79c99f93ac1" />
</Timelines>
</Segment>
<Segment duration="1565" startOffset="2924035" endOffset="2925600">
<File name="chunk-00527" type="av">
<FileVariant size="47" variant="7426bebc-cf75-4c5c-b07b-c79c99f93ac1" />
</File>
<Timelines>
<Transcode startTime="25358" endTime="25436" complete="1" fileType="av" variant="7426bebc-cf75-4c5c-b07b-c79c99f93ac1" />
</Timelines>
</Segment>
<Segment duration="1087" startOffset="2927429" endOffset="2928517">
<File name="chunk-00528" type="av">
<FileVariant size="45" variant="7426bebc-cf75-4c5c-b07b-c79c99f93ac1" />
</File>
<Timelines>
<Transcode startTime="25436" endTime="25570" complete="1" fileType="av" variant="7426bebc-cf75-4c5c-b07b-c79c99f93ac1" />
</Timelines>
</Segment>
<Segment duration="1130" startOffset="2932434" endOffset="2933565">
<File name="chunk-00529" type="av">
<FileVariant size="45" variant="7426bebc-cf75-4c5c-b07b-c79c99f93ac1" />
</File>
<Timelines>
<Transcode startTime="25570" endTime="25682" complete="1" fileType="av" variant="7426bebc-cf75-4c5c-b07b-c79c99f93ac1" />
</Timelines>
</Segment>
<Segment duration="1608" startOffset="2941139" endOffset="2942748">
<File name="chunk-00530" type="av">
<FileVariant size="58" variant="7426bebc-cf75-4c5c-b07b-c79c99f93ac1" />
</File>
<Timelines>
<Transcode startTime="25682" endTime="25738" complete="1" fileType="av" variant="7426bebc-cf75-4c5c-b07b-c79c99f93ac1" />
</Timelines>
</Segment>
<Segment duration="1305" startOffset="2948450" endOffset="2949755">
<File name="chunk-00531" type="av">
<FileVariant size="46" variant="7426bebc-cf75-4c5c-b07b-c79c99f93ac1" />
</File>
<Timelines>
<Transcode startTime="25738" endTime="25743" complete="1" fileType="av" variant="7426bebc-cf75-4c5c-b07b-c79c99f93ac1" />
</Timelines>
</Segment>
<Segment duration="913" startOffset="2949756" endOffset="2950669">
<File name="chunk-00532" type="av">
<FileVariant size="40" variant="7426bebc-cf75-4c5c-b07b-c79c99f93ac1" />
</File>
<Timelines>
<Transcode startTime="25743" endTime="25795" complete="1" fileType="av" variant="7426bebc-cf75-4c5c-b07b-c79c99f93ac1" />
</Timelines>
</Segment>
<Segment duration="914" startOffset="2954500" endOffset="2955414">
<File name="chunk-00533" type="av">
<FileVariant size="41" variant="7426bebc-cf75-4c5c-b07b-c79c99f93ac1" />
</File>
<Timelines>
<Transcode startTime="25795" endTime="25856" complete="1" fileType="av" variant="7426bebc-cf75-4c5c-b07b-c79c99f93ac1" />
</Timelines>
</Segment>
<Segment duration="1173" startOffset="2960071" endOffset="2961245">
<File name="chunk-00534" type="av">
<FileVariant size="40" variant="7426bebc-cf75-4c5c-b07b-c79c99f93ac1" />
</File>
<Timelines>
<Transcode startTime="25856" endTime="25875" complete="1" fileType="av" variant="7426bebc-cf75-4c5c-b07b-c79c99f93ac1" />
</Timelines>
</Segment>
<Segment duration="1653" startOffset="2963683" endOffset="2965337">
<File name="chunk-00535" type="av">
<FileVariant size="41" variant="7426bebc-cf75-4c5c-b07b-c79c99f93ac1" />
</File>
<Timelines>
<Transcode startTime="25875" endTime="25899" complete="1" fileType="av" variant="7426bebc-cf75-4c5c-b07b-c79c99f93ac1" />
</Timelines>
</Segment>
<Segment duration="1087" startOffset="2965902" endOffset="2966990">
<File name="chunk-00536" type="av">
<FileVariant size="40" variant="7426bebc-cf75-4c5c-b07b-c79c99f93ac1" />
</File>
<Timelines>
<Transcode startTime="25899" endTime="26120" complete="1" fileType="av" variant="7426bebc-cf75-4c5c-b07b-c79c99f93ac1" />
</Timelines>
</Segment>
<Segment duration="1174" startOffset="2979438" endOffset="2980613">
<File name="chunk-00537" type="av">
<FileVariant size="45" variant="7426bebc-cf75-4c5c-b07b-c79c99f93ac1" />
</File>
<Timelines>
<Transcode startTime="26120" endTime="26556" complete="1" fileType="av" variant="7426bebc-cf75-4c5c-b07b-c79c99f93ac1" />
</Timelines>
</Segment>
<Segment duration="1522" startOffset="2997934" endOffset="2999457">
<File name="chunk-00538" type="av">
<FileVariant size="43" variant="7426bebc-cf75-4c5c-b07b-c79c99f93ac1" />
</File>
<Timelines>
<Transcode startTime="26556" endTime="26557" complete="1" fileType="av" variant="7426bebc-cf75-4c5c-b07b-c79c99f93ac1" />
</Timelines>
</Segment>
<Segment duration="1174" startOffset="2999458" endOffset="3000633">
<File name="chunk-00539" type="av">
<FileVariant size="41" variant="7426bebc-cf75-4c5c-b07b-c79c99f93ac1" />
</File>
<Timelines>
<Transcode startTime="26557" endTime="26711" complete="1" fileType="av" variant="7426bebc-cf75-4c5c-b07b-c79c99f93ac1" />
</Timelines>
</Segment>
<Segment duration="2478" startOffset="3003027" endOffset="3005506">
<File name="chunk-00540" type="av">
<FileVariant size="51" variant="7426bebc-cf75-4c5c-b07b-c79c99f93ac1" />
</File>
<Timelines>
<Transcode startTime="26711" endTime="27212" complete="1" fileType="av" variant="7426bebc-cf75-4c5c-b07b-c79c99f93ac1" />
</Timelines>
</Segment>
<Segment duration="1521" startOffset="3023438" endOffset="3024960">
<File name="chunk-00541" type="av">
<FileVariant size="85" variant="7426bebc-cf75-4c5c-b07b-c79c99f93ac1" />
</File>
<Timelines>
<Transcode startTime="27212" endTime="27214" complete="1" fileType="av" variant="7426bebc-cf75-4c5c-b07b-c79c99f93ac1" />
</Timelines>
</Segment>
<Segment duration="1479" startOffset="3024961" endOffset="3026440">
<File name="chunk-00542" type="av">
<FileVariant size="59" variant="7426bebc-cf75-4c5c-b07b-c79c99f93ac1" />
</File>
<Timelines>
<Transcode startTime="27214" endTime="27214" complete="1" fileType="av" variant="7426bebc-cf75-4c5c-b07b-c79c99f93ac1" />
</Timelines>
</Segment>
<Segment duration="3612" startOffset="3026441" endOffset="3030053">
<File name="chunk-00543" type="av">
<FileVariant size="82" variant="7426bebc-cf75-4c5c-b07b-c79c99f93ac1" />
</File>
<Timelines>
<Transcode startTime="27214" endTime="27217" complete="1" fileType="av" variant="7426bebc-cf75-4c5c-b07b-c79c99f93ac1" />
</Timelines>
</Segment>
<Segment duration="1739" startOffset="3030054" endOffset="3031793">
<File name="chunk-00544" type="av">
<FileVariant size="68" variant="7426bebc-cf75-4c5c-b07b-c79c99f93ac1" />
</File>
<Timelines>
<Transcode startTime="27217" endTime="27218" complete="1" fileType="av" variant="7426bebc-cf75-4c5c-b07b-c79c99f93ac1" />
</Timelines>
</Segment>
<Segment duration="2393" startOffset="3031794" endOffset="3034187">
<File name="chunk-00545" type="av">
<FileVariant size="63" variant="7426bebc-cf75-4c5c-b07b-c79c99f93ac1" />
</File>
<Timelines>
<Transcode startTime="27218" endTime="27267" complete="1" fileType="av" variant="7426bebc-cf75-4c5c-b07b-c79c99f93ac1" />
</Timelines>
</Segment>
<Segment duration="3873" startOffset="3034188" endOffset="3038061">
<File name="chunk-00546" type="av">
<FileVariant size="76" variant="7426bebc-cf75-4c5c-b07b-c79c99f93ac1" />
</File>
<Timelines>
<Transcode startTime="27267" endTime="27272" complete="1" fileType="av" variant="7426bebc-cf75-4c5c-b07b-c79c99f93ac1" />
</Timelines>
</Segment>
<Segment duration="1869" startOffset="3038062" endOffset="3039932">
<File name="chunk-00547" type="av">
<FileVariant size="56" variant="7426bebc-cf75-4c5c-b07b-c79c99f93ac1" />
</File>
<Timelines>
<Transcode startTime="27272" endTime="27319" complete="1" fileType="av" variant="7426bebc-cf75-4c5c-b07b-c79c99f93ac1" />
</Timelines>
</Segment>
<Segment duration="1130" startOffset="3039933" endOffset="3041064">
<File name="chunk-00548" type="av">
<FileVariant size="40" variant="7426bebc-cf75-4c5c-b07b-c79c99f93ac1" />
</File>
<Timelines>
<Transcode startTime="27319" endTime="27370" complete="1" fileType="av" variant="7426bebc-cf75-4c5c-b07b-c79c99f93ac1" />
</Timelines>
</Segment>
<Segment duration="2043" startOffset="3042762" endOffset="3044806">
<File name="chunk-00549" type="av">
<FileVariant size="60" variant="7426bebc-cf75-4c5c-b07b-c79c99f93ac1" />
</File>
<Timelines>
<Transcode startTime="27370" endTime="27370" complete="1" fileType="av" variant="7426bebc-cf75-4c5c-b07b-c79c99f93ac1" />
</Timelines>
</Segment>
<Segment duration="1480" startOffset="3044807" endOffset="3046287">
<File name="chunk-00550" type="av">
<FileVariant size="46" variant="7426bebc-cf75-4c5c-b07b-c79c99f93ac1" />
</File>
<Timelines>
<Transcode startTime="27370" endTime="27413" complete="1" fileType="av" variant="7426bebc-cf75-4c5c-b07b-c79c99f93ac1" />
</Timelines>
</Segment>
<Segment duration="913" startOffset="3046983" endOffset="3047896">
<File name="chunk-00551" type="av">
<FileVariant size="47" variant="7426bebc-cf75-4c5c-b07b-c79c99f93ac1" />
</File>
<Timelines>
<Transcode startTime="27413" endTime="27458" complete="1" fileType="av" variant="7426bebc-cf75-4c5c-b07b-c79c99f93ac1" />
</Timelines>
</Segment>
<Segment duration="1782" startOffset="3049029" endOffset="3050812">
<File name="chunk-00552" type="av">
<FileVariant size="62" variant="7426bebc-cf75-4c5c-b07b-c79c99f93ac1" />
</File>
<Timelines>
<Transcode startTime="27458" endTime="27859" complete="1" fileType="av" variant="7426bebc-cf75-4c5c-b07b-c79c99f93ac1" />
</Timelines>
</Segment>
<Segment duration="870" startOffset="3069528" endOffset="3070398">
<File name="chunk-00553" type="av">
<FileVariant size="40" variant="7426bebc-cf75-4c5c-b07b-c79c99f93ac1" />
</File>
<Timelines>
<Transcode startTime="27859" endTime="28204" complete="1" fileType="av" variant="7426bebc-cf75-4c5c-b07b-c79c99f93ac1" />
</Timelines>
</Segment>
<Segment duration="1782" startOffset="3086545" endOffset="3088328">
<File name="chunk-00554" type="av">
<FileVariant size="52" variant="7426bebc-cf75-4c5c-b07b-c79c99f93ac1" />
</File>
<Timelines>
<Transcode startTime="28204" endTime="28209" complete="1" fileType="av" variant="7426bebc-cf75-4c5c-b07b-c79c99f93ac1" />
</Timelines>
</Segment>
<Segment duration="3088" startOffset="3088329" endOffset="3091418">
<File name="chunk-00555" type="av">
<FileVariant size="77" variant="7426bebc-cf75-4c5c-b07b-c79c99f93ac1" />
</File>
<Timelines>
<Transcode startTime="28209" endTime="28241" complete="1" fileType="av" variant="7426bebc-cf75-4c5c-b07b-c79c99f93ac1" />
</Timelines>
</Segment>
<Segment duration="1260" startOffset="3091419" endOffset="3092680">
<File name="chunk-00556" type="av">
<FileVariant size="52" variant="7426bebc-cf75-4c5c-b07b-c79c99f93ac1" />
</File>
<Timelines>
<Transcode startTime="28241" endTime="28245" complete="1" fileType="av" variant="7426bebc-cf75-4c5c-b07b-c79c99f93ac1" />
</Timelines>
</Segment>
<Segment duration="1436" startOffset="3092681" endOffset="3094117">
<File name="chunk-00557" type="av">
<FileVariant size="57" variant="7426bebc-cf75-4c5c-b07b-c79c99f93ac1" />
</File>
<Timelines>
<Transcode startTime="28245" endTime="28269" complete="1" fileType="av" variant="7426bebc-cf75-4c5c-b07b-c79c99f93ac1" />
</Timelines>
</Segment>
<Segment duration="1434" startOffset="3094118" endOffset="3095553">
<File name="chunk-00558" type="av">
<FileVariant size="46" variant="7426bebc-cf75-4c5c-b07b-c79c99f93ac1" />
</File>
<Timelines>
<Transcode startTime="28269" endTime="28278" complete="1" fileType="av" variant="7426bebc-cf75-4c5c-b07b-c79c99f93ac1" />
</Timelines>
</Segment>
<Segment duration="2000" startOffset="3095554" endOffset="3097555">
<File name="chunk-00559" type="av">
<FileVariant size="66" variant="7426bebc-cf75-4c5c-b07b-c79c99f93ac1" />
</File>
<Timelines>
<Transcode startTime="28278" endTime="28310" complete="1" fileType="av" variant="7426bebc-cf75-4c5c-b07b-c79c99f93ac1" />
</Timelines>
</Segment>
<Segment duration="1347" startOffset="3097556" endOffset="3098904">
<File name="chunk-00560" type="av">
<FileVariant size="43" variant="7426bebc-cf75-4c5c-b07b-c79c99f93ac1" />
</File>
<Timelines>
<Transcode startTime="28310" endTime="28340" complete="1" fileType="av" variant="7426bebc-cf75-4c5c-b07b-c79c99f93ac1" />
</Timelines>
</Segment>
<Segment duration="1304" startOffset="3098905" endOffset="3100210">
<File name="chunk-00561" type="av">
<FileVariant size="43" variant="7426bebc-cf75-4c5c-b07b-c79c99f93ac1" />
</File>
<Timelines>
<Transcode startTime="28340" endTime="28353" complete="1" fileType="av" variant="7426bebc-cf75-4c5c-b07b-c79c99f93ac1" />
</Timelines>
</Segment>
<Segment duration="1130" startOffset="3100211" endOffset="3101341">
<File name="chunk-00562" type="av">
<FileVariant size="49" variant="7426bebc-cf75-4c5c-b07b-c79c99f93ac1" />
</File>
<Timelines>
<Transcode startTime="28353" endTime="28385" complete="1" fileType="av" variant="7426bebc-cf75-4c5c-b07b-c79c99f93ac1" />
</Timelines>
</Segment>
<Segment duration="2480" startOffset="3101342" endOffset="3103822">
<File name="chunk-00563" type="av">
<FileVariant size="74" variant="7426bebc-cf75-4c5c-b07b-c79c99f93ac1" />
</File>
<Timelines>
<Transcode startTime="28385" endTime="28421" complete="1" fileType="av" variant="7426bebc-cf75-4c5c-b07b-c79c99f93ac1" />
</Timelines>
</Segment>
<Segment duration="2349" startOffset="3103823" endOffset="3106172">
<File name="chunk-00564" type="av">
<FileVariant size="62" variant="7426bebc-cf75-4c5c-b07b-c79c99f93ac1" />
</File>
<Timelines>
<Transcode startTime="28421" endTime="28446" complete="1" fileType="av" variant="7426bebc-cf75-4c5c-b07b-c79c99f93ac1" />
</Timelines>
</Segment>
<Segment duration="1609" startOffset="3106173" endOffset="3107782">
<File name="chunk-00565" type="av">
<FileVariant size="52" variant="7426bebc-cf75-4c5c-b07b-c79c99f93ac1" />
</File>
<Timelines>
<Transcode startTime="28446" endTime="28451" complete="1" fileType="av" variant="7426bebc-cf75-4c5c-b07b-c79c99f93ac1" />
</Timelines>
</Segment>
<Segment duration="1349" startOffset="3107783" endOffset="3109132">
<File name="chunk-00566" type="av">
<FileVariant size="49" variant="7426bebc-cf75-4c5c-b07b-c79c99f93ac1" />
</File>
<Timelines>
<Transcode startTime="28451" endTime="28493" complete="1" fileType="av" variant="7426bebc-cf75-4c5c-b07b-c79c99f93ac1" />
</Timelines>
</Segment>
<Segment duration="1914" startOffset="3111352" endOffset="3113266">
<File name="chunk-00567" type="av">
<FileVariant size="59" variant="7426bebc-cf75-4c5c-b07b-c79c99f93ac1" />
</File>
<Timelines>
<Transcode startTime="28493" endTime="28614" complete="1" fileType="av" variant="7426bebc-cf75-4c5c-b07b-c79c99f93ac1" />
</Timelines>
</Segment>
<Segment duration="2958" startOffset="3116096" endOffset="3119054">
<File name="chunk-00568" type="av">
<FileVariant size="82" variant="7426bebc-cf75-4c5c-b07b-c79c99f93ac1" />
</File>
<Timelines>
<Transcode startTime="28614" endTime="28655" complete="1" fileType="av" variant="7426bebc-cf75-4c5c-b07b-c79c99f93ac1" />
</Timelines>
</Segment>
<Segment duration="3525" startOffset="3119055" endOffset="3122580">
<File name="chunk-00569" type="av">
<FileVariant size="70" variant="7426bebc-cf75-4c5c-b07b-c79c99f93ac1" />
</File>
<Timelines>
<Transcode startTime="28655" endTime="28743" complete="1" fileType="av" variant="7426bebc-cf75-4c5c-b07b-c79c99f93ac1" />
</Timelines>
</Segment>
<Segment duration="1043" startOffset="3126150" endOffset="3127194">
<File name="chunk-00570" type="av">
<FileVariant size="40" variant="7426bebc-cf75-4c5c-b07b-c79c99f93ac1" />
</File>
<Timelines>
<Transcode startTime="28743" endTime="28789" complete="1" fileType="av" variant="7426bebc-cf75-4c5c-b07b-c79c99f93ac1" />
</Timelines>
</Segment>
<Segment duration="1782" startOffset="3128326" endOffset="3130109">
<File name="chunk-00571" type="av">
<FileVariant size="49" variant="7426bebc-cf75-4c5c-b07b-c79c99f93ac1" />
</File>
<Timelines>
<Transcode startTime="28789" endTime="28795" complete="1" fileType="av" variant="7426bebc-cf75-4c5c-b07b-c79c99f93ac1" />
</Timelines>
</Segment>
<Segment duration="3262" startOffset="3130110" endOffset="3133373">
<File name="chunk-00572" type="av">
<FileVariant size="61" variant="7426bebc-cf75-4c5c-b07b-c79c99f93ac1" />
</File>
<Timelines>
<Transcode startTime="28795" endTime="28850" complete="1" fileType="av" variant="7426bebc-cf75-4c5c-b07b-c79c99f93ac1" />
</Timelines>
</Segment>
<Segment duration="2523" startOffset="3133374" endOffset="3135897">
<File name="chunk-00573" type="av">
<FileVariant size="76" variant="7426bebc-cf75-4c5c-b07b-c79c99f93ac1" />
</File>
<Timelines>
<Transcode startTime="28850" endTime="28858" complete="1" fileType="av" variant="7426bebc-cf75-4c5c-b07b-c79c99f93ac1" />
</Timelines>
</Segment>
<Segment duration="1217" startOffset="3135898" endOffset="3137116">
<File name="chunk-00574" type="av">
<FileVariant size="41" variant="7426bebc-cf75-4c5c-b07b-c79c99f93ac1" />
</File>
<Timelines>
<Transcode startTime="28858" endTime="28858" complete="1" fileType="av" variant="7426bebc-cf75-4c5c-b07b-c79c99f93ac1" />
</Timelines>
</Segment>
<Segment duration="2914" startOffset="3137117" endOffset="3140032">
<File name="chunk-00575" type="av">
<FileVariant size="69" variant="7426bebc-cf75-4c5c-b07b-c79c99f93ac1" />
</File>
<Timelines>
<Transcode startTime="28858" endTime="28881" complete="1" fileType="av" variant="7426bebc-cf75-4c5c-b07b-c79c99f93ac1" />
</Timelines>
</Segment>
<Segment duration="2088" startOffset="3140033" endOffset="3142121">
<File name="chunk-00576" type="av">
<FileVariant size="71" variant="7426bebc-cf75-4c5c-b07b-c79c99f93ac1" />
</File>
<Timelines>
<Transcode startTime="28881" endTime="28905" complete="1" fileType="av" variant="7426bebc-cf75-4c5c-b07b-c79c99f93ac1" />
</Timelines>
</Segment>
<Segment duration="1260" startOffset="3142122" endOffset="3143383">
<File name="chunk-00577" type="av">
<FileVariant size="45" variant="7426bebc-cf75-4c5c-b07b-c79c99f93ac1" />
</File>
<Timelines>
<Transcode startTime="28905" endTime="28906" complete="1" fileType="av" variant="7426bebc-cf75-4c5c-b07b-c79c99f93ac1" />
</Timelines>
</Segment>
<Segment duration="2349" startOffset="3143384" endOffset="3145733">
<File name="chunk-00578" type="av">
<FileVariant size="67" variant="7426bebc-cf75-4c5c-b07b-c79c99f93ac1" />
</File>
<Timelines>
<Transcode startTime="28906" endTime="28955" complete="1" fileType="av" variant="7426bebc-cf75-4c5c-b07b-c79c99f93ac1" />
</Timelines>
</Segment>
<Segment duration="1306" startOffset="3145734" endOffset="3147040">
<File name="chunk-00579" type="av">
<FileVariant size="44" variant="7426bebc-cf75-4c5c-b07b-c79c99f93ac1" />
</File>
<Timelines>
<Transcode startTime="28955" endTime="29000" complete="1" fileType="av" variant="7426bebc-cf75-4c5c-b07b-c79c99f93ac1" />
</Timelines>
</Segment>
<Segment duration="2131" startOffset="3152785" endOffset="3154916">
<File name="chunk-00580" type="av">
<FileVariant size="66" variant="7426bebc-cf75-4c5c-b07b-c79c99f93ac1" />
</File>
<Timelines>
<Transcode startTime="29000" endTime="29033" complete="1" fileType="av" variant="7426bebc-cf75-4c5c-b07b-c79c99f93ac1" />
</Timelines>
</Segment>
<Segment duration="2349" startOffset="3154917" endOffset="3157267">
<File name="chunk-00581" type="av">
<FileVariant size="77" variant="7426bebc-cf75-4c5c-b07b-c79c99f93ac1" />
</File>
<Timelines>
<Transcode startTime="29033" endTime="29034" complete="1" fileType="av" variant="7426bebc-cf75-4c5c-b07b-c79c99f93ac1" />
</Timelines>
</Segment>
<Segment duration="1739" startOffset="3157268" endOffset="3159007">
<File name="chunk-00582" type="av">
<FileVariant size="50" variant="7426bebc-cf75-4c5c-b07b-c79c99f93ac1" />
</File>
<Timelines>
<Transcode startTime="29034" endTime="29066" complete="1" fileType="av" variant="7426bebc-cf75-4c5c-b07b-c79c99f93ac1" />
</Timelines>
</Segment>
<Segment duration="2611" startOffset="3159008" endOffset="3161619">
<File name="chunk-00583" type="av">
<FileVariant size="57" variant="7426bebc-cf75-4c5c-b07b-c79c99f93ac1" />
</File>
<Timelines>
<Transcode startTime="29066" endTime="29108" complete="1" fileType="av" variant="7426bebc-cf75-4c5c-b07b-c79c99f93ac1" />
</Timelines>
</Segment>
<Segment duration="2523" startOffset="3161620" endOffset="3164143">
<File name="chunk-00584" type="av">
<FileVariant size="66" variant="7426bebc-cf75-4c5c-b07b-c79c99f93ac1" />
</File>
<Timelines>
<Transcode startTime="29108" endTime="29150" complete="1" fileType="av" variant="7426bebc-cf75-4c5c-b07b-c79c99f93ac1" />
</Timelines>
</Segment>
<Segment duration="2697" startOffset="3165101" endOffset="3167799">
<File name="chunk-00585" type="av">
<FileVariant size="71" variant="7426bebc-cf75-4c5c-b07b-c79c99f93ac1" />
</File>
<Timelines>
<Transcode startTime="29150" endTime="29168" complete="1" fileType="av" variant="7426bebc-cf75-4c5c-b07b-c79c99f93ac1" />
</Timelines>
</Segment>
<Segment duration="3567" startOffset="3167800" endOffset="3171368">
<File name="chunk-00586" type="av">
<FileVariant size="90" variant="7426bebc-cf75-4c5c-b07b-c79c99f93ac1" />
</File>
<Timelines>
<Transcode startTime="29168" endTime="29201" complete="1" fileType="av" variant="7426bebc-cf75-4c5c-b07b-c79c99f93ac1" />
</Timelines>
</Segment>
<Segment duration="1608" startOffset="3171369" endOffset="3172978">
<File name="chunk-00587" type="av">
<FileVariant size="55" variant="7426bebc-cf75-4c5c-b07b-c79c99f93ac1" />
</File>
<Timelines>
<Transcode startTime="29201" endTime="29231" complete="1" fileType="av" variant="7426bebc-cf75-4c5c-b07b-c79c99f93ac1" />
</Timelines>
</Segment>
<Segment duration="1435" startOffset="3172979" endOffset="3174414">
<File name="chunk-00588" type="av">
<FileVariant size="45" variant="7426bebc-cf75-4c5c-b07b-c79c99f93ac1" />
</File>
<Timelines>
<Transcode startTime="29231" endTime="29296" complete="1" fileType="av" variant="7426bebc-cf75-4c5c-b07b-c79c99f93ac1" />
</Timelines>
</Segment>
<Segment duration="3175" startOffset="3174415" endOffset="3177591">
<File name="chunk-00589" type="av">
<FileVariant size="70" variant="7426bebc-cf75-4c5c-b07b-c79c99f93ac1" />
</File>
<Timelines>
<Transcode startTime="29296" endTime="29494" complete="1" fileType="av" variant="7426bebc-cf75-4c5c-b07b-c79c99f93ac1" />
</Timelines>
</Segment>
<Segment duration="2914" startOffset="3179159" endOffset="3182074">
<File name="chunk-00590" type="av">
<FileVariant size="58" variant="7426bebc-cf75-4c5c-b07b-c79c99f93ac1" />
</File>
<Timelines>
<Transcode startTime="29494" endTime="29546" complete="1" fileType="av" variant="7426bebc-cf75-4c5c-b07b-c79c99f93ac1" />
</Timelines>
</Segment>
<Segment duration="2871" startOffset="3182075" endOffset="3184946">
<File name="chunk-00591" type="av">
<FileVariant size="74" variant="7426bebc-cf75-4c5c-b07b-c79c99f93ac1" />
</File>
<Timelines>
<Transcode startTime="29546" endTime="29638" complete="1" fileType="av" variant="7426bebc-cf75-4c5c-b07b-c79c99f93ac1" />
</Timelines>
</Segment>
<Segment duration="2610" startOffset="3184947" endOffset="3187558">
<File name="chunk-00592" type="av">
<FileVariant size="76" variant="7426bebc-cf75-4c5c-b07b-c79c99f93ac1" />
</File>
<Timelines>
<Transcode startTime="29638" endTime="29691" complete="1" fileType="av" variant="7426bebc-cf75-4c5c-b07b-c79c99f93ac1" />
</Timelines>
</Segment>
<Segment duration="2087" startOffset="3187559" endOffset="3189647">
<File name="chunk-00593" type="av">
<FileVariant size="59" variant="7426bebc-cf75-4c5c-b07b-c79c99f93ac1" />
</File>
<Timelines>
<Transcode startTime="29691" endTime="29697" complete="1" fileType="av" variant="7426bebc-cf75-4c5c-b07b-c79c99f93ac1" />
</Timelines>
</Segment>
<Segment duration="1695" startOffset="3189648" endOffset="3191344">
<File name="chunk-00594" type="av">
<FileVariant size="44" variant="7426bebc-cf75-4c5c-b07b-c79c99f93ac1" />
</File>
<Timelines>
<Transcode startTime="29697" endTime="29772" complete="1" fileType="av" variant="7426bebc-cf75-4c5c-b07b-c79c99f93ac1" />
</Timelines>
</Segment>
<Segment duration="1087" startOffset="3197699" endOffset="3198787">
<File name="chunk-00595" type="av">
<FileVariant size="47" variant="7426bebc-cf75-4c5c-b07b-c79c99f93ac1" />
</File>
<Timelines>
<Transcode startTime="29772" endTime="29779" complete="1" fileType="av" variant="7426bebc-cf75-4c5c-b07b-c79c99f93ac1" />
</Timelines>
</Segment>
<Segment duration="2914" startOffset="3200049" endOffset="3202964">
<File name="chunk-00596" type="av">
<FileVariant size="61" variant="7426bebc-cf75-4c5c-b07b-c79c99f93ac1" />
</File>
<Timelines>
<Transcode startTime="29779" endTime="29815" complete="1" fileType="av" variant="7426bebc-cf75-4c5c-b07b-c79c99f93ac1" />
</Timelines>
</Segment>
<Segment duration="1957" startOffset="3202965" endOffset="3204923">
<File name="chunk-00597" type="av">
<FileVariant size="61" variant="7426bebc-cf75-4c5c-b07b-c79c99f93ac1" />
</File>
<Timelines>
<Transcode startTime="29815" endTime="29845" complete="1" fileType="av" variant="7426bebc-cf75-4c5c-b07b-c79c99f93ac1" />
</Timelines>
</Segment>
<Segment duration="1740" startOffset="3204924" endOffset="3206664">
<File name="chunk-00598" type="av">
<FileVariant size="60" variant="7426bebc-cf75-4c5c-b07b-c79c99f93ac1" />
</File>
<Timelines>
<Transcode startTime="29845" endTime="29847" complete="1" fileType="av" variant="7426bebc-cf75-4c5c-b07b-c79c99f93ac1" />
</Timelines>
</Segment>
<Segment duration="2175" startOffset="3206665" endOffset="3208840">
<File name="chunk-00599" type="av">
<FileVariant size="50" variant="7426bebc-cf75-4c5c-b07b-c79c99f93ac1" />
</File>
<Timelines>
<Transcode startTime="29847" endTime="29850" complete="1" fileType="av" variant="7426bebc-cf75-4c5c-b07b-c79c99f93ac1" />
</Timelines>
</Segment>
<Segment duration="2567" startOffset="3208841" endOffset="3211408">
<File name="chunk-00600" type="av">
<FileVariant size="74" variant="7426bebc-cf75-4c5c-b07b-c79c99f93ac1" />
</File>
<Timelines>
<Transcode startTime="29850" endTime="29882" complete="1" fileType="av" variant="7426bebc-cf75-4c5c-b07b-c79c99f93ac1" />
</Timelines>
</Segment>
<Segment duration="2871" startOffset="3211409" endOffset="3214280">
<File name="chunk-00601" type="av">
<FileVariant size="82" variant="7426bebc-cf75-4c5c-b07b-c79c99f93ac1" />
</File>
<Timelines>
<Transcode startTime="29882" endTime="29886" complete="1" fileType="av" variant="7426bebc-cf75-4c5c-b07b-c79c99f93ac1" />
</Timelines>
</Segment>
<Segment duration="2306" startOffset="3214281" endOffset="3216587">
<File name="chunk-00602" type="av">
<FileVariant size="52" variant="7426bebc-cf75-4c5c-b07b-c79c99f93ac1" />
</File>
<Timelines>
<Transcode startTime="29886" endTime="29925" complete="1" fileType="av" variant="7426bebc-cf75-4c5c-b07b-c79c99f93ac1" />
</Timelines>
</Segment>
<Segment duration="2043" startOffset="3216588" endOffset="3218632">
<File name="chunk-00603" type="av">
<FileVariant size="65" variant="7426bebc-cf75-4c5c-b07b-c79c99f93ac1" />
</File>
<Timelines>
<Transcode startTime="29925" endTime="29928" complete="1" fileType="av" variant="7426bebc-cf75-4c5c-b07b-c79c99f93ac1" />
</Timelines>
</Segment>
<Segment duration="957" startOffset="3218633" endOffset="3219590">
<File name="chunk-00604" type="av">
<FileVariant size="41" variant="7426bebc-cf75-4c5c-b07b-c79c99f93ac1" />
</File>
<Timelines>
<Transcode startTime="29928" endTime="29951" complete="1" fileType="av" variant="7426bebc-cf75-4c5c-b07b-c79c99f93ac1" />
</Timelines>
</Segment>
<Segment duration="3436" startOffset="3219591" endOffset="3223028">
<File name="chunk-00605" type="av">
<FileVariant size="65" variant="7426bebc-cf75-4c5c-b07b-c79c99f93ac1" />
</File>
<Timelines>
<Transcode startTime="29951" endTime="29952" complete="1" fileType="av" variant="7426bebc-cf75-4c5c-b07b-c79c99f93ac1" />
</Timelines>
</Segment>
<Segment duration="2958" startOffset="3223029" endOffset="3225987">
<File name="chunk-00606" type="av">
<FileVariant size="44" variant="7426bebc-cf75-4c5c-b07b-c79c99f93ac1" />
</File>
<Timelines>
<Transcode startTime="29952" endTime="29999" complete="1" fileType="av" variant="7426bebc-cf75-4c5c-b07b-c79c99f93ac1" />
</Timelines>
</Segment>
<Segment duration="2698" startOffset="3225988" endOffset="3228686">
<File name="chunk-00607" type="av">
<FileVariant size="88" variant="7426bebc-cf75-4c5c-b07b-c79c99f93ac1" />
</File>
<Timelines>
<Transcode startTime="29999" endTime="30045" complete="1" fileType="av" variant="7426bebc-cf75-4c5c-b07b-c79c99f93ac1" />
</Timelines>
</Segment>
<Segment duration="1521" startOffset="3228687" endOffset="3230209">
<File name="chunk-00608" type="av">
<FileVariant size="45" variant="7426bebc-cf75-4c5c-b07b-c79c99f93ac1" />
</File>
<Timelines>
<Transcode startTime="30045" endTime="30051" complete="1" fileType="av" variant="7426bebc-cf75-4c5c-b07b-c79c99f93ac1" />
</Timelines>
</Segment>
<Segment duration="2653" startOffset="3230210" endOffset="3232864">
<File name="chunk-00609" type="av">
<FileVariant size="74" variant="7426bebc-cf75-4c5c-b07b-c79c99f93ac1" />
</File>
<Timelines>
<Transcode startTime="30051" endTime="30093" complete="1" fileType="av" variant="7426bebc-cf75-4c5c-b07b-c79c99f93ac1" />
</Timelines>
</Segment>
<Segment duration="1783" startOffset="3232865" endOffset="3234648">
<File name="chunk-00610" type="av">
<FileVariant size="57" variant="7426bebc-cf75-4c5c-b07b-c79c99f93ac1" />
</File>
<Timelines>
<Transcode startTime="30093" endTime="30094" complete="1" fileType="av" variant="7426bebc-cf75-4c5c-b07b-c79c99f93ac1" />
</Timelines>
</Segment>
<Segment duration="1131" startOffset="3234649" endOffset="3235780">
<File name="chunk-00611" type="av">
<FileVariant size="47" variant="7426bebc-cf75-4c5c-b07b-c79c99f93ac1" />
</File>
<Timelines>
<Transcode startTime="30094" endTime="30136" complete="1" fileType="av" variant="7426bebc-cf75-4c5c-b07b-c79c99f93ac1" />
</Timelines>
</Segment>
<Segment duration="1436" startOffset="3237913" endOffset="3239349">
<File name="chunk-00612" type="av">
<FileVariant size="51" variant="7426bebc-cf75-4c5c-b07b-c79c99f93ac1" />
</File>
<Timelines>
<Transcode startTime="30136" endTime="30139" complete="1" fileType="av" variant="7426bebc-cf75-4c5c-b07b-c79c99f93ac1" />
</Timelines>
</Segment>
<Segment duration="2305" startOffset="3239350" endOffset="3241655">
<File name="chunk-00613" type="av">
<FileVariant size="72" variant="7426bebc-cf75-4c5c-b07b-c79c99f93ac1" />
</File>
<Timelines>
<Transcode startTime="30139" endTime="30204" complete="1" fileType="av" variant="7426bebc-cf75-4c5c-b07b-c79c99f93ac1" />
</Timelines>
</Segment>
<Segment duration="1173" startOffset="3241656" endOffset="3242830">
<File name="chunk-00614" type="av">
<FileVariant size="45" variant="7426bebc-cf75-4c5c-b07b-c79c99f93ac1" />
</File>
<Timelines>
<Transcode startTime="30204" endTime="30207" complete="1" fileType="av" variant="7426bebc-cf75-4c5c-b07b-c79c99f93ac1" />
</Timelines>
</Segment>
<Segment duration="2827" startOffset="3242831" endOffset="3245659">
<File name="chunk-00615" type="av">
<FileVariant size="73" variant="7426bebc-cf75-4c5c-b07b-c79c99f93ac1" />
</File>
<Timelines>
<Transcode startTime="30207" endTime="30323" complete="1" fileType="av" variant="7426bebc-cf75-4c5c-b07b-c79c99f93ac1" />
</Timelines>
</Segment>
<Segment duration="1043" startOffset="3248881" endOffset="3249924">
<File name="chunk-00616" type="av">
<FileVariant size="41" variant="7426bebc-cf75-4c5c-b07b-c79c99f93ac1" />
</File>
<Timelines>
<Transcode startTime="30323" endTime="30373" complete="1" fileType="av" variant="7426bebc-cf75-4c5c-b07b-c79c99f93ac1" />
</Timelines>
</Segment>
<Segment duration="1957" startOffset="3249925" endOffset="3251883">
<File name="chunk-00617" type="av">
<FileVariant size="61" variant="7426bebc-cf75-4c5c-b07b-c79c99f93ac1" />
</File>
<Timelines>
<Transcode startTime="30373" endTime="30422" complete="1" fileType="av" variant="7426bebc-cf75-4c5c-b07b-c79c99f93ac1" />
</Timelines>
</Segment>
<Segment duration="2480" startOffset="3251884" endOffset="3254364">
<File name="chunk-00618" type="av">
<FileVariant size="55" variant="7426bebc-cf75-4c5c-b07b-c79c99f93ac1" />
</File>
<Timelines>
<Transcode startTime="30422" endTime="30473" complete="1" fileType="av" variant="7426bebc-cf75-4c5c-b07b-c79c99f93ac1" />
</Timelines>
</Segment>
<Segment duration="2131" startOffset="3254365" endOffset="3256496">
<File name="chunk-00619" type="av">
<FileVariant size="57" variant="7426bebc-cf75-4c5c-b07b-c79c99f93ac1" />
</File>
<Timelines>
<Transcode startTime="30473" endTime="30512" complete="1" fileType="av" variant="7426bebc-cf75-4c5c-b07b-c79c99f93ac1" />
</Timelines>
</Segment>
<Segment duration="1740" startOffset="3256497" endOffset="3258238">
<File name="chunk-00620" type="av">
<FileVariant size="54" variant="7426bebc-cf75-4c5c-b07b-c79c99f93ac1" />
</File>
<Timelines>
<Transcode startTime="30512" endTime="30520" complete="1" fileType="av" variant="7426bebc-cf75-4c5c-b07b-c79c99f93ac1" />
</Timelines>
</Segment>
<Segment duration="2349" startOffset="3259370" endOffset="3261720">
<File name="chunk-00621" type="av">
<FileVariant size="71" variant="7426bebc-cf75-4c5c-b07b-c79c99f93ac1" />
</File>
<Timelines>
<Transcode startTime="30520" endTime="30565" complete="1" fileType="av" variant="7426bebc-cf75-4c5c-b07b-c79c99f93ac1" />
</Timelines>
</Segment>
<Segment duration="1956" startOffset="3263156" endOffset="3265113">
<File name="chunk-00622" type="av">
<FileVariant size="42" variant="7426bebc-cf75-4c5c-b07b-c79c99f93ac1" />
</File>
<Timelines>
<Transcode startTime="30565" endTime="30570" complete="1" fileType="av" variant="7426bebc-cf75-4c5c-b07b-c79c99f93ac1" />
</Timelines>
</Segment>
<Segment duration="2306" startOffset="3265114" endOffset="3267420">
<File name="chunk-00623" type="av">
<FileVariant size="42" variant="7426bebc-cf75-4c5c-b07b-c79c99f93ac1" />
</File>
<Timelines>
<Transcode startTime="30570" endTime="30610" complete="1" fileType="av" variant="7426bebc-cf75-4c5c-b07b-c79c99f93ac1" />
</Timelines>
</Segment>
<Segment duration="1609" startOffset="3267421" endOffset="3269030">
<File name="chunk-00624" type="av">
<FileVariant size="55" variant="7426bebc-cf75-4c5c-b07b-c79c99f93ac1" />
</File>
<Timelines>
<Transcode startTime="30610" endTime="30660" complete="1" fileType="av" variant="7426bebc-cf75-4c5c-b07b-c79c99f93ac1" />
</Timelines>
</Segment>
<Segment duration="1260" startOffset="3270424" endOffset="3271685">
<File name="chunk-00625" type="av">
<FileVariant size="42" variant="7426bebc-cf75-4c5c-b07b-c79c99f93ac1" />
</File>
<Timelines>
<Transcode startTime="30660" endTime="30661" complete="1" fileType="av" variant="7426bebc-cf75-4c5c-b07b-c79c99f93ac1" />
</Timelines>
</Segment>
<Segment duration="2784" startOffset="3271686" endOffset="3274471">
<File name="chunk-00626" type="av">
<FileVariant size="65" variant="7426bebc-cf75-4c5c-b07b-c79c99f93ac1" />
</File>
<Timelines>
<Transcode startTime="30661" endTime="30705" complete="1" fileType="av" variant="7426bebc-cf75-4c5c-b07b-c79c99f93ac1" />
</Timelines>
</Segment>
<Segment duration="2391" startOffset="3274472" endOffset="3276864">
<File name="chunk-00627" type="av">
<FileVariant size="75" variant="7426bebc-cf75-4c5c-b07b-c79c99f93ac1" />
</File>
<Timelines>
<Transcode startTime="30705" endTime="30745" complete="1" fileType="av" variant="7426bebc-cf75-4c5c-b07b-c79c99f93ac1" />
</Timelines>
</Segment>
<Segment duration="1436" startOffset="3278127" endOffset="3279564">
<File name="chunk-00628" type="av">
<FileVariant size="63" variant="7426bebc-cf75-4c5c-b07b-c79c99f93ac1" />
</File>
<Timelines>
<Transcode startTime="30745" endTime="31027" complete="1" fileType="av" variant="7426bebc-cf75-4c5c-b07b-c79c99f93ac1" />
</Timelines>
</Segment>
<Segment duration="2958" startOffset="3290096" endOffset="3293054">
<File name="chunk-00629" type="av">
<FileVariant size="73" variant="7426bebc-cf75-4c5c-b07b-c79c99f93ac1" />
</File>
<Timelines>
<Transcode startTime="31027" endTime="31080" complete="1" fileType="av" variant="7426bebc-cf75-4c5c-b07b-c79c99f93ac1" />
</Timelines>
</Segment>
<Segment duration="2262" startOffset="3296232" endOffset="3298495">
<File name="chunk-00630" type="av">
<FileVariant size="40" variant="7426bebc-cf75-4c5c-b07b-c79c99f93ac1" />
</File>
<Timelines>
<Transcode startTime="31080" endTime="31244" complete="1" fileType="av" variant="7426bebc-cf75-4c5c-b07b-c79c99f93ac1" />
</Timelines>
</Segment>
<Segment duration="1480" startOffset="3303892" endOffset="3305372">
<File name="chunk-00631" type="av">
<FileVariant size="51" variant="7426bebc-cf75-4c5c-b07b-c79c99f93ac1" />
</File>
<Timelines>
<Transcode startTime="31244" endTime="31630" complete="1" fileType="av" variant="7426bebc-cf75-4c5c-b07b-c79c99f93ac1" />
</Timelines>
</Segment>
<Segment duration="1086" startOffset="3325218" endOffset="3326305">
<File name="chunk-00632" type="av">
<FileVariant size="44" variant="7426bebc-cf75-4c5c-b07b-c79c99f93ac1" />
</File>
<Timelines>
<Transcode startTime="31630" endTime="31670" complete="1" fileType="av" variant="7426bebc-cf75-4c5c-b07b-c79c99f93ac1" />
</Timelines>
</Segment>
<Segment duration="2653" startOffset="3330919" endOffset="3333573">
<File name="chunk-00633" type="av">
<FileVariant size="64" variant="7426bebc-cf75-4c5c-b07b-c79c99f93ac1" />
</File>
<Timelines>
<Transcode startTime="31670" endTime="31677" complete="1" fileType="av" variant="7426bebc-cf75-4c5c-b07b-c79c99f93ac1" />
</Timelines>
</Segment>
<Segment duration="1130" startOffset="3333574" endOffset="3334705">
<File name="chunk-00634" type="av">
<FileVariant size="41" variant="7426bebc-cf75-4c5c-b07b-c79c99f93ac1" />
</File>
<Timelines>
<Transcode startTime="31677" endTime="31703" complete="1" fileType="av" variant="7426bebc-cf75-4c5c-b07b-c79c99f93ac1" />
</Timelines>
</Segment>
<Segment duration="1086" startOffset="3334706" endOffset="3335793">
<File name="chunk-00635" type="av">
<FileVariant size="44" variant="7426bebc-cf75-4c5c-b07b-c79c99f93ac1" />
</File>
<Timelines>
<Transcode startTime="31703" endTime="31704" complete="1" fileType="av" variant="7426bebc-cf75-4c5c-b07b-c79c99f93ac1" />
</Timelines>
</Segment>
<Segment duration="1217" startOffset="3335794" endOffset="3337011">
<File name="chunk-00636" type="av">
<FileVariant size="52" variant="7426bebc-cf75-4c5c-b07b-c79c99f93ac1" />
</File>
<Timelines>
<Transcode startTime="31704" endTime="31712" complete="1" fileType="av" variant="7426bebc-cf75-4c5c-b07b-c79c99f93ac1" />
</Timelines>
</Segment>
<Segment duration="1522" startOffset="3337012" endOffset="3338535">
<File name="chunk-00637" type="av">
<FileVariant size="60" variant="7426bebc-cf75-4c5c-b07b-c79c99f93ac1" />
</File>
<Timelines>
<Transcode startTime="31712" endTime="31713" complete="1" fileType="av" variant="7426bebc-cf75-4c5c-b07b-c79c99f93ac1" />
</Timelines>
</Segment>
<Segment duration="956" startOffset="3338536" endOffset="3339492">
<File name="chunk-00638" type="av">
<FileVariant size="41" variant="7426bebc-cf75-4c5c-b07b-c79c99f93ac1" />
</File>
<Timelines>
<Transcode startTime="31713" endTime="31747" complete="1" fileType="av" variant="7426bebc-cf75-4c5c-b07b-c79c99f93ac1" />
</Timelines>
</Segment>
<Segment duration="1434" startOffset="3340973" endOffset="3342408">
<File name="chunk-00639" type="av">
<FileVariant size="49" variant="7426bebc-cf75-4c5c-b07b-c79c99f93ac1" />
</File>
<Timelines>
<Transcode startTime="31747" endTime="31750" complete="1" fileType="av" variant="7426bebc-cf75-4c5c-b07b-c79c99f93ac1" />
</Timelines>
</Segment>
<Segment duration="1782" startOffset="3342409" endOffset="3344192">
<File name="chunk-00640" type="av">
<FileVariant size="48" variant="7426bebc-cf75-4c5c-b07b-c79c99f93ac1" />
</File>
<Timelines>
<Transcode startTime="31750" endTime="31778" complete="1" fileType="av" variant="7426bebc-cf75-4c5c-b07b-c79c99f93ac1" />
</Timelines>
</Segment>
<Segment duration="1261" startOffset="3344193" endOffset="3345455">
<File name="chunk-00641" type="av">
<FileVariant size="54" variant="7426bebc-cf75-4c5c-b07b-c79c99f93ac1" />
</File>
<Timelines>
<Transcode startTime="31778" endTime="31796" complete="1" fileType="av" variant="7426bebc-cf75-4c5c-b07b-c79c99f93ac1" />
</Timelines>
</Segment>
<Segment duration="1086" startOffset="3350243" endOffset="3351330">
<File name="chunk-00642" type="av">
<FileVariant size="43" variant="7426bebc-cf75-4c5c-b07b-c79c99f93ac1" />
</File>
<Timelines>
<Transcode startTime="31796" endTime="31796" complete="1" fileType="av" variant="7426bebc-cf75-4c5c-b07b-c79c99f93ac1" />
</Timelines>
</Segment>
<Segment duration="1043" startOffset="3351331" endOffset="3352375">
<File name="chunk-00643" type="av">
<FileVariant size="41" variant="7426bebc-cf75-4c5c-b07b-c79c99f93ac1" />
</File>
<Timelines>
<Transcode startTime="31796" endTime="32214" complete="1" fileType="av" variant="7426bebc-cf75-4c5c-b07b-c79c99f93ac1" />
</Timelines>
</Segment>
<Segment duration="913" startOffset="3364605" endOffset="3365519">
<File name="chunk-00644" type="av">
<FileVariant size="40" variant="7426bebc-cf75-4c5c-b07b-c79c99f93ac1" />
</File>
<Timelines>
<Transcode startTime="32214" endTime="32220" complete="1" fileType="av" variant="7426bebc-cf75-4c5c-b07b-c79c99f93ac1" />
</Timelines>
</Segment>
<Segment duration="1521" startOffset="3366520" endOffset="3368042">
<File name="chunk-00645" type="av">
<FileVariant size="57" variant="7426bebc-cf75-4c5c-b07b-c79c99f93ac1" />
</File>
<Timelines>
<Transcode startTime="32220" endTime="32258" complete="1" fileType="av" variant="7426bebc-cf75-4c5c-b07b-c79c99f93ac1" />
</Timelines>
</Segment>
<Segment duration="1565" startOffset="3368043" endOffset="3369609">
<File name="chunk-00646" type="av">
<FileVariant size="55" variant="7426bebc-cf75-4c5c-b07b-c79c99f93ac1" />
</File>
<Timelines>
<Transcode startTime="32258" endTime="32356" complete="1" fileType="av" variant="7426bebc-cf75-4c5c-b07b-c79c99f93ac1" />
</Timelines>
</Segment>
<Segment duration="2567" startOffset="3372874" endOffset="3375441">
<File name="chunk-00647" type="av">
<FileVariant size="52" variant="7426bebc-cf75-4c5c-b07b-c79c99f93ac1" />
</File>
<Timelines>
<Transcode startTime="32356" endTime="32418" complete="1" fileType="av" variant="7426bebc-cf75-4c5c-b07b-c79c99f93ac1" />
</Timelines>
</Segment>
<Segment duration="1697" startOffset="3377923" endOffset="3379620">
<File name="chunk-00648" type="av">
<FileVariant size="40" variant="7426bebc-cf75-4c5c-b07b-c79c99f93ac1" />
</File>
<Timelines>
<Transcode startTime="32418" endTime="32463" complete="1" fileType="av" variant="7426bebc-cf75-4c5c-b07b-c79c99f93ac1" />
</Timelines>
</Segment>
<Segment duration="1261" startOffset="3380273" endOffset="3381535">
<File name="chunk-00649" type="av">
<FileVariant size="43" variant="7426bebc-cf75-4c5c-b07b-c79c99f93ac1" />
</File>
<Timelines>
<Transcode startTime="32463" endTime="32468" complete="1" fileType="av" variant="7426bebc-cf75-4c5c-b07b-c79c99f93ac1" />
</Timelines>
</Segment>
<Segment duration="1827" startOffset="3383232" endOffset="3385059">
<File name="chunk-00650" type="av">
<FileVariant size="41" variant="7426bebc-cf75-4c5c-b07b-c79c99f93ac1" />
</File>
<Timelines>
<Transcode startTime="32468" endTime="32508" complete="1" fileType="av" variant="7426bebc-cf75-4c5c-b07b-c79c99f93ac1" />
</Timelines>
</Segment>
<Segment duration="3046" startOffset="3385060" endOffset="3388106">
<File name="chunk-00651" type="av">
<FileVariant size="73" variant="7426bebc-cf75-4c5c-b07b-c79c99f93ac1" />
</File>
<Timelines>
<Transcode startTime="32508" endTime="32512" complete="1" fileType="av" variant="7426bebc-cf75-4c5c-b07b-c79c99f93ac1" />
</Timelines>
</Segment>
<Segment duration="2523" startOffset="3388107" endOffset="3390631">
<File name="chunk-00652" type="av">
<FileVariant size="74" variant="7426bebc-cf75-4c5c-b07b-c79c99f93ac1" />
</File>
<Timelines>
<Transcode startTime="32512" endTime="32552" complete="1" fileType="av" variant="7426bebc-cf75-4c5c-b07b-c79c99f93ac1" />
</Timelines>
</Segment>
<Segment duration="1434" startOffset="3391023" endOffset="3392458">
<File name="chunk-00653" type="av">
<FileVariant size="41" variant="7426bebc-cf75-4c5c-b07b-c79c99f93ac1" />
</File>
<Timelines>
<Transcode startTime="32552" endTime="32554" complete="1" fileType="av" variant="7426bebc-cf75-4c5c-b07b-c79c99f93ac1" />
</Timelines>
</Segment>
<Segment duration="1347" startOffset="3392459" endOffset="3393807">
<File name="chunk-00654" type="av">
<FileVariant size="50" variant="7426bebc-cf75-4c5c-b07b-c79c99f93ac1" />
</File>
<Timelines>
<Transcode startTime="32554" endTime="32562" complete="1" fileType="av" variant="7426bebc-cf75-4c5c-b07b-c79c99f93ac1" />
</Timelines>
</Segment>
<Segment duration="2393" startOffset="3393808" endOffset="3396201">
<File name="chunk-00655" type="av">
<FileVariant size="53" variant="7426bebc-cf75-4c5c-b07b-c79c99f93ac1" />
</File>
<Timelines>
<Transcode startTime="32562" endTime="32600" complete="1" fileType="av" variant="7426bebc-cf75-4c5c-b07b-c79c99f93ac1" />
</Timelines>
</Segment>
<Segment duration="2523" startOffset="3396202" endOffset="3398726">
<File name="chunk-00656" type="av">
<FileVariant size="66" variant="7426bebc-cf75-4c5c-b07b-c79c99f93ac1" />
</File>
<Timelines>
<Transcode startTime="32600" endTime="32682" complete="1" fileType="av" variant="7426bebc-cf75-4c5c-b07b-c79c99f93ac1" />
</Timelines>
</Segment>
<Segment duration="3567" startOffset="3407039" endOffset="3410607">
<File name="chunk-00657" type="av">
<FileVariant size="73" variant="7426bebc-cf75-4c5c-b07b-c79c99f93ac1" />
</File>
<Timelines>
<Transcode startTime="32682" endTime="32690" complete="1" fileType="av" variant="7426bebc-cf75-4c5c-b07b-c79c99f93ac1" />
</Timelines>
</Segment>
<Segment duration="5352" startOffset="3410608" endOffset="3415961">
<File name="chunk-00658" type="av">
<FileVariant size="82" variant="7426bebc-cf75-4c5c-b07b-c79c99f93ac1" />
</File>
<Timelines>
<Transcode startTime="32690" endTime="32831" complete="1" fileType="av" variant="7426bebc-cf75-4c5c-b07b-c79c99f93ac1" />
</Timelines>
</Segment>
<Segment duration="1392" startOffset="3417397" endOffset="3418789">
<File name="chunk-00659" type="av">
<FileVariant size="48" variant="7426bebc-cf75-4c5c-b07b-c79c99f93ac1" />
</File>
<Timelines>
<Transcode startTime="32831" endTime="33082" complete="1" fileType="av" variant="7426bebc-cf75-4c5c-b07b-c79c99f93ac1" />
</Timelines>
</Segment>
<Segment duration="2175" startOffset="3431585" endOffset="3433760">
<File name="chunk-00660" type="av">
<FileVariant size="49" variant="7426bebc-cf75-4c5c-b07b-c79c99f93ac1" />
</File>
<Timelines>
<Transcode startTime="33082" endTime="33126" complete="1" fileType="av" variant="7426bebc-cf75-4c5c-b07b-c79c99f93ac1" />
</Timelines>
</Segment>
<Segment duration="2088" startOffset="3433761" endOffset="3435849">
<File name="chunk-00661" type="av">
<FileVariant size="44" variant="7426bebc-cf75-4c5c-b07b-c79c99f93ac1" />
</File>
<Timelines>
<Transcode startTime="33126" endTime="33502" complete="1" fileType="av" variant="7426bebc-cf75-4c5c-b07b-c79c99f93ac1" />
</Timelines>
</Segment>
<Segment duration="2000" startOffset="3451083" endOffset="3453084">
<File name="chunk-00662" type="av">
<FileVariant size="42" variant="7426bebc-cf75-4c5c-b07b-c79c99f93ac1" />
</File>
<Timelines>
<Transcode startTime="33502" endTime="33523" complete="1" fileType="av" variant="7426bebc-cf75-4c5c-b07b-c79c99f93ac1" />
</Timelines>
</Segment>
<Segment duration="2480" startOffset="3453085" endOffset="3455565">
<File name="chunk-00663" type="av">
<FileVariant size="100" variant="7426bebc-cf75-4c5c-b07b-c79c99f93ac1" />
</File>
<Timelines>
<Transcode startTime="33523" endTime="33617" complete="1" fileType="av" variant="7426bebc-cf75-4c5c-b07b-c79c99f93ac1" />
</Timelines>
</Segment>
<Segment duration="2131" startOffset="3455566" endOffset="3457697">
<File name="chunk-00664" type="av">
<FileVariant size="64" variant="7426bebc-cf75-4c5c-b07b-c79c99f93ac1" />
</File>
<Timelines>
<Transcode startTime="33617" endTime="33622" complete="1" fileType="av" variant="7426bebc-cf75-4c5c-b07b-c79c99f93ac1" />
</Timelines>
</Segment>
<Segment duration="1827" startOffset="3457698" endOffset="3459525">
<File name="chunk-00665" type="av">
<FileVariant size="52" variant="7426bebc-cf75-4c5c-b07b-c79c99f93ac1" />
</File>
<Timelines>
<Transcode startTime="33622" endTime="33651" complete="1" fileType="av" variant="7426bebc-cf75-4c5c-b07b-c79c99f93ac1" />
</Timelines>
</Segment>
<Segment duration="2219" startOffset="3459526" endOffset="3461745">
<File name="chunk-00666" type="av">
<FileVariant size="66" variant="7426bebc-cf75-4c5c-b07b-c79c99f93ac1" />
</File>
<Timelines>
<Transcode startTime="33651" endTime="34032" complete="1" fileType="av" variant="7426bebc-cf75-4c5c-b07b-c79c99f93ac1" />
</Timelines>
</Segment>
<Segment duration="3045" startOffset="3478545" endOffset="3481591">
<File name="chunk-00667" type="av">
<FileVariant size="41" variant="7426bebc-cf75-4c5c-b07b-c79c99f93ac1" />
</File>
<Timelines>
<Transcode startTime="34032" endTime="34092" complete="1" fileType="av" variant="7426bebc-cf75-4c5c-b07b-c79c99f93ac1" />
</Timelines>
</Segment>
<Segment duration="2000" startOffset="3481592" endOffset="3483593">
<File name="chunk-00668" type="av">
<FileVariant size="49" variant="7426bebc-cf75-4c5c-b07b-c79c99f93ac1" />
</File>
<Timelines>
<Transcode startTime="34092" endTime="34138" complete="1" fileType="av" variant="7426bebc-cf75-4c5c-b07b-c79c99f93ac1" />
</Timelines>
</Segment>
<Segment duration="5525" startOffset="3483594" endOffset="3489120">
<File name="chunk-00669" type="av">
<FileVariant size="103" variant="7426bebc-cf75-4c5c-b07b-c79c99f93ac1" />
</File>
<Timelines>
<Transcode startTime="34138" endTime="34182" complete="1" fileType="av" variant="7426bebc-cf75-4c5c-b07b-c79c99f93ac1" />
</Timelines>
</Segment>
<Segment duration="2393" startOffset="3489121" endOffset="3491514">
<File name="chunk-00670" type="av">
<FileVariant size="70" variant="7426bebc-cf75-4c5c-b07b-c79c99f93ac1" />
</File>
<Timelines>
<Transcode startTime="34182" endTime="34264" complete="1" fileType="av" variant="7426bebc-cf75-4c5c-b07b-c79c99f93ac1" />
</Timelines>
</Segment>
<Segment duration="2218" startOffset="3491515" endOffset="3493733">
<File name="chunk-00671" type="av">
<FileVariant size="66" variant="7426bebc-cf75-4c5c-b07b-c79c99f93ac1" />
</File>
<Timelines>
<Transcode startTime="34264" endTime="34308" complete="1" fileType="av" variant="7426bebc-cf75-4c5c-b07b-c79c99f93ac1" />
</Timelines>
</Segment>
<Segment duration="3916" startOffset="3493734" endOffset="3497650">
<File name="chunk-00672" type="av">
<FileVariant size="83" variant="7426bebc-cf75-4c5c-b07b-c79c99f93ac1" />
</File>
<Timelines>
<Transcode startTime="34308" endTime="34354" complete="1" fileType="av" variant="7426bebc-cf75-4c5c-b07b-c79c99f93ac1" />
</Timelines>
</Segment>
<Segment duration="1958" startOffset="3497651" endOffset="3499609">
<File name="chunk-00673" type="av">
<FileVariant size="49" variant="7426bebc-cf75-4c5c-b07b-c79c99f93ac1" />
</File>
<Timelines>
<Transcode startTime="34354" endTime="34357" complete="1" fileType="av" variant="7426bebc-cf75-4c5c-b07b-c79c99f93ac1" />
</Timelines>
</Segment>
<Segment duration="3653" startOffset="3499610" endOffset="3503264">
<File name="chunk-00674" type="av">
<FileVariant size="92" variant="7426bebc-cf75-4c5c-b07b-c79c99f93ac1" />
</File>
<Timelines>
<Transcode startTime="34357" endTime="34361" complete="1" fileType="av" variant="7426bebc-cf75-4c5c-b07b-c79c99f93ac1" />
</Timelines>
</Segment>
<Segment duration="2698" startOffset="3503265" endOffset="3505963">
<File name="chunk-00675" type="av">
<FileVariant size="70" variant="7426bebc-cf75-4c5c-b07b-c79c99f93ac1" />
</File>
<Timelines>
<Transcode startTime="34361" endTime="34390" complete="1" fileType="av" variant="7426bebc-cf75-4c5c-b07b-c79c99f93ac1" />
</Timelines>
</Segment>
<Segment duration="2871" startOffset="3505964" endOffset="3508835">
<File name="chunk-00676" type="av">
<FileVariant size="69" variant="7426bebc-cf75-4c5c-b07b-c79c99f93ac1" />
</File>
<Timelines>
<Transcode startTime="34390" endTime="34406" complete="1" fileType="av" variant="7426bebc-cf75-4c5c-b07b-c79c99f93ac1" />
</Timelines>
</Segment>
<Segment duration="3481" startOffset="3508836" endOffset="3512317">
<File name="chunk-00677" type="av">
<FileVariant size="85" variant="7426bebc-cf75-4c5c-b07b-c79c99f93ac1" />
</File>
<Timelines>
<Transcode startTime="34406" endTime="34468" complete="1" fileType="av" variant="7426bebc-cf75-4c5c-b07b-c79c99f93ac1" />
</Timelines>
</Segment>
<Segment duration="2827" startOffset="3512318" endOffset="3515146">
<File name="chunk-00678" type="av">
<FileVariant size="73" variant="7426bebc-cf75-4c5c-b07b-c79c99f93ac1" />
</File>
<Timelines>
<Transcode startTime="34468" endTime="34474" complete="1" fileType="av" variant="7426bebc-cf75-4c5c-b07b-c79c99f93ac1" />
</Timelines>
</Segment>
<Segment duration="1043" startOffset="3515147" endOffset="3516190">
<File name="chunk-00679" type="av">
<FileVariant size="49" variant="7426bebc-cf75-4c5c-b07b-c79c99f93ac1" />
</File>
<Timelines>
<Transcode startTime="34474" endTime="34475" complete="1" fileType="av" variant="7426bebc-cf75-4c5c-b07b-c79c99f93ac1" />
</Timelines>
</Segment>
<Segment duration="1132" startOffset="3516191" endOffset="3517323">
<File name="chunk-00680" type="av">
<FileVariant size="41" variant="7426bebc-cf75-4c5c-b07b-c79c99f93ac1" />
</File>
<Timelines>
<Transcode startTime="34475" endTime="34521" complete="1" fileType="av" variant="7426bebc-cf75-4c5c-b07b-c79c99f93ac1" />
</Timelines>
</Segment>
<Segment duration="1347" startOffset="3518063" endOffset="3519411">
<File name="chunk-00681" type="av">
<FileVariant size="47" variant="7426bebc-cf75-4c5c-b07b-c79c99f93ac1" />
</File>
<Timelines>
<Transcode startTime="34521" endTime="34526" complete="1" fileType="av" variant="7426bebc-cf75-4c5c-b07b-c79c99f93ac1" />
</Timelines>
</Segment>
<Segment duration="3829" startOffset="3519412" endOffset="3523241">
<File name="chunk-00682" type="av">
<FileVariant size="82" variant="7426bebc-cf75-4c5c-b07b-c79c99f93ac1" />
</File>
<Timelines>
<Transcode startTime="34526" endTime="34572" complete="1" fileType="av" variant="7426bebc-cf75-4c5c-b07b-c79c99f93ac1" />
</Timelines>
</Segment>
<Segment duration="2348" startOffset="3523242" endOffset="3525591">
<File name="chunk-00683" type="av">
<FileVariant size="70" variant="7426bebc-cf75-4c5c-b07b-c79c99f93ac1" />
</File>
<Timelines>
<Transcode startTime="34572" endTime="34611" complete="1" fileType="av" variant="7426bebc-cf75-4c5c-b07b-c79c99f93ac1" />
</Timelines>
</Segment>
<Segment duration="2871" startOffset="3525592" endOffset="3528463">
<File name="chunk-00684" type="av">
<FileVariant size="74" variant="7426bebc-cf75-4c5c-b07b-c79c99f93ac1" />
</File>
<Timelines>
<Transcode startTime="34611" endTime="34655" complete="1" fileType="av" variant="7426bebc-cf75-4c5c-b07b-c79c99f93ac1" />
</Timelines>
</Segment>
<Segment duration="2133" startOffset="3528464" endOffset="3530597">
<File name="chunk-00685" type="av">
<FileVariant size="70" variant="7426bebc-cf75-4c5c-b07b-c79c99f93ac1" />
</File>
<Timelines>
<Transcode startTime="34655" endTime="34689" complete="1" fileType="av" variant="7426bebc-cf75-4c5c-b07b-c79c99f93ac1" />
</Timelines>
</Segment>
<Segment duration="2087" startOffset="3531206" endOffset="3533294">
<File name="chunk-00686" type="av">
<FileVariant size="49" variant="7426bebc-cf75-4c5c-b07b-c79c99f93ac1" />
</File>
<Timelines>
<Transcode startTime="34689" endTime="34756" complete="1" fileType="av" variant="7426bebc-cf75-4c5c-b07b-c79c99f93ac1" />
</Timelines>
</Segment>
<Segment duration="1610" startOffset="3533295" endOffset="3534905">
<File name="chunk-00687" type="av">
<FileVariant size="47" variant="7426bebc-cf75-4c5c-b07b-c79c99f93ac1" />
</File>
<Timelines>
<Transcode startTime="34756" endTime="34793" complete="1" fileType="av" variant="7426bebc-cf75-4c5c-b07b-c79c99f93ac1" />
</Timelines>
</Segment>
<Segment duration="1956" startOffset="3534906" endOffset="3536863">
<File name="chunk-00688" type="av">
<FileVariant size="65" variant="7426bebc-cf75-4c5c-b07b-c79c99f93ac1" />
</File>
<Timelines>
<Transcode startTime="34793" endTime="34829" complete="1" fileType="av" variant="7426bebc-cf75-4c5c-b07b-c79c99f93ac1" />
</Timelines>
</Segment>
<Segment duration="1304" startOffset="3536864" endOffset="3538169">
<File name="chunk-00689" type="av">
<FileVariant size="52" variant="7426bebc-cf75-4c5c-b07b-c79c99f93ac1" />
</File>
<Timelines>
<Transcode startTime="34829" endTime="34865" complete="1" fileType="av" variant="7426bebc-cf75-4c5c-b07b-c79c99f93ac1" />
</Timelines>
</Segment>
<Segment duration="1740" startOffset="3538170" endOffset="3539911">
<File name="chunk-00690" type="av">
<FileVariant size="53" variant="7426bebc-cf75-4c5c-b07b-c79c99f93ac1" />
</File>
<Timelines>
<Transcode startTime="34865" endTime="34948" complete="1" fileType="av" variant="7426bebc-cf75-4c5c-b07b-c79c99f93ac1" />
</Timelines>
</Segment>
<Segment duration="2740" startOffset="3543697" endOffset="3546438">
<File name="chunk-00691" type="av">
<FileVariant size="83" variant="7426bebc-cf75-4c5c-b07b-c79c99f93ac1" />
</File>
<Timelines>
<Transcode startTime="34948" endTime="35010" complete="1" fileType="av" variant="7426bebc-cf75-4c5c-b07b-c79c99f93ac1" />
</Timelines>
</Segment>
<Segment duration="1783" startOffset="3548789" endOffset="3550573">
<File name="chunk-00692" type="av">
<FileVariant size="46" variant="7426bebc-cf75-4c5c-b07b-c79c99f93ac1" />
</File>
<Timelines>
<Transcode startTime="35010" endTime="35021" complete="1" fileType="av" variant="7426bebc-cf75-4c5c-b07b-c79c99f93ac1" />
</Timelines>
</Segment>
<Segment duration="1739" startOffset="3550574" endOffset="3552313">
<File name="chunk-00693" type="av">
<FileVariant size="54" variant="7426bebc-cf75-4c5c-b07b-c79c99f93ac1" />
</File>
<Timelines>
<Transcode startTime="35021" endTime="35155" complete="1" fileType="av" variant="7426bebc-cf75-4c5c-b07b-c79c99f93ac1" />
</Timelines>
</Segment>
<Segment duration="1391" startOffset="3555491" endOffset="3556883">
<File name="chunk-00694" type="av">
<FileVariant size="56" variant="7426bebc-cf75-4c5c-b07b-c79c99f93ac1" />
</File>
<Timelines>
<Transcode startTime="35155" endTime="35156" complete="1" fileType="av" variant="7426bebc-cf75-4c5c-b07b-c79c99f93ac1" />
</Timelines>
</Segment>
<Segment duration="1697" startOffset="3556884" endOffset="3558581">
<File name="chunk-00695" type="av">
<FileVariant size="71" variant="7426bebc-cf75-4c5c-b07b-c79c99f93ac1" />
</File>
<Timelines>
<Transcode startTime="35156" endTime="35197" complete="1" fileType="av" variant="7426bebc-cf75-4c5c-b07b-c79c99f93ac1" />
</Timelines>
</Segment>
<Segment duration="1391" startOffset="3558582" endOffset="3559973">
<File name="chunk-00696" type="av">
<FileVariant size="55" variant="7426bebc-cf75-4c5c-b07b-c79c99f93ac1" />
</File>
<Timelines>
<Transcode startTime="35197" endTime="35198" complete="1" fileType="av" variant="7426bebc-cf75-4c5c-b07b-c79c99f93ac1" />
</Timelines>
</Segment>
<Segment duration="2653" startOffset="3559974" endOffset="3562628">
<File name="chunk-00697" type="av">
<FileVariant size="61" variant="7426bebc-cf75-4c5c-b07b-c79c99f93ac1" />
</File>
<Timelines>
<Transcode startTime="35198" endTime="35239" complete="1" fileType="av" variant="7426bebc-cf75-4c5c-b07b-c79c99f93ac1" />
</Timelines>
</Segment>
<Segment duration="2523" startOffset="3562629" endOffset="3565153">
<File name="chunk-00698" type="av">
<FileVariant size="72" variant="7426bebc-cf75-4c5c-b07b-c79c99f93ac1" />
</File>
<Timelines>
<Transcode startTime="35239" endTime="35295" complete="1" fileType="av" variant="7426bebc-cf75-4c5c-b07b-c79c99f93ac1" />
</Timelines>
</Segment>
<Segment duration="1740" startOffset="3571203" endOffset="3572943">
<File name="chunk-00699" type="av">
<FileVariant size="61" variant="7426bebc-cf75-4c5c-b07b-c79c99f93ac1" />
</File>
<Timelines>
<Transcode startTime="35295" endTime="35296" complete="1" fileType="av" variant="7426bebc-cf75-4c5c-b07b-c79c99f93ac1" />
</Timelines>
</Segment>
<Segment duration="1130" startOffset="3572944" endOffset="3574074">
<File name="chunk-00700" type="av">
<FileVariant size="45" variant="7426bebc-cf75-4c5c-b07b-c79c99f93ac1" />
</File>
<Timelines>
<Transcode startTime="35296" endTime="35296" complete="1" fileType="av" variant="7426bebc-cf75-4c5c-b07b-c79c99f93ac1" />
</Timelines>
</Segment>
<Segment duration="2393" startOffset="3574075" endOffset="3576468">
<File name="chunk-00701" type="av">
<FileVariant size="68" variant="7426bebc-cf75-4c5c-b07b-c79c99f93ac1" />
</File>
<Timelines>
<Transcode startTime="35296" endTime="35370" complete="1" fileType="av" variant="7426bebc-cf75-4c5c-b07b-c79c99f93ac1" />
</Timelines>
</Segment>
<Segment duration="1739" startOffset="3576469" endOffset="3578209">
<File name="chunk-00702" type="av">
<FileVariant size="63" variant="7426bebc-cf75-4c5c-b07b-c79c99f93ac1" />
</File>
<Timelines>
<Transcode startTime="35370" endTime="35394" complete="1" fileType="av" variant="7426bebc-cf75-4c5c-b07b-c79c99f93ac1" />
</Timelines>
</Segment>
<Segment duration="2523" startOffset="3578210" endOffset="3580733">
<File name="chunk-00703" type="av">
<FileVariant size="98" variant="7426bebc-cf75-4c5c-b07b-c79c99f93ac1" />
</File>
<Timelines>
<Transcode startTime="35394" endTime="35440" complete="1" fileType="av" variant="7426bebc-cf75-4c5c-b07b-c79c99f93ac1" />
</Timelines>
</Segment>
<Segment duration="1827" startOffset="3580734" endOffset="3582561">
<File name="chunk-00704" type="av">
<FileVariant size="55" variant="7426bebc-cf75-4c5c-b07b-c79c99f93ac1" />
</File>
<Timelines>
<Transcode startTime="35440" endTime="35495" complete="1" fileType="av" variant="7426bebc-cf75-4c5c-b07b-c79c99f93ac1" />
</Timelines>
</Segment>
<Segment duration="2480" startOffset="3583998" endOffset="3586478">
<File name="chunk-00705" type="av">
<FileVariant size="59" variant="7426bebc-cf75-4c5c-b07b-c79c99f93ac1" />
</File>
<Timelines>
<Transcode startTime="35495" endTime="35502" complete="1" fileType="av" variant="7426bebc-cf75-4c5c-b07b-c79c99f93ac1" />
</Timelines>
</Segment>
<Segment duration="2784" startOffset="3586479" endOffset="3589263">
<File name="chunk-00706" type="av">
<FileVariant size="72" variant="7426bebc-cf75-4c5c-b07b-c79c99f93ac1" />
</File>
<Timelines>
<Transcode startTime="35502" endTime="35555" complete="1" fileType="av" variant="7426bebc-cf75-4c5c-b07b-c79c99f93ac1" />
</Timelines>
</Segment>
<Segment duration="1000" startOffset="3589264" endOffset="3590265">
<File name="chunk-00707" type="av">
<FileVariant size="49" variant="7426bebc-cf75-4c5c-b07b-c79c99f93ac1" />
</File>
<Timelines>
<Transcode startTime="35555" endTime="35562" complete="1" fileType="av" variant="7426bebc-cf75-4c5c-b07b-c79c99f93ac1" />
</Timelines>
</Segment>
<Segment duration="2043" startOffset="3591963" endOffset="3594007">
<File name="chunk-00708" type="av">
<FileVariant size="61" variant="7426bebc-cf75-4c5c-b07b-c79c99f93ac1" />
</File>
<Timelines>
<Transcode startTime="35562" endTime="35562" complete="1" fileType="av" variant="7426bebc-cf75-4c5c-b07b-c79c99f93ac1" />
</Timelines>
</Segment>
<Segment duration="1697" startOffset="3594008" endOffset="3595705">
<File name="chunk-00709" type="av">
<FileVariant size="65" variant="7426bebc-cf75-4c5c-b07b-c79c99f93ac1" />
</File>
<Timelines>
<Transcode startTime="35562" endTime="35608" complete="1" fileType="av" variant="7426bebc-cf75-4c5c-b07b-c79c99f93ac1" />
</Timelines>
</Segment>
<Segment duration="2739" startOffset="3595706" endOffset="3598446">
<File name="chunk-00710" type="av">
<FileVariant size="59" variant="7426bebc-cf75-4c5c-b07b-c79c99f93ac1" />
</File>
<Timelines>
<Transcode startTime="35608" endTime="35650" complete="1" fileType="av" variant="7426bebc-cf75-4c5c-b07b-c79c99f93ac1" />
</Timelines>
</Segment>
<Segment duration="2393" startOffset="3600667" endOffset="3603060">
<File name="chunk-00711" type="av">
<FileVariant size="64" variant="7426bebc-cf75-4c5c-b07b-c79c99f93ac1" />
</File>
<Timelines>
<Transcode startTime="35650" endTime="35680" complete="1" fileType="av" variant="7426bebc-cf75-4c5c-b07b-c79c99f93ac1" />
</Timelines>
</Segment>
<Segment duration="3828" startOffset="3603061" endOffset="3606890">
<File name="chunk-00712" type="av">
<FileVariant size="61" variant="7426bebc-cf75-4c5c-b07b-c79c99f93ac1" />
</File>
<Timelines>
<Transcode startTime="35680" endTime="35774" complete="1" fileType="av" variant="7426bebc-cf75-4c5c-b07b-c79c99f93ac1" />
</Timelines>
</Segment>
<Segment duration="2436" startOffset="3606891" endOffset="3609327">
<File name="chunk-00713" type="av">
<FileVariant size="72" variant="7426bebc-cf75-4c5c-b07b-c79c99f93ac1" />
</File>
<Timelines>
<Transcode startTime="35774" endTime="35782" complete="1" fileType="av" variant="7426bebc-cf75-4c5c-b07b-c79c99f93ac1" />
</Timelines>
</Segment>
<Segment duration="2349" startOffset="3609328" endOffset="3611677">
<File name="chunk-00714" type="av">
<FileVariant size="54" variant="7426bebc-cf75-4c5c-b07b-c79c99f93ac1" />
</File>
<Timelines>
<Transcode startTime="35782" endTime="35839" complete="1" fileType="av" variant="7426bebc-cf75-4c5c-b07b-c79c99f93ac1" />
</Timelines>
</Segment>
<Segment duration="3133" startOffset="3611678" endOffset="3614811">
<File name="chunk-00715" type="av">
<FileVariant size="71" variant="7426bebc-cf75-4c5c-b07b-c79c99f93ac1" />
</File>
<Timelines>
<Transcode startTime="35839" endTime="35903" complete="1" fileType="av" variant="7426bebc-cf75-4c5c-b07b-c79c99f93ac1" />
</Timelines>
</Segment>
<Segment duration="3916" startOffset="3619817" endOffset="3623733">
<File name="chunk-00716" type="av">
<FileVariant size="83" variant="7426bebc-cf75-4c5c-b07b-c79c99f93ac1" />
</File>
<Timelines>
<Transcode startTime="35903" endTime="35980" complete="1" fileType="av" variant="7426bebc-cf75-4c5c-b07b-c79c99f93ac1" />
</Timelines>
</Segment>
<Segment duration="1826" startOffset="3623734" endOffset="3625560">
<File name="chunk-00717" type="av">
<FileVariant size="60" variant="7426bebc-cf75-4c5c-b07b-c79c99f93ac1" />
</File>
<Timelines>
<Transcode startTime="35980" endTime="36016" complete="1" fileType="av" variant="7426bebc-cf75-4c5c-b07b-c79c99f93ac1" />
</Timelines>
</Segment>
<Segment duration="2132" startOffset="3626519" endOffset="3628651">
<File name="chunk-00718" type="av">
<FileVariant size="53" variant="7426bebc-cf75-4c5c-b07b-c79c99f93ac1" />
</File>
<Timelines>
<Transcode startTime="36016" endTime="36040" complete="1" fileType="av" variant="7426bebc-cf75-4c5c-b07b-c79c99f93ac1" />
</Timelines>
</Segment>
<Segment duration="3654" startOffset="3630001" endOffset="3633656">
<File name="chunk-00719" type="av">
<FileVariant size="80" variant="7426bebc-cf75-4c5c-b07b-c79c99f93ac1" />
</File>
<Timelines>
<Transcode startTime="36040" endTime="36126" complete="1" fileType="av" variant="7426bebc-cf75-4c5c-b07b-c79c99f93ac1" />
</Timelines>
</Segment>
<Segment duration="2525" startOffset="3635223" endOffset="3637748">
<File name="chunk-00720" type="av">
<FileVariant size="68" variant="7426bebc-cf75-4c5c-b07b-c79c99f93ac1" />
</File>
<Timelines>
<Transcode startTime="36126" endTime="36170" complete="1" fileType="av" variant="7426bebc-cf75-4c5c-b07b-c79c99f93ac1" />
</Timelines>
</Segment>
<Segment duration="955" startOffset="3639358" endOffset="3640314">
<File name="chunk-00721" type="av">
<FileVariant size="40" variant="7426bebc-cf75-4c5c-b07b-c79c99f93ac1" />
</File>
<Timelines>
<Transcode startTime="36170" endTime="36222" complete="1" fileType="av" variant="7426bebc-cf75-4c5c-b07b-c79c99f93ac1" />
</Timelines>
</Segment>
<Segment duration="4351" startOffset="3642709" endOffset="3647060">
<File name="chunk-00722" type="av">
<FileVariant size="91" variant="7426bebc-cf75-4c5c-b07b-c79c99f93ac1" />
</File>
<Timelines>
<Transcode startTime="36222" endTime="36391" complete="1" fileType="av" variant="7426bebc-cf75-4c5c-b07b-c79c99f93ac1" />
</Timelines>
</Segment>
<Segment duration="2784" startOffset="3647061" endOffset="3649846">
<File name="chunk-00723" type="av">
<FileVariant size="68" variant="7426bebc-cf75-4c5c-b07b-c79c99f93ac1" />
</File>
<Timelines>
<Transcode startTime="36391" endTime="36511" complete="1" fileType="av" variant="7426bebc-cf75-4c5c-b07b-c79c99f93ac1" />
</Timelines>
</Segment>
<Segment duration="3785" startOffset="3649847" endOffset="3653633">
<File name="chunk-00724" type="av">
<FileVariant size="82" variant="7426bebc-cf75-4c5c-b07b-c79c99f93ac1" />
</File>
<Timelines>
<Transcode startTime="36511" endTime="36722" complete="1" fileType="av" variant="7426bebc-cf75-4c5c-b07b-c79c99f93ac1" />
</Timelines>
</Segment>
<Segment duration="2000" startOffset="3655896" endOffset="3657897">
<File name="chunk-00725" type="av">
<FileVariant size="71" variant="7426bebc-cf75-4c5c-b07b-c79c99f93ac1" />
</File>
<Timelines>
<Transcode startTime="36722" endTime="36743" complete="1" fileType="av" variant="7426bebc-cf75-4c5c-b07b-c79c99f93ac1" />
</Timelines>
</Segment>
<Segment duration="3697" startOffset="3657898" endOffset="3661596">
<File name="chunk-00726" type="av">
<FileVariant size="74" variant="7426bebc-cf75-4c5c-b07b-c79c99f93ac1" />
</File>
<Timelines>
<Transcode startTime="36743" endTime="36767" complete="1" fileType="av" variant="7426bebc-cf75-4c5c-b07b-c79c99f93ac1" />
</Timelines>
</Segment>
<Segment duration="2740" startOffset="3661597" endOffset="3664338">
<File name="chunk-00727" type="av">
<FileVariant size="71" variant="7426bebc-cf75-4c5c-b07b-c79c99f93ac1" />
</File>
<Timelines>
<Transcode startTime="36767" endTime="36777" complete="1" fileType="av" variant="7426bebc-cf75-4c5c-b07b-c79c99f93ac1" />
</Timelines>
</Segment>
<Segment duration="3394" startOffset="3664339" endOffset="3667733">
<File name="chunk-00728" type="av">
<FileVariant size="75" variant="7426bebc-cf75-4c5c-b07b-c79c99f93ac1" />
</File>
<Timelines>
<Transcode startTime="36777" endTime="36802" complete="1" fileType="av" variant="7426bebc-cf75-4c5c-b07b-c79c99f93ac1" />
</Timelines>
</Segment>
<Segment duration="3175" startOffset="3667734" endOffset="3670910">
<File name="chunk-00729" type="av">
<FileVariant size="82" variant="7426bebc-cf75-4c5c-b07b-c79c99f93ac1" />
</File>
<Timelines>
<Transcode startTime="36802" endTime="36862" complete="1" fileType="av" variant="7426bebc-cf75-4c5c-b07b-c79c99f93ac1" />
</Timelines>
</Segment>
<Segment duration="2523" startOffset="3670911" endOffset="3673435">
<File name="chunk-00730" type="av">
<FileVariant size="55" variant="7426bebc-cf75-4c5c-b07b-c79c99f93ac1" />
</File>
<Timelines>
<Transcode startTime="36862" endTime="36921" complete="1" fileType="av" variant="7426bebc-cf75-4c5c-b07b-c79c99f93ac1" />
</Timelines>
</Segment>
<Segment duration="4090" startOffset="3678832" endOffset="3682922">
<File name="chunk-00731" type="av">
<FileVariant size="86" variant="7426bebc-cf75-4c5c-b07b-c79c99f93ac1" />
</File>
<Timelines>
<Transcode startTime="36921" endTime="36977" complete="1" fileType="av" variant="7426bebc-cf75-4c5c-b07b-c79c99f93ac1" />
</Timelines>
</Segment>
<Segment duration="2219" startOffset="3682923" endOffset="3685142">
<File name="chunk-00732" type="av">
<FileVariant size="53" variant="7426bebc-cf75-4c5c-b07b-c79c99f93ac1" />
</File>
<Timelines>
<Transcode startTime="36977" endTime="36982" complete="1" fileType="av" variant="7426bebc-cf75-4c5c-b07b-c79c99f93ac1" />
</Timelines>
</Segment>
<Segment duration="2304" startOffset="3685143" endOffset="3687448">
<File name="chunk-00733" type="av">
<FileVariant size="66" variant="7426bebc-cf75-4c5c-b07b-c79c99f93ac1" />
</File>
<Timelines>
<Transcode startTime="36982" endTime="36985" complete="1" fileType="av" variant="7426bebc-cf75-4c5c-b07b-c79c99f93ac1" />
</Timelines>
</Segment>
<Segment duration="2436" startOffset="3687449" endOffset="3689886">
<File name="chunk-00734" type="av">
<FileVariant size="58" variant="7426bebc-cf75-4c5c-b07b-c79c99f93ac1" />
</File>
<Timelines>
<Transcode startTime="36985" endTime="37021" complete="1" fileType="av" variant="7426bebc-cf75-4c5c-b07b-c79c99f93ac1" />
</Timelines>
</Segment>
<Segment duration="1826" startOffset="3689887" endOffset="3691714">
<File name="chunk-00735" type="av">
<FileVariant size="73" variant="7426bebc-cf75-4c5c-b07b-c79c99f93ac1" />
</File>
<Timelines>
<Transcode startTime="37021" endTime="37022" complete="1" fileType="av" variant="7426bebc-cf75-4c5c-b07b-c79c99f93ac1" />
</Timelines>
</Segment>
<Segment duration="1608" startOffset="3691715" endOffset="3693324">
<File name="chunk-00736" type="av">
<FileVariant size="51" variant="7426bebc-cf75-4c5c-b07b-c79c99f93ac1" />
</File>
<Timelines>
<Transcode startTime="37022" endTime="37028" complete="1" fileType="av" variant="7426bebc-cf75-4c5c-b07b-c79c99f93ac1" />
</Timelines>
</Segment>
<Segment duration="2044" startOffset="3693325" endOffset="3695369">
<File name="chunk-00737" type="av">
<FileVariant size="71" variant="7426bebc-cf75-4c5c-b07b-c79c99f93ac1" />
</File>
<Timelines>
<Transcode startTime="37028" endTime="37029" complete="1" fileType="av" variant="7426bebc-cf75-4c5c-b07b-c79c99f93ac1" />
</Timelines>
</Segment>
<Segment duration="1958" startOffset="3695370" endOffset="3697328">
<File name="chunk-00738" type="av">
<FileVariant size="65" variant="7426bebc-cf75-4c5c-b07b-c79c99f93ac1" />
</File>
<Timelines>
<Transcode startTime="37029" endTime="37051" complete="1" fileType="av" variant="7426bebc-cf75-4c5c-b07b-c79c99f93ac1" />
</Timelines>
</Segment>
<Segment duration="1173" startOffset="3697329" endOffset="3698503">
<File name="chunk-00739" type="av">
<FileVariant size="49" variant="7426bebc-cf75-4c5c-b07b-c79c99f93ac1" />
</File>
<Timelines>
<Transcode startTime="37051" endTime="37051" complete="1" fileType="av" variant="7426bebc-cf75-4c5c-b07b-c79c99f93ac1" />
</Timelines>
</Segment>
<Segment duration="2349" startOffset="3698504" endOffset="3700853">
<File name="chunk-00740" type="av">
<FileVariant size="80" variant="7426bebc-cf75-4c5c-b07b-c79c99f93ac1" />
</File>
<Timelines>
<Transcode startTime="37051" endTime="37055" complete="1" fileType="av" variant="7426bebc-cf75-4c5c-b07b-c79c99f93ac1" />
</Timelines>
</Segment>
<Segment duration="2219" startOffset="3700854" endOffset="3703073">
<File name="chunk-00741" type="av">
<FileVariant size="68" variant="7426bebc-cf75-4c5c-b07b-c79c99f93ac1" />
</File>
<Timelines>
<Transcode startTime="37055" endTime="37056" complete="1" fileType="av" variant="7426bebc-cf75-4c5c-b07b-c79c99f93ac1" />
</Timelines>
</Segment>
<Segment duration="1347" startOffset="3703074" endOffset="3704422">
<File name="chunk-00742" type="av">
<FileVariant size="63" variant="7426bebc-cf75-4c5c-b07b-c79c99f93ac1" />
</File>
<Timelines>
<Transcode startTime="37056" endTime="37094" complete="1" fileType="av" variant="7426bebc-cf75-4c5c-b07b-c79c99f93ac1" />
</Timelines>
</Segment>
<Segment duration="2436" startOffset="3704423" endOffset="3706859">
<File name="chunk-00743" type="av">
<FileVariant size="73" variant="7426bebc-cf75-4c5c-b07b-c79c99f93ac1" />
</File>
<Timelines>
<Transcode startTime="37094" endTime="37101" complete="1" fileType="av" variant="7426bebc-cf75-4c5c-b07b-c79c99f93ac1" />
</Timelines>
</Segment>
<Segment duration="1130" startOffset="3706860" endOffset="3707991">
<File name="chunk-00744" type="av">
<FileVariant size="49" variant="7426bebc-cf75-4c5c-b07b-c79c99f93ac1" />
</File>
<Timelines>
<Transcode startTime="37101" endTime="37144" complete="1" fileType="av" variant="7426bebc-cf75-4c5c-b07b-c79c99f93ac1" />
</Timelines>
</Segment>
<Segment duration="2696" startOffset="3707992" endOffset="3710689">
<File name="chunk-00745" type="av">
<FileVariant size="69" variant="7426bebc-cf75-4c5c-b07b-c79c99f93ac1" />
</File>
<Timelines>
<Transcode startTime="37144" endTime="37220" complete="1" fileType="av" variant="7426bebc-cf75-4c5c-b07b-c79c99f93ac1" />
</Timelines>
</Segment>
<Segment duration="2958" startOffset="3710690" endOffset="3713648">
<File name="chunk-00746" type="av">
<FileVariant size="73" variant="7426bebc-cf75-4c5c-b07b-c79c99f93ac1" />
</File>
<Timelines>
<Transcode startTime="37220" endTime="37294" complete="1" fileType="av" variant="7426bebc-cf75-4c5c-b07b-c79c99f93ac1" />
</Timelines>
</Segment>
<Segment duration="2959" startOffset="3713649" endOffset="3716608">
<File name="chunk-00747" type="av">
<FileVariant size="73" variant="7426bebc-cf75-4c5c-b07b-c79c99f93ac1" />
</File>
<Timelines>
<Transcode startTime="37294" endTime="37448" complete="1" fileType="av" variant="7426bebc-cf75-4c5c-b07b-c79c99f93ac1" />
</Timelines>
</Segment>
<Segment duration="2697" startOffset="3716609" endOffset="3719307">
<File name="chunk-00748" type="av">
<FileVariant size="65" variant="7426bebc-cf75-4c5c-b07b-c79c99f93ac1" />
</File>
<Timelines>
<Transcode startTime="37448" endTime="37528" complete="1" fileType="av" variant="7426bebc-cf75-4c5c-b07b-c79c99f93ac1" />
</Timelines>
</Segment>
<Segment duration="1478" startOffset="3721266" endOffset="3722745">
<File name="chunk-00749" type="av">
<FileVariant size="46" variant="7426bebc-cf75-4c5c-b07b-c79c99f93ac1" />
</File>
<Timelines>
<Transcode startTime="37528" endTime="37533" complete="1" fileType="av" variant="7426bebc-cf75-4c5c-b07b-c79c99f93ac1" />
</Timelines>
</Segment>
<Segment duration="1088" startOffset="3724095" endOffset="3725183">
<File name="chunk-00750" type="av">
<FileVariant size="50" variant="7426bebc-cf75-4c5c-b07b-c79c99f93ac1" />
</File>
<Timelines>
<Transcode startTime="37533" endTime="37609" complete="1" fileType="av" variant="7426bebc-cf75-4c5c-b07b-c79c99f93ac1" />
</Timelines>
</Segment>
<Segment duration="1349" startOffset="3726488" endOffset="3727837">
<File name="chunk-00751" type="av">
<FileVariant size="41" variant="7426bebc-cf75-4c5c-b07b-c79c99f93ac1" />
</File>
<Timelines>
<Transcode startTime="37609" endTime="37686" complete="1" fileType="av" variant="7426bebc-cf75-4c5c-b07b-c79c99f93ac1" />
</Timelines>
</Segment>
<Segment duration="2307" startOffset="3730144" endOffset="3732451">
<File name="chunk-00752" type="av">
<FileVariant size="65" variant="7426bebc-cf75-4c5c-b07b-c79c99f93ac1" />
</File>
<Timelines>
<Transcode startTime="37686" endTime="37821" complete="1" fileType="av" variant="7426bebc-cf75-4c5c-b07b-c79c99f93ac1" />
</Timelines>
</Segment>
<Segment duration="2435" startOffset="3735106" endOffset="3737542">
<File name="chunk-00753" type="av">
<FileVariant size="59" variant="7426bebc-cf75-4c5c-b07b-c79c99f93ac1" />
</File>
<Timelines>
<Transcode startTime="37821" endTime="37866" complete="1" fileType="av" variant="7426bebc-cf75-4c5c-b07b-c79c99f93ac1" />
</Timelines>
</Segment>
<Segment duration="3828" startOffset="3737543" endOffset="3741372">
<File name="chunk-00754" type="av">
<FileVariant size="83" variant="7426bebc-cf75-4c5c-b07b-c79c99f93ac1" />
</File>
<Timelines>
<Transcode startTime="37866" endTime="37959" complete="1" fileType="av" variant="7426bebc-cf75-4c5c-b07b-c79c99f93ac1" />
</Timelines>
</Segment>
<Segment duration="1826" startOffset="3741373" endOffset="3743200">
<File name="chunk-00755" type="av">
<FileVariant size="51" variant="7426bebc-cf75-4c5c-b07b-c79c99f93ac1" />
</File>
<Timelines>
<Transcode startTime="37959" endTime="38059" complete="1" fileType="av" variant="7426bebc-cf75-4c5c-b07b-c79c99f93ac1" />
</Timelines>
</Segment>
<Segment duration="869" startOffset="3744550" endOffset="3745420">
<File name="chunk-00756" type="av">
<FileVariant size="48" variant="7426bebc-cf75-4c5c-b07b-c79c99f93ac1" />
</File>
<Timelines>
<Transcode startTime="38059" endTime="38092" complete="1" fileType="av" variant="7426bebc-cf75-4c5c-b07b-c79c99f93ac1" />
</Timelines>
</Segment>
<Segment duration="1782" startOffset="3747379" endOffset="3749162">
<File name="chunk-00757" type="av">
<FileVariant size="42" variant="7426bebc-cf75-4c5c-b07b-c79c99f93ac1" />
</File>
<Timelines>
<Transcode startTime="38092" endTime="38102" complete="1" fileType="av" variant="7426bebc-cf75-4c5c-b07b-c79c99f93ac1" />
</Timelines>
</Segment>
<Segment duration="1521" startOffset="3749163" endOffset="3750685">
<File name="chunk-00758" type="av">
<FileVariant size="46" variant="7426bebc-cf75-4c5c-b07b-c79c99f93ac1" />
</File>
<Timelines>
<Transcode startTime="38102" endTime="38151" complete="1" fileType="av" variant="7426bebc-cf75-4c5c-b07b-c79c99f93ac1" />
</Timelines>
</Segment>
<Segment duration="1219" startOffset="3750686" endOffset="3751905">
<File name="chunk-00759" type="av">
<FileVariant size="59" variant="7426bebc-cf75-4c5c-b07b-c79c99f93ac1" />
</File>
<Timelines>
<Transcode startTime="38151" endTime="38555" complete="1" fileType="av" variant="7426bebc-cf75-4c5c-b07b-c79c99f93ac1" />
</Timelines>
</Segment>
<Segment duration="1434" startOffset="3768835" endOffset="3770270">
<File name="chunk-00760" type="av">
<FileVariant size="43" variant="7426bebc-cf75-4c5c-b07b-c79c99f93ac1" />
</File>
<Timelines>
<Transcode startTime="38555" endTime="38608" complete="1" fileType="av" variant="7426bebc-cf75-4c5c-b07b-c79c99f93ac1" />
</Timelines>
</Segment>
<Segment duration="1913" startOffset="3770271" endOffset="3772185">
<File name="chunk-00761" type="av">
<FileVariant size="53" variant="7426bebc-cf75-4c5c-b07b-c79c99f93ac1" />
</File>
<Timelines>
<Transcode startTime="38608" endTime="38807" complete="1" fileType="av" variant="7426bebc-cf75-4c5c-b07b-c79c99f93ac1" />
</Timelines>
</Segment>
<Segment duration="2088" startOffset="3774449" endOffset="3776538">
<File name="chunk-00762" type="av">
<FileVariant size="54" variant="7426bebc-cf75-4c5c-b07b-c79c99f93ac1" />
</File>
<Timelines>
<Transcode startTime="38807" endTime="38918" complete="1" fileType="av" variant="7426bebc-cf75-4c5c-b07b-c79c99f93ac1" />
</Timelines>
</Segment>
<Segment duration="1086" startOffset="3777626" endOffset="3778713">
<File name="chunk-00763" type="av">
<FileVariant size="43" variant="7426bebc-cf75-4c5c-b07b-c79c99f93ac1" />
</File>
<Timelines>
<Transcode startTime="38918" endTime="38952" complete="1" fileType="av" variant="7426bebc-cf75-4c5c-b07b-c79c99f93ac1" />
</Timelines>
</Segment>
<Segment duration="2175" startOffset="3778714" endOffset="3780890">
<File name="chunk-00764" type="av">
<FileVariant size="55" variant="7426bebc-cf75-4c5c-b07b-c79c99f93ac1" />
</File>
<Timelines>
<Transcode startTime="38952" endTime="39000" complete="1" fileType="av" variant="7426bebc-cf75-4c5c-b07b-c79c99f93ac1" />
</Timelines>
</Segment>
<Segment duration="2391" startOffset="3780891" endOffset="3783283">
<File name="chunk-00765" type="av">
<FileVariant size="41" variant="7426bebc-cf75-4c5c-b07b-c79c99f93ac1" />
</File>
<Timelines>
<Transcode startTime="39000" endTime="39225" complete="1" fileType="av" variant="7426bebc-cf75-4c5c-b07b-c79c99f93ac1" />
</Timelines>
</Segment>
<Segment duration="1304" startOffset="3787158" endOffset="3788462">
<File name="chunk-00766" type="av">
<FileVariant size="40" variant="7426bebc-cf75-4c5c-b07b-c79c99f93ac1" />
</File>
<Timelines>
<Transcode startTime="39225" endTime="39270" complete="1" fileType="av" variant="7426bebc-cf75-4c5c-b07b-c79c99f93ac1" />
</Timelines>
</Segment>
<Segment duration="1652" startOffset="3788463" endOffset="3790116">
<File name="chunk-00767" type="av">
<FileVariant size="55" variant="7426bebc-cf75-4c5c-b07b-c79c99f93ac1" />
</File>
<Timelines>
<Transcode startTime="39270" endTime="39353" complete="1" fileType="av" variant="7426bebc-cf75-4c5c-b07b-c79c99f93ac1" />
</Timelines>
</Segment>
<Segment duration="2914" startOffset="3790117" endOffset="3793032">
<File name="chunk-00768" type="av">
<FileVariant size="64" variant="7426bebc-cf75-4c5c-b07b-c79c99f93ac1" />
</File>
<Timelines>
<Transcode startTime="39353" endTime="39409" complete="1" fileType="av" variant="7426bebc-cf75-4c5c-b07b-c79c99f93ac1" />
</Timelines>
</Segment>
<Segment duration="2610" startOffset="3793033" endOffset="3795643">
<File name="chunk-00769" type="av">
<FileVariant size="56" variant="7426bebc-cf75-4c5c-b07b-c79c99f93ac1" />
</File>
<Timelines>
<Transcode startTime="39409" endTime="39508" complete="1" fileType="av" variant="7426bebc-cf75-4c5c-b07b-c79c99f93ac1" />
</Timelines>
</Segment>
<Segment duration="1958" startOffset="3795644" endOffset="3797602">
<File name="chunk-00770" type="av">
<FileVariant size="40" variant="7426bebc-cf75-4c5c-b07b-c79c99f93ac1" />
</File>
<Timelines>
<Transcode startTime="39508" endTime="40125" complete="1" fileType="av" variant="7426bebc-cf75-4c5c-b07b-c79c99f93ac1" />
</Timelines>
</Segment>
<Segment duration="1478" startOffset="3820452" endOffset="3821931">
<File name="chunk-00771" type="av">
<FileVariant size="39" variant="7426bebc-cf75-4c5c-b07b-c79c99f93ac1" />
</File>
<Timelines>
<Transcode startTime="40125" endTime="40228" complete="1" fileType="av" variant="7426bebc-cf75-4c5c-b07b-c79c99f93ac1" />
</Timelines>
</Segment>
<Segment duration="1393" startOffset="3825065" endOffset="3826458">
<File name="chunk-00772" type="av">
<FileVariant size="43" variant="7426bebc-cf75-4c5c-b07b-c79c99f93ac1" />
</File>
<Timelines>
<Transcode startTime="40228" endTime="40229" complete="1" fileType="av" variant="7426bebc-cf75-4c5c-b07b-c79c99f93ac1" />
</Timelines>
</Segment>
<Segment duration="4221" startOffset="3827154" endOffset="3831375">
<File name="chunk-00773" type="av">
<FileVariant size="55" variant="7426bebc-cf75-4c5c-b07b-c79c99f93ac1" />
</File>
<Timelines>
<Transcode startTime="40229" endTime="40233" complete="1" fileType="av" variant="7426bebc-cf75-4c5c-b07b-c79c99f93ac1" />
</Timelines>
</Segment>
<Segment duration="2957" startOffset="3831376" endOffset="3834334">
<File name="chunk-00774" type="av">
<FileVariant size="57" variant="7426bebc-cf75-4c5c-b07b-c79c99f93ac1" />
</File>
<Timelines>
<Transcode startTime="40233" endTime="40262" complete="1" fileType="av" variant="7426bebc-cf75-4c5c-b07b-c79c99f93ac1" />
</Timelines>
</Segment>
<Segment duration="5396" startOffset="3834335" endOffset="3839731">
<File name="chunk-00775" type="av">
<FileVariant size="91" variant="7426bebc-cf75-4c5c-b07b-c79c99f93ac1" />
</File>
<Timelines>
<Transcode startTime="40262" endTime="40360" complete="1" fileType="av" variant="7426bebc-cf75-4c5c-b07b-c79c99f93ac1" />
</Timelines>
</Segment>
<Segment duration="1869" startOffset="3841386" endOffset="3843256">
<File name="chunk-00776" type="av">
<FileVariant size="60" variant="7426bebc-cf75-4c5c-b07b-c79c99f93ac1" />
</File>
<Timelines>
<Transcode startTime="40360" endTime="40407" complete="1" fileType="av" variant="7426bebc-cf75-4c5c-b07b-c79c99f93ac1" />
</Timelines>
</Segment>
<Segment duration="3567" startOffset="3843257" endOffset="3846825">
<File name="chunk-00777" type="av">
<FileVariant size="56" variant="7426bebc-cf75-4c5c-b07b-c79c99f93ac1" />
</File>
<Timelines>
<Transcode startTime="40407" endTime="40458" complete="1" fileType="av" variant="7426bebc-cf75-4c5c-b07b-c79c99f93ac1" />
</Timelines>
</Segment>
<Segment duration="1434" startOffset="3846826" endOffset="3848261">
<File name="chunk-00778" type="av">
<FileVariant size="40" variant="7426bebc-cf75-4c5c-b07b-c79c99f93ac1" />
</File>
<Timelines>
<Transcode startTime="40458" endTime="40497" complete="1" fileType="av" variant="7426bebc-cf75-4c5c-b07b-c79c99f93ac1" />
</Timelines>
</Segment>
<Segment duration="1913" startOffset="3848262" endOffset="3850176">
<File name="chunk-00779" type="av">
<FileVariant size="43" variant="7426bebc-cf75-4c5c-b07b-c79c99f93ac1" />
</File>
<Timelines>
<Transcode startTime="40497" endTime="40621" complete="1" fileType="av" variant="7426bebc-cf75-4c5c-b07b-c79c99f93ac1" />
</Timelines>
</Segment>
<Segment duration="2914" startOffset="3857706" endOffset="3860621">
<File name="chunk-00780" type="av">
<FileVariant size="69" variant="7426bebc-cf75-4c5c-b07b-c79c99f93ac1" />
</File>
<Timelines>
<Transcode startTime="40621" endTime="40667" complete="1" fileType="av" variant="7426bebc-cf75-4c5c-b07b-c79c99f93ac1" />
</Timelines>
</Segment>
<Segment duration="2959" startOffset="3862015" endOffset="3864974">
<File name="chunk-00781" type="av">
<FileVariant size="59" variant="7426bebc-cf75-4c5c-b07b-c79c99f93ac1" />
</File>
<Timelines>
<Transcode startTime="40667" endTime="40673" complete="1" fileType="av" variant="7426bebc-cf75-4c5c-b07b-c79c99f93ac1" />
</Timelines>
</Segment>
<Segment duration="956" startOffset="3864975" endOffset="3865931">
<File name="chunk-00782" type="av">
<FileVariant size="41" variant="7426bebc-cf75-4c5c-b07b-c79c99f93ac1" />
</File>
<Timelines>
<Transcode startTime="40673" endTime="40736" complete="1" fileType="av" variant="7426bebc-cf75-4c5c-b07b-c79c99f93ac1" />
</Timelines>
</Segment>
<Segment duration="5961" startOffset="3868848" endOffset="3874809">
<File name="chunk-00783" type="av">
<FileVariant size="75" variant="7426bebc-cf75-4c5c-b07b-c79c99f93ac1" />
</File>
<Timelines>
<Transcode startTime="40736" endTime="40817" complete="1" fileType="av" variant="7426bebc-cf75-4c5c-b07b-c79c99f93ac1" />
</Timelines>
</Segment>
<Segment duration="2219" startOffset="3874810" endOffset="3877029">
<File name="chunk-00784" type="av">
<FileVariant size="41" variant="7426bebc-cf75-4c5c-b07b-c79c99f93ac1" />
</File>
<Timelines>
<Transcode startTime="40817" endTime="40847" complete="1" fileType="av" variant="7426bebc-cf75-4c5c-b07b-c79c99f93ac1" />
</Timelines>
</Segment>
<Segment duration="4089" startOffset="3877030" endOffset="3881120">
<File name="chunk-00785" type="av">
<FileVariant size="77" variant="7426bebc-cf75-4c5c-b07b-c79c99f93ac1" />
</File>
<Timelines>
<Transcode startTime="40847" endTime="40853" complete="1" fileType="av" variant="7426bebc-cf75-4c5c-b07b-c79c99f93ac1" />
</Timelines>
</Segment>
<Segment duration="2827" startOffset="3881121" endOffset="3883949">
<File name="chunk-00786" type="av">
<FileVariant size="46" variant="7426bebc-cf75-4c5c-b07b-c79c99f93ac1" />
</File>
<Timelines>
<Transcode startTime="40853" endTime="40887" complete="1" fileType="av" variant="7426bebc-cf75-4c5c-b07b-c79c99f93ac1" />
</Timelines>
</Segment>
<Segment duration="1347" startOffset="3883950" endOffset="3885298">
<File name="chunk-00787" type="av">
<FileVariant size="40" variant="7426bebc-cf75-4c5c-b07b-c79c99f93ac1" />
</File>
<Timelines>
<Transcode startTime="40887" endTime="40890" complete="1" fileType="av" variant="7426bebc-cf75-4c5c-b07b-c79c99f93ac1" />
</Timelines>
</Segment>
<Segment duration="2914" startOffset="3885299" endOffset="3888214">
<File name="chunk-00788" type="av">
<FileVariant size="89" variant="7426bebc-cf75-4c5c-b07b-c79c99f93ac1" />
</File>
<Timelines>
<Transcode startTime="40890" endTime="40957" complete="1" fileType="av" variant="7426bebc-cf75-4c5c-b07b-c79c99f93ac1" />
</Timelines>
</Segment>
<Segment duration="2132" startOffset="3889956" endOffset="3892089">
<File name="chunk-00789" type="av">
<FileVariant size="65" variant="7426bebc-cf75-4c5c-b07b-c79c99f93ac1" />
</File>
<Timelines>
<Transcode startTime="40957" endTime="40963" complete="1" fileType="av" variant="7426bebc-cf75-4c5c-b07b-c79c99f93ac1" />
</Timelines>
</Segment>
<Segment duration="1956" startOffset="3894091" endOffset="3896048">
<File name="chunk-00790" type="av">
<FileVariant size="51" variant="7426bebc-cf75-4c5c-b07b-c79c99f93ac1" />
</File>
<Timelines>
<Transcode startTime="40963" endTime="40994" complete="1" fileType="av" variant="7426bebc-cf75-4c5c-b07b-c79c99f93ac1" />
</Timelines>
</Segment>
<Segment duration="1434" startOffset="3896049" endOffset="3897484">
<File name="chunk-00791" type="av">
<FileVariant size="41" variant="7426bebc-cf75-4c5c-b07b-c79c99f93ac1" />
</File>
<Timelines>
<Transcode startTime="40994" endTime="41002" complete="1" fileType="av" variant="7426bebc-cf75-4c5c-b07b-c79c99f93ac1" />
</Timelines>
</Segment>
<Segment duration="3699" startOffset="3897485" endOffset="3901184">
<File name="chunk-00792" type="av">
<FileVariant size="89" variant="7426bebc-cf75-4c5c-b07b-c79c99f93ac1" />
</File>
<Timelines>
<Transcode startTime="41002" endTime="41064" complete="1" fileType="av" variant="7426bebc-cf75-4c5c-b07b-c79c99f93ac1" />
</Timelines>
</Segment>
<Segment duration="2001" startOffset="3901185" endOffset="3903186">
<File name="chunk-00793" type="av">
<FileVariant size="71" variant="7426bebc-cf75-4c5c-b07b-c79c99f93ac1" />
</File>
<Timelines>
<Transcode startTime="41064" endTime="41086" complete="1" fileType="av" variant="7426bebc-cf75-4c5c-b07b-c79c99f93ac1" />
</Timelines>
</Segment>
<Segment duration="2784" startOffset="3903187" endOffset="3905971">
<File name="chunk-00794" type="av">
<FileVariant size="62" variant="7426bebc-cf75-4c5c-b07b-c79c99f93ac1" />
</File>
<Timelines>
<Transcode startTime="41086" endTime="41136" complete="1" fileType="av" variant="7426bebc-cf75-4c5c-b07b-c79c99f93ac1" />
</Timelines>
</Segment>
<Segment duration="3176" startOffset="3907365" endOffset="3910541">
<File name="chunk-00795" type="av">
<FileVariant size="87" variant="7426bebc-cf75-4c5c-b07b-c79c99f93ac1" />
</File>
<Timelines>
<Transcode startTime="41136" endTime="41169" complete="1" fileType="av" variant="7426bebc-cf75-4c5c-b07b-c79c99f93ac1" />
</Timelines>
</Segment>
<Segment duration="2697" startOffset="3910542" endOffset="3913239">
<File name="chunk-00796" type="av">
<FileVariant size="79" variant="7426bebc-cf75-4c5c-b07b-c79c99f93ac1" />
</File>
<Timelines>
<Transcode startTime="41169" endTime="41169" complete="1" fileType="av" variant="7426bebc-cf75-4c5c-b07b-c79c99f93ac1" />
</Timelines>
</Segment>
<Segment duration="3002" startOffset="3913240" endOffset="3916242">
<File name="chunk-00797" type="av">
<FileVariant size="59" variant="7426bebc-cf75-4c5c-b07b-c79c99f93ac1" />
</File>
<Timelines>
<Transcode startTime="41169" endTime="41197" complete="1" fileType="av" variant="7426bebc-cf75-4c5c-b07b-c79c99f93ac1" />
</Timelines>
</Segment>
<Segment duration="1434" startOffset="3916243" endOffset="3917678">
<File name="chunk-00798" type="av">
<FileVariant size="54" variant="7426bebc-cf75-4c5c-b07b-c79c99f93ac1" />
</File>
<Timelines>
<Transcode startTime="41197" endTime="41209" complete="1" fileType="av" variant="7426bebc-cf75-4c5c-b07b-c79c99f93ac1" />
</Timelines>
</Segment>
<Segment duration="3873" startOffset="3917679" endOffset="3921552">
<File name="chunk-00799" type="av">
<FileVariant size="91" variant="7426bebc-cf75-4c5c-b07b-c79c99f93ac1" />
</File>
<Timelines>
<Transcode startTime="41209" endTime="41243" complete="1" fileType="av" variant="7426bebc-cf75-4c5c-b07b-c79c99f93ac1" />
</Timelines>
</Segment>
<Segment duration="1393" startOffset="3921553" endOffset="3922946">
<File name="chunk-00800" type="av">
<FileVariant size="54" variant="7426bebc-cf75-4c5c-b07b-c79c99f93ac1" />
</File>
<Timelines>
<Transcode startTime="41243" endTime="41247" complete="1" fileType="av" variant="7426bebc-cf75-4c5c-b07b-c79c99f93ac1" />
</Timelines>
</Segment>
<Segment duration="2132" startOffset="3923685" endOffset="3925817">
<File name="chunk-00801" type="av">
<FileVariant size="52" variant="7426bebc-cf75-4c5c-b07b-c79c99f93ac1" />
</File>
<Timelines>
<Transcode startTime="41247" endTime="41252" complete="1" fileType="av" variant="7426bebc-cf75-4c5c-b07b-c79c99f93ac1" />
</Timelines>
</Segment>
<Segment duration="1956" startOffset="3925818" endOffset="3927775">
<File name="chunk-00802" type="av">
<FileVariant size="46" variant="7426bebc-cf75-4c5c-b07b-c79c99f93ac1" />
</File>
<Timelines>
<Transcode startTime="41252" endTime="41303" complete="1" fileType="av" variant="7426bebc-cf75-4c5c-b07b-c79c99f93ac1" />
</Timelines>
</Segment>
<Segment duration="1740" startOffset="3928995" endOffset="3930735">
<File name="chunk-00803" type="av">
<FileVariant size="39" variant="7426bebc-cf75-4c5c-b07b-c79c99f93ac1" />
</File>
<Timelines>
<Transcode startTime="41303" endTime="41430" complete="1" fileType="av" variant="7426bebc-cf75-4c5c-b07b-c79c99f93ac1" />
</Timelines>
</Segment>
<Segment duration="3393" startOffset="3933565" endOffset="3936959">
<File name="chunk-00804" type="av">
<FileVariant size="66" variant="7426bebc-cf75-4c5c-b07b-c79c99f93ac1" />
</File>
<Timelines>
<Transcode startTime="41430" endTime="41491" complete="1" fileType="av" variant="7426bebc-cf75-4c5c-b07b-c79c99f93ac1" />
</Timelines>
</Segment>
<Segment duration="1826" startOffset="3936960" endOffset="3938786">
<File name="chunk-00805" type="av">
<FileVariant size="55" variant="7426bebc-cf75-4c5c-b07b-c79c99f93ac1" />
</File>
<Timelines>
<Transcode startTime="41491" endTime="41529" complete="1" fileType="av" variant="7426bebc-cf75-4c5c-b07b-c79c99f93ac1" />
</Timelines>
</Segment>
<Segment duration="1262" startOffset="3938787" endOffset="3940049">
<File name="chunk-00806" type="av">
<FileVariant size="40" variant="7426bebc-cf75-4c5c-b07b-c79c99f93ac1" />
</File>
<Timelines>
<Transcode startTime="41529" endTime="41536" complete="1" fileType="av" variant="7426bebc-cf75-4c5c-b07b-c79c99f93ac1" />
</Timelines>
</Segment>
<Segment duration="1695" startOffset="3940050" endOffset="3941746">
<File name="chunk-00807" type="av">
<FileVariant size="41" variant="7426bebc-cf75-4c5c-b07b-c79c99f93ac1" />
</File>
<Timelines>
<Transcode startTime="41536" endTime="41603" complete="1" fileType="av" variant="7426bebc-cf75-4c5c-b07b-c79c99f93ac1" />
</Timelines>
</Segment>
<Segment duration="2480" startOffset="3941747" endOffset="3944227">
<File name="chunk-00808" type="av">
<FileVariant size="64" variant="7426bebc-cf75-4c5c-b07b-c79c99f93ac1" />
</File>
<Timelines>
<Transcode startTime="41603" endTime="41613" complete="1" fileType="av" variant="7426bebc-cf75-4c5c-b07b-c79c99f93ac1" />
</Timelines>
</Segment>
<Segment duration="3741" startOffset="3944228" endOffset="3947970">
<File name="chunk-00809" type="av">
<FileVariant size="83" variant="7426bebc-cf75-4c5c-b07b-c79c99f93ac1" />
</File>
<Timelines>
<Transcode startTime="41613" endTime="41881" complete="1" fileType="av" variant="7426bebc-cf75-4c5c-b07b-c79c99f93ac1" />
</Timelines>
</Segment>
<Segment duration="2088" startOffset="3972386" endOffset="3974475">
<File name="chunk-00810" type="av">
<FileVariant size="53" variant="7426bebc-cf75-4c5c-b07b-c79c99f93ac1" />
</File>
<Timelines>
<Transcode startTime="41881" endTime="41913" complete="1" fileType="av" variant="7426bebc-cf75-4c5c-b07b-c79c99f93ac1" />
</Timelines>
</Segment>
<Segment duration="2175" startOffset="3975781" endOffset="3977956">
<File name="chunk-00811" type="av">
<FileVariant size="61" variant="7426bebc-cf75-4c5c-b07b-c79c99f93ac1" />
</File>
<Timelines>
<Transcode startTime="41913" endTime="41917" complete="1" fileType="av" variant="7426bebc-cf75-4c5c-b07b-c79c99f93ac1" />
</Timelines>
</Segment>
<Segment duration="2958" startOffset="3977957" endOffset="3980915">
<File name="chunk-00812" type="av">
<FileVariant size="70" variant="7426bebc-cf75-4c5c-b07b-c79c99f93ac1" />
</File>
<Timelines>
<Transcode startTime="41917" endTime="41941" complete="1" fileType="av" variant="7426bebc-cf75-4c5c-b07b-c79c99f93ac1" />
</Timelines>
</Segment>
<Segment duration="3916" startOffset="3980916" endOffset="3984833">
<File name="chunk-00813" type="av">
<FileVariant size="79" variant="7426bebc-cf75-4c5c-b07b-c79c99f93ac1" />
</File>
<Timelines>
<Transcode startTime="41941" endTime="41946" complete="1" fileType="av" variant="7426bebc-cf75-4c5c-b07b-c79c99f93ac1" />
</Timelines>
</Segment>
<Segment duration="1869" startOffset="3986705" endOffset="3988575">
<File name="chunk-00814" type="av">
<FileVariant size="44" variant="7426bebc-cf75-4c5c-b07b-c79c99f93ac1" />
</File>
<Timelines>
<Transcode startTime="41946" endTime="41961" complete="1" fileType="av" variant="7426bebc-cf75-4c5c-b07b-c79c99f93ac1" />
</Timelines>
</Segment>
<Segment duration="1436" startOffset="3988576" endOffset="3990013">
<File name="chunk-00815" type="av">
<FileVariant size="44" variant="7426bebc-cf75-4c5c-b07b-c79c99f93ac1" />
</File>
<Timelines>
<Transcode startTime="41961" endTime="41964" complete="1" fileType="av" variant="7426bebc-cf75-4c5c-b07b-c79c99f93ac1" />
</Timelines>
</Segment>
<Segment duration="1523" startOffset="3990839" endOffset="3992363">
<File name="chunk-00816" type="av">
<FileVariant size="53" variant="7426bebc-cf75-4c5c-b07b-c79c99f93ac1" />
</File>
<Timelines>
<Transcode startTime="41964" endTime="41967" complete="1" fileType="av" variant="7426bebc-cf75-4c5c-b07b-c79c99f93ac1" />
</Timelines>
</Segment>
<Segment duration="1739" startOffset="3993190" endOffset="3994930">
<File name="chunk-00817" type="av">
<FileVariant size="53" variant="7426bebc-cf75-4c5c-b07b-c79c99f93ac1" />
</File>
<Timelines>
<Transcode startTime="41967" endTime="42010" complete="1" fileType="av" variant="7426bebc-cf75-4c5c-b07b-c79c99f93ac1" />
</Timelines>
</Segment>
<Segment duration="3045" startOffset="3997281" endOffset="4000326">
<File name="chunk-00818" type="av">
<FileVariant size="102" variant="7426bebc-cf75-4c5c-b07b-c79c99f93ac1" />
</File>
<Timelines>
<Transcode startTime="42010" endTime="42049" complete="1" fileType="av" variant="7426bebc-cf75-4c5c-b07b-c79c99f93ac1" />
</Timelines>
</Segment>
<Segment duration="4046" startOffset="4000327" endOffset="4004374">
<File name="chunk-00819" type="av">
<FileVariant size="94" variant="7426bebc-cf75-4c5c-b07b-c79c99f93ac1" />
</File>
<Timelines>
<Transcode startTime="42049" endTime="42053" complete="1" fileType="av" variant="7426bebc-cf75-4c5c-b07b-c79c99f93ac1" />
</Timelines>
</Segment>
<Segment duration="1871" startOffset="4004375" endOffset="4006246">
<File name="chunk-00820" type="av">
<FileVariant size="55" variant="7426bebc-cf75-4c5c-b07b-c79c99f93ac1" />
</File>
<Timelines>
<Transcode startTime="42053" endTime="42143" complete="1" fileType="av" variant="7426bebc-cf75-4c5c-b07b-c79c99f93ac1" />
</Timelines>
</Segment>
<Segment duration="4176" startOffset="4009032" endOffset="4013209">
<File name="chunk-00821" type="av">
<FileVariant size="79" variant="7426bebc-cf75-4c5c-b07b-c79c99f93ac1" />
</File>
<Timelines>
<Transcode startTime="42143" endTime="42218" complete="1" fileType="av" variant="7426bebc-cf75-4c5c-b07b-c79c99f93ac1" />
</Timelines>
</Segment>
<Segment duration="1652" startOffset="4013210" endOffset="4014862">
<File name="chunk-00822" type="av">
<FileVariant size="60" variant="7426bebc-cf75-4c5c-b07b-c79c99f93ac1" />
</File>
<Timelines>
<Transcode startTime="42218" endTime="42221" complete="1" fileType="av" variant="7426bebc-cf75-4c5c-b07b-c79c99f93ac1" />
</Timelines>
</Segment>
<Segment duration="3655" startOffset="4014863" endOffset="4018518">
<File name="chunk-00823" type="av">
<FileVariant size="60" variant="7426bebc-cf75-4c5c-b07b-c79c99f93ac1" />
</File>
<Timelines>
<Transcode startTime="42221" endTime="42637" complete="1" fileType="av" variant="7426bebc-cf75-4c5c-b07b-c79c99f93ac1" />
</Timelines>
</Segment>
<Segment duration="4090" startOffset="4028181" endOffset="4032271">
<File name="chunk-00824" type="av">
<FileVariant size="75" variant="7426bebc-cf75-4c5c-b07b-c79c99f93ac1" />
</File>
<Timelines>
<Transcode startTime="42637" endTime="42744" complete="1" fileType="av" variant="7426bebc-cf75-4c5c-b07b-c79c99f93ac1" />
</Timelines>
</Segment>
<Segment duration="2133" startOffset="4032272" endOffset="4034405">
<File name="chunk-00825" type="av">
<FileVariant size="72" variant="7426bebc-cf75-4c5c-b07b-c79c99f93ac1" />
</File>
<Timelines>
<Transcode startTime="42744" endTime="42796" complete="1" fileType="av" variant="7426bebc-cf75-4c5c-b07b-c79c99f93ac1" />
</Timelines>
</Segment>
<Segment duration="2436" startOffset="4036102" endOffset="4038538">
<File name="chunk-00826" type="av">
<FileVariant size="76" variant="7426bebc-cf75-4c5c-b07b-c79c99f93ac1" />
</File>
<Timelines>
<Transcode startTime="42796" endTime="42800" complete="1" fileType="av" variant="7426bebc-cf75-4c5c-b07b-c79c99f93ac1" />
</Timelines>
</Segment>
<Segment duration="4525" startOffset="4038539" endOffset="4043065">
<File name="chunk-00827" type="av">
<FileVariant size="91" variant="7426bebc-cf75-4c5c-b07b-c79c99f93ac1" />
</File>
<Timelines>
<Transcode startTime="42800" endTime="42845" complete="1" fileType="av" variant="7426bebc-cf75-4c5c-b07b-c79c99f93ac1" />
</Timelines>
</Segment>
<Segment duration="1523" startOffset="4043066" endOffset="4044589">
<File name="chunk-00828" type="av">
<FileVariant size="60" variant="7426bebc-cf75-4c5c-b07b-c79c99f93ac1" />
</File>
<Timelines>
<Transcode startTime="42845" endTime="42943" complete="1" fileType="av" variant="7426bebc-cf75-4c5c-b07b-c79c99f93ac1" />
</Timelines>
</Segment>
<Segment duration="2524" startOffset="4054729" endOffset="4057253">
<File name="chunk-00829" type="av">
<FileVariant size="79" variant="7426bebc-cf75-4c5c-b07b-c79c99f93ac1" />
</File>
<Timelines>
<Transcode startTime="42943" endTime="42998" complete="1" fileType="av" variant="7426bebc-cf75-4c5c-b07b-c79c99f93ac1" />
</Timelines>
</Segment>
<Segment duration="2697" startOffset="4057254" endOffset="4059951">
<File name="chunk-00830" type="av">
<FileVariant size="74" variant="7426bebc-cf75-4c5c-b07b-c79c99f93ac1" />
</File>
<Timelines>
<Transcode startTime="42998" endTime="43043" complete="1" fileType="av" variant="7426bebc-cf75-4c5c-b07b-c79c99f93ac1" />
</Timelines>
</Segment>
<Segment duration="3958" startOffset="4059952" endOffset="4063911">
<File name="chunk-00831" type="av">
<FileVariant size="87" variant="7426bebc-cf75-4c5c-b07b-c79c99f93ac1" />
</File>
<Timelines>
<Transcode startTime="43043" endTime="43048" complete="1" fileType="av" variant="7426bebc-cf75-4c5c-b07b-c79c99f93ac1" />
</Timelines>
</Segment>
<Segment duration="1088" startOffset="4063912" endOffset="4065000">
<File name="chunk-00832" type="av">
<FileVariant size="43" variant="7426bebc-cf75-4c5c-b07b-c79c99f93ac1" />
</File>
<Timelines>
<Transcode startTime="43048" endTime="43049" complete="1" fileType="av" variant="7426bebc-cf75-4c5c-b07b-c79c99f93ac1" />
</Timelines>
</Segment>
<Segment duration="1695" startOffset="4065784" endOffset="4067480">
<File name="chunk-00833" type="av">
<FileVariant size="41" variant="7426bebc-cf75-4c5c-b07b-c79c99f93ac1" />
</File>
<Timelines>
<Transcode startTime="43049" endTime="43097" complete="1" fileType="av" variant="7426bebc-cf75-4c5c-b07b-c79c99f93ac1" />
</Timelines>
</Segment>
<Segment duration="3828" startOffset="4067481" endOffset="4071310">
<File name="chunk-00834" type="av">
<FileVariant size="83" variant="7426bebc-cf75-4c5c-b07b-c79c99f93ac1" />
</File>
<Timelines>
<Transcode startTime="43097" endTime="43150" complete="1" fileType="av" variant="7426bebc-cf75-4c5c-b07b-c79c99f93ac1" />
</Timelines>
</Segment>
<Segment duration="2219" startOffset="4071311" endOffset="4073530">
<File name="chunk-00835" type="av">
<FileVariant size="69" variant="7426bebc-cf75-4c5c-b07b-c79c99f93ac1" />
</File>
<Timelines>
<Transcode startTime="43150" endTime="43155" complete="1" fileType="av" variant="7426bebc-cf75-4c5c-b07b-c79c99f93ac1" />
</Timelines>
</Segment>
<Segment duration="2958" startOffset="4073531" endOffset="4076490">
<File name="chunk-00836" type="av">
<FileVariant size="73" variant="7426bebc-cf75-4c5c-b07b-c79c99f93ac1" />
</File>
<Timelines>
<Transcode startTime="43155" endTime="43309" complete="1" fileType="av" variant="7426bebc-cf75-4c5c-b07b-c79c99f93ac1" />
</Timelines>
</Segment>
<Segment duration="1609" startOffset="4077709" endOffset="4079318">
<File name="chunk-00837" type="av">
<FileVariant size="73" variant="7426bebc-cf75-4c5c-b07b-c79c99f93ac1" />
</File>
<Timelines>
<Transcode startTime="43309" endTime="43315" complete="1" fileType="av" variant="7426bebc-cf75-4c5c-b07b-c79c99f93ac1" />
</Timelines>
</Segment>
<Segment duration="2480" startOffset="4079319" endOffset="4081799">
<File name="chunk-00838" type="av">
<FileVariant size="84" variant="7426bebc-cf75-4c5c-b07b-c79c99f93ac1" />
</File>
<Timelines>
<Transcode startTime="43315" endTime="43346" complete="1" fileType="av" variant="7426bebc-cf75-4c5c-b07b-c79c99f93ac1" />
</Timelines>
</Segment>
<Segment duration="1521" startOffset="4081800" endOffset="4083322">
<File name="chunk-00839" type="av">
<FileVariant size="59" variant="7426bebc-cf75-4c5c-b07b-c79c99f93ac1" />
</File>
<Timelines>
<Transcode startTime="43346" endTime="43351" complete="1" fileType="av" variant="7426bebc-cf75-4c5c-b07b-c79c99f93ac1" />
</Timelines>
</Segment>
<Segment duration="1218" startOffset="4083323" endOffset="4084541">
<File name="chunk-00840" type="av">
<FileVariant size="90" variant="7426bebc-cf75-4c5c-b07b-c79c99f93ac1" />
</File>
<Timelines>
<Transcode startTime="43351" endTime="43381" complete="1" fileType="av" variant="7426bebc-cf75-4c5c-b07b-c79c99f93ac1" />
</Timelines>
</Segment>
<Segment duration="1347" startOffset="4084542" endOffset="4085890">
<File name="chunk-00841" type="av">
<FileVariant size="82" variant="7426bebc-cf75-4c5c-b07b-c79c99f93ac1" />
</File>
<Timelines>
<Transcode startTime="43381" endTime="43388" complete="1" fileType="av" variant="7426bebc-cf75-4c5c-b07b-c79c99f93ac1" />
</Timelines>
</Segment>
<Segment duration="1826" startOffset="4085891" endOffset="4087718">
<File name="chunk-00842" type="av">
<FileVariant size="78" variant="7426bebc-cf75-4c5c-b07b-c79c99f93ac1" />
</File>
<Timelines>
<Transcode startTime="43388" endTime="43423" complete="1" fileType="av" variant="7426bebc-cf75-4c5c-b07b-c79c99f93ac1" />
</Timelines>
</Segment>
<Segment duration="1565" startOffset="4087719" endOffset="4089285">
<File name="chunk-00843" type="av">
<FileVariant size="103" variant="7426bebc-cf75-4c5c-b07b-c79c99f93ac1" />
</File>
<Timelines>
<Transcode startTime="43423" endTime="43450" complete="1" fileType="av" variant="7426bebc-cf75-4c5c-b07b-c79c99f93ac1" />
</Timelines>
</Segment>
<Segment duration="1695" startOffset="4089286" endOffset="4090982">
<File name="chunk-00844" type="av">
<FileVariant size="46" variant="7426bebc-cf75-4c5c-b07b-c79c99f93ac1" />
</File>
<Timelines>
<Transcode startTime="43450" endTime="43453" complete="1" fileType="av" variant="7426bebc-cf75-4c5c-b07b-c79c99f93ac1" />
</Timelines>
</Segment>
<Segment duration="4263" startOffset="4090983" endOffset="4095247">
<File name="chunk-00845" type="av">
<FileVariant size="95" variant="7426bebc-cf75-4c5c-b07b-c79c99f93ac1" />
</File>
<Timelines>
<Transcode startTime="43453" endTime="43481" complete="1" fileType="av" variant="7426bebc-cf75-4c5c-b07b-c79c99f93ac1" />
</Timelines>
</Segment>
<Segment duration="1610" startOffset="4095248" endOffset="4096858">
<File name="chunk-00846" type="av">
<FileVariant size="62" variant="7426bebc-cf75-4c5c-b07b-c79c99f93ac1" />
</File>
<Timelines>
<Transcode startTime="43481" endTime="43525" complete="1" fileType="av" variant="7426bebc-cf75-4c5c-b07b-c79c99f93ac1" />
</Timelines>
</Segment>
<Segment duration="2784" startOffset="4097772" endOffset="4100557">
<File name="chunk-00847" type="av">
<FileVariant size="49" variant="7426bebc-cf75-4c5c-b07b-c79c99f93ac1" />
</File>
<Timelines>
<Transcode startTime="43525" endTime="43565" complete="1" fileType="av" variant="7426bebc-cf75-4c5c-b07b-c79c99f93ac1" />
</Timelines>
</Segment>
<Segment duration="3219" startOffset="4100558" endOffset="4103777">
<File name="chunk-00848" type="av">
<FileVariant size="94" variant="7426bebc-cf75-4c5c-b07b-c79c99f93ac1" />
</File>
<Timelines>
<Transcode startTime="43565" endTime="43610" complete="1" fileType="av" variant="7426bebc-cf75-4c5c-b07b-c79c99f93ac1" />
</Timelines>
</Segment>
<Segment duration="1523" startOffset="4103778" endOffset="4105301">
<File name="chunk-00849" type="av">
<FileVariant size="59" variant="7426bebc-cf75-4c5c-b07b-c79c99f93ac1" />
</File>
<Timelines>
<Transcode startTime="43610" endTime="43610" complete="1" fileType="av" variant="7426bebc-cf75-4c5c-b07b-c79c99f93ac1" />
</Timelines>
</Segment>
<Segment duration="2654" startOffset="4105301" endOffset="4107956">
<File name="chunk-00850" type="av">
<FileVariant size="69" variant="7426bebc-cf75-4c5c-b07b-c79c99f93ac1" />
</File>
<Timelines>
<Transcode startTime="43610" endTime="43737" complete="1" fileType="av" variant="7426bebc-cf75-4c5c-b07b-c79c99f93ac1" />
</Timelines>
</Segment>
<Segment duration="4351" startOffset="4114310" endOffset="4118662">
<File name="chunk-00851" type="av">
<FileVariant size="92" variant="7426bebc-cf75-4c5c-b07b-c79c99f93ac1" />
</File>
<Timelines>
<Transcode startTime="43737" endTime="43767" complete="1" fileType="av" variant="7426bebc-cf75-4c5c-b07b-c79c99f93ac1" />
</Timelines>
</Segment>
<Segment duration="3569" startOffset="4118662" endOffset="4122232">
<File name="chunk-00852" type="av">
<FileVariant size="79" variant="7426bebc-cf75-4c5c-b07b-c79c99f93ac1" />
</File>
<Timelines>
<Transcode startTime="43767" endTime="43810" complete="1" fileType="av" variant="7426bebc-cf75-4c5c-b07b-c79c99f93ac1" />
</Timelines>
</Segment>
<Segment duration="3394" startOffset="4123624" endOffset="4127018">
<File name="chunk-00853" type="av">
<FileVariant size="61" variant="7426bebc-cf75-4c5c-b07b-c79c99f93ac1" />
</File>
<Timelines>
<Transcode startTime="43810" endTime="43840" complete="1" fileType="av" variant="7426bebc-cf75-4c5c-b07b-c79c99f93ac1" />
</Timelines>
</Segment>
<Segment duration="2045" startOffset="4127019" endOffset="4129064">
<File name="chunk-00854" type="av">
<FileVariant size="49" variant="7426bebc-cf75-4c5c-b07b-c79c99f93ac1" />
</File>
<Timelines>
<Transcode startTime="43840" endTime="43915" complete="1" fileType="av" variant="7426bebc-cf75-4c5c-b07b-c79c99f93ac1" />
</Timelines>
</Segment>
<Segment duration="1654" startOffset="4130022" endOffset="4131676">
<File name="chunk-00855" type="av">
<FileVariant size="51" variant="7426bebc-cf75-4c5c-b07b-c79c99f93ac1" />
</File>
<Timelines>
<Transcode startTime="43915" endTime="43922" complete="1" fileType="av" variant="7426bebc-cf75-4c5c-b07b-c79c99f93ac1" />
</Timelines>
</Segment>
<Segment duration="2261" startOffset="4133591" endOffset="4135853">
<File name="chunk-00856" type="av">
<FileVariant size="58" variant="7426bebc-cf75-4c5c-b07b-c79c99f93ac1" />
</File>
<Timelines>
<Transcode startTime="43922" endTime="43929" complete="1" fileType="av" variant="7426bebc-cf75-4c5c-b07b-c79c99f93ac1" />
</Timelines>
</Segment>
<Segment duration="2261" startOffset="4135854" endOffset="4138116">
<File name="chunk-00857" type="av">
<FileVariant size="51" variant="7426bebc-cf75-4c5c-b07b-c79c99f93ac1" />
</File>
<Timelines>
<Transcode startTime="43929" endTime="43943" complete="1" fileType="av" variant="7426bebc-cf75-4c5c-b07b-c79c99f93ac1" />
</Timelines>
</Segment>
<Segment duration="3610" startOffset="4138117" endOffset="4141728">
<File name="chunk-00858" type="av">
<FileVariant size="110" variant="7426bebc-cf75-4c5c-b07b-c79c99f93ac1" />
</File>
<Timelines>
<Transcode startTime="43943" endTime="43952" complete="1" fileType="av" variant="7426bebc-cf75-4c5c-b07b-c79c99f93ac1" />
</Timelines>
</Segment>
<Segment duration="1347" startOffset="4141729" endOffset="4143077">
<File name="chunk-00859" type="av">
<FileVariant size="48" variant="7426bebc-cf75-4c5c-b07b-c79c99f93ac1" />
</File>
<Timelines>
<Transcode startTime="43952" endTime="43952" complete="1" fileType="av" variant="7426bebc-cf75-4c5c-b07b-c79c99f93ac1" />
</Timelines>
</Segment>
<Segment duration="2175" startOffset="4143078" endOffset="4145254">
<File name="chunk-00860" type="av">
<FileVariant size="72" variant="7426bebc-cf75-4c5c-b07b-c79c99f93ac1" />
</File>
<Timelines>
<Transcode startTime="43952" endTime="43978" complete="1" fileType="av" variant="7426bebc-cf75-4c5c-b07b-c79c99f93ac1" />
</Timelines>
</Segment>
<Segment duration="2567" startOffset="4146386" endOffset="4148953">
<File name="chunk-00861" type="av">
<FileVariant size="77" variant="7426bebc-cf75-4c5c-b07b-c79c99f93ac1" />
</File>
<Timelines>
<Transcode startTime="43978" endTime="44030" complete="1" fileType="av" variant="7426bebc-cf75-4c5c-b07b-c79c99f93ac1" />
</Timelines>
</Segment>
<Segment duration="4873" startOffset="4151652" endOffset="4156526">
<File name="chunk-00862" type="av">
<FileVariant size="96" variant="7426bebc-cf75-4c5c-b07b-c79c99f93ac1" />
</File>
<Timelines>
<Transcode startTime="44030" endTime="44167" complete="1" fileType="av" variant="7426bebc-cf75-4c5c-b07b-c79c99f93ac1" />
</Timelines>
</Segment>
<Segment duration="3262" startOffset="4156527" endOffset="4159790">
<File name="chunk-00863" type="av">
<FileVariant size="78" variant="7426bebc-cf75-4c5c-b07b-c79c99f93ac1" />
</File>
<Timelines>
<Transcode startTime="44167" endTime="44276" complete="1" fileType="av" variant="7426bebc-cf75-4c5c-b07b-c79c99f93ac1" />
</Timelines>
</Segment>
<Segment duration="2783" startOffset="4159791" endOffset="4162575">
<File name="chunk-00864" type="av">
<FileVariant size="72" variant="7426bebc-cf75-4c5c-b07b-c79c99f93ac1" />
</File>
<Timelines>
<Transcode startTime="44276" endTime="44411" complete="1" fileType="av" variant="7426bebc-cf75-4c5c-b07b-c79c99f93ac1" />
</Timelines>
</Segment>
<Segment duration="2217" startOffset="4164448" endOffset="4166666">
<File name="chunk-00865" type="av">
<FileVariant size="55" variant="7426bebc-cf75-4c5c-b07b-c79c99f93ac1" />
</File>
<Timelines>
<Transcode startTime="44411" endTime="44462" complete="1" fileType="av" variant="7426bebc-cf75-4c5c-b07b-c79c99f93ac1" />
</Timelines>
</Segment>
<Segment duration="2261" startOffset="4166667" endOffset="4168929">
<File name="chunk-00866" type="av">
<FileVariant size="80" variant="7426bebc-cf75-4c5c-b07b-c79c99f93ac1" />
</File>
<Timelines>
<Transcode startTime="44462" endTime="44468" complete="1" fileType="av" variant="7426bebc-cf75-4c5c-b07b-c79c99f93ac1" />
</Timelines>
</Segment>
<Segment duration="1913" startOffset="4168930" endOffset="4170844">
<File name="chunk-00867" type="av">
<FileVariant size="70" variant="7426bebc-cf75-4c5c-b07b-c79c99f93ac1" />
</File>
<Timelines>
<Transcode startTime="44468" endTime="44562" complete="1" fileType="av" variant="7426bebc-cf75-4c5c-b07b-c79c99f93ac1" />
</Timelines>
</Segment>
<Segment duration="1827" startOffset="4170845" endOffset="4172673">
<File name="chunk-00868" type="av">
<FileVariant size="61" variant="7426bebc-cf75-4c5c-b07b-c79c99f93ac1" />
</File>
<Timelines>
<Transcode startTime="44562" endTime="44650" complete="1" fileType="av" variant="7426bebc-cf75-4c5c-b07b-c79c99f93ac1" />
</Timelines>
</Segment>
<Segment duration="1652" startOffset="4173805" endOffset="4175457">
<File name="chunk-00869" type="av">
<FileVariant size="52" variant="7426bebc-cf75-4c5c-b07b-c79c99f93ac1" />
</File>
<Timelines>
<Transcode startTime="44650" endTime="44664" complete="1" fileType="av" variant="7426bebc-cf75-4c5c-b07b-c79c99f93ac1" />
</Timelines>
</Segment>
<Segment duration="1913" startOffset="4175459" endOffset="4177372">
<File name="chunk-00870" type="av">
<FileVariant size="47" variant="7426bebc-cf75-4c5c-b07b-c79c99f93ac1" />
</File>
<Timelines>
<Transcode startTime="44664" endTime="44801" complete="1" fileType="av" variant="7426bebc-cf75-4c5c-b07b-c79c99f93ac1" />
</Timelines>
</Segment>
<Segment duration="2131" startOffset="4177374" endOffset="4179505">
<File name="chunk-00871" type="av">
<FileVariant size="64" variant="7426bebc-cf75-4c5c-b07b-c79c99f93ac1" />
</File>
<Timelines>
<Transcode startTime="44801" endTime="44911" complete="1" fileType="av" variant="7426bebc-cf75-4c5c-b07b-c79c99f93ac1" />
</Timelines>
</Segment>
<Segment duration="1826" startOffset="4179506" endOffset="4181332">
<File name="chunk-00872" type="av">
<FileVariant size="68" variant="7426bebc-cf75-4c5c-b07b-c79c99f93ac1" />
</File>
<Timelines>
<Transcode startTime="44911" endTime="44915" complete="1" fileType="av" variant="7426bebc-cf75-4c5c-b07b-c79c99f93ac1" />
</Timelines>
</Segment>
<Segment duration="2132" startOffset="4181334" endOffset="4183466">
<File name="chunk-00873" type="av">
<FileVariant size="68" variant="7426bebc-cf75-4c5c-b07b-c79c99f93ac1" />
</File>
<Timelines>
<Transcode startTime="44915" endTime="44951" complete="1" fileType="av" variant="7426bebc-cf75-4c5c-b07b-c79c99f93ac1" />
</Timelines>
</Segment>
<Segment duration="3351" startOffset="4183466" endOffset="4186818">
<File name="chunk-00874" type="av">
<FileVariant size="103" variant="7426bebc-cf75-4c5c-b07b-c79c99f93ac1" />
</File>
<Timelines>
<Transcode startTime="44951" endTime="45064" complete="1" fileType="av" variant="7426bebc-cf75-4c5c-b07b-c79c99f93ac1" />
</Timelines>
</Segment>
<Segment duration="3134" startOffset="4191256" endOffset="4194391">
<File name="chunk-00875" type="av">
<FileVariant size="60" variant="7426bebc-cf75-4c5c-b07b-c79c99f93ac1" />
</File>
<Timelines>
<Transcode startTime="45064" endTime="45186" complete="1" fileType="av" variant="7426bebc-cf75-4c5c-b07b-c79c99f93ac1" />
</Timelines>
</Segment>
<Segment duration="1697" startOffset="4195740" endOffset="4197437">
<File name="chunk-00876" type="av">
<FileVariant size="53" variant="7426bebc-cf75-4c5c-b07b-c79c99f93ac1" />
</File>
<Timelines>
<Transcode startTime="45186" endTime="45291" complete="1" fileType="av" variant="7426bebc-cf75-4c5c-b07b-c79c99f93ac1" />
</Timelines>
</Segment>
<Segment duration="2610" startOffset="4199918" endOffset="4202528">
<File name="chunk-00877" type="av">
<FileVariant size="49" variant="7426bebc-cf75-4c5c-b07b-c79c99f93ac1" />
</File>
<Timelines>
<Transcode startTime="45291" endTime="45376" complete="1" fileType="av" variant="7426bebc-cf75-4c5c-b07b-c79c99f93ac1" />
</Timelines>
</Segment>
<Segment duration="2567" startOffset="4202529" endOffset="4205097">
<File name="chunk-00878" type="av">
<FileVariant size="53" variant="7426bebc-cf75-4c5c-b07b-c79c99f93ac1" />
</File>
<Timelines>
<Transcode startTime="45376" endTime="45660" complete="1" fileType="av" variant="7426bebc-cf75-4c5c-b07b-c79c99f93ac1" />
</Timelines>
</Segment>
<Segment duration="1393" startOffset="4209144" endOffset="4210537">
<File name="chunk-00879" type="av">
<FileVariant size="52" variant="7426bebc-cf75-4c5c-b07b-c79c99f93ac1" />
</File>
<Timelines>
<Transcode startTime="45660" endTime="45730" complete="1" fileType="av" variant="7426bebc-cf75-4c5c-b07b-c79c99f93ac1" />
</Timelines>
</Segment>
<Segment duration="3131" startOffset="4211930" endOffset="4215062">
<File name="chunk-00880" type="av">
<FileVariant size="53" variant="7426bebc-cf75-4c5c-b07b-c79c99f93ac1" />
</File>
<Timelines>
<Transcode startTime="45730" endTime="45815" complete="1" fileType="av" variant="7426bebc-cf75-4c5c-b07b-c79c99f93ac1" />
</Timelines>
</Segment>
<Segment duration="2742" startOffset="4215063" endOffset="4217805">
<File name="chunk-00881" type="av">
<FileVariant size="40" variant="7426bebc-cf75-4c5c-b07b-c79c99f93ac1" />
</File>
<Timelines>
<Transcode startTime="45815" endTime="46066" complete="1" fileType="av" variant="7426bebc-cf75-4c5c-b07b-c79c99f93ac1" />
</Timelines>
</Segment>
<Segment duration="912" startOffset="4225248" endOffset="4226160">
<File name="chunk-00882" type="av">
<FileVariant size="42" variant="7426bebc-cf75-4c5c-b07b-c79c99f93ac1" />
</File>
<Timelines>
<Transcode startTime="46066" endTime="46758" complete="1" fileType="av" variant="7426bebc-cf75-4c5c-b07b-c79c99f93ac1" />
</Timelines>
</Segment>
<Segment duration="2699" startOffset="4244571" endOffset="4247270">
<File name="chunk-00883" type="av">
<FileVariant size="49" variant="7426bebc-cf75-4c5c-b07b-c79c99f93ac1" />
</File>
<Timelines>
<Transcode startTime="46758" endTime="46809" complete="1" fileType="av" variant="7426bebc-cf75-4c5c-b07b-c79c99f93ac1" />
</Timelines>
</Segment>
<Segment duration="1175" startOffset="4247879" endOffset="4249054">
<File name="chunk-00884" type="av">
<FileVariant size="45" variant="7426bebc-cf75-4c5c-b07b-c79c99f93ac1" />
</File>
<Timelines>
<Transcode startTime="46809" endTime="47050" complete="1" fileType="av" variant="7426bebc-cf75-4c5c-b07b-c79c99f93ac1" />
</Timelines>
</Segment>
<Segment duration="3002" startOffset="4262937" endOffset="4265939">
<File name="chunk-00885" type="av">
<FileVariant size="73" variant="7426bebc-cf75-4c5c-b07b-c79c99f93ac1" />
</File>
<Timelines>
<Transcode startTime="47050" endTime="47186" complete="1" fileType="av" variant="7426bebc-cf75-4c5c-b07b-c79c99f93ac1" />
</Timelines>
</Segment>
<Segment duration="914" startOffset="4276516" endOffset="4277430">
<File name="chunk-00886" type="av">
<FileVariant size="40" variant="7426bebc-cf75-4c5c-b07b-c79c99f93ac1" />
</File>
<Timelines>
<Transcode startTime="47186" endTime="47227" complete="1" fileType="av" variant="7426bebc-cf75-4c5c-b07b-c79c99f93ac1" />
</Timelines>
</Segment>
<Segment duration="1435" startOffset="4280390" endOffset="4281826">
<File name="chunk-00887" type="av">
<FileVariant size="50" variant="7426bebc-cf75-4c5c-b07b-c79c99f93ac1" />
</File>
<Timelines>
<Transcode startTime="47227" endTime="47295" complete="1" fileType="av" variant="7426bebc-cf75-4c5c-b07b-c79c99f93ac1" />
</Timelines>
</Segment>
<Segment duration="2349" startOffset="4283306" endOffset="4285655">
<File name="chunk-00888" type="av">
<FileVariant size="71" variant="7426bebc-cf75-4c5c-b07b-c79c99f93ac1" />
</File>
<Timelines>
<Transcode startTime="47295" endTime="47343" complete="1" fileType="av" variant="7426bebc-cf75-4c5c-b07b-c79c99f93ac1" />
</Timelines>
</Segment>
<Segment duration="1435" startOffset="4285656" endOffset="4287091">
<File name="chunk-00889" type="av">
<FileVariant size="40" variant="7426bebc-cf75-4c5c-b07b-c79c99f93ac1" />
</File>
<Timelines>
<Transcode startTime="47343" endTime="47358" complete="1" fileType="av" variant="7426bebc-cf75-4c5c-b07b-c79c99f93ac1" />
</Timelines>
</Segment>
<Segment duration="2610" startOffset="4287092" endOffset="4289702">
<File name="chunk-00890" type="av">
<FileVariant size="64" variant="7426bebc-cf75-4c5c-b07b-c79c99f93ac1" />
</File>
<Timelines>
<Transcode startTime="47358" endTime="47371" complete="1" fileType="av" variant="7426bebc-cf75-4c5c-b07b-c79c99f93ac1" />
</Timelines>
</Segment>
<Segment duration="3393" startOffset="4289703" endOffset="4293097">
<File name="chunk-00891" type="av">
<FileVariant size="89" variant="7426bebc-cf75-4c5c-b07b-c79c99f93ac1" />
</File>
<Timelines>
<Transcode startTime="47371" endTime="47412" complete="1" fileType="av" variant="7426bebc-cf75-4c5c-b07b-c79c99f93ac1" />
</Timelines>
</Segment>
<Segment duration="4002" startOffset="4293098" endOffset="4297101">
<File name="chunk-00892" type="av">
<FileVariant size="72" variant="7426bebc-cf75-4c5c-b07b-c79c99f93ac1" />
</File>
<Timelines>
<Transcode startTime="47412" endTime="47488" complete="1" fileType="av" variant="7426bebc-cf75-4c5c-b07b-c79c99f93ac1" />
</Timelines>
</Segment>
<Segment duration="6398" startOffset="4297102" endOffset="4303500">
<File name="chunk-00893" type="av">
<FileVariant size="108" variant="7426bebc-cf75-4c5c-b07b-c79c99f93ac1" />
</File>
<Timelines>
<Transcode startTime="47488" endTime="47631" complete="1" fileType="av" variant="7426bebc-cf75-4c5c-b07b-c79c99f93ac1" />
</Timelines>
</Segment>
<Segment duration="1306" startOffset="4304544" endOffset="4305850">
<File name="chunk-00894" type="av">
<FileVariant size="43" variant="7426bebc-cf75-4c5c-b07b-c79c99f93ac1" />
</File>
<Timelines>
<Transcode startTime="47631" endTime="48054" complete="1" fileType="av" variant="7426bebc-cf75-4c5c-b07b-c79c99f93ac1" />
</Timelines>
</Segment>
<Segment duration="3654" startOffset="4323563" endOffset="4327218">
<File name="chunk-00895" type="av">
<FileVariant size="94" variant="7426bebc-cf75-4c5c-b07b-c79c99f93ac1" />
</File>
<Timelines>
<Transcode startTime="48054" endTime="48204" complete="1" fileType="av" variant="7426bebc-cf75-4c5c-b07b-c79c99f93ac1" />
</Timelines>
</Segment>
<Segment duration="1957" startOffset="4328351" endOffset="4330308">
<File name="chunk-00896" type="av">
<FileVariant size="76" variant="7426bebc-cf75-4c5c-b07b-c79c99f93ac1" />
</File>
<Timelines>
<Transcode startTime="48204" endTime="48303" complete="1" fileType="av" variant="7426bebc-cf75-4c5c-b07b-c79c99f93ac1" />
</Timelines>
</Segment>
<Segment duration="1782" startOffset="4330309" endOffset="4332092">
<File name="chunk-00897" type="av">
<FileVariant size="53" variant="7426bebc-cf75-4c5c-b07b-c79c99f93ac1" />
</File>
<Timelines>
<Transcode startTime="48303" endTime="48398" complete="1" fileType="av" variant="7426bebc-cf75-4c5c-b07b-c79c99f93ac1" />
</Timelines>
</Segment>
<Segment duration="2610" startOffset="4333530" endOffset="4336141">
<File name="chunk-00898" type="av">
<FileVariant size="69" variant="7426bebc-cf75-4c5c-b07b-c79c99f93ac1" />
</File>
<Timelines>
<Transcode startTime="48398" endTime="48543" complete="1" fileType="av" variant="7426bebc-cf75-4c5c-b07b-c79c99f93ac1" />
</Timelines>
</Segment>
<Segment duration="1131" startOffset="4337360" endOffset="4338491">
<File name="chunk-00899" type="av">
<FileVariant size="41" variant="7426bebc-cf75-4c5c-b07b-c79c99f93ac1" />
</File>
<Timelines>
<Transcode startTime="48543" endTime="48641" complete="1" fileType="av" variant="7426bebc-cf75-4c5c-b07b-c79c99f93ac1" />
</Timelines>
</Segment>
<Segment duration="8355" startOffset="4339797" endOffset="4348152">
<File name="chunk-00900" type="av">
<FileVariant size="46" variant="7426bebc-cf75-4c5c-b07b-c79c99f93ac1" />
</File>
<Timelines>
<Transcode startTime="48641" endTime="48884" complete="1" fileType="av" variant="7426bebc-cf75-4c5c-b07b-c79c99f93ac1" />
</Timelines>
</Segment>
<Segment duration="2175" startOffset="4348153" endOffset="4350328">
<File name="chunk-00901" type="av">
<FileVariant size="57" variant="7426bebc-cf75-4c5c-b07b-c79c99f93ac1" />
</File>
<Timelines>
<Transcode startTime="48884" endTime="48922" complete="1" fileType="av" variant="7426bebc-cf75-4c5c-b07b-c79c99f93ac1" />
</Timelines>
</Segment>
<Segment duration="1521" startOffset="4350329" endOffset="4351851">
<File name="chunk-00902" type="av">
<FileVariant size="40" variant="7426bebc-cf75-4c5c-b07b-c79c99f93ac1" />
</File>
<Timelines>
<Transcode startTime="48922" endTime="48960" complete="1" fileType="av" variant="7426bebc-cf75-4c5c-b07b-c79c99f93ac1" />
</Timelines>
</Segment>
<Segment duration="1087" startOffset="4353245" endOffset="4354333">
<File name="chunk-00903" type="av">
<FileVariant size="41" variant="7426bebc-cf75-4c5c-b07b-c79c99f93ac1" />
</File>
<Timelines>
<Transcode startTime="48960" endTime="48965" complete="1" fileType="av" variant="7426bebc-cf75-4c5c-b07b-c79c99f93ac1" />
</Timelines>
</Segment>
<Segment duration="3002" startOffset="4355378" endOffset="4358380">
<File name="chunk-00904" type="av">
<FileVariant size="53" variant="7426bebc-cf75-4c5c-b07b-c79c99f93ac1" />
</File>
<Timelines>
<Transcode startTime="48965" endTime="48981" complete="1" fileType="av" variant="7426bebc-cf75-4c5c-b07b-c79c99f93ac1" />
</Timelines>
</Segment>
<Segment duration="2000" startOffset="4358381" endOffset="4360382">
<File name="chunk-00905" type="av">
<FileVariant size="65" variant="7426bebc-cf75-4c5c-b07b-c79c99f93ac1" />
</File>
<Timelines>
<Transcode startTime="48981" endTime="49206" complete="1" fileType="av" variant="7426bebc-cf75-4c5c-b07b-c79c99f93ac1" />
</Timelines>
</Segment>
<Segment duration="1261" startOffset="4362689" endOffset="4363951">
<File name="chunk-00906" type="av">
<FileVariant size="41" variant="7426bebc-cf75-4c5c-b07b-c79c99f93ac1" />
</File>
<Timelines>
<Transcode startTime="49206" endTime="49309" complete="1" fileType="av" variant="7426bebc-cf75-4c5c-b07b-c79c99f93ac1" />
</Timelines>
</Segment>
<Segment duration="1565" startOffset="4365170" endOffset="4366736">
<File name="chunk-00907" type="av">
<FileVariant size="61" variant="7426bebc-cf75-4c5c-b07b-c79c99f93ac1" />
</File>
<Timelines>
<Transcode startTime="49309" endTime="49361" complete="1" fileType="av" variant="7426bebc-cf75-4c5c-b07b-c79c99f93ac1" />
</Timelines>
</Segment>
<Segment duration="1564" startOffset="4366737" endOffset="4368302">
<File name="chunk-00908" type="av">
<FileVariant size="48" variant="7426bebc-cf75-4c5c-b07b-c79c99f93ac1" />
</File>
<Timelines>
<Transcode startTime="49361" endTime="49416" complete="1" fileType="av" variant="7426bebc-cf75-4c5c-b07b-c79c99f93ac1" />
</Timelines>
</Segment>
<Segment duration="1653" startOffset="4368303" endOffset="4369956">
<File name="chunk-00909" type="av">
<FileVariant size="44" variant="7426bebc-cf75-4c5c-b07b-c79c99f93ac1" />
</File>
<Timelines>
<Transcode startTime="49416" endTime="49461" complete="1" fileType="av" variant="7426bebc-cf75-4c5c-b07b-c79c99f93ac1" />
</Timelines>
</Segment>
<Segment duration="1565" startOffset="4369957" endOffset="4371523">
<File name="chunk-00910" type="av">
<FileVariant size="43" variant="7426bebc-cf75-4c5c-b07b-c79c99f93ac1" />
</File>
<Timelines>
<Transcode startTime="49461" endTime="49467" complete="1" fileType="av" variant="7426bebc-cf75-4c5c-b07b-c79c99f93ac1" />
</Timelines>
</Segment>
<Segment duration="3741" startOffset="4371524" endOffset="4375266">
<File name="chunk-00911" type="av">
<FileVariant size="60" variant="7426bebc-cf75-4c5c-b07b-c79c99f93ac1" />
</File>
<Timelines>
<Transcode startTime="49467" endTime="49613" complete="1" fileType="av" variant="7426bebc-cf75-4c5c-b07b-c79c99f93ac1" />
</Timelines>
</Segment>
<Segment duration="3088" startOffset="4375267" endOffset="4378356">
<File name="chunk-00912" type="av">
<FileVariant size="51" variant="7426bebc-cf75-4c5c-b07b-c79c99f93ac1" />
</File>
<Timelines>
<Transcode startTime="49613" endTime="49665" complete="1" fileType="av" variant="7426bebc-cf75-4c5c-b07b-c79c99f93ac1" />
</Timelines>
</Segment>
<Segment duration="1087" startOffset="4378357" endOffset="4379444">
<File name="chunk-00913" type="av">
<FileVariant size="40" variant="7426bebc-cf75-4c5c-b07b-c79c99f93ac1" />
</File>
<Timelines>
<Transcode startTime="49665" endTime="49702" complete="1" fileType="av" variant="7426bebc-cf75-4c5c-b07b-c79c99f93ac1" />
</Timelines>
</Segment>
<Segment duration="3394" startOffset="4379445" endOffset="4382839">
<File name="chunk-00914" type="av">
<FileVariant size="64" variant="7426bebc-cf75-4c5c-b07b-c79c99f93ac1" />
</File>
<Timelines>
<Transcode startTime="49702" endTime="49752" complete="1" fileType="av" variant="7426bebc-cf75-4c5c-b07b-c79c99f93ac1" />
</Timelines>
</Segment>
<Segment duration="6135" startOffset="4382840" endOffset="4388976">
<File name="chunk-00915" type="av">
<FileVariant size="75" variant="7426bebc-cf75-4c5c-b07b-c79c99f93ac1" />
</File>
<Timelines>
<Transcode startTime="49752" endTime="49917" complete="1" fileType="av" variant="7426bebc-cf75-4c5c-b07b-c79c99f93ac1" />
</Timelines>
</Segment>
<Segment duration="1913" startOffset="4391979" endOffset="4393893">
<File name="chunk-00916" type="av">
<FileVariant size="64" variant="7426bebc-cf75-4c5c-b07b-c79c99f93ac1" />
</File>
<Timelines>
<Transcode startTime="49917" endTime="49948" complete="1" fileType="av" variant="7426bebc-cf75-4c5c-b07b-c79c99f93ac1" />
</Timelines>
</Segment>
<Segment duration="4046" startOffset="4393894" endOffset="4397941">
<File name="chunk-00917" type="av">
<FileVariant size="93" variant="7426bebc-cf75-4c5c-b07b-c79c99f93ac1" />
</File>
<Timelines>
<Transcode startTime="49948" endTime="50040" complete="1" fileType="av" variant="7426bebc-cf75-4c5c-b07b-c79c99f93ac1" />
</Timelines>
</Segment>
<Segment duration="2001" startOffset="4397942" endOffset="4399943">
<File name="chunk-00918" type="av">
<FileVariant size="58" variant="7426bebc-cf75-4c5c-b07b-c79c99f93ac1" />
</File>
<Timelines>
<Transcode startTime="50040" endTime="50076" complete="1" fileType="av" variant="7426bebc-cf75-4c5c-b07b-c79c99f93ac1" />
</Timelines>
</Segment>
<Segment duration="2000" startOffset="4399944" endOffset="4401945">
<File name="chunk-00919" type="av">
<FileVariant size="59" variant="7426bebc-cf75-4c5c-b07b-c79c99f93ac1" />
</File>
<Timelines>
<Transcode startTime="50076" endTime="50137" complete="1" fileType="av" variant="7426bebc-cf75-4c5c-b07b-c79c99f93ac1" />
</Timelines>
</Segment>
<Segment duration="6005" startOffset="4401946" endOffset="4407951">
<File name="chunk-00920" type="av">
<FileVariant size="94" variant="7426bebc-cf75-4c5c-b07b-c79c99f93ac1" />
</File>
<Timelines>
<Transcode startTime="50137" endTime="50208" complete="1" fileType="av" variant="7426bebc-cf75-4c5c-b07b-c79c99f93ac1" />
</Timelines>
</Segment>
<Segment duration="2783" startOffset="4407952" endOffset="4410736">
<File name="chunk-00921" type="av">
<FileVariant size="54" variant="7426bebc-cf75-4c5c-b07b-c79c99f93ac1" />
</File>
<Timelines>
<Transcode startTime="50208" endTime="50247" complete="1" fileType="av" variant="7426bebc-cf75-4c5c-b07b-c79c99f93ac1" />
</Timelines>
</Segment>
<Segment duration="1479" startOffset="4410737" endOffset="4412216">
<File name="chunk-00922" type="av">
<FileVariant size="63" variant="7426bebc-cf75-4c5c-b07b-c79c99f93ac1" />
</File>
<Timelines>
<Transcode startTime="50247" endTime="50253" complete="1" fileType="av" variant="7426bebc-cf75-4c5c-b07b-c79c99f93ac1" />
</Timelines>
</Segment>
<Segment duration="3220" startOffset="4412217" endOffset="4415437">
<File name="chunk-00923" type="av">
<FileVariant size="71" variant="7426bebc-cf75-4c5c-b07b-c79c99f93ac1" />
</File>
<Timelines>
<Transcode startTime="50253" endTime="50328" complete="1" fileType="av" variant="7426bebc-cf75-4c5c-b07b-c79c99f93ac1" />
</Timelines>
</Segment>
<Segment duration="4786" startOffset="4415438" endOffset="4420224">
<File name="chunk-00924" type="av">
<FileVariant size="106" variant="7426bebc-cf75-4c5c-b07b-c79c99f93ac1" />
</File>
<Timelines>
<Transcode startTime="50328" endTime="50426" complete="1" fileType="av" variant="7426bebc-cf75-4c5c-b07b-c79c99f93ac1" />
</Timelines>
</Segment>
<Segment duration="2087" startOffset="4420225" endOffset="4422313">
<File name="chunk-00925" type="av">
<FileVariant size="61" variant="7426bebc-cf75-4c5c-b07b-c79c99f93ac1" />
</File>
<Timelines>
<Transcode startTime="50426" endTime="50433" complete="1" fileType="av" variant="7426bebc-cf75-4c5c-b07b-c79c99f93ac1" />
</Timelines>
</Segment>
<Segment duration="3001" startOffset="4422314" endOffset="4425316">
<File name="chunk-00926" type="av">
<FileVariant size="82" variant="7426bebc-cf75-4c5c-b07b-c79c99f93ac1" />
</File>
<Timelines>
<Transcode startTime="50433" endTime="50476" complete="1" fileType="av" variant="7426bebc-cf75-4c5c-b07b-c79c99f93ac1" />
</Timelines>
</Segment>
<Segment duration="4090" startOffset="4425317" endOffset="4429407">
<File name="chunk-00927" type="av">
<FileVariant size="103" variant="7426bebc-cf75-4c5c-b07b-c79c99f93ac1" />
</File>
<Timelines>
<Transcode startTime="50476" endTime="50553" complete="1" fileType="av" variant="7426bebc-cf75-4c5c-b07b-c79c99f93ac1" />
</Timelines>
</Segment>
<Segment duration="2348" startOffset="4429408" endOffset="4431757">
<File name="chunk-00928" type="av">
<FileVariant size="70" variant="7426bebc-cf75-4c5c-b07b-c79c99f93ac1" />
</File>
<Timelines>
<Transcode startTime="50553" endTime="50588" complete="1" fileType="av" variant="7426bebc-cf75-4c5c-b07b-c79c99f93ac1" />
</Timelines>
</Segment>
<Segment duration="4090" startOffset="4431758" endOffset="4435848">
<File name="chunk-00929" type="av">
<FileVariant size="81" variant="7426bebc-cf75-4c5c-b07b-c79c99f93ac1" />
</File>
<Timelines>
<Transcode startTime="50588" endTime="50593" complete="1" fileType="av" variant="7426bebc-cf75-4c5c-b07b-c79c99f93ac1" />
</Timelines>
</Segment>
<Segment duration="2349" startOffset="4435849" endOffset="4438198">
<File name="chunk-00930" type="av">
<FileVariant size="53" variant="7426bebc-cf75-4c5c-b07b-c79c99f93ac1" />
</File>
<Timelines>
<Transcode startTime="50593" endTime="50625" complete="1" fileType="av" variant="7426bebc-cf75-4c5c-b07b-c79c99f93ac1" />
</Timelines>
</Segment>
<Segment duration="6571" startOffset="4438199" endOffset="4444770">
<File name="chunk-00931" type="av">
<FileVariant size="100" variant="7426bebc-cf75-4c5c-b07b-c79c99f93ac1" />
</File>
<Timelines>
<Transcode startTime="50625" endTime="50721" complete="1" fileType="av" variant="7426bebc-cf75-4c5c-b07b-c79c99f93ac1" />
</Timelines>
</Segment>
<Segment duration="2914" startOffset="4444771" endOffset="4447686">
<File name="chunk-00932" type="av">
<FileVariant size="73" variant="7426bebc-cf75-4c5c-b07b-c79c99f93ac1" />
</File>
<Timelines>
<Transcode startTime="50721" endTime="50748" complete="1" fileType="av" variant="7426bebc-cf75-4c5c-b07b-c79c99f93ac1" />
</Timelines>
</Segment>
<Segment duration="1305" startOffset="4447687" endOffset="4448992">
<File name="chunk-00933" type="av">
<FileVariant size="51" variant="7426bebc-cf75-4c5c-b07b-c79c99f93ac1" />
</File>
<Timelines>
<Transcode startTime="50748" endTime="50779" complete="1" fileType="av" variant="7426bebc-cf75-4c5c-b07b-c79c99f93ac1" />
</Timelines>
</Segment>
<Segment duration="2391" startOffset="4448993" endOffset="4451385">
<File name="chunk-00934" type="av">
<FileVariant size="85" variant="7426bebc-cf75-4c5c-b07b-c79c99f93ac1" />
</File>
<Timelines>
<Transcode startTime="50779" endTime="50816" complete="1" fileType="av" variant="7426bebc-cf75-4c5c-b07b-c79c99f93ac1" />
</Timelines>
</Segment>
<Segment duration="3915" startOffset="4451386" endOffset="4455302">
<File name="chunk-00935" type="av">
<FileVariant size="72" variant="7426bebc-cf75-4c5c-b07b-c79c99f93ac1" />
</File>
<Timelines>
<Transcode startTime="50816" endTime="50853" complete="1" fileType="av" variant="7426bebc-cf75-4c5c-b07b-c79c99f93ac1" />
</Timelines>
</Segment>
<Segment duration="2306" startOffset="4455303" endOffset="4457609">
<File name="chunk-00936" type="av">
<FileVariant size="60" variant="7426bebc-cf75-4c5c-b07b-c79c99f93ac1" />
</File>
<Timelines>
<Transcode startTime="50853" endTime="50889" complete="1" fileType="av" variant="7426bebc-cf75-4c5c-b07b-c79c99f93ac1" />
</Timelines>
</Segment>
<Segment duration="3829" startOffset="4457610" endOffset="4461439">
<File name="chunk-00937" type="av">
<FileVariant size="87" variant="7426bebc-cf75-4c5c-b07b-c79c99f93ac1" />
</File>
<Timelines>
<Transcode startTime="50889" endTime="50920" complete="1" fileType="av" variant="7426bebc-cf75-4c5c-b07b-c79c99f93ac1" />
</Timelines>
</Segment>
<Segment duration="2393" startOffset="4461440" endOffset="4463833">
<File name="chunk-00938" type="av">
<FileVariant size="60" variant="7426bebc-cf75-4c5c-b07b-c79c99f93ac1" />
</File>
<Timelines>
<Transcode startTime="50920" endTime="50994" complete="1" fileType="av" variant="7426bebc-cf75-4c5c-b07b-c79c99f93ac1" />
</Timelines>
</Segment>
<Segment duration="1610" startOffset="4466053" endOffset="4467664">
<File name="chunk-00939" type="av">
<FileVariant size="47" variant="7426bebc-cf75-4c5c-b07b-c79c99f93ac1" />
</File>
<Timelines>
<Transcode startTime="50994" endTime="51025" complete="1" fileType="av" variant="7426bebc-cf75-4c5c-b07b-c79c99f93ac1" />
</Timelines>
</Segment>
<Segment duration="913" startOffset="4468316" endOffset="4469229">
<File name="chunk-00940" type="av">
<FileVariant size="40" variant="7426bebc-cf75-4c5c-b07b-c79c99f93ac1" />
</File>
<Timelines>
<Transcode startTime="51025" endTime="51183" complete="1" fileType="av" variant="7426bebc-cf75-4c5c-b07b-c79c99f93ac1" />
</Timelines>
</Segment>
<Segment duration="2087" startOffset="4474497" endOffset="4476585">
<File name="chunk-00941" type="av">
<FileVariant size="51" variant="7426bebc-cf75-4c5c-b07b-c79c99f93ac1" />
</File>
<Timelines>
<Transcode startTime="51183" endTime="51247" complete="1" fileType="av" variant="7426bebc-cf75-4c5c-b07b-c79c99f93ac1" />
</Timelines>
</Segment>
<Segment duration="1434" startOffset="4476586" endOffset="4478021">
<File name="chunk-00942" type="av">
<FileVariant size="49" variant="7426bebc-cf75-4c5c-b07b-c79c99f93ac1" />
</File>
<Timelines>
<Transcode startTime="51247" endTime="51248" complete="1" fileType="av" variant="7426bebc-cf75-4c5c-b07b-c79c99f93ac1" />
</Timelines>
</Segment>
<Segment duration="2524" startOffset="4478022" endOffset="4480546">
<File name="chunk-00943" type="av">
<FileVariant size="64" variant="7426bebc-cf75-4c5c-b07b-c79c99f93ac1" />
</File>
<Timelines>
<Transcode startTime="51248" endTime="51345" complete="1" fileType="av" variant="7426bebc-cf75-4c5c-b07b-c79c99f93ac1" />
</Timelines>
</Segment>
<Segment duration="2697" startOffset="4481460" endOffset="4484157">
<File name="chunk-00944" type="av">
<FileVariant size="55" variant="7426bebc-cf75-4c5c-b07b-c79c99f93ac1" />
</File>
<Timelines>
<Transcode startTime="51345" endTime="51374" complete="1" fileType="av" variant="7426bebc-cf75-4c5c-b07b-c79c99f93ac1" />
</Timelines>
</Segment>
<Segment duration="3220" startOffset="4484158" endOffset="4487379">
<File name="chunk-00945" type="av">
<FileVariant size="63" variant="7426bebc-cf75-4c5c-b07b-c79c99f93ac1" />
</File>
<Timelines>
<Transcode startTime="51374" endTime="51531" complete="1" fileType="av" variant="7426bebc-cf75-4c5c-b07b-c79c99f93ac1" />
</Timelines>
</Segment>
<Segment duration="1349" startOffset="4489816" endOffset="4491165">
<File name="chunk-00946" type="av">
<FileVariant size="49" variant="7426bebc-cf75-4c5c-b07b-c79c99f93ac1" />
</File>
<Timelines>
<Transcode startTime="51531" endTime="51589" complete="1" fileType="av" variant="7426bebc-cf75-4c5c-b07b-c79c99f93ac1" />
</Timelines>
</Segment>
<Segment duration="869" startOffset="4491862" endOffset="4492732">
<File name="chunk-00947" type="av">
<FileVariant size="45" variant="7426bebc-cf75-4c5c-b07b-c79c99f93ac1" />
</File>
<Timelines>
<Transcode startTime="51589" endTime="51681" complete="1" fileType="av" variant="7426bebc-cf75-4c5c-b07b-c79c99f93ac1" />
</Timelines>
</Segment>
<Segment duration="1479" startOffset="4493428" endOffset="4494907">
<File name="chunk-00948" type="av">
<FileVariant size="56" variant="7426bebc-cf75-4c5c-b07b-c79c99f93ac1" />
</File>
<Timelines>
<Transcode startTime="51681" endTime="51687" complete="1" fileType="av" variant="7426bebc-cf75-4c5c-b07b-c79c99f93ac1" />
</Timelines>
</Segment>
<Segment duration="1000" startOffset="4494908" endOffset="4495908">
<File name="chunk-00949" type="av">
<FileVariant size="40" variant="7426bebc-cf75-4c5c-b07b-c79c99f93ac1" />
</File>
<Timelines>
<Transcode startTime="51687" endTime="51691" complete="1" fileType="av" variant="7426bebc-cf75-4c5c-b07b-c79c99f93ac1" />
</Timelines>
</Segment>
<Segment duration="958" startOffset="4495909" endOffset="4496867">
<File name="chunk-00950" type="av">
<FileVariant size="40" variant="7426bebc-cf75-4c5c-b07b-c79c99f93ac1" />
</File>
<Timelines>
<Transcode startTime="51691" endTime="51941" complete="1" fileType="av" variant="7426bebc-cf75-4c5c-b07b-c79c99f93ac1" />
</Timelines>
</Segment>
<Segment duration="2567" startOffset="4501219" endOffset="4503786">
<File name="chunk-00951" type="av">
<FileVariant size="56" variant="7426bebc-cf75-4c5c-b07b-c79c99f93ac1" />
</File>
<Timelines>
<Transcode startTime="51941" endTime="51990" complete="1" fileType="av" variant="7426bebc-cf75-4c5c-b07b-c79c99f93ac1" />
</Timelines>
</Segment>
<Segment duration="1608" startOffset="4503787" endOffset="4505396">
<File name="chunk-00952" type="av">
<FileVariant size="57" variant="7426bebc-cf75-4c5c-b07b-c79c99f93ac1" />
</File>
<Timelines>
<Transcode startTime="51990" endTime="52034" complete="1" fileType="av" variant="7426bebc-cf75-4c5c-b07b-c79c99f93ac1" />
</Timelines>
</Segment>
<Segment duration="2914" startOffset="4505397" endOffset="4508312">
<File name="chunk-00953" type="av">
<FileVariant size="68" variant="7426bebc-cf75-4c5c-b07b-c79c99f93ac1" />
</File>
<Timelines>
<Transcode startTime="52034" endTime="52053" complete="1" fileType="av" variant="7426bebc-cf75-4c5c-b07b-c79c99f93ac1" />
</Timelines>
</Segment>
<Segment duration="2131" startOffset="4508313" endOffset="4510444">
<File name="chunk-00954" type="av">
<FileVariant size="58" variant="7426bebc-cf75-4c5c-b07b-c79c99f93ac1" />
</File>
<Timelines>
<Transcode startTime="52053" endTime="52200" complete="1" fileType="av" variant="7426bebc-cf75-4c5c-b07b-c79c99f93ac1" />
</Timelines>
</Segment>
<Segment duration="1958" startOffset="4510445" endOffset="4512403">
<File name="chunk-00955" type="av">
<FileVariant size="44" variant="7426bebc-cf75-4c5c-b07b-c79c99f93ac1" />
</File>
<Timelines>
<Transcode startTime="52200" endTime="52282" complete="1" fileType="av" variant="7426bebc-cf75-4c5c-b07b-c79c99f93ac1" />
</Timelines>
</Segment>
<Segment duration="2914" startOffset="4512404" endOffset="4515319">
<File name="chunk-00956" type="av">
<FileVariant size="66" variant="7426bebc-cf75-4c5c-b07b-c79c99f93ac1" />
</File>
<Timelines>
<Transcode startTime="52282" endTime="52308" complete="1" fileType="av" variant="7426bebc-cf75-4c5c-b07b-c79c99f93ac1" />
</Timelines>
</Segment>
<Segment duration="3045" startOffset="4515320" endOffset="4518365">
<File name="chunk-00957" type="av">
<FileVariant size="63" variant="7426bebc-cf75-4c5c-b07b-c79c99f93ac1" />
</File>
<Timelines>
<Transcode startTime="52308" endTime="52409" complete="1" fileType="av" variant="7426bebc-cf75-4c5c-b07b-c79c99f93ac1" />
</Timelines>
</Segment>
<Segment duration="2524" startOffset="4518366" endOffset="4520891">
<File name="chunk-00958" type="av">
<FileVariant size="68" variant="7426bebc-cf75-4c5c-b07b-c79c99f93ac1" />
</File>
<Timelines>
<Transcode startTime="52409" endTime="52537" complete="1" fileType="av" variant="7426bebc-cf75-4c5c-b07b-c79c99f93ac1" />
</Timelines>
</Segment>
<Segment duration="1175" startOffset="4523371" endOffset="4524547">
<File name="chunk-00959" type="av">
<FileVariant size="40" variant="7426bebc-cf75-4c5c-b07b-c79c99f93ac1" />
</File>
<Timelines>
<Transcode startTime="52537" endTime="52675" complete="1" fileType="av" variant="7426bebc-cf75-4c5c-b07b-c79c99f93ac1" />
</Timelines>
</Segment>
<Segment duration="2001" startOffset="4531989" endOffset="4533990">
<File name="chunk-00960" type="av">
<FileVariant size="40" variant="7426bebc-cf75-4c5c-b07b-c79c99f93ac1" />
</File>
<Timelines>
<Transcode startTime="52675" endTime="52753" complete="1" fileType="av" variant="7426bebc-cf75-4c5c-b07b-c79c99f93ac1" />
</Timelines>
</Segment>
<Segment duration="1391" startOffset="4533991" endOffset="4535383">
<File name="chunk-00961" type="av">
<FileVariant size="54" variant="7426bebc-cf75-4c5c-b07b-c79c99f93ac1" />
</File>
<Timelines>
<Transcode startTime="52753" endTime="52809" complete="1" fileType="av" variant="7426bebc-cf75-4c5c-b07b-c79c99f93ac1" />
</Timelines>
</Segment>
<Segment duration="913" startOffset="4536689" endOffset="4537603">
<File name="chunk-00962" type="av">
<FileVariant size="47" variant="7426bebc-cf75-4c5c-b07b-c79c99f93ac1" />
</File>
<Timelines>
<Transcode startTime="52809" endTime="52856" complete="1" fileType="av" variant="7426bebc-cf75-4c5c-b07b-c79c99f93ac1" />
</Timelines>
</Segment>
<Segment duration="1001" startOffset="4538561" endOffset="4539562">
<File name="chunk-00963" type="av">
<FileVariant size="45" variant="7426bebc-cf75-4c5c-b07b-c79c99f93ac1" />
</File>
<Timelines>
<Transcode startTime="52856" endTime="53151" complete="1" fileType="av" variant="7426bebc-cf75-4c5c-b07b-c79c99f93ac1" />
</Timelines>
</Segment>
<Segment duration="1608" startOffset="4550921" endOffset="4552530">
<File name="chunk-00964" type="av">
<FileVariant size="46" variant="7426bebc-cf75-4c5c-b07b-c79c99f93ac1" />
</File>
<Timelines>
<Transcode startTime="53151" endTime="53156" complete="1" fileType="av" variant="7426bebc-cf75-4c5c-b07b-c79c99f93ac1" />
</Timelines>
</Segment>
<Segment duration="3698" startOffset="4552531" endOffset="4556229">
<File name="chunk-00965" type="av">
<FileVariant size="83" variant="7426bebc-cf75-4c5c-b07b-c79c99f93ac1" />
</File>
<Timelines>
<Transcode startTime="53156" endTime="53250" complete="1" fileType="av" variant="7426bebc-cf75-4c5c-b07b-c79c99f93ac1" />
</Timelines>
</Segment>
<Segment duration="870" startOffset="4557449" endOffset="4558319">
<File name="chunk-00966" type="av">
<FileVariant size="40" variant="7426bebc-cf75-4c5c-b07b-c79c99f93ac1" />
</File>
<Timelines>
<Transcode startTime="53250" endTime="53301" complete="1" fileType="av" variant="7426bebc-cf75-4c5c-b07b-c79c99f93ac1" />
</Timelines>
</Segment>
<Segment duration="2872" startOffset="4562280" endOffset="4565152">
<File name="chunk-00967" type="av">
<FileVariant size="41" variant="7426bebc-cf75-4c5c-b07b-c79c99f93ac1" />
</File>
<Timelines>
<Transcode startTime="53301" endTime="53439" complete="1" fileType="av" variant="7426bebc-cf75-4c5c-b07b-c79c99f93ac1" />
</Timelines>
</Segment>
<Segment duration="4264" startOffset="4565805" endOffset="4570069">
<File name="chunk-00968" type="av">
<FileVariant size="91" variant="7426bebc-cf75-4c5c-b07b-c79c99f93ac1" />
</File>
<Timelines>
<Transcode startTime="53439" endTime="53562" complete="1" fileType="av" variant="7426bebc-cf75-4c5c-b07b-c79c99f93ac1" />
</Timelines>
</Segment>
<Segment duration="1043" startOffset="4570070" endOffset="4571114">
<File name="chunk-00969" type="av">
<FileVariant size="40" variant="7426bebc-cf75-4c5c-b07b-c79c99f93ac1" />
</File>
<Timelines>
<Transcode startTime="53562" endTime="53833" complete="1" fileType="av" variant="7426bebc-cf75-4c5c-b07b-c79c99f93ac1" />
</Timelines>
</Segment>
<Segment duration="3567" startOffset="4576686" endOffset="4580253">
<File name="chunk-00970" type="av">
<FileVariant size="74" variant="7426bebc-cf75-4c5c-b07b-c79c99f93ac1" />
</File>
<Timelines>
<Transcode startTime="53833" endTime="53934" complete="1" fileType="av" variant="7426bebc-cf75-4c5c-b07b-c79c99f93ac1" />
</Timelines>
</Segment>
<Segment duration="3306" startOffset="4580254" endOffset="4583561">
<File name="chunk-00971" type="av">
<FileVariant size="83" variant="7426bebc-cf75-4c5c-b07b-c79c99f93ac1" />
</File>
<Timelines>
<Transcode startTime="53934" endTime="53964" complete="1" fileType="av" variant="7426bebc-cf75-4c5c-b07b-c79c99f93ac1" />
</Timelines>
</Segment>
<Segment duration="2872" startOffset="4583562" endOffset="4586434">
<File name="chunk-00972" type="av">
<FileVariant size="74" variant="7426bebc-cf75-4c5c-b07b-c79c99f93ac1" />
</File>
<Timelines>
<Transcode startTime="53964" endTime="54196" complete="1" fileType="av" variant="7426bebc-cf75-4c5c-b07b-c79c99f93ac1" />
</Timelines>
</Segment>
<Segment duration="1219" startOffset="4592266" endOffset="4593485">
<File name="chunk-00973" type="av">
<FileVariant size="40" variant="7426bebc-cf75-4c5c-b07b-c79c99f93ac1" />
</File>
<Timelines>
<Transcode startTime="54196" endTime="54464" complete="1" fileType="av" variant="7426bebc-cf75-4c5c-b07b-c79c99f93ac1" />
</Timelines>
</Segment>
<Segment duration="2262" startOffset="4600361" endOffset="4602624">
<File name="chunk-00974" type="av">
<FileVariant size="59" variant="7426bebc-cf75-4c5c-b07b-c79c99f93ac1" />
</File>
<Timelines>
<Transcode startTime="54464" endTime="54525" complete="1" fileType="av" variant="7426bebc-cf75-4c5c-b07b-c79c99f93ac1" />
</Timelines>
</Segment>
<Segment duration="4480" startOffset="4602625" endOffset="4607106">
<File name="chunk-00975" type="av">
<FileVariant size="61" variant="7426bebc-cf75-4c5c-b07b-c79c99f93ac1" />
</File>
<Timelines>
<Transcode startTime="54525" endTime="54676" complete="1" fileType="av" variant="7426bebc-cf75-4c5c-b07b-c79c99f93ac1" />
</Timelines>
</Segment>
<Segment duration="2175" startOffset="4607107" endOffset="4609282">
<File name="chunk-00976" type="av">
<FileVariant size="52" variant="7426bebc-cf75-4c5c-b07b-c79c99f93ac1" />
</File>
<Timelines>
<Transcode startTime="54676" endTime="54720" complete="1" fileType="av" variant="7426bebc-cf75-4c5c-b07b-c79c99f93ac1" />
</Timelines>
</Segment>
<Segment duration="1349" startOffset="4609283" endOffset="4610633">
<File name="chunk-00977" type="av">
<FileVariant size="53" variant="7426bebc-cf75-4c5c-b07b-c79c99f93ac1" />
</File>
<Timelines>
<Transcode startTime="54720" endTime="54812" complete="1" fileType="av" variant="7426bebc-cf75-4c5c-b07b-c79c99f93ac1" />
</Timelines>
</Segment>
<Segment duration="1390" startOffset="4613157" endOffset="4614548">
<File name="chunk-00978" type="av">
<FileVariant size="40" variant="7426bebc-cf75-4c5c-b07b-c79c99f93ac1" />
</File>
<Timelines>
<Transcode startTime="54812" endTime="54817" complete="1" fileType="av" variant="7426bebc-cf75-4c5c-b07b-c79c99f93ac1" />
</Timelines>
</Segment>
<Segment duration="3654" startOffset="4614549" endOffset="4618204">
<File name="chunk-00979" type="av">
<FileVariant size="89" variant="7426bebc-cf75-4c5c-b07b-c79c99f93ac1" />
</File>
<Timelines>
<Transcode startTime="54817" endTime="54870" complete="1" fileType="av" variant="7426bebc-cf75-4c5c-b07b-c79c99f93ac1" />
</Timelines>
</Segment>
<Segment duration="1654" startOffset="4618205" endOffset="4619859">
<File name="chunk-00980" type="av">
<FileVariant size="42" variant="7426bebc-cf75-4c5c-b07b-c79c99f93ac1" />
</File>
<Timelines>
<Transcode startTime="54870" endTime="54876" complete="1" fileType="av" variant="7426bebc-cf75-4c5c-b07b-c79c99f93ac1" />
</Timelines>
</Segment>
<Segment duration="1349" startOffset="4621165" endOffset="4622514">
<File name="chunk-00981" type="av">
<FileVariant size="42" variant="7426bebc-cf75-4c5c-b07b-c79c99f93ac1" />
</File>
<Timelines>
<Transcode startTime="54876" endTime="54882" complete="1" fileType="av" variant="7426bebc-cf75-4c5c-b07b-c79c99f93ac1" />
</Timelines>
</Segment>
<Segment duration="2742" startOffset="4623254" endOffset="4625996">
<File name="chunk-00982" type="av">
<FileVariant size="42" variant="7426bebc-cf75-4c5c-b07b-c79c99f93ac1" />
</File>
<Timelines>
<Transcode startTime="54882" endTime="54944" complete="1" fileType="av" variant="7426bebc-cf75-4c5c-b07b-c79c99f93ac1" />
</Timelines>
</Segment>
<Segment duration="2132" startOffset="4629390" endOffset="4631523">
<File name="chunk-00983" type="av">
<FileVariant size="53" variant="7426bebc-cf75-4c5c-b07b-c79c99f93ac1" />
</File>
<Timelines>
<Transcode startTime="54944" endTime="55001" complete="1" fileType="av" variant="7426bebc-cf75-4c5c-b07b-c79c99f93ac1" />
</Timelines>
</Segment>
<Segment duration="1698" startOffset="4632959" endOffset="4634657">
<File name="chunk-00984" type="av">
<FileVariant size="45" variant="7426bebc-cf75-4c5c-b07b-c79c99f93ac1" />
</File>
<Timelines>
<Transcode startTime="55001" endTime="55151" complete="1" fileType="av" variant="7426bebc-cf75-4c5c-b07b-c79c99f93ac1" />
</Timelines>
</Segment>
<Segment duration="1001" startOffset="4640532" endOffset="4641533">
<File name="chunk-00985" type="av">
<FileVariant size="40" variant="7426bebc-cf75-4c5c-b07b-c79c99f93ac1" />
</File>
<Timelines>
<Transcode startTime="55151" endTime="55527" complete="1" fileType="av" variant="7426bebc-cf75-4c5c-b07b-c79c99f93ac1" />
</Timelines>
</Segment>
<Segment duration="1001" startOffset="4651543" endOffset="4652544">
<File name="chunk-00986" type="av">
<FileVariant size="45" variant="7426bebc-cf75-4c5c-b07b-c79c99f93ac1" />
</File>
<Timelines>
<Transcode startTime="55527" endTime="55564" complete="1" fileType="av" variant="7426bebc-cf75-4c5c-b07b-c79c99f93ac1" />
</Timelines>
</Segment>
<Segment duration="1001" startOffset="4653197" endOffset="4654198">
<File name="chunk-00987" type="av">
<FileVariant size="40" variant="7426bebc-cf75-4c5c-b07b-c79c99f93ac1" />
</File>
<Timelines>
<Transcode startTime="55564" endTime="55610" complete="1" fileType="av" variant="7426bebc-cf75-4c5c-b07b-c79c99f93ac1" />
</Timelines>
</Segment>
<Segment duration="5742" startOffset="4654764" endOffset="4660507">
<File name="chunk-00988" type="av">
<FileVariant size="39" variant="7426bebc-cf75-4c5c-b07b-c79c99f93ac1" />
</File>
<Timelines>
<Transcode startTime="55610" endTime="55796" complete="1" fileType="av" variant="7426bebc-cf75-4c5c-b07b-c79c99f93ac1" />
</Timelines>
</Segment>
<Segment duration="2698" startOffset="4660508" endOffset="4663206">
<File name="chunk-00989" type="av">
<FileVariant size="41" variant="7426bebc-cf75-4c5c-b07b-c79c99f93ac1" />
</File>
<Timelines>
<Transcode startTime="55796" endTime="55832" complete="1" fileType="av" variant="7426bebc-cf75-4c5c-b07b-c79c99f93ac1" />
</Timelines>
</Segment>
<Segment duration="1173" startOffset="4663207" endOffset="4664381">
<File name="chunk-00990" type="av">
<FileVariant size="48" variant="7426bebc-cf75-4c5c-b07b-c79c99f93ac1" />
</File>
<Timelines>
<Transcode startTime="55832" endTime="55885" complete="1" fileType="av" variant="7426bebc-cf75-4c5c-b07b-c79c99f93ac1" />
</Timelines>
</Segment>
<Segment duration="1957" startOffset="4667124" endOffset="4669081">
<File name="chunk-00991" type="av">
<FileVariant size="48" variant="7426bebc-cf75-4c5c-b07b-c79c99f93ac1" />
</File>
<Timelines>
<Transcode startTime="55885" endTime="55932" complete="1" fileType="av" variant="7426bebc-cf75-4c5c-b07b-c79c99f93ac1" />
</Timelines>
</Segment>
<Segment duration="4568" startOffset="4669082" endOffset="4673651">
<File name="chunk-00992" type="av">
<FileVariant size="82" variant="7426bebc-cf75-4c5c-b07b-c79c99f93ac1" />
</File>
<Timelines>
<Transcode startTime="55932" endTime="56028" complete="1" fileType="av" variant="7426bebc-cf75-4c5c-b07b-c79c99f93ac1" />
</Timelines>
</Segment>
<Segment duration="3350" startOffset="4673652" endOffset="4677002">
<File name="chunk-00993" type="av">
<FileVariant size="75" variant="7426bebc-cf75-4c5c-b07b-c79c99f93ac1" />
</File>
<Timelines>
<Transcode startTime="56028" endTime="56118" complete="1" fileType="av" variant="7426bebc-cf75-4c5c-b07b-c79c99f93ac1" />
</Timelines>
</Segment>
<Segment duration="4309" startOffset="4677003" endOffset="4681312">
<File name="chunk-00994" type="av">
<FileVariant size="73" variant="7426bebc-cf75-4c5c-b07b-c79c99f93ac1" />
</File>
<Timelines>
<Transcode startTime="56118" endTime="56300" complete="1" fileType="av" variant="7426bebc-cf75-4c5c-b07b-c79c99f93ac1" />
</Timelines>
</Segment>
<Segment duration="3176" startOffset="4686317" endOffset="4689494">
<File name="chunk-00995" type="av">
<FileVariant size="63" variant="7426bebc-cf75-4c5c-b07b-c79c99f93ac1" />
</File>
<Timelines>
<Transcode startTime="56300" endTime="56747" complete="1" fileType="av" variant="7426bebc-cf75-4c5c-b07b-c79c99f93ac1" />
</Timelines>
</Segment>
<Segment duration="4089" startOffset="4703551" endOffset="4707641">
<File name="chunk-00996" type="av">
<FileVariant size="84" variant="7426bebc-cf75-4c5c-b07b-c79c99f93ac1" />
</File>
<Timelines>
<Transcode startTime="56747" endTime="56752" complete="1" fileType="av" variant="7426bebc-cf75-4c5c-b07b-c79c99f93ac1" />
</Timelines>
</Segment>
<Segment duration="5657" startOffset="4707642" endOffset="4713299">
<File name="chunk-00997" type="av">
<FileVariant size="105" variant="7426bebc-cf75-4c5c-b07b-c79c99f93ac1" />
</File>
<Timelines>
<Transcode startTime="56752" endTime="56796" complete="1" fileType="av" variant="7426bebc-cf75-4c5c-b07b-c79c99f93ac1" />
</Timelines>
</Segment>
<Segment duration="4176" startOffset="4713300" endOffset="4717477">
<File name="chunk-00998" type="av">
<FileVariant size="91" variant="7426bebc-cf75-4c5c-b07b-c79c99f93ac1" />
</File>
<Timelines>
<Transcode startTime="56796" endTime="56797" complete="1" fileType="av" variant="7426bebc-cf75-4c5c-b07b-c79c99f93ac1" />
</Timelines>
</Segment>
<Segment duration="3612" startOffset="4717478" endOffset="4721090">
<File name="chunk-00999" type="av">
<FileVariant size="76" variant="7426bebc-cf75-4c5c-b07b-c79c99f93ac1" />
</File>
<Timelines>
<Transcode startTime="56797" endTime="56850" complete="1" fileType="av" variant="7426bebc-cf75-4c5c-b07b-c79c99f93ac1" />
</Timelines>
</Segment>
<Segment duration="2131" startOffset="4723093" endOffset="4725224">
<File name="chunk-01000" type="av">
<FileVariant size="63" variant="7426bebc-cf75-4c5c-b07b-c79c99f93ac1" />
</File>
<Timelines>
<Transcode startTime="56850" endTime="56906" complete="1" fileType="av" variant="7426bebc-cf75-4c5c-b07b-c79c99f93ac1" />
</Timelines>
</Segment>
<Segment duration="1696" startOffset="4725225" endOffset="4726922">
<File name="chunk-01001" type="av">
<FileVariant size="49" variant="7426bebc-cf75-4c5c-b07b-c79c99f93ac1" />
</File>
<Timelines>
<Transcode startTime="56906" endTime="56910" complete="1" fileType="av" variant="7426bebc-cf75-4c5c-b07b-c79c99f93ac1" />
</Timelines>
</Segment>
<Segment duration="2828" startOffset="4726923" endOffset="4729751">
<File name="chunk-01002" type="av">
<FileVariant size="52" variant="7426bebc-cf75-4c5c-b07b-c79c99f93ac1" />
</File>
<Timelines>
<Transcode startTime="56910" endTime="56942" complete="1" fileType="av" variant="7426bebc-cf75-4c5c-b07b-c79c99f93ac1" />
</Timelines>
</Segment>
<Segment duration="2739" startOffset="4729752" endOffset="4732492">
<File name="chunk-01003" type="av">
<FileVariant size="72" variant="7426bebc-cf75-4c5c-b07b-c79c99f93ac1" />
</File>
<Timelines>
<Transcode startTime="56942" endTime="56947" complete="1" fileType="av" variant="7426bebc-cf75-4c5c-b07b-c79c99f93ac1" />
</Timelines>
</Segment>
<Segment duration="2871" startOffset="4732493" endOffset="4735365">
<File name="chunk-01004" type="av">
<FileVariant size="72" variant="7426bebc-cf75-4c5c-b07b-c79c99f93ac1" />
</File>
<Timelines>
<Transcode startTime="56947" endTime="57021" complete="1" fileType="av" variant="7426bebc-cf75-4c5c-b07b-c79c99f93ac1" />
</Timelines>
</Segment>
<Segment duration="1958" startOffset="4737890" endOffset="4739849">
<File name="chunk-01005" type="av">
<FileVariant size="62" variant="7426bebc-cf75-4c5c-b07b-c79c99f93ac1" />
</File>
<Timelines>
<Transcode startTime="57021" endTime="57052" complete="1" fileType="av" variant="7426bebc-cf75-4c5c-b07b-c79c99f93ac1" />
</Timelines>
</Segment>
<Segment duration="1869" startOffset="4740719" endOffset="4742589">
<File name="chunk-01006" type="av">
<FileVariant size="58" variant="7426bebc-cf75-4c5c-b07b-c79c99f93ac1" />
</File>
<Timelines>
<Transcode startTime="57052" endTime="57053" complete="1" fileType="av" variant="7426bebc-cf75-4c5c-b07b-c79c99f93ac1" />
</Timelines>
</Segment>
<Segment duration="3872" startOffset="4742590" endOffset="4746463">
<File name="chunk-01007" type="av">
<FileVariant size="97" variant="7426bebc-cf75-4c5c-b07b-c79c99f93ac1" />
</File>
<Timelines>
<Transcode startTime="57053" endTime="57082" complete="1" fileType="av" variant="7426bebc-cf75-4c5c-b07b-c79c99f93ac1" />
</Timelines>
</Segment>
<Segment duration="2914" startOffset="4746464" endOffset="4749379">
<File name="chunk-01008" type="av">
<FileVariant size="85" variant="7426bebc-cf75-4c5c-b07b-c79c99f93ac1" />
</File>
<Timelines>
<Transcode startTime="57082" endTime="57083" complete="1" fileType="av" variant="7426bebc-cf75-4c5c-b07b-c79c99f93ac1" />
</Timelines>
</Segment>
<Segment duration="2087" startOffset="4749380" endOffset="4751468">
<File name="chunk-01009" type="av">
<FileVariant size="66" variant="7426bebc-cf75-4c5c-b07b-c79c99f93ac1" />
</File>
<Timelines>
<Transcode startTime="57083" endTime="57085" complete="1" fileType="av" variant="7426bebc-cf75-4c5c-b07b-c79c99f93ac1" />
</Timelines>
</Segment>
<Segment duration="2305" startOffset="4751469" endOffset="4753775">
<File name="chunk-01010" type="av">
<FileVariant size="63" variant="7426bebc-cf75-4c5c-b07b-c79c99f93ac1" />
</File>
<Timelines>
<Transcode startTime="57085" endTime="57088" complete="1" fileType="av" variant="7426bebc-cf75-4c5c-b07b-c79c99f93ac1" />
</Timelines>
</Segment>
<Segment duration="2131" startOffset="4753776" endOffset="4755907">
<File name="chunk-01011" type="av">
<FileVariant size="58" variant="7426bebc-cf75-4c5c-b07b-c79c99f93ac1" />
</File>
<Timelines>
<Transcode startTime="57088" endTime="57131" complete="1" fileType="av" variant="7426bebc-cf75-4c5c-b07b-c79c99f93ac1" />
</Timelines>
</Segment>
<Segment duration="2393" startOffset="4755908" endOffset="4758301">
<File name="chunk-01012" type="av">
<FileVariant size="62" variant="7426bebc-cf75-4c5c-b07b-c79c99f93ac1" />
</File>
<Timelines>
<Transcode startTime="57131" endTime="57132" complete="1" fileType="av" variant="7426bebc-cf75-4c5c-b07b-c79c99f93ac1" />
</Timelines>
</Segment>
<Segment duration="1131" startOffset="4758302" endOffset="4759433">
<File name="chunk-01013" type="av">
<FileVariant size="41" variant="7426bebc-cf75-4c5c-b07b-c79c99f93ac1" />
</File>
<Timelines>
<Transcode startTime="57132" endTime="57178" complete="1" fileType="av" variant="7426bebc-cf75-4c5c-b07b-c79c99f93ac1" />
</Timelines>
</Segment>
<Segment duration="2046" startOffset="4761696" endOffset="4763742">
<File name="chunk-01014" type="av">
<FileVariant size="61" variant="7426bebc-cf75-4c5c-b07b-c79c99f93ac1" />
</File>
<Timelines>
<Transcode startTime="57178" endTime="57226" complete="1" fileType="av" variant="7426bebc-cf75-4c5c-b07b-c79c99f93ac1" />
</Timelines>
</Segment>
<Segment duration="1435" startOffset="4766571" endOffset="4768006">
<File name="chunk-01015" type="av">
<FileVariant size="42" variant="7426bebc-cf75-4c5c-b07b-c79c99f93ac1" />
</File>
<Timelines>
<Transcode startTime="57226" endTime="57270" complete="1" fileType="av" variant="7426bebc-cf75-4c5c-b07b-c79c99f93ac1" />
</Timelines>
</Segment>
<Segment duration="3481" startOffset="4768007" endOffset="4771488">
<File name="chunk-01016" type="av">
<FileVariant size="88" variant="7426bebc-cf75-4c5c-b07b-c79c99f93ac1" />
</File>
<Timelines>
<Transcode startTime="57270" endTime="57270" complete="1" fileType="av" variant="7426bebc-cf75-4c5c-b07b-c79c99f93ac1" />
</Timelines>
</Segment>
<Segment duration="6397" startOffset="4771489" endOffset="4777886">
<File name="chunk-01017" type="av">
<FileVariant size="97" variant="7426bebc-cf75-4c5c-b07b-c79c99f93ac1" />
</File>
<Timelines>
<Transcode startTime="57270" endTime="57307" complete="1" fileType="av" variant="7426bebc-cf75-4c5c-b07b-c79c99f93ac1" />
</Timelines>
</Segment>
<Segment duration="2436" startOffset="4777887" endOffset="4780323">
<File name="chunk-01018" type="av">
<FileVariant size="51" variant="7426bebc-cf75-4c5c-b07b-c79c99f93ac1" />
</File>
<Timelines>
<Transcode startTime="57307" endTime="57307" complete="1" fileType="av" variant="7426bebc-cf75-4c5c-b07b-c79c99f93ac1" />
</Timelines>
</Segment>
<Segment duration="4438" startOffset="4780324" endOffset="4784762">
<File name="chunk-01019" type="av">
<FileVariant size="82" variant="7426bebc-cf75-4c5c-b07b-c79c99f93ac1" />
</File>
<Timelines>
<Transcode startTime="57307" endTime="57314" complete="1" fileType="av" variant="7426bebc-cf75-4c5c-b07b-c79c99f93ac1" />
</Timelines>
</Segment>
<Segment duration="1567" startOffset="4784763" endOffset="4786330">
<File name="chunk-01020" type="av">
<FileVariant size="72" variant="7426bebc-cf75-4c5c-b07b-c79c99f93ac1" />
</File>
<Timelines>
<Transcode startTime="57314" endTime="57384" complete="1" fileType="av" variant="7426bebc-cf75-4c5c-b07b-c79c99f93ac1" />
</Timelines>
</Segment>
<Segment duration="1567" startOffset="4796122" endOffset="4797689">
<File name="chunk-01021" type="av">
<FileVariant size="46" variant="7426bebc-cf75-4c5c-b07b-c79c99f93ac1" />
</File>
<Timelines>
<Transcode startTime="57384" endTime="57478" complete="1" fileType="av" variant="7426bebc-cf75-4c5c-b07b-c79c99f93ac1" />
</Timelines>
</Segment>
<Segment duration="2783" startOffset="4799256" endOffset="4802040">
<File name="chunk-01022" type="av">
<FileVariant size="62" variant="7426bebc-cf75-4c5c-b07b-c79c99f93ac1" />
</File>
<Timelines>
<Transcode startTime="57478" endTime="57484" complete="1" fileType="av" variant="7426bebc-cf75-4c5c-b07b-c79c99f93ac1" />
</Timelines>
</Segment>
<Segment duration="2436" startOffset="4802041" endOffset="4804478">
<File name="chunk-01023" type="av">
<FileVariant size="62" variant="7426bebc-cf75-4c5c-b07b-c79c99f93ac1" />
</File>
<Timelines>
<Transcode startTime="57484" endTime="57487" complete="1" fileType="av" variant="7426bebc-cf75-4c5c-b07b-c79c99f93ac1" />
</Timelines>
</Segment>
<Segment duration="1521" startOffset="4804957" endOffset="4806479">
<File name="chunk-01024" type="av">
<FileVariant size="42" variant="7426bebc-cf75-4c5c-b07b-c79c99f93ac1" />
</File>
<Timelines>
<Transcode startTime="57487" endTime="57489" complete="1" fileType="av" variant="7426bebc-cf75-4c5c-b07b-c79c99f93ac1" />
</Timelines>
</Segment>
<Segment duration="3481" startOffset="4806480" endOffset="4809961">
<File name="chunk-01025" type="av">
<FileVariant size="97" variant="7426bebc-cf75-4c5c-b07b-c79c99f93ac1" />
</File>
<Timelines>
<Transcode startTime="57489" endTime="57678" complete="1" fileType="av" variant="7426bebc-cf75-4c5c-b07b-c79c99f93ac1" />
</Timelines>
</Segment>
<Segment duration="2479" startOffset="4817796" endOffset="4820276">
<File name="chunk-01026" type="av">
<FileVariant size="69" variant="7426bebc-cf75-4c5c-b07b-c79c99f93ac1" />
</File>
<Timelines>
<Transcode startTime="57678" endTime="57719" complete="1" fileType="av" variant="7426bebc-cf75-4c5c-b07b-c79c99f93ac1" />
</Timelines>
</Segment>
<Segment duration="1435" startOffset="4820277" endOffset="4821712">
<File name="chunk-01027" type="av">
<FileVariant size="71" variant="7426bebc-cf75-4c5c-b07b-c79c99f93ac1" />
</File>
<Timelines>
<Transcode startTime="57719" endTime="57955" complete="1" fileType="av" variant="7426bebc-cf75-4c5c-b07b-c79c99f93ac1" />
</Timelines>
</Segment>
<Segment duration="1739" startOffset="4828198" endOffset="4829938">
<File name="chunk-01028" type="av">
<FileVariant size="69" variant="7426bebc-cf75-4c5c-b07b-c79c99f93ac1" />
</File>
<Timelines>
<Transcode startTime="57955" endTime="57984" complete="1" fileType="av" variant="7426bebc-cf75-4c5c-b07b-c79c99f93ac1" />
</Timelines>
</Segment>
<Segment duration="1478" startOffset="4829939" endOffset="4831418">
<File name="chunk-01029" type="av">
<FileVariant size="58" variant="7426bebc-cf75-4c5c-b07b-c79c99f93ac1" />
</File>
<Timelines>
<Transcode startTime="57984" endTime="73112" complete="1" fileType="av" variant="7426bebc-cf75-4c5c-b07b-c79c99f93ac1" />
</Timelines>
</Segment>
</SegmentList>
<PlaybackReports>
<Playback startTime="6473" endTime="18618" state="playing" progress="992041" />
<Playback startTime="18618" endTime="26702" state="playing" progress="1002065" />
<Playback startTime="26702" endTime="36490" state="playing" progress="1012056" />
<Playback startTime="36490" endTime="46601" state="playing" progress="1022075" />
<Playback startTime="46601" endTime="56575" state="playing" progress="1032090" />
<Playback startTime="56575" endTime="66705" state="playing" progress="1042111" />
<Playback startTime="66705" endTime="76585" state="playing" progress="1052137" />
<Playback startTime="76585" endTime="86639" state="playing" progress="1062155" />
<Playback startTime="86639" endTime="96628" state="playing" progress="1072179" />
<Playback startTime="96628" endTime="106659" state="playing" progress="1082198" />
<Playback startTime="106659" endTime="116722" state="playing" progress="1092223" />
<Playback startTime="116722" endTime="127485" state="playing" progress="1102238" />
<Playback startTime="127485" endTime="137540" state="playing" progress="1113013" />
<Playback startTime="137540" endTime="147495" state="playing" progress="1123028" />
<Playback startTime="147495" endTime="157533" state="playing" progress="1133048" />
<Playback startTime="157533" endTime="167563" state="playing" progress="1143066" />
<Playback startTime="167563" endTime="177626" state="playing" progress="1153092" />
<Playback startTime="177626" endTime="187614" state="playing" progress="1163116" />
<Playback startTime="187614" endTime="197619" state="playing" progress="1173142" />
<Playback startTime="197619" endTime="207657" state="playing" progress="1183161" />
<Playback startTime="207657" endTime="217646" state="playing" progress="1193177" />
<Playback startTime="217646" endTime="227637" state="playing" progress="1203199" />
<Playback startTime="227637" endTime="237666" state="playing" progress="1213223" />
<Playback startTime="237666" endTime="248460" state="playing" progress="1223249" />
<Playback startTime="248460" endTime="258524" state="playing" progress="1234020" />
<Playback startTime="258524" endTime="268504" state="playing" progress="1244046" />
<Playback startTime="268504" endTime="278534" state="playing" progress="1254065" />
<Playback startTime="278534" endTime="288538" state="playing" progress="1264091" />
<Playback startTime="288538" endTime="298568" state="playing" progress="1274103" />
<Playback startTime="298568" endTime="308590" state="playing" progress="1284124" />
<Playback startTime="308590" endTime="318612" state="playing" progress="1294147" />
<Playback startTime="318612" endTime="328658" state="playing" progress="1304166" />
<Playback startTime="328658" endTime="338646" state="playing" progress="1314187" />
<Playback startTime="338646" endTime="348709" state="playing" progress="1324205" />
<Playback startTime="348709" endTime="358723" state="playing" progress="1334226" />
<Playback startTime="358723" endTime="369436" state="playing" progress="1344246" />
<Playback startTime="369436" endTime="379459" state="playing" progress="1355020" />
<Playback startTime="379459" endTime="389476" state="playing" progress="1365043" />
<Playback startTime="389476" endTime="399497" state="playing" progress="1375057" />
<Playback startTime="399497" endTime="409518" state="playing" progress="1385079" />
<Playback startTime="409518" endTime="419544" state="playing" progress="1395102" />
<Playback startTime="419544" endTime="429567" state="playing" progress="1405124" />
<Playback startTime="429567" endTime="439587" state="playing" progress="1415143" />
<Playback startTime="439587" endTime="449613" state="playing" progress="1425170" />
<Playback startTime="449613" endTime="459630" state="playing" progress="1435192" />
<Playback startTime="459630" endTime="469654" state="playing" progress="1445212" />
<Playback startTime="469654" endTime="480430" state="playing" progress="1455237" />
<Playback startTime="480430" endTime="490456" state="playing" progress="1466011" />
<Playback startTime="490456" endTime="500470" state="playing" progress="1476036" />
<Playback startTime="500470" endTime="510491" state="playing" progress="1486050" />
<Playback startTime="510491" endTime="520514" state="playing" progress="1496069" />
<Playback startTime="520514" endTime="530534" state="playing" progress="1506093" />
<Playback startTime="530534" endTime="540557" state="playing" progress="1516115" />
<Playback startTime="540557" endTime="550579" state="playing" progress="1526139" />
<Playback startTime="550579" endTime="560594" state="playing" progress="1536159" />
<Playback startTime="560594" endTime="570612" state="playing" progress="1546175" />
<Playback startTime="570612" endTime="580636" state="playing" progress="1556193" />
<Playback startTime="580636" endTime="590652" state="playing" progress="1566215" />
<Playback startTime="590652" endTime="601427" state="playing" progress="1576233" />
<Playback startTime="601427" endTime="604197" state="playing" progress="1587008" />
</PlaybackReports>
<StateReports />
<StateReports />
</SessionReport>
